  0
SECTION
  2
HEADER
  9
$ACADVER
  1
AC1024
  9
$ACADMAINTVER
 70
   226
  9
$DWGCODEPAGE
  3
ANSI_936
  9
$LASTSAVEDBY
  1
o
  9
$INSBASE
 10
0.0
 20
0.0
 30
0.0
  9
$EXTMIN
 10
-5145.229861834312
 20
-6706.692660159212
 30
0.0
  9
$EXTMAX
 10
-179.1094046822909
 20
-2961.94235398266
 30
0.0
  9
$LIMMIN
 10
0.0
 20
0.0
  9
$LIMMAX
 10
420.0
 20
297.0
  9
$ORTHOMODE
 70
     0
  9
$REGENMODE
 70
     1
  9
$FILLMODE
 70
     1
  9
$QTEXTMODE
 70
     0
  9
$MIRRTEXT
 70
     0
  9
$LTSCALE
 40
1.0
  9
$ATTMODE
 70
     1
  9
$TEXTSIZE
 40
2.5
  9
$TRACEWID
 40
1.0
  9
$TEXTSTYLE
  7
Standard
  9
$CLAYER
  8
绘图层
  9
$CELTYPE
  6
ByLayer
  9
$CECOLOR
 62
   256
  9
$CELTSCALE
 40
1.0
  9
$DISPSILH
 70
     0
  9
$DIMSCALE
 40
1.0
  9
$DIMASZ
 40
2.5
  9
$DIMEXO
 40
0.625
  9
$DIMDLI
 40
3.75
  9
$DIMRND
 40
0.0
  9
$DIMDLE
 40
0.0
  9
$DIMEXE
 40
1.25
  9
$DIMTP
 40
0.0
  9
$DIMTM
 40
0.0
  9
$DIMTXT
 40
2.5
  9
$DIMCEN
 40
2.5
  9
$DIMTSZ
 40
0.0
  9
$DIMTOL
 70
     0
  9
$DIMLIM
 70
     0
  9
$DIMTIH
 70
     0
  9
$DIMTOH
 70
     0
  9
$DIMSE1
 70
     0
  9
$DIMSE2
 70
     0
  9
$DIMTAD
 70
     1
  9
$DIMZIN
 70
     8
  9
$DIMBLK
  1

  9
$DIMASO
 70
     1
  9
$DIMSHO
 70
     1
  9
$DIMPOST
  1

  9
$DIMAPOST
  1

  9
$DIMALT
 70
     0
  9
$DIMALTD
 70
     3
  9
$DIMALTF
 40
0.03937007874016
  9
$DIMLFAC
 40
1.0
  9
$DIMTOFL
 70
     1
  9
$DIMTVP
 40
0.0
  9
$DIMTIX
 70
     0
  9
$DIMSOXD
 70
     0
  9
$DIMSAH
 70
     0
  9
$DIMBLK1
  1

  9
$DIMBLK2
  1

  9
$DIMSTYLE
  2
ISO-25
  9
$DIMCLRD
 70
     0
  9
$DIMCLRE
 70
     0
  9
$DIMCLRT
 70
     0
  9
$DIMTFAC
 40
1.0
  9
$DIMGAP
 40
0.625
  9
$DIMJUST
 70
     0
  9
$DIMSD1
 70
     0
  9
$DIMSD2
 70
     0
  9
$DIMTOLJ
 70
     0
  9
$DIMTZIN
 70
     8
  9
$DIMALTZ
 70
     0
  9
$DIMALTTZ
 70
     0
  9
$DIMUPT
 70
     0
  9
$DIMDEC
 70
     2
  9
$DIMTDEC
 70
     2
  9
$DIMALTU
 70
     2
  9
$DIMALTTD
 70
     3
  9
$DIMTXSTY
  7
Standard
  9
$DIMAUNIT
 70
     0
  9
$DIMADEC
 70
     0
  9
$DIMALTRND
 40
0.0
  9
$DIMAZIN
 70
     0
  9
$DIMDSEP
 70
    46
  9
$DIMATFIT
 70
     3
  9
$DIMFRAC
 70
     0
  9
$DIMLDRBLK
  1

  9
$DIMLUNIT
 70
     2
  9
$DIMLWD
 70
    -2
  9
$DIMLWE
 70
    -2
  9
$DIMTMOVE
 70
     0
  9
$DIMFXL
 40
1.0
  9
$DIMFXLON
 70
     0
  9
$DIMJOGANG
 40
1.570796326794896
  9
$DIMTFILL
 70
     0
  9
$DIMTFILLCLR
 70
     0
  9
$DIMARCSYM
 70
     0
  9
$DIMLTYPE
  6

  9
$DIMLTEX1
  6

  9
$DIMLTEX2
  6

  9
$DIMTXTDIRECTION
 70
     0
  9
$LUNITS
 70
     2
  9
$LUPREC
 70
     4
  9
$SKETCHINC
 40
1.0
  9
$FILLETRAD
 40
0.0
  9
$AUNITS
 70
     0
  9
$AUPREC
 70
     0
  9
$MENU
  1
.
  9
$ELEVATION
 40
0.0
  9
$PELEVATION
 40
0.0
  9
$THICKNESS
 40
0.0
  9
$LIMCHECK
 70
     0
  9
$CHAMFERA
 40
0.0
  9
$CHAMFERB
 40
0.0
  9
$CHAMFERC
 40
0.0
  9
$CHAMFERD
 40
0.0
  9
$SKPOLY
 70
     0
  9
$TDCREATE
 40
2459941.348414352
  9
$TDUCREATE
 40
2459941.015083299
  9
$TDUPDATE
 40
2461244.345810186
  9
$TDUUPDATE
 40
2461244.012476852
  9
$TDINDWG
 40
2.4649722454
  9
$TDUSRTIMER
 40
2.4649722454
  9
$USRTIMER
 70
     1
  9
$ANGBASE
 50
0.0
  9
$ANGDIR
 70
     0
  9
$PDMODE
 70
     0
  9
$PDSIZE
 40
0.0
  9
$PLINEWID
 40
0.0
  9
$SPLFRAME
 70
     0
  9
$SPLINETYPE
 70
     6
  9
$SPLINESEGS
 70
     8
  9
$HANDSEED
  5
87B
  9
$SURFTAB1
 70
     6
  9
$SURFTAB2
 70
     6
  9
$SURFTYPE
 70
     6
  9
$SURFU
 70
     6
  9
$SURFV
 70
     6
  9
$UCSBASE
  2

  9
$UCSNAME
  2

  9
$UCSORG
 10
0.0
 20
0.0
 30
0.0
  9
$UCSXDIR
 10
1.0
 20
0.0
 30
0.0
  9
$UCSYDIR
 10
0.0
 20
1.0
 30
0.0
  9
$UCSORTHOREF
  2

  9
$UCSORTHOVIEW
 70
     0
  9
$UCSORGTOP
 10
0.0
 20
0.0
 30
0.0
  9
$UCSORGBOTTOM
 10
0.0
 20
0.0
 30
0.0
  9
$UCSORGLEFT
 10
0.0
 20
0.0
 30
0.0
  9
$UCSORGRIGHT
 10
0.0
 20
0.0
 30
0.0
  9
$UCSORGFRONT
 10
0.0
 20
0.0
 30
0.0
  9
$UCSORGBACK
 10
0.0
 20
0.0
 30
0.0
  9
$PUCSBASE
  2

  9
$PUCSNAME
  2

  9
$PUCSORG
 10
0.0
 20
0.0
 30
0.0
  9
$PUCSXDIR
 10
1.0
 20
0.0
 30
0.0
  9
$PUCSYDIR
 10
0.0
 20
1.0
 30
0.0
  9
$PUCSORTHOREF
  2

  9
$PUCSORTHOVIEW
 70
     0
  9
$PUCSORGTOP
 10
0.0
 20
0.0
 30
0.0
  9
$PUCSORGBOTTOM
 10
0.0
 20
0.0
 30
0.0
  9
$PUCSORGLEFT
 10
0.0
 20
0.0
 30
0.0
  9
$PUCSORGRIGHT
 10
0.0
 20
0.0
 30
0.0
  9
$PUCSORGFRONT
 10
0.0
 20
0.0
 30
0.0
  9
$PUCSORGBACK
 10
0.0
 20
0.0
 30
0.0
  9
$USERI1
 70
     0
  9
$USERI2
 70
     0
  9
$USERI3
 70
     0
  9
$USERI4
 70
     0
  9
$USERI5
 70
     0
  9
$USERR1
 40
0.0
  9
$USERR2
 40
0.0
  9
$USERR3
 40
0.0
  9
$USERR4
 40
0.0
  9
$USERR5
 40
0.0
  9
$WORLDVIEW
 70
     1
  9
$SHADEDGE
 70
     3
  9
$SHADEDIF
 70
    70
  9
$TILEMODE
 70
     1
  9
$MAXACTVP
 70
    64
  9
$PINSBASE
 10
0.0
 20
0.0
 30
0.0
  9
$PLIMCHECK
 70
     0
  9
$PEXTMIN
 10
1.000000000000000E+20
 20
1.000000000000000E+20
 30
1.000000000000000E+20
  9
$PEXTMAX
 10
-1.000000000000000E+20
 20
-1.000000000000000E+20
 30
-1.000000000000000E+20
  9
$PLIMMIN
 10
0.0
 20
0.0
  9
$PLIMMAX
 10
420.0
 20
297.0
  9
$UNITMODE
 70
     0
  9
$VISRETAIN
 70
     1
  9
$PLINEGEN
 70
     0
  9
$PSLTSCALE
 70
     1
  9
$TREEDEPTH
 70
  3020
  9
$CMLSTYLE
  2
Standard
  9
$CMLJUST
 70
     0
  9
$CMLSCALE
 40
20.0
  9
$PROXYGRAPHICS
 70
     1
  9
$MEASUREMENT
 70
     1
  9
$CELWEIGHT
370
    -1
  9
$ENDCAPS
280
     0
  9
$JOINSTYLE
280
     0
  9
$LWDISPLAY
290
     0
  9
$INSUNITS
 70
     4
  9
$HYPERLINKBASE
  1

  9
$STYLESHEET
  1

  9
$XEDIT
290
     1
  9
$CEPSNTYPE
380
     0
  9
$PSTYLEMODE
290
     1
  9
$FINGERPRINTGUID
  2
{810BFA2C-08A8-7D49-B6E6-F84787871CC9}
  9
$VERSIONGUID
  2
{5E0E0F0A-4B93-1A4E-B5BB-36E529561C56}
  9
$EXTNAMES
290
     1
  9
$PSVPSCALE
 40
0.0
  9
$OLESTARTUP
290
     0
  9
$SORTENTS
280
   127
  9
$INDEXCTL
280
     0
  9
$HIDETEXT
280
     1
  9
$XCLIPFRAME
280
     0
  9
$HALOGAP
280
     0
  9
$OBSCOLOR
 70
   257
  9
$OBSLTYPE
280
     0
  9
$INTERSECTIONDISPLAY
280
     0
  9
$INTERSECTIONCOLOR
 70
   257
  9
$DIMASSOC
280
     2
  9
$PROJECTNAME
  1

  9
$CAMERADISPLAY
290
     0
  9
$LENSLENGTH
 40
50.0
  9
$CAMERAHEIGHT
 40
0.0
  9
$STEPSPERSEC
 40
2.0
  9
$STEPSIZE
 40
6.0
  9
$3DDWFPREC
 40
2.0
  9
$PSOLWIDTH
 40
0.25
  9
$PSOLHEIGHT
 40
4.0
  9
$LOFTANG1
 40
1.570796326794896
  9
$LOFTANG2
 40
1.570796326794896
  9
$LOFTMAG1
 40
0.0
  9
$LOFTMAG2
 40
0.0
  9
$LOFTPARAM
 70
     7
  9
$LOFTNORMALS
280
     1
  9
$LATITUDE
 40
37.795
  9
$LONGITUDE
 40
-122.394
  9
$NORTHDIRECTION
 40
0.0
  9
$TIMEZONE
 70
 -8000
  9
$LIGHTGLYPHDISPLAY
280
     1
  9
$TILEMODELIGHTSYNCH
280
     1
  9
$CMATERIAL
347
2F
  9
$SOLIDHIST
280
     1
  9
$SHOWHIST
280
     1
  9
$DWFFRAME
280
     2
  9
$DGNFRAME
280
     0
  9
$REALWORLDSCALE
290
     1
  9
$INTERFERECOLOR
 62
     1
  9
$INTERFEREOBJVS
345
44
  9
$INTERFEREVPVS
346
45
  9
$CSHADOW
280
     0
  9
$SHADOWPLANELOCATION
 40
0.0
  0
ENDSEC
  0
SECTION
  2
CLASSES
  0
CLASS
  1
ACDBDICTIONARYWDFLT
  2
AcDbDictionaryWithDefault
  3
ObjectDBX Classes
 90
        0
 91
        1
280
     0
281
     0
  0
CLASS
  1
MATERIAL
  2
AcDbMaterial
  3
ObjectDBX Classes
 90
     1153
 91
        3
280
     0
281
     0
  0
CLASS
  1
VISUALSTYLE
  2
AcDbVisualStyle
  3
ObjectDBX Classes
 90
     4095
 91
       25
280
     0
281
     0
  0
CLASS
  1
TABLESTYLE
  2
AcDbTableStyle
  3
ObjectDBX Classes
 90
     4095
 91
        1
280
     0
281
     0
  0
CLASS
  1
SORTENTSTABLE
  2
AcDbSortentsTable
  3
ObjectDBX Classes
 90
        0
 91
        1
280
     0
281
     0
  0
CLASS
  1
DICTIONARYVAR
  2
AcDbDictionaryVar
  3
ObjectDBX Classes
 90
        0
 91
        9
280
     0
281
     0
  0
CLASS
  1
DIMASSOC
  2
AcDbDimAssoc
  3
"AcDbDimAssoc|Product Desc:     AcDim ARX App For Dimension|Company:          Autodesk, Inc.|WEB Address:      www.autodesk.com"
 90
        0
 91
       68
280
     0
281
     0
  0
CLASS
  1
WIPEOUT
  2
AcDbWipeout
  3
WipeOut|Product Desc: Object Enabler for WipeOut entity | Company: Autodesk, Inc. | WEB Address: www.autodesk.com
 90
     2175
 91
        0
280
     0
281
     1
  0
CLASS
  1
WIPEOUTVARIABLES
  2
AcDbWipeoutVariables
  3
"WipeOut|Product Desc:     WipeOut Dbx Application|Company:          Autodesk, Inc.|WEB Address:      www.autodesk.com"
 90
        0
 91
        0
280
     0
281
     0
  0
CLASS
  1
SCALE
  2
AcDbScale
  3
ObjectDBX Classes
 90
     1153
 91
       17
280
     0
281
     0
  0
CLASS
  1
MLEADERSTYLE
  2
AcDbMLeaderStyle
  3
ACDB_MLEADERSTYLE_CLASS
 90
     4095
 91
        1
280
     0
281
     0
  0
CLASS
  1
ACDBSECTIONVIEWSTYLE
  2
AcDbSectionViewStyle
  3
ObjectDBX Classes
 90
     1025
 91
        1
280
     0
281
     0
  0
CLASS
  1
ACDBDETAILVIEWSTYLE
  2
AcDbDetailViewStyle
  3
ObjectDBX Classes
 90
     1025
 91
        1
280
     0
281
     0
  0
CLASS
  1
SOLID_BACKGROUND
  2
AcDbSolidBackground
  3
SCENEOE
 90
     4095
 91
        0
280
     0
281
     0
  0
CLASS
  1
NPOCOLLECTION
  2
AcDbImpNonPersistentObjectsCollection
  3
ObjectDBX Classes
 90
     1153
 91
        0
280
     0
281
     0
  0
CLASS
  1
CELLSTYLEMAP
  2
AcDbCellStyleMap
  3
ObjectDBX Classes
 90
     1152
 91
        3
280
     0
281
     0
  0
ENDSEC
  0
SECTION
  2
TABLES
  0
TABLE
  2
VPORT
  5
23
330
0
100
AcDbSymbolTable
 70
     1
  0
VPORT
  5
24
330
23
100
AcDbSymbolTableRecord
100
AcDbViewportTableRecord
  2
*Active
 70
     0
 10
0.0
 20
0.0
 11
1.0
 21
1.0
 12
-1210.365164703289
 22
-4414.101925047344
 13
0.0
 23
0.0
 14
10.0
 24
10.0
 15
10.0
 25
10.0
 16
0.0
 26
0.0
 36
1.0
 17
0.0
 27
0.0
 37
0.0
 40
5950.19708745754
 41
1.626491646778043
 42
50.0
 43
0.0
 44
0.0
 50
0.0
 51
0.0
 71
     0
 72
  1000
 73
     1
 74
     3
 75
     0
 76
     0
 77
     0
 78
     0
281
     0
 65
     1
110
0.0
120
0.0
130
0.0
111
1.0
121
0.0
131
0.0
112
0.0
122
1.0
132
0.0
 79
     0
146
0.0
348
25
 60
     3
 61
     5
292
     1
282
     1
141
0.0
142
0.0
 63
   250
421
  3355443
1001
ACAD_NAV_VCDISPLAY
1070
     3
  0
ENDTAB
  0
TABLE
  2
LTYPE
  5
1E
330
0
100
AcDbSymbolTable
 70
     3
  0
LTYPE
  5
1F
330
1E
100
AcDbSymbolTableRecord
100
AcDbLinetypeTableRecord
  2
ByBlock
 70
     0
  3

 72
    65
 73
     0
 40
0.0
  0
LTYPE
  5
20
330
1E
100
AcDbSymbolTableRecord
100
AcDbLinetypeTableRecord
  2
ByLayer
 70
     0
  3

 72
    65
 73
     0
 40
0.0
  0
LTYPE
  5
E
330
1E
100
AcDbSymbolTableRecord
100
AcDbLinetypeTableRecord
  2
Continuous
 70
     0
  3
Solid line
 72
    65
 73
     0
 40
0.0
  0
LTYPE
  5
8D
330
1E
100
AcDbSymbolTableRecord
100
AcDbLinetypeTableRecord
  2
ACAD_ISO02W100
 70
     0
  3
ISO dash __ __ __ __ __ __ __ __ __ __ __ __ __
 72
    65
 73
     2
 40
15.0
 49
12.0
 74
     0
 49
-3.0
 74
     0
  0
ENDTAB
  0
TABLE
  2
LAYER
  5
17
102
{ACAD_XDICTIONARY
360
18
102
}
330
0
100
AcDbSymbolTable
 70
     6
  0
LAYER
  5
6
102
{ACAD_XDICTIONARY
360
7
102
}
330
17
100
AcDbSymbolTableRecord
100
AcDbLayerTableRecord
  2
0
 70
     0
 62
     7
  6
Continuous
370
    -3
390
9
347
C
  0
LAYER
  5
63
102
{ACAD_XDICTIONARY
360
64
102
}
330
17
100
AcDbSymbolTableRecord
100
AcDbLayerTableRecord
  2
Cutting
 70
     0
 62
     7
  6
Continuous
370
    -3
390
9
347
C
  0
LAYER
  5
3F
102
{ACAD_XDICTIONARY
360
40
102
}
330
17
100
AcDbSymbolTableRecord
100
AcDbLayerTableRecord
  2
绘图层
 70
     0
 62
     7
  6
Continuous
370
    -3
390
9
347
C
  0
LAYER
  5
82
330
17
100
AcDbSymbolTableRecord
100
AcDbLayerTableRecord
  2
Defpoints
 70
     0
 62
     7
  6
Continuous
290
     0
370
    -3
390
9
347
C
  0
LAYER
  5
58
102
{ACAD_XDICTIONARY
360
59
102
}
330
17
100
AcDbSymbolTableRecord
100
AcDbLayerTableRecord
  2
基础信息
 70
     0
 62
     7
  6
Continuous
370
    -3
390
9
347
C
  0
LAYER
  5
6F
102
{ACAD_XDICTIONARY
360
70
102
}
330
17
100
AcDbSymbolTableRecord
100
AcDbLayerTableRecord
  2
标注层
 70
     0
 62
     7
  6
Continuous
370
    -3
390
9
347
C
  0
ENDTAB
  0
TABLE
  2
STYLE
  5
1A
330
0
100
AcDbSymbolTable
 70
     2
  0
STYLE
  5
1B
330
1A
100
AcDbSymbolTableRecord
100
AcDbTextStyleTableRecord
  2
Standard
 70
     0
 40
0.0
 41
1.0
 50
0.0
 71
     0
 42
2.5
  3

  4

1001
ACAD
1000
SimSun
1071
      256
  0
STYLE
  5
80
330
1A
100
AcDbSymbolTableRecord
100
AcDbTextStyleTableRecord
  2
宋体
 70
     0
 40
0.0
 41
1.0
 50
0.0
 71
     0
 42
100.0
  3

  4

1001
ACAD
1000
SimSun
1071
    34306
  0
ENDTAB
  0
TABLE
  2
VIEW
  5
21
330
0
100
AcDbSymbolTable
 70
     1
  0
ENDTAB
  0
TABLE
  2
UCS
  5
22
330
0
100
AcDbSymbolTable
 70
     0
  0
ENDTAB
  0
TABLE
  2
APPID
  5
28
330
0
100
AcDbSymbolTable
 70
     9
  0
APPID
  5
1C
330
28
100
AcDbSymbolTableRecord
100
AcDbRegAppTableRecord
  2
ACAD
 70
     0
  0
APPID
  5
12
330
28
100
AcDbSymbolTableRecord
100
AcDbRegAppTableRecord
  2
ACAD_PSEXT
 70
     0
  0
APPID
  5
27
330
28
100
AcDbSymbolTableRecord
100
AcDbRegAppTableRecord
  2
ACAD_NAV_VCDISPLAY
 70
     0
  0
APPID
  5
87
330
28
100
AcDbSymbolTableRecord
100
AcDbRegAppTableRecord
  2
CAXA_DRAFT_DIMSTY_AT_VPOS
 70
     0
  0
APPID
  5
88
330
28
100
AcDbSymbolTableRecord
100
AcDbRegAppTableRecord
  2
CAXA_DRAFT_SDTSTY_2011R3
 70
     0
  0
APPID
  5
89
330
28
100
AcDbSymbolTableRecord
100
AcDbRegAppTableRecord
  2
CAXA_DRAFT_DS_ISFILLDFM
 70
     0
  0
APPID
  5
8A
330
28
100
AcDbSymbolTableRecord
100
AcDbRegAppTableRecord
  2
CAXA_DRAFT_DS_DISPZTOOL
 70
     0
  0
APPID
  5
8B
330
28
100
AcDbSymbolTableRecord
100
AcDbRegAppTableRecord
  2
CAXA_DRAFT_DS_SYMCOLOR
 70
     0
  0
APPID
  5
7EE
330
28
100
AcDbSymbolTableRecord
100
AcDbRegAppTableRecord
  2
ACAD_EXEMPT_FROM_CAD_STANDARDS
 70
     0
  0
ENDTAB
  0
TABLE
  2
DIMSTYLE
  5
29
330
0
100
AcDbSymbolTable
 70
     2
100
AcDbDimStyleTable
 71
     1
340
2A
  0
DIMSTYLE
105
2A
330
29
100
AcDbSymbolTableRecord
100
AcDbDimStyleTableRecord
  2
ISO-25
 70
     0
 41
2.5
 42
0.625
 43
3.75
 44
1.25
 50
90.0
 73
     0
 74
     0
 77
     1
 78
     8
140
2.5
141
2.5
143
0.03937007874016
147
0.625
171
     3
172
     1
271
     2
272
     2
274
     3
283
     0
284
     8
340
1B
  0
DIMSTYLE
105
86
102
{ACAD_REACTORS
330
6E
330
9D
330
AA
330
B7
330
C4
330
D1
330
E4
330
F3
330
100
330
10F
330
11C
330
12B
330
13A
330
147
330
154
330
161
330
170
330
17D
330
1AD
330
1C7
330
1DC
330
1EB
330
1FA
330
207
330
216
330
225
330
236
330
25E
330
26D
330
27C
330
28B
330
29C
330
2AB
330
2BA
330
2C9
330
2DA
330
2E9
330
2F6
330
305
330
314
330
325
330
334
330
343
330
352
330
363
330
375
330
384
330
393
330
3E6
330
5A4
330
5B3
330
5C2
330
5D3
330
5E5
330
5F4
330
603
330
618
330
646
330
655
330
662
330
671
330
67E
330
68D
330
69C
330
6A9
330
6B6
330
6C3
330
6D2
330
6DF
330
705
330
3F5
330
406
330
417
330
426
330
435
330
444
330
455
330
464
330
473
330
482
330
497
330
4A6
330
4B5
330
4C4
330
4D5
330
4E4
330
4F3
330
502
330
50F
330
539
330
559
330
566
330
575
330
584
330
595
330
71F
330
746
330
755
330
764
330
773
330
784
330
793
330
7A2
330
7B1
102
}
330
29
100
AcDbSymbolTableRecord
100
AcDbDimStyleTableRecord
  2
ISO-25$0
 70
     0
 41
10.0
 42
0.0
 44
2.5
 45
0.001
 48
0.000000001
 73
     0
 74
     0
 77
     1
 78
     8
 79
     3
140
20.0
141
0.0
143
1.0
146
0.7071067811865475
147
3.049990885416666
172
     1
176
     4
177
     4
178
     4
179
     2
271
     1
272
     1
276
     2
284
     8
285
    12
289
     0
340
1B
341
78
342
78
345
20
346
20
347
20
371
     9
372
     9
1001
CAXA_DRAFT_DIMSTY_AT_VPOS
1070
     0
1001
CAXA_DRAFT_SDTSTY_2011R3
1070
     0
1001
CAXA_DRAFT_DS_ISFILLDFM
1070
     1
1001
CAXA_DRAFT_DS_DISPZTOOL
1070
     0
1001
CAXA_DRAFT_DS_SYMCOLOR
1071
1090519039
  0
ENDTAB
  0
TABLE
  2
BLOCK_RECORD
  5
1
330
0
100
AcDbSymbolTable
 70
   107
  0
BLOCK_RECORD
  5
2
102
{ACAD_XDICTIONARY
360
3
102
}
330
1
100
AcDbSymbolTableRecord
100
AcDbBlockTableRecord
  2
*Model_Space
340
10
 70
     0
280
     1
281
     0
  0
BLOCK_RECORD
  5
13
330
1
100
AcDbSymbolTableRecord
100
AcDbBlockTableRecord
  2
*Paper_Space
340
16
 70
     0
280
     1
281
     0
  0
BLOCK_RECORD
  5
66
102
{ACAD_XDICTIONARY
360
67
102
}
330
1
100
AcDbSymbolTableRecord
100
AcDbBlockTableRecord
  2
GK1
340
0
310
2800000020000000200000000100080000000000000400000000000000000000000000000000000000000000000080000080000000808000800000008000800080800000C0C0C000C0DCC000F0CAA6000020400000206000002080000020A0000020C0000020E00000400000004020000040400000406000004080000040A0
310
000040C0000040E00000600000006020000060400000606000006080000060A0000060C0000060E00000800000008020000080400000806000008080000080A0000080C0000080E00000A0000000A0200000A0400000A0600000A0800000A0A00000A0C00000A0E00000C0000000C0200000C0400000C0600000C0800000C0
310
A00000C0C00000C0E00000E0000000E0200000E0400000E0600000E0800000E0A00000E0C00000E0E00040000000400020004000400040006000400080004000A0004000C0004000E00040200000402020004020400040206000402080004020A0004020C0004020E000404000004040200040404000404060004040800040
310
40A0004040C0004040E00040600000406020004060400040606000406080004060A0004060C0004060E00040800000408020004080400040806000408080004080A0004080C0004080E00040A0000040A0200040A0400040A0600040A0800040A0A00040A0C00040A0E00040C0000040C0200040C0400040C0600040C08000
310
40C0A00040C0C00040C0E00040E0000040E0200040E0400040E0600040E0800040E0A00040E0C00040E0E00080000000800020008000400080006000800080008000A0008000C0008000E00080200000802020008020400080206000802080008020A0008020C0008020E00080400000804020008040400080406000804080
310
008040A0008040C0008040E00080600000806020008060400080606000806080008060A0008060C0008060E00080800000808020008080400080806000808080008080A0008080C0008080E00080A0000080A0200080A0400080A0600080A0800080A0A00080A0C00080A0E00080C0000080C0200080C0400080C0600080C0
310
800080C0A00080C0C00080C0E00080E0000080E0200080E0400080E0600080E0800080E0A00080E0C00080E0E000C0000000C0002000C0004000C0006000C0008000C000A000C000C000C000E000C0200000C0202000C0204000C0206000C0208000C020A000C020C000C020E000C0400000C0402000C0404000C0406000C0
310
408000C040A000C040C000C040E000C0600000C0602000C0604000C0606000C0608000C060A000C060C000C060E000C0800000C0802000C0804000C0806000C0808000C080A000C080C000C080E000C0A00000C0A02000C0A04000C0A06000C0A08000C0A0A000C0A0C000C0A0E000C0C00000C0C02000C0C04000C0C06000
310
C0C08000C0C0A000F0FBFF00A4A0A000808080000000FF0000FF000000FFFF00FF000000FF00FF00FFFF0000FFFFFF00FFFFFFFFFFFFFFFFFFFFFFFFFFFFFFFFFFFFFFFFFFFFFFFFFFFFFFFFFFFFFFFFFFFFFFFFFFFFFFFFFFFFFFFFFFFFFF000000FFFFFFFFFFFFFFFFFFFFFFFFFFFFFFFFFFFFFFFFFFFFFFFF0000000000
310
FFFFFF0000FFFFFFFFFFFFFFFFFFFFFFFFFFFFFFFFFFFFFFFF0000FFFFFFFFFFFFFFFFFFFF000000FFFFFFFFFFFFFFFFFFFFFFFFFFFFFFFF00FFFFFFFFFFFFFFFFFFFFFFFFFFFFFF0000FFFFFFFFFFFFFFFFFFFFFFFFFF00FFFFFFFFFFFFFFFFFFFFFFFFFFFFFFFFFFFF00FFFFFFFFFFFFFFFFFFFFFF00FFFFFFFFFFFFFFFF
310
FFFFFFFFFFFFFFFFFFFFFFFF00FFFFFFFFFFFFFFFFFF00FFFFFFFFFFFFFFFFFFFFFFFFFFFFFFFFFFFFFFFFFFFF00FFFFFFFFFFFFFFFF00FFFFFFFFFFFFFFFFFFFFFFFFFFFFFFFFFFFFFFFFFFFF00FFFFFFFFFFFFFF00FFFFFFFFFFFFFFFFFFFFFFFFFFFFFFFFFFFFFFFFFFFFFFFF00FFFFFFFFFFFF00FFFFFFFFFFFFFFFFFF
310
FFFFFFFFFFFFFFFFFFFFFFFFFFFFFFFF00FFFFFFFF00FFFFFFFFFFFFFFFFFFFFFFFFFFFFFFFFFFFFFFFFFFFFFFFFFFFF00FFFFFFFF00FFFFFFFFFFFFFFFFFFFFFFFFFFFFFFFFFFFFFFFFFFFFFFFFFFFF00FFFFFFFF00FFFFFFFFFFFFFFFFFFFFFFFFFFFFFFFFFFFFFFFFFFFFFFFFFFFF00FFFFFF00FFFFFFFFFFFFFFFFFFFF
310
FFFFFFFFFFFFFFFFFFFFFFFFFFFFFFFFFF00FFFFFF00FFFFFFFFFFFFFFFFFFFFFFFFFFFFFFFFFFFFFFFFFFFFFFFFFFFFFFFF00FFFF00FFFFFFFFFFFFFFFFFFFFFFFFFFFFFFFFFFFFFFFFFFFFFFFFFFFFFFFF00FFFF00FFFFFFFFFFFFFFFFFFFFFFFFFFFFFFFFFFFFFFFFFFFFFFFFFFFFFFFF00FFFFFF00FFFFFFFFFFFFFFFF
310
FFFFFFFFFFFFFFFFFFFFFFFFFFFFFFFFFFFF00FFFFFFFF00FFFFFFFFFFFFFFFFFFFFFFFFFFFFFFFFFFFFFFFFFFFFFFFFFFFF00FFFFFFFF00FFFFFFFFFFFFFFFFFFFFFFFFFFFFFFFFFFFFFFFFFFFFFFFFFFFF00FFFFFFFFFF00FFFFFFFFFFFFFFFFFFFFFFFFFFFFFFFFFFFFFFFFFFFFFFFFFF00FFFFFFFFFF00FFFFFFFFFFFF
310
FFFFFFFFFFFFFFFFFFFFFFFFFFFFFFFFFFFF00FFFFFFFFFFFFFF00FFFFFFFFFFFFFFFFFFFFFFFFFFFFFFFFFFFFFFFFFFFF00FFFFFFFFFFFFFFFF00FFFFFFFFFFFFFFFFFFFFFFFFFFFFFFFFFFFFFFFFFFFF00FFFFFFFFFFFFFFFFFF00FFFFFFFFFFFFFFFFFFFFFFFFFFFFFFFFFFFFFFFF00FFFFFFFFFFFFFFFFFFFFFF00FFFF
310
FFFFFFFFFFFFFFFFFFFFFFFFFFFFFFFF00FFFFFFFFFFFFFFFFFFFFFFFFFF00FFFFFFFFFFFFFFFFFFFFFFFFFFFFFF0000FFFFFFFFFFFFFFFFFFFFFFFFFFFFFF0000FFFFFFFFFFFFFFFFFFFFFF0000FFFFFFFFFFFFFFFFFFFFFFFFFFFFFFFFFFFFFF0000000000FFFFFF000000FFFFFFFFFFFFFFFFFFFFFFFFFFFFFFFFFFFFFF
310
FFFFFFFFFFFFFF000000FFFFFFFFFFFFFFFFFFFFFFFFFFFFFFFFFFFFFFFFFFFFFFFFFFFFFFFFFFFFFFFFFFFFFFFFFFFFFFFFFFFFFFFFFFFF
102
{BLKREFS
331
530
331
535
331
536
331
537
331
630
331
631
331
632
331
633
331
634
331
635
331
636
331
637
331
538
331
529
331
52A
331
52B
331
52C
331
52D
331
52E
331
52F
331
62
331
6B
331
6C
331
6D
102
}
 70
     4
280
     0
281
     0
  0
BLOCK_RECORD
  5
18B
330
1
100
AcDbSymbolTableRecord
100
AcDbBlockTableRecord
  2
DK1
340
0
310
2800000020000000200000000100080000000000000400000000000000000000000000000000000000000000000080000080000000808000800000008000800080800000C0C0C000C0DCC000F0CAA6000020400000206000002080000020A0000020C0000020E00000400000004020000040400000406000004080000040A0
310
000040C0000040E00000600000006020000060400000606000006080000060A0000060C0000060E00000800000008020000080400000806000008080000080A0000080C0000080E00000A0000000A0200000A0400000A0600000A0800000A0A00000A0C00000A0E00000C0000000C0200000C0400000C0600000C0800000C0
310
A00000C0C00000C0E00000E0000000E0200000E0400000E0600000E0800000E0A00000E0C00000E0E00040000000400020004000400040006000400080004000A0004000C0004000E00040200000402020004020400040206000402080004020A0004020C0004020E000404000004040200040404000404060004040800040
310
40A0004040C0004040E00040600000406020004060400040606000406080004060A0004060C0004060E00040800000408020004080400040806000408080004080A0004080C0004080E00040A0000040A0200040A0400040A0600040A0800040A0A00040A0C00040A0E00040C0000040C0200040C0400040C0600040C08000
310
40C0A00040C0C00040C0E00040E0000040E0200040E0400040E0600040E0800040E0A00040E0C00040E0E00080000000800020008000400080006000800080008000A0008000C0008000E00080200000802020008020400080206000802080008020A0008020C0008020E00080400000804020008040400080406000804080
310
008040A0008040C0008040E00080600000806020008060400080606000806080008060A0008060C0008060E00080800000808020008080400080806000808080008080A0008080C0008080E00080A0000080A0200080A0400080A0600080A0800080A0A00080A0C00080A0E00080C0000080C0200080C0400080C0600080C0
310
800080C0A00080C0C00080C0E00080E0000080E0200080E0400080E0600080E0800080E0A00080E0C00080E0E000C0000000C0002000C0004000C0006000C0008000C000A000C000C000C000E000C0200000C0202000C0204000C0206000C0208000C020A000C020C000C020E000C0400000C0402000C0404000C0406000C0
310
408000C040A000C040C000C040E000C0600000C0602000C0604000C0606000C0608000C060A000C060C000C060E000C0800000C0802000C0804000C0806000C0808000C080A000C080C000C080E000C0A00000C0A02000C0A04000C0A06000C0A08000C0A0A000C0A0C000C0A0E000C0C00000C0C02000C0C04000C0C06000
310
C0C08000C0C0A000F0FBFF00A4A0A000808080000000FF0000FF000000FFFF00FF000000FF00FF00FFFF0000FFFFFF00FFFFFFFFFFFFFFFFFFFFFFFFFFFFFFFFFFFFFFFFFFFFFFFFFFFFFFFFFFFFFFFFFFFFFFFFFFFFFFFFFFFFFFFFFFFFFF0000FFFFFFFFFFFFFFFFFFFFFFFFFFFFFFFFFFFFFFFFFFFFFFFFFFFFFF000000
310
FFFF000000FFFFFFFFFFFFFFFFFFFFFFFFFFFFFFFFFFFFFFFFFFFFFF00FFFFFFFFFFFFFFFF00FFFFFFFFFFFFFFFFFFFFFFFFFFFFFFFFFFFFFFFFFF00FFFFFFFFFFFFFFFFFFFF00FFFFFFFFFFFFFFFFFFFFFFFFFFFFFFFFFFFFFF00FFFFFFFFFFFFFFFFFFFFFFFF00FFFFFFFFFFFFFFFFFFFFFFFFFFFFFFFFFF00FFFFFFFFFF
310
FFFFFFFFFFFFFFFFFF00FFFFFFFFFFFFFFFFFFFFFFFFFFFFFFFF00FFFFFFFFFFFFFFFFFFFFFFFFFFFF00FFFFFFFFFFFFFFFFFFFFFFFFFFFFFFFF00FFFFFFFFFFFFFFFFFFFFFFFFFFFF00FFFFFFFFFFFFFFFFFFFFFFFFFFFFFFFF00FFFFFFFFFFFFFFFFFFFFFFFFFFFF00FFFFFFFFFFFFFFFFFFFFFFFFFFFFFFFF00FFFFFFFF
310
FFFFFFFFFFFFFFFFFFFF00FFFFFFFFFFFFFFFFFFFFFFFFFFFFFFFF00FFFFFFFFFFFFFFFFFFFFFFFFFFFF00FFFFFFFFFFFFFFFFFFFFFFFFFFFFFFFF00FFFFFFFFFFFFFFFFFFFFFFFFFFFF00FFFFFFFFFFFFFFFFFFFFFFFFFFFFFFFF00FFFFFFFFFFFFFFFFFFFFFFFFFFFF00FFFFFFFFFFFFFFFFFFFFFFFFFFFFFFFF00FFFFFF
310
FFFFFFFFFFFFFFFFFFFFFF00FFFFFFFFFFFFFFFFFFFFFFFFFFFFFFFF00FFFFFFFFFFFFFFFFFFFFFFFFFFFF00FFFFFFFFFFFFFFFFFFFFFFFFFFFFFFFF00FFFFFFFFFFFFFFFFFFFFFFFFFFFF00FFFFFFFFFFFFFFFFFFFFFFFFFFFFFFFF00FFFFFFFFFFFFFFFFFFFFFFFFFFFF00FFFFFFFFFFFFFFFFFFFFFFFFFFFFFFFF00FFFF
310
FFFFFFFFFFFFFFFFFFFFFFFF00FFFFFFFFFFFFFFFFFFFFFFFFFFFFFFFF00FFFFFFFFFFFFFFFFFFFFFFFFFFFF00FFFFFFFFFFFFFFFFFFFFFFFFFFFFFFFF00FFFFFFFFFFFFFFFFFFFFFFFFFFFF00FFFFFFFFFFFFFFFFFFFFFFFFFFFFFFFF00FFFFFFFFFFFFFFFFFFFFFFFFFFFF00FFFFFFFFFFFFFFFFFFFFFFFFFFFFFFFF00FF
310
FFFFFFFFFFFFFFFFFFFFFFFFFF00FFFFFFFFFFFFFFFFFFFFFFFFFFFFFFFF00FFFFFFFFFFFFFFFFFFFFFFFFFFFF00FFFFFFFFFFFFFFFFFFFFFFFFFFFFFFFF00FFFFFFFFFFFFFFFFFFFFFFFFFFFF00FFFFFFFFFFFFFFFFFFFFFFFFFFFFFFFF00FFFFFFFFFFFFFFFFFFFFFFFFFFFF00FFFFFFFFFFFFFFFFFFFFFFFFFFFFFFFFFF
310
00FFFFFFFFFFFFFFFFFFFFFFFF00FFFFFFFFFFFFFFFFFFFFFFFFFFFFFFFFFFFFFF00FFFFFFFFFFFFFFFFFFFF00FFFFFFFFFFFFFFFFFFFFFFFFFFFFFFFFFFFFFFFFFF00FFFFFFFFFFFFFFFF00FFFFFFFFFFFFFFFFFFFFFFFFFFFFFFFFFFFFFFFFFFFFFF0000FFFFFFFF0000FFFFFFFFFFFFFFFFFFFFFFFFFFFFFFFFFFFFFFFF
310
FFFFFFFFFFFF00000000FFFFFFFFFFFFFFFFFFFFFFFFFFFFFFFFFFFFFFFFFFFFFFFFFFFFFFFFFFFFFFFFFFFFFFFFFFFFFFFFFFFFFFFFFFFF
102
{BLKREFS
331
6EC
331
6ED
331
6EE
331
6EF
331
7BE
331
7BF
331
7C0
331
7C1
331
7C2
331
7C3
331
7C4
331
7C5
331
638
331
639
331
63A
331
63B
331
63C
331
63D
331
63E
331
63F
331
18A
331
192
331
193
331
194
102
}
 70
     4
280
     1
281
     0
  0
BLOCK_RECORD
  5
78
330
1
100
AcDbSymbolTableRecord
100
AcDbBlockTableRecord
  2
_ClosedBlank
340
0
102
{BLKREFS
331
20D
331
20E
331
21E
331
21F
331
22F
331
23C
331
23D
331
169
331
16A
331
183
331
184
331
1B5
331
1B6
331
1CF
331
1D0
331
66A
331
66B
331
686
331
687
331
A3
331
A4
331
BD
331
BE
331
CA
331
CB
331
D8
331
EC
331
ED
331
F9
331
FA
331
115
331
116
331
124
331
125
331
133
331
134
331
14D
331
14E
331
15A
331
15B
331
1E4
331
1E5
331
1F3
331
1F4
331
4BD
331
4BE
331
4CE
331
4CF
331
4DD
331
4DE
331
4EC
331
4ED
331
4FB
331
4FC
331
515
331
516
331
5AC
331
5AD
331
5BB
331
5BC
331
5CC
331
5CD
331
5DB
331
5DC
331
5ED
331
5EE
331
5FC
331
5FD
331
60B
331
60C
331
64E
331
64F
331
65B
331
65C
331
41F
331
42E
331
42F
331
43D
331
43E
331
44E
331
44F
331
45D
331
45E
331
46C
331
46D
331
47B
331
47C
331
48A
331
48B
331
49F
331
4AE
331
4AF
331
540
331
56E
331
56F
331
57D
331
57E
331
58E
331
58F
331
59D
331
59E
331
2D3
331
2D4
331
2E2
331
2E3
331
2FE
331
2FF
331
30D
331
30E
331
31E
331
31F
331
32D
331
32E
331
33C
331
33D
331
34B
331
34C
331
35C
331
35D
331
36B
331
36C
331
37D
331
37E
331
38C
331
38D
331
39B
331
39C
331
3EE
331
3EF
331
3FF
331
728
331
74E
331
74F
331
75D
331
75E
331
76C
331
76D
331
77D
331
77E
331
78C
331
78D
331
79B
331
79C
331
7AA
331
7AB
331
266
331
267
331
275
331
276
331
284
331
285
331
295
331
296
331
2A4
331
2A5
331
2B3
331
2B4
331
2C2
331
2C3
331
7B8
331
695
331
696
331
6A2
331
6A3
331
6BC
331
6BD
331
6CB
331
6CC
331
6E5
331
6E6
331
70D
331
70E
331
727
331
4A0
331
508
331
509
331
53F
331
55F
331
560
331
7B7
331
7E
331
61E
331
61F
331
677
331
678
331
6AF
331
6B0
331
6D8
331
6D9
331
400
331
410
331
411
331
420
331
2EF
331
2F0
331
B0
331
B1
331
D7
331
108
331
109
331
140
331
141
331
176
331
177
331
200
331
201
331
230
331
77
102
}
 70
     0
280
     1
281
     0
  0
BLOCK_RECORD
  5
72
330
1
100
AcDbSymbolTableRecord
100
AcDbBlockTableRecord
  2
*D3
340
0
 70
     0
280
     1
281
     0
  0
BLOCK_RECORD
  5
9E
330
1
100
AcDbSymbolTableRecord
100
AcDbBlockTableRecord
  2
*D4
340
0
 70
     0
280
     1
281
     0
  0
BLOCK_RECORD
  5
AB
330
1
100
AcDbSymbolTableRecord
100
AcDbBlockTableRecord
  2
*D5
340
0
 70
     0
280
     1
281
     0
  0
BLOCK_RECORD
  5
B8
330
1
100
AcDbSymbolTableRecord
100
AcDbBlockTableRecord
  2
*D6
340
0
 70
     0
280
     1
281
     0
  0
BLOCK_RECORD
  5
C5
330
1
100
AcDbSymbolTableRecord
100
AcDbBlockTableRecord
  2
*D7
340
0
 70
     0
280
     1
281
     0
  0
BLOCK_RECORD
  5
D2
330
1
100
AcDbSymbolTableRecord
100
AcDbBlockTableRecord
  2
*D8
340
0
 70
     0
280
     1
281
     0
  0
BLOCK_RECORD
  5
F4
330
1
100
AcDbSymbolTableRecord
100
AcDbBlockTableRecord
  2
*D9
340
0
 70
     0
280
     1
281
     0
  0
BLOCK_RECORD
  5
110
330
1
100
AcDbSymbolTableRecord
100
AcDbBlockTableRecord
  2
*D10
340
0
 70
     0
280
     1
281
     0
  0
BLOCK_RECORD
  5
11D
330
1
100
AcDbSymbolTableRecord
100
AcDbBlockTableRecord
  2
*D11
340
0
 70
     0
280
     1
281
     0
  0
BLOCK_RECORD
  5
12C
330
1
100
AcDbSymbolTableRecord
100
AcDbBlockTableRecord
  2
*D12
340
0
 70
     0
280
     1
281
     0
  0
BLOCK_RECORD
  5
13B
330
1
100
AcDbSymbolTableRecord
100
AcDbBlockTableRecord
  2
*D13
340
0
 70
     0
280
     1
281
     0
  0
BLOCK_RECORD
  5
148
330
1
100
AcDbSymbolTableRecord
100
AcDbBlockTableRecord
  2
*D14
340
0
 70
     0
280
     1
281
     0
  0
BLOCK_RECORD
  5
155
330
1
100
AcDbSymbolTableRecord
100
AcDbBlockTableRecord
  2
*D15
340
0
 70
     0
280
     1
281
     0
  0
BLOCK_RECORD
  5
162
330
1
100
AcDbSymbolTableRecord
100
AcDbBlockTableRecord
  2
*D16
340
0
 70
     0
280
     1
281
     0
  0
BLOCK_RECORD
  5
171
330
1
100
AcDbSymbolTableRecord
100
AcDbBlockTableRecord
  2
*D17
340
0
 70
     0
280
     1
281
     0
  0
BLOCK_RECORD
  5
17E
330
1
100
AcDbSymbolTableRecord
100
AcDbBlockTableRecord
  2
*D18
340
0
 70
     0
280
     1
281
     0
  0
BLOCK_RECORD
  5
1FB
330
1
100
AcDbSymbolTableRecord
100
AcDbBlockTableRecord
  2
*D19
340
0
 70
     0
280
     1
281
     0
  0
BLOCK_RECORD
  5
208
330
1
100
AcDbSymbolTableRecord
100
AcDbBlockTableRecord
  2
*D20
340
0
 70
     0
280
     1
281
     0
  0
BLOCK_RECORD
  5
237
330
1
100
AcDbSymbolTableRecord
100
AcDbBlockTableRecord
  2
*D21
340
0
 70
     0
280
     1
281
     0
  0
BLOCK_RECORD
  5
2EA
330
1
100
AcDbSymbolTableRecord
100
AcDbBlockTableRecord
  2
*D22
340
0
 70
     0
280
     1
281
     0
  0
BLOCK_RECORD
  5
619
330
1
100
AcDbSymbolTableRecord
100
AcDbBlockTableRecord
  2
*D23
340
0
 70
     0
280
     1
281
     0
  0
BLOCK_RECORD
  5
656
330
1
100
AcDbSymbolTableRecord
100
AcDbBlockTableRecord
  2
*D24
340
0
 70
     0
280
     1
281
     0
  0
BLOCK_RECORD
  5
672
330
1
100
AcDbSymbolTableRecord
100
AcDbBlockTableRecord
  2
*D25
340
0
 70
     0
280
     1
281
     0
  0
BLOCK_RECORD
  5
67F
330
1
100
AcDbSymbolTableRecord
100
AcDbBlockTableRecord
  2
*D26
340
0
 70
     0
280
     1
281
     0
  0
BLOCK_RECORD
  5
68E
330
1
100
AcDbSymbolTableRecord
100
AcDbBlockTableRecord
  2
*D27
340
0
 70
     0
280
     1
281
     0
  0
BLOCK_RECORD
  5
69D
330
1
100
AcDbSymbolTableRecord
100
AcDbBlockTableRecord
  2
*D28
340
0
 70
     0
280
     1
281
     0
  0
BLOCK_RECORD
  5
6AA
330
1
100
AcDbSymbolTableRecord
100
AcDbBlockTableRecord
  2
*D29
340
0
 70
     0
280
     1
281
     0
  0
BLOCK_RECORD
  5
6B7
330
1
100
AcDbSymbolTableRecord
100
AcDbBlockTableRecord
  2
*D30
340
0
 70
     0
280
     1
281
     0
  0
BLOCK_RECORD
  5
6C4
330
1
100
AcDbSymbolTableRecord
100
AcDbBlockTableRecord
  2
*D31
340
0
 70
     0
280
     1
281
     0
  0
BLOCK_RECORD
  5
6D3
330
1
100
AcDbSymbolTableRecord
100
AcDbBlockTableRecord
  2
*D32
340
0
 70
     0
280
     1
281
     0
  0
BLOCK_RECORD
  5
6E0
330
1
100
AcDbSymbolTableRecord
100
AcDbBlockTableRecord
  2
*D33
340
0
 70
     0
280
     1
281
     0
  0
BLOCK_RECORD
  5
503
330
1
100
AcDbSymbolTableRecord
100
AcDbBlockTableRecord
  2
*D34
340
0
 70
     0
280
     1
281
     0
  0
BLOCK_RECORD
  5
510
330
1
100
AcDbSymbolTableRecord
100
AcDbBlockTableRecord
  2
*D35
340
0
 70
     0
280
     1
281
     0
  0
BLOCK_RECORD
  5
53A
330
1
100
AcDbSymbolTableRecord
100
AcDbBlockTableRecord
  2
*D36
340
0
 70
     0
280
     1
281
     0
  0
BLOCK_RECORD
  5
55A
330
1
100
AcDbSymbolTableRecord
100
AcDbBlockTableRecord
  2
*D37
340
0
 70
     0
280
     1
281
     0
  0
BLOCK_RECORD
  5
7B2
330
1
100
AcDbSymbolTableRecord
100
AcDbBlockTableRecord
  2
*D38
340
0
 70
     0
280
     1
281
     0
  0
BLOCK_RECORD
  5
E7
330
1
100
AcDbSymbolTableRecord
100
AcDbBlockTableRecord
  2
*D39
340
0
 70
     0
280
     1
281
     0
  0
BLOCK_RECORD
  5
103
330
1
100
AcDbSymbolTableRecord
100
AcDbBlockTableRecord
  2
*D40
340
0
 70
     0
280
     1
281
     0
  0
BLOCK_RECORD
  5
1B0
330
1
100
AcDbSymbolTableRecord
100
AcDbBlockTableRecord
  2
*D41
340
0
 70
     0
280
     1
281
     0
  0
BLOCK_RECORD
  5
1CA
330
1
100
AcDbSymbolTableRecord
100
AcDbBlockTableRecord
  2
*D42
340
0
 70
     0
280
     1
281
     0
  0
BLOCK_RECORD
  5
1DF
330
1
100
AcDbSymbolTableRecord
100
AcDbBlockTableRecord
  2
*D43
340
0
 70
     0
280
     1
281
     0
  0
BLOCK_RECORD
  5
1EE
330
1
100
AcDbSymbolTableRecord
100
AcDbBlockTableRecord
  2
*D44
340
0
 70
     0
280
     1
281
     0
  0
BLOCK_RECORD
  5
219
330
1
100
AcDbSymbolTableRecord
100
AcDbBlockTableRecord
  2
*D45
340
0
 70
     0
280
     1
281
     0
  0
BLOCK_RECORD
  5
228
330
1
100
AcDbSymbolTableRecord
100
AcDbBlockTableRecord
  2
*D46
340
0
 70
     0
280
     1
281
     0
  0
BLOCK_RECORD
  5
261
330
1
100
AcDbSymbolTableRecord
100
AcDbBlockTableRecord
  2
*D47
340
0
 70
     0
280
     1
281
     0
  0
BLOCK_RECORD
  5
270
330
1
100
AcDbSymbolTableRecord
100
AcDbBlockTableRecord
  2
*D48
340
0
 70
     0
280
     1
281
     0
  0
BLOCK_RECORD
  5
27F
330
1
100
AcDbSymbolTableRecord
100
AcDbBlockTableRecord
  2
*D49
340
0
 70
     0
280
     1
281
     0
  0
BLOCK_RECORD
  5
28E
330
1
100
AcDbSymbolTableRecord
100
AcDbBlockTableRecord
  2
*D50
340
0
 70
     0
280
     1
281
     0
  0
BLOCK_RECORD
  5
29F
330
1
100
AcDbSymbolTableRecord
100
AcDbBlockTableRecord
  2
*D51
340
0
 70
     0
280
     1
281
     0
  0
BLOCK_RECORD
  5
2AE
330
1
100
AcDbSymbolTableRecord
100
AcDbBlockTableRecord
  2
*D52
340
0
 70
     0
280
     1
281
     0
  0
BLOCK_RECORD
  5
2BD
330
1
100
AcDbSymbolTableRecord
100
AcDbBlockTableRecord
  2
*D53
340
0
 70
     0
280
     1
281
     0
  0
BLOCK_RECORD
  5
2CC
330
1
100
AcDbSymbolTableRecord
100
AcDbBlockTableRecord
  2
*D54
340
0
 70
     0
280
     1
281
     0
  0
BLOCK_RECORD
  5
2DD
330
1
100
AcDbSymbolTableRecord
100
AcDbBlockTableRecord
  2
*D55
340
0
 70
     0
280
     1
281
     0
  0
BLOCK_RECORD
  5
2F9
330
1
100
AcDbSymbolTableRecord
100
AcDbBlockTableRecord
  2
*D56
340
0
 70
     0
280
     1
281
     0
  0
BLOCK_RECORD
  5
308
330
1
100
AcDbSymbolTableRecord
100
AcDbBlockTableRecord
  2
*D57
340
0
 70
     0
280
     1
281
     0
  0
BLOCK_RECORD
  5
317
330
1
100
AcDbSymbolTableRecord
100
AcDbBlockTableRecord
  2
*D58
340
0
 70
     0
280
     1
281
     0
  0
BLOCK_RECORD
  5
328
330
1
100
AcDbSymbolTableRecord
100
AcDbBlockTableRecord
  2
*D59
340
0
 70
     0
280
     1
281
     0
  0
BLOCK_RECORD
  5
337
330
1
100
AcDbSymbolTableRecord
100
AcDbBlockTableRecord
  2
*D60
340
0
 70
     0
280
     1
281
     0
  0
BLOCK_RECORD
  5
346
330
1
100
AcDbSymbolTableRecord
100
AcDbBlockTableRecord
  2
*D61
340
0
 70
     0
280
     1
281
     0
  0
BLOCK_RECORD
  5
355
330
1
100
AcDbSymbolTableRecord
100
AcDbBlockTableRecord
  2
*D62
340
0
 70
     0
280
     1
281
     0
  0
BLOCK_RECORD
  5
366
330
1
100
AcDbSymbolTableRecord
100
AcDbBlockTableRecord
  2
*D63
340
0
 70
     0
280
     1
281
     0
  0
BLOCK_RECORD
  5
378
330
1
100
AcDbSymbolTableRecord
100
AcDbBlockTableRecord
  2
*D64
340
0
 70
     0
280
     1
281
     0
  0
BLOCK_RECORD
  5
387
330
1
100
AcDbSymbolTableRecord
100
AcDbBlockTableRecord
  2
*D65
340
0
 70
     0
280
     1
281
     0
  0
BLOCK_RECORD
  5
396
330
1
100
AcDbSymbolTableRecord
100
AcDbBlockTableRecord
  2
*D66
340
0
 70
     0
280
     1
281
     0
  0
BLOCK_RECORD
  5
3E9
330
1
100
AcDbSymbolTableRecord
100
AcDbBlockTableRecord
  2
*D67
340
0
 70
     0
280
     1
281
     0
  0
BLOCK_RECORD
  5
5A7
330
1
100
AcDbSymbolTableRecord
100
AcDbBlockTableRecord
  2
*D68
340
0
 70
     0
280
     1
281
     0
  0
BLOCK_RECORD
  5
5B6
330
1
100
AcDbSymbolTableRecord
100
AcDbBlockTableRecord
  2
*D69
340
0
 70
     0
280
     1
281
     0
  0
BLOCK_RECORD
  5
5C5
330
1
100
AcDbSymbolTableRecord
100
AcDbBlockTableRecord
  2
*D70
340
0
 70
     0
280
     1
281
     0
  0
BLOCK_RECORD
  5
5D6
330
1
100
AcDbSymbolTableRecord
100
AcDbBlockTableRecord
  2
*D71
340
0
 70
     0
280
     1
281
     0
  0
BLOCK_RECORD
  5
5E8
330
1
100
AcDbSymbolTableRecord
100
AcDbBlockTableRecord
  2
*D72
340
0
 70
     0
280
     1
281
     0
  0
BLOCK_RECORD
  5
5F7
330
1
100
AcDbSymbolTableRecord
100
AcDbBlockTableRecord
  2
*D73
340
0
 70
     0
280
     1
281
     0
  0
BLOCK_RECORD
  5
606
330
1
100
AcDbSymbolTableRecord
100
AcDbBlockTableRecord
  2
*D74
340
0
 70
     0
280
     1
281
     0
  0
BLOCK_RECORD
  5
649
330
1
100
AcDbSymbolTableRecord
100
AcDbBlockTableRecord
  2
*D75
340
0
 70
     0
280
     1
281
     0
  0
BLOCK_RECORD
  5
665
330
1
100
AcDbSymbolTableRecord
100
AcDbBlockTableRecord
  2
*D76
340
0
 70
     0
280
     1
281
     0
  0
BLOCK_RECORD
  5
708
330
1
100
AcDbSymbolTableRecord
100
AcDbBlockTableRecord
  2
*D77
340
0
 70
     0
280
     1
281
     0
  0
BLOCK_RECORD
  5
3F8
330
1
100
AcDbSymbolTableRecord
100
AcDbBlockTableRecord
  2
*D78
340
0
 70
     0
280
     1
281
     0
  0
BLOCK_RECORD
  5
409
330
1
100
AcDbSymbolTableRecord
100
AcDbBlockTableRecord
  2
*D79
340
0
 70
     0
280
     1
281
     0
  0
BLOCK_RECORD
  5
41A
330
1
100
AcDbSymbolTableRecord
100
AcDbBlockTableRecord
  2
*D80
340
0
 70
     0
280
     1
281
     0
  0
BLOCK_RECORD
  5
429
330
1
100
AcDbSymbolTableRecord
100
AcDbBlockTableRecord
  2
*D81
340
0
 70
     0
280
     1
281
     0
  0
BLOCK_RECORD
  5
438
330
1
100
AcDbSymbolTableRecord
100
AcDbBlockTableRecord
  2
*D82
340
0
 70
     0
280
     1
281
     0
  0
BLOCK_RECORD
  5
447
330
1
100
AcDbSymbolTableRecord
100
AcDbBlockTableRecord
  2
*D83
340
0
 70
     0
280
     1
281
     0
  0
BLOCK_RECORD
  5
458
330
1
100
AcDbSymbolTableRecord
100
AcDbBlockTableRecord
  2
*D84
340
0
 70
     0
280
     1
281
     0
  0
BLOCK_RECORD
  5
467
330
1
100
AcDbSymbolTableRecord
100
AcDbBlockTableRecord
  2
*D85
340
0
 70
     0
280
     1
281
     0
  0
BLOCK_RECORD
  5
476
330
1
100
AcDbSymbolTableRecord
100
AcDbBlockTableRecord
  2
*D86
340
0
 70
     0
280
     1
281
     0
  0
BLOCK_RECORD
  5
485
330
1
100
AcDbSymbolTableRecord
100
AcDbBlockTableRecord
  2
*D87
340
0
 70
     0
280
     1
281
     0
  0
BLOCK_RECORD
  5
49A
330
1
100
AcDbSymbolTableRecord
100
AcDbBlockTableRecord
  2
*D88
340
0
 70
     0
280
     1
281
     0
  0
BLOCK_RECORD
  5
4A9
330
1
100
AcDbSymbolTableRecord
100
AcDbBlockTableRecord
  2
*D89
340
0
 70
     0
280
     1
281
     0
  0
BLOCK_RECORD
  5
4B8
330
1
100
AcDbSymbolTableRecord
100
AcDbBlockTableRecord
  2
*D90
340
0
 70
     0
280
     1
281
     0
  0
BLOCK_RECORD
  5
4C7
330
1
100
AcDbSymbolTableRecord
100
AcDbBlockTableRecord
  2
*D91
340
0
 70
     0
280
     1
281
     0
  0
BLOCK_RECORD
  5
4D8
330
1
100
AcDbSymbolTableRecord
100
AcDbBlockTableRecord
  2
*D92
340
0
 70
     0
280
     1
281
     0
  0
BLOCK_RECORD
  5
4E7
330
1
100
AcDbSymbolTableRecord
100
AcDbBlockTableRecord
  2
*D93
340
0
 70
     0
280
     1
281
     0
  0
BLOCK_RECORD
  5
4F6
330
1
100
AcDbSymbolTableRecord
100
AcDbBlockTableRecord
  2
*D94
340
0
 70
     0
280
     1
281
     0
  0
BLOCK_RECORD
  5
569
330
1
100
AcDbSymbolTableRecord
100
AcDbBlockTableRecord
  2
*D95
340
0
 70
     0
280
     1
281
     0
  0
BLOCK_RECORD
  5
578
330
1
100
AcDbSymbolTableRecord
100
AcDbBlockTableRecord
  2
*D96
340
0
 70
     0
280
     1
281
     0
  0
BLOCK_RECORD
  5
587
330
1
100
AcDbSymbolTableRecord
100
AcDbBlockTableRecord
  2
*D97
340
0
 70
     0
280
     1
281
     0
  0
BLOCK_RECORD
  5
598
330
1
100
AcDbSymbolTableRecord
100
AcDbBlockTableRecord
  2
*D98
340
0
 70
     0
280
     1
281
     0
  0
BLOCK_RECORD
  5
722
330
1
100
AcDbSymbolTableRecord
100
AcDbBlockTableRecord
  2
*D99
340
0
 70
     0
280
     1
281
     0
  0
BLOCK_RECORD
  5
749
330
1
100
AcDbSymbolTableRecord
100
AcDbBlockTableRecord
  2
*D100
340
0
 70
     0
280
     1
281
     0
  0
BLOCK_RECORD
  5
758
330
1
100
AcDbSymbolTableRecord
100
AcDbBlockTableRecord
  2
*D101
340
0
 70
     0
280
     1
281
     0
  0
BLOCK_RECORD
  5
767
330
1
100
AcDbSymbolTableRecord
100
AcDbBlockTableRecord
  2
*D102
340
0
 70
     0
280
     1
281
     0
  0
BLOCK_RECORD
  5
776
330
1
100
AcDbSymbolTableRecord
100
AcDbBlockTableRecord
  2
*D103
340
0
 70
     0
280
     1
281
     0
  0
BLOCK_RECORD
  5
787
330
1
100
AcDbSymbolTableRecord
100
AcDbBlockTableRecord
  2
*D104
340
0
 70
     0
280
     1
281
     0
  0
BLOCK_RECORD
  5
796
330
1
100
AcDbSymbolTableRecord
100
AcDbBlockTableRecord
  2
*D105
340
0
 70
     0
280
     1
281
     0
  0
BLOCK_RECORD
  5
7A5
330
1
100
AcDbSymbolTableRecord
100
AcDbBlockTableRecord
  2
*D106
340
0
 70
     0
280
     1
281
     0
  0
ENDTAB
  0
ENDSEC
  0
SECTION
  2
BLOCKS
  0
BLOCK
  5
5
330
2
100
AcDbEntity
  8
0
100
AcDbBlockBegin
  2
*Model_Space
 70
     0
 10
0.0
 20
0.0
 30
0.0
  3
*Model_Space
  1

  0
ENDBLK
  5
F
330
2
100
AcDbEntity
  8
0
100
AcDbBlockEnd
  0
BLOCK
  5
14
330
13
100
AcDbEntity
 67
     1
  8
0
100
AcDbBlockBegin
  2
*Paper_Space
 70
     0
 10
0.0
 20
0.0
 30
0.0
  3
*Paper_Space
  1

  0
ENDBLK
  5
15
330
13
100
AcDbEntity
 67
     1
  8
0
100
AcDbBlockEnd
  0
BLOCK
  5
68
330
66
100
AcDbEntity
  8
0
100
AcDbBlockBegin
  2
GK1
 70
     0
 10
0.0
 20
0.0
 30
0.0
  3
GK1
  1

  0
CIRCLE
  5
69
330
66
100
AcDbEntity
  8
0
100
AcDbCircle
 10
0.0
 20
0.0
 30
0.0
 40
2.25
  0
ENDBLK
  5
6A
330
66
100
AcDbEntity
  8
0
100
AcDbBlockEnd
  0
BLOCK
  5
18C
330
18B
100
AcDbEntity
  8
0
100
AcDbBlockBegin
  2
DK1
 70
     0
 10
0.0
 20
0.0
 30
0.0
  3
DK1
  1

  0
ARC
  5
18D
330
18B
100
AcDbEntity
  8
0
100
AcDbCircle
 10
0.0
 20
2.0
 30
0.0
 40
2.5
100
AcDbArc
 50
0.0
 51
180.0
  0
ARC
  5
18E
330
18B
100
AcDbEntity
  8
0
100
AcDbCircle
 10
0.0
 20
-2.0
 30
0.0
 40
2.5
100
AcDbArc
 50
180.0
 51
0.0
  0
LINE
  5
18F
330
18B
100
AcDbEntity
  8
0
100
AcDbLine
 10
-2.5
 20
-2.0
 30
0.0
 11
-2.5
 21
2.0
 31
0.0
  0
LINE
  5
190
330
18B
100
AcDbEntity
  8
0
100
AcDbLine
 10
2.5
 20
-2.0
 30
0.0
 11
2.5
 21
2.0
 31
0.0
  0
ENDBLK
  5
191
330
18B
100
AcDbEntity
  8
0
100
AcDbBlockEnd
  0
BLOCK
  5
79
330
78
100
AcDbEntity
  8
0
100
AcDbBlockBegin
  2
_ClosedBlank
 70
     0
 10
0.0
 20
0.0
 30
0.0
  3
_ClosedBlank
  1

  0
LINE
  5
7A
330
78
100
AcDbEntity
  8
0
  6
ByBlock
 62
     0
370
    -2
100
AcDbLine
 10
-1.0
 20
0.1666666666666666
 30
0.0
 11
0.0
 21
0.0
 31
0.0
  0
LINE
  5
7B
330
78
100
AcDbEntity
  8
0
  6
ByBlock
 62
     0
370
    -2
100
AcDbLine
 10
0.0
 20
0.0
 30
0.0
 11
-1.0
 21
-0.1666666666666666
 31
0.0
  0
LINE
  5
7C
330
78
100
AcDbEntity
  8
0
  6
ByBlock
 62
     0
370
    -2
100
AcDbLine
 10
-1.0
 20
0.1666666666666666
 30
0.0
 11
-1.0
 21
-0.1666666666666666
 31
0.0
  0
ENDBLK
  5
7D
330
78
100
AcDbEntity
  8
0
100
AcDbBlockEnd
  0
BLOCK
  5
73
330
72
100
AcDbEntity
  8
0
100
AcDbBlockBegin
  2
*D3
 70
     1
 10
0.0
 20
0.0
 30
0.0
  3
*D3
  1

  0
LINE
  5
74
330
72
100
AcDbEntity
  8
标注层
 62
     4
440
 16777216
370
     9
100
AcDbLine
 10
-4760.729861834312
 20
-3561.942353982662
 30
0.0
 11
-4931.070564080203
 21
-3561.942353982662
 31
0.0
  0
LINE
  5
75
330
72
100
AcDbEntity
  8
标注层
 62
     4
440
 16777216
370
     9
100
AcDbLine
 10
-4760.729861834312
 20
-6261.942353982664
 30
0.0
 11
-4931.070564080202
 21
-6261.942353982664
 31
0.0
  0
LINE
  5
76
330
72
100
AcDbEntity
  8
标注层
 62
     4
440
 16777216
370
     9
100
AcDbLine
 10
-4928.570564080203
 20
-3571.942353982662
 30
0.0
 11
-4928.5705640802
 21
-6251.942353982664
 31
0.0
  0
INSERT
  5
77
330
72
100
AcDbEntity
  8
标注层
 62
     4
440
 16777216
370
     9
100
AcDbBlockReference
  2
_ClosedBlank
 10
-4928.570564080203
 20
-3561.942353982662
 30
0.0
 41
10.0
 42
10.0
 43
10.0
 50
90.0
  0
INSERT
  5
7E
330
72
100
AcDbEntity
  8
标注层
 62
     4
440
 16777216
370
     9
100
AcDbBlockReference
  2
_ClosedBlank
 10
-4928.5705640802
 20
-6261.942353982664
 30
0.0
 41
10.0
 42
10.0
 43
10.0
 50
270.0
  0
MTEXT
  5
7F
330
72
100
AcDbEntity
  8
标注层
 62
     7
440
 16777216
100
AcDbMText
 10
-4951.620554965619
 20
-4911.94235398266
 30
0.0
 40
40.0
 41
0.0
 46
0.0
 71
     5
 72
     1
  1
\A1;2700
  7
宋体
 11
0.0000000000000001
 21
1.0
 31
0.0
 73
     1
 44
1.0
  0
POINT
  5
81
330
72
100
AcDbEntity
  8
Defpoints
 62
     0
440
 16777216
100
AcDbPoint
 10
-4760.729861834312
 20
-3561.942353982662
 30
0.0
  0
POINT
  5
83
330
72
100
AcDbEntity
  8
Defpoints
 62
     0
440
 16777216
100
AcDbPoint
 10
-4760.729861834312
 20
-6261.942353982664
 30
0.0
  0
POINT
  5
84
330
72
100
AcDbEntity
  8
Defpoints
 62
     0
440
 16777216
100
AcDbPoint
 10
-4928.5705640802
 20
-6261.942353982664
 30
0.0
  0
ENDBLK
  5
85
330
72
100
AcDbEntity
  8
0
100
AcDbBlockEnd
  0
BLOCK
  5
9F
330
9E
100
AcDbEntity
  8
0
100
AcDbBlockBegin
  2
*D4
 70
     1
 10
0.0
 20
0.0
 30
0.0
  3
*D4
  1

  0
LINE
  5
A0
330
9E
100
AcDbEntity
  8
绘图层
 62
     4
440
 16777216
370
     9
100
AcDbLine
 10
-4275.157001959239
 20
-3205.053450764
 30
0.0
 11
-4275.157001959239
 21
-3181.625737248719
 31
0.0
  0
LINE
  5
A1
330
9E
100
AcDbEntity
  8
绘图层
 62
     4
440
 16777216
370
     9
100
AcDbLine
 10
-4223.157001959239
 20
-3205.053450764
 30
0.0
 11
-4223.157001959239
 21
-3181.625737248719
 31
0.0
  0
LINE
  5
A2
330
9E
100
AcDbEntity
  8
绘图层
 62
     4
440
 16777216
370
     9
100
AcDbLine
 10
-4265.157001959239
 20
-3184.125737248719
 30
0.0
 11
-4233.157001959239
 21
-3184.125737248719
 31
0.0
  0
INSERT
  5
A3
330
9E
100
AcDbEntity
  8
绘图层
 62
     4
440
 16777216
370
     9
100
AcDbBlockReference
  2
_ClosedBlank
 10
-4275.157001959239
 20
-3184.125737248719
 30
0.0
 41
10.0
 42
10.0
 43
10.0
 50
180.0
  0
INSERT
  5
A4
330
9E
100
AcDbEntity
  8
绘图层
 62
     4
440
 16777216
370
     9
100
AcDbBlockReference
  2
_ClosedBlank
 10
-4223.157001959239
 20
-3184.125737248719
 30
0.0
 41
10.0
 42
10.0
 43
10.0
  0
MTEXT
  5
A5
330
9E
100
AcDbEntity
  8
绘图层
 62
     7
440
 16777216
100
AcDbMText
 10
-4249.157001959239
 20
-3171.075746363301
 30
0.0
 40
20.0
 41
0.0
 46
0.0
 71
     5
 72
     1
  1
\A1;52
 73
     1
 44
1.0
  0
POINT
  5
A6
330
9E
100
AcDbEntity
  8
Defpoints
 62
     0
440
 16777216
100
AcDbPoint
 10
-4275.157001959239
 20
-3205.053450764
 30
0.0
  0
POINT
  5
A7
330
9E
100
AcDbEntity
  8
Defpoints
 62
     0
440
 16777216
100
AcDbPoint
 10
-4223.157001959239
 20
-3205.053450764
 30
0.0
  0
POINT
  5
A8
330
9E
100
AcDbEntity
  8
Defpoints
 62
     0
440
 16777216
100
AcDbPoint
 10
-4223.157001959239
 20
-3184.125737248719
 30
0.0
  0
ENDBLK
  5
A9
330
9E
100
AcDbEntity
  8
0
100
AcDbBlockEnd
  0
BLOCK
  5
AC
330
AB
100
AcDbEntity
  8
0
100
AcDbBlockBegin
  2
*D5
 70
     1
 10
0.0
 20
0.0
 30
0.0
  3
*D5
  1

  0
LINE
  5
AD
330
AB
100
AcDbEntity
  8
绘图层
 62
     4
440
 16777216
370
     9
100
AcDbLine
 10
-4282.157001959239
 20
-3330.053450764012
 30
0.0
 11
-4282.157001959239
 21
-3373.488119579184
 31
0.0
  0
LINE
  5
AE
330
AB
100
AcDbEntity
  8
绘图层
 62
     4
440
 16777216
370
     9
100
AcDbLine
 10
-4223.157001959239
 20
-3330.053450764012
 30
0.0
 11
-4223.157001959239
 21
-3373.488119579184
 31
0.0
  0
LINE
  5
AF
330
AB
100
AcDbEntity
  8
绘图层
 62
     4
440
 16777216
370
     9
100
AcDbLine
 10
-4272.157001959238
 20
-3370.988119579184
 30
0.0
 11
-4233.157001959239
 21
-3370.988119579184
 31
0.0
  0
INSERT
  5
B0
330
AB
100
AcDbEntity
  8
绘图层
 62
     4
440
 16777216
370
     9
100
AcDbBlockReference
  2
_ClosedBlank
 10
-4282.157001959239
 20
-3370.988119579184
 30
0.0
 41
10.0
 42
10.0
 43
10.0
 50
180.0
  0
INSERT
  5
B1
330
AB
100
AcDbEntity
  8
绘图层
 62
     4
440
 16777216
370
     9
100
AcDbBlockReference
  2
_ClosedBlank
 10
-4223.157001959239
 20
-3370.988119579184
 30
0.0
 41
10.0
 42
10.0
 43
10.0
  0
MTEXT
  5
B2
330
AB
100
AcDbEntity
  8
绘图层
 62
     7
440
 16777216
100
AcDbMText
 10
-4252.657001959239
 20
-3357.938128693767
 30
0.0
 40
20.0
 41
0.0
 46
0.0
 71
     5
 72
     1
  1
\A1;59
 73
     1
 44
1.0
  0
POINT
  5
B3
330
AB
100
AcDbEntity
  8
Defpoints
 62
     0
440
 16777216
100
AcDbPoint
 10
-4282.157001959239
 20
-3330.053450764012
 30
0.0
  0
POINT
  5
B4
330
AB
100
AcDbEntity
  8
Defpoints
 62
     0
440
 16777216
100
AcDbPoint
 10
-4223.157001959239
 20
-3330.053450764012
 30
0.0
  0
POINT
  5
B5
330
AB
100
AcDbEntity
  8
Defpoints
 62
     0
440
 16777216
100
AcDbPoint
 10
-4223.157001959239
 20
-3370.988119579184
 30
0.0
  0
ENDBLK
  5
B6
330
AB
100
AcDbEntity
  8
0
100
AcDbBlockEnd
  0
BLOCK
  5
B9
330
B8
100
AcDbEntity
  8
0
100
AcDbBlockBegin
  2
*D6
 70
     1
 10
0.0
 20
0.0
 30
0.0
  3
*D6
  1

  0
LINE
  5
BA
330
B8
100
AcDbEntity
  8
绘图层
 62
     4
440
 16777216
370
     9
100
AcDbLine
 10
-1419.970681190047
 20
-3242.673596718649
 30
0.0
 11
-1419.970681190047
 21
-3221.576035682276
 31
0.0
  0
LINE
  5
BB
330
B8
100
AcDbEntity
  8
绘图层
 62
     4
440
 16777216
370
     9
100
AcDbLine
 10
-1364.970681190047
 20
-3242.673596718649
 30
0.0
 11
-1364.970681190047
 21
-3221.576035682276
 31
0.0
  0
LINE
  5
BC
330
B8
100
AcDbEntity
  8
绘图层
 62
     4
440
 16777216
370
     9
100
AcDbLine
 10
-1409.970681190047
 20
-3224.076035682275
 30
0.0
 11
-1374.970681190047
 21
-3224.076035682275
 31
0.0
  0
INSERT
  5
BD
330
B8
100
AcDbEntity
  8
绘图层
 62
     4
440
 16777216
370
     9
100
AcDbBlockReference
  2
_ClosedBlank
 10
-1419.970681190047
 20
-3224.076035682275
 30
0.0
 41
10.0
 42
10.0
 43
10.0
 50
180.0
  0
INSERT
  5
BE
330
B8
100
AcDbEntity
  8
绘图层
 62
     4
440
 16777216
370
     9
100
AcDbBlockReference
  2
_ClosedBlank
 10
-1364.970681190047
 20
-3224.076035682275
 30
0.0
 41
10.0
 42
10.0
 43
10.0
  0
MTEXT
  5
BF
330
B8
100
AcDbEntity
  8
绘图层
 62
     7
440
 16777216
100
AcDbMText
 10
-1392.470681190047
 20
-3211.026044796859
 30
0.0
 40
20.0
 41
0.0
 46
0.0
 71
     5
 72
     1
  1
\A1;55
 73
     1
 44
1.0
  0
POINT
  5
C0
330
B8
100
AcDbEntity
  8
Defpoints
 62
     0
440
 16777216
100
AcDbPoint
 10
-1419.970681190047
 20
-3242.673596718649
 30
0.0
  0
POINT
  5
C1
330
B8
100
AcDbEntity
  8
Defpoints
 62
     0
440
 16777216
100
AcDbPoint
 10
-1364.970681190047
 20
-3242.673596718649
 30
0.0
  0
POINT
  5
C2
330
B8
100
AcDbEntity
  8
Defpoints
 62
     0
440
 16777216
100
AcDbPoint
 10
-1364.970681190047
 20
-3224.076035682275
 30
0.0
  0
ENDBLK
  5
C3
330
B8
100
AcDbEntity
  8
0
100
AcDbBlockEnd
  0
BLOCK
  5
C6
330
C5
100
AcDbEntity
  8
0
100
AcDbBlockBegin
  2
*D7
 70
     1
 10
0.0
 20
0.0
 30
0.0
  3
*D7
  1

  0
LINE
  5
C7
330
C5
100
AcDbEntity
  8
绘图层
 62
     4
440
 16777216
370
     9
100
AcDbLine
 10
-1426.970681190047
 20
-3370.673596718653
 30
0.0
 11
-1426.970681190047
 21
-3412.993208337506
 31
0.0
  0
LINE
  5
C8
330
C5
100
AcDbEntity
  8
绘图层
 62
     4
440
 16777216
370
     9
100
AcDbLine
 10
-1364.970681190047
 20
-3370.673596718653
 30
0.0
 11
-1364.970681190047
 21
-3412.993208337506
 31
0.0
  0
LINE
  5
C9
330
C5
100
AcDbEntity
  8
绘图层
 62
     4
440
 16777216
370
     9
100
AcDbLine
 10
-1416.970681190047
 20
-3410.493208337506
 30
0.0
 11
-1374.970681190047
 21
-3410.493208337506
 31
0.0
  0
INSERT
  5
CA
330
C5
100
AcDbEntity
  8
绘图层
 62
     4
440
 16777216
370
     9
100
AcDbBlockReference
  2
_ClosedBlank
 10
-1426.970681190047
 20
-3410.493208337506
 30
0.0
 41
10.0
 42
10.0
 43
10.0
 50
180.0
  0
INSERT
  5
CB
330
C5
100
AcDbEntity
  8
绘图层
 62
     4
440
 16777216
370
     9
100
AcDbBlockReference
  2
_ClosedBlank
 10
-1364.970681190047
 20
-3410.493208337506
 30
0.0
 41
10.0
 42
10.0
 43
10.0
  0
MTEXT
  5
CC
330
C5
100
AcDbEntity
  8
绘图层
 62
     7
440
 16777216
100
AcDbMText
 10
-1395.970681190047
 20
-3397.443217452089
 30
0.0
 40
20.0
 41
0.0
 46
0.0
 71
     5
 72
     1
  1
\A1;62
 73
     1
 44
1.0
  0
POINT
  5
CD
330
C5
100
AcDbEntity
  8
Defpoints
 62
     0
440
 16777216
100
AcDbPoint
 10
-1426.970681190047
 20
-3370.673596718653
 30
0.0
  0
POINT
  5
CE
330
C5
100
AcDbEntity
  8
Defpoints
 62
     0
440
 16777216
100
AcDbPoint
 10
-1364.970681190047
 20
-3370.673596718653
 30
0.0
  0
POINT
  5
CF
330
C5
100
AcDbEntity
  8
Defpoints
 62
     0
440
 16777216
100
AcDbPoint
 10
-1364.970681190047
 20
-3410.493208337506
 30
0.0
  0
ENDBLK
  5
D0
330
C5
100
AcDbEntity
  8
0
100
AcDbBlockEnd
  0
BLOCK
  5
D3
330
D2
100
AcDbEntity
  8
0
100
AcDbBlockBegin
  2
*D8
 70
     1
 10
0.0
 20
0.0
 30
0.0
  3
*D8
  1

  0
LINE
  5
D4
330
D2
100
AcDbEntity
  8
绘图层
 62
     4
440
 16777216
370
     9
100
AcDbLine
 10
-1419.970681190047
 20
-3242.67359671865
 30
0.0
 11
-1505.788351601857
 21
-3242.67359671865
 31
0.0
  0
LINE
  5
D5
330
D2
100
AcDbEntity
  8
绘图层
 62
     4
440
 16777216
370
     9
100
AcDbLine
 10
-1426.970681190047
 20
-3370.673596718654
 30
0.0
 11
-1505.788351601857
 21
-3370.673596718654
 31
0.0
  0
LINE
  5
D6
330
D2
100
AcDbEntity
  8
绘图层
 62
     4
440
 16777216
370
     9
100
AcDbLine
 10
-1503.288351601858
 20
-3252.673596718651
 30
0.0
 11
-1503.288351601858
 21
-3360.673596718655
 31
0.0
  0
INSERT
  5
D7
330
D2
100
AcDbEntity
  8
绘图层
 62
     4
440
 16777216
370
     9
100
AcDbBlockReference
  2
_ClosedBlank
 10
-1503.288351601858
 20
-3242.67359671865
 30
0.0
 41
10.0
 42
10.0
 43
10.0
 50
90.0
  0
INSERT
  5
D8
330
D2
100
AcDbEntity
  8
绘图层
 62
     4
440
 16777216
370
     9
100
AcDbBlockReference
  2
_ClosedBlank
 10
-1503.288351601858
 20
-3370.673596718654
 30
0.0
 41
10.0
 42
10.0
 43
10.0
 50
270.0
  0
MTEXT
  5
D9
330
D2
100
AcDbEntity
  8
绘图层
 62
     7
440
 16777216
100
AcDbMText
 10
-1516.338342487275
 20
-3306.673596718651
 30
0.0
 40
20.0
 41
0.0
 46
0.0
 71
     5
 72
     1
  1
\A1;128
 11
0.0000000000000001
 21
1.0
 31
0.0
 73
     1
 44
1.0
  0
POINT
  5
DA
330
D2
100
AcDbEntity
  8
Defpoints
 62
     0
440
 16777216
100
AcDbPoint
 10
-1419.970681190047
 20
-3242.67359671865
 30
0.0
  0
POINT
  5
DB
330
D2
100
AcDbEntity
  8
Defpoints
 62
     0
440
 16777216
100
AcDbPoint
 10
-1426.970681190047
 20
-3370.673596718654
 30
0.0
  0
POINT
  5
DC
330
D2
100
AcDbEntity
  8
Defpoints
 62
     0
440
 16777216
100
AcDbPoint
 10
-1503.288351601858
 20
-3370.673596718654
 30
0.0
  0
ENDBLK
  5
DD
330
D2
100
AcDbEntity
  8
0
100
AcDbBlockEnd
  0
BLOCK
  5
F5
330
F4
100
AcDbEntity
  8
0
100
AcDbBlockBegin
  2
*D9
 70
     1
 10
0.0
 20
0.0
 30
0.0
  3
*D9
  1

  0
LINE
  5
F6
330
F4
100
AcDbEntity
  8
标注层
 62
     4
440
 16777216
370
     9
100
AcDbLine
 10
-1936.661724984377
 20
-3606.692660159213
 30
0.0
 11
-1936.661724984377
 21
-3469.59729050102
 31
0.0
  0
LINE
  5
F7
330
F4
100
AcDbEntity
  8
标注层
 62
     4
440
 16777216
370
     9
100
AcDbLine
 10
-1797.361724984376
 20
-3606.692660159213
 30
0.0
 11
-1797.361724984376
 21
-3469.59729050102
 31
0.0
  0
LINE
  5
F8
330
F4
100
AcDbEntity
  8
标注层
 62
     4
440
 16777216
370
     9
100
AcDbLine
 10
-1926.661724984376
 20
-3472.097290501022
 30
0.0
 11
-1807.361724984376
 21
-3472.097290501022
 31
0.0
  0
INSERT
  5
F9
330
F4
100
AcDbEntity
  8
标注层
 62
     4
440
 16777216
370
     9
100
AcDbBlockReference
  2
_ClosedBlank
 10
-1936.661724984377
 20
-3472.097290501022
 30
0.0
 41
10.0
 42
10.0
 43
10.0
 50
180.0
  0
INSERT
  5
FA
330
F4
100
AcDbEntity
  8
标注层
 62
     4
440
 16777216
370
     9
100
AcDbBlockReference
  2
_ClosedBlank
 10
-1797.361724984376
 20
-3472.097290501022
 30
0.0
 41
10.0
 42
10.0
 43
10.0
  0
MTEXT
  5
FB
330
F4
100
AcDbEntity
  8
标注层
 62
     7
440
 16777216
100
AcDbMText
 10
-1867.011724984376
 20
-3459.047299615605
 30
0.0
 40
20.0
 41
0.0
 46
0.0
 71
     5
 72
     1
  1
\A1;139.3
  7
宋体
 73
     1
 44
1.0
  0
POINT
  5
FC
330
F4
100
AcDbEntity
  8
Defpoints
 62
     0
440
 16777216
100
AcDbPoint
 10
-1936.661724984377
 20
-3606.692660159213
 30
0.0
  0
POINT
  5
FD
330
F4
100
AcDbEntity
  8
Defpoints
 62
     0
440
 16777216
100
AcDbPoint
 10
-1797.361724984376
 20
-3606.692660159213
 30
0.0
  0
POINT
  5
FE
330
F4
100
AcDbEntity
  8
Defpoints
 62
     0
440
 16777216
100
AcDbPoint
 10
-1797.361724984376
 20
-3472.097290501022
 30
0.0
  0
ENDBLK
  5
FF
330
F4
100
AcDbEntity
  8
0
100
AcDbBlockEnd
  0
BLOCK
  5
111
330
110
100
AcDbEntity
  8
0
100
AcDbBlockBegin
  2
*D10
 70
     1
 10
0.0
 20
0.0
 30
0.0
  3
*D10
  1

  0
LINE
  5
112
330
110
100
AcDbEntity
  8
标注层
 62
     4
440
 16777216
370
     9
100
AcDbLine
 10
-1797.361724984376
 20
-3606.692660159213
 30
0.0
 11
-1797.361724984376
 21
-3469.59729050102
 31
0.0
  0
LINE
  5
113
330
110
100
AcDbEntity
  8
标注层
 62
     4
440
 16777216
370
     9
100
AcDbLine
 10
-1754.761724984377
 20
-3606.692660159213
 30
0.0
 11
-1754.761724984377
 21
-3469.59729050102
 31
0.0
  0
LINE
  5
114
330
110
100
AcDbEntity
  8
标注层
 62
     4
440
 16777216
370
     9
100
AcDbLine
 10
-1787.361724984376
 20
-3472.097290501022
 30
0.0
 11
-1764.761724984377
 21
-3472.097290501022
 31
0.0
  0
INSERT
  5
115
330
110
100
AcDbEntity
  8
标注层
 62
     4
440
 16777216
370
     9
100
AcDbBlockReference
  2
_ClosedBlank
 10
-1797.361724984376
 20
-3472.097290501022
 30
0.0
 41
10.0
 42
10.0
 43
10.0
 50
180.0
  0
INSERT
  5
116
330
110
100
AcDbEntity
  8
标注层
 62
     4
440
 16777216
370
     9
100
AcDbBlockReference
  2
_ClosedBlank
 10
-1754.761724984377
 20
-3472.097290501022
 30
0.0
 41
10.0
 42
10.0
 43
10.0
  0
MTEXT
  5
117
330
110
100
AcDbEntity
  8
标注层
 62
     7
440
 16777216
100
AcDbMText
 10
-1776.061724984377
 20
-3459.047299615605
 30
0.0
 40
20.0
 41
0.0
 46
0.0
 71
     5
 72
     1
  1
\A1;42.6
  7
宋体
 73
     1
 44
1.0
  0
POINT
  5
118
330
110
100
AcDbEntity
  8
Defpoints
 62
     0
440
 16777216
100
AcDbPoint
 10
-1797.361724984376
 20
-3606.692660159213
 30
0.0
  0
POINT
  5
119
330
110
100
AcDbEntity
  8
Defpoints
 62
     0
440
 16777216
100
AcDbPoint
 10
-1754.761724984377
 20
-3606.692660159213
 30
0.0
  0
POINT
  5
11A
330
110
100
AcDbEntity
  8
Defpoints
 62
     0
440
 16777216
100
AcDbPoint
 10
-1754.761724984377
 20
-3472.097290501022
 30
0.0
  0
ENDBLK
  5
11B
330
110
100
AcDbEntity
  8
0
100
AcDbBlockEnd
  0
BLOCK
  5
11E
330
11D
100
AcDbEntity
  8
0
100
AcDbBlockBegin
  2
*D11
 70
     1
 10
0.0
 20
0.0
 30
0.0
  3
*D11
  1

  0
LINE
  5
11F
330
11D
100
AcDbEntity
  8
标注层
 62
     4
440
 16777216
370
     9
100
AcDbLine
 10
-1754.761724984377
 20
-3606.692660159213
 30
0.0
 11
-1754.761724984377
 21
-3469.59729050102
 31
0.0
  0
LINE
  5
120
330
11D
100
AcDbEntity
  8
标注层
 62
     4
440
 16777216
370
     9
100
AcDbLine
 10
-1746.161724984377
 20
-3606.692660159213
 30
0.0
 11
-1746.161724984377
 21
-3469.59729050102
 31
0.0
  0
LINE
  5
121
330
11D
100
AcDbEntity
  8
标注层
 62
     4
440
 16777216
370
     9
100
AcDbLine
 10
-1764.761724984377
 20
-3472.097290501022
 30
0.0
 11
-1774.761724984377
 21
-3472.097290501022
 31
0.0
  0
LINE
  5
122
330
11D
100
AcDbEntity
  8
标注层
 62
     4
440
 16777216
370
     9
100
AcDbLine
 10
-1736.161724984377
 20
-3472.097290501022
 30
0.0
 11
-1679.838279526393
 21
-3472.097290501022
 31
0.0
  0
LINE
  5
123
330
11D
100
AcDbEntity
  8
标注层
 62
     4
440
 16777216
370
     9
100
AcDbLine
 10
-1754.761724984377
 20
-3472.097290501022
 30
0.0
 11
-1746.161724984377
 21
-3472.097290501022
 31
0.0
  0
INSERT
  5
124
330
11D
100
AcDbEntity
  8
标注层
 62
     4
440
 16777216
370
     9
100
AcDbBlockReference
  2
_ClosedBlank
 10
-1754.761724984377
 20
-3472.097290501022
 30
0.0
 41
10.0
 42
10.0
 43
10.0
  0
INSERT
  5
125
330
11D
100
AcDbEntity
  8
标注层
 62
     4
440
 16777216
370
     9
100
AcDbBlockReference
  2
_ClosedBlank
 10
-1746.161724984377
 20
-3472.097290501022
 30
0.0
 41
10.0
 42
10.0
 43
10.0
 50
180.0
  0
MTEXT
  5
126
330
11D
100
AcDbEntity
  8
标注层
 62
     7
440
 16777216
100
AcDbMText
 10
-1703.000002255385
 20
-3459.047299615605
 30
0.0
 40
20.0
 41
0.0
 46
0.0
 71
     5
 72
     1
  1
\A1;8.6
  7
宋体
 73
     1
 44
1.0
  0
POINT
  5
127
330
11D
100
AcDbEntity
  8
Defpoints
 62
     0
440
 16777216
100
AcDbPoint
 10
-1754.761724984377
 20
-3606.692660159213
 30
0.0
  0
POINT
  5
128
330
11D
100
AcDbEntity
  8
Defpoints
 62
     0
440
 16777216
100
AcDbPoint
 10
-1746.161724984377
 20
-3606.692660159213
 30
0.0
  0
POINT
  5
129
330
11D
100
AcDbEntity
  8
Defpoints
 62
     0
440
 16777216
100
AcDbPoint
 10
-1746.161724984377
 20
-3472.097290501022
 30
0.0
  0
ENDBLK
  5
12A
330
11D
100
AcDbEntity
  8
0
100
AcDbBlockEnd
  0
BLOCK
  5
12D
330
12C
100
AcDbEntity
  8
0
100
AcDbBlockBegin
  2
*D12
 70
     1
 10
0.0
 20
0.0
 30
0.0
  3
*D12
  1

  0
LINE
  5
12E
330
12C
100
AcDbEntity
  8
标注层
 62
     4
440
 16777216
370
     9
100
AcDbLine
 10
-1922.161724984377
 20
-3606.692660159213
 30
0.0
 11
-1922.161724984377
 21
-3538.216317633218
 31
0.0
  0
LINE
  5
12F
330
12C
100
AcDbEntity
  8
标注层
 62
     4
440
 16777216
370
     9
100
AcDbLine
 10
-1936.661724984377
 20
-3606.692660159213
 30
0.0
 11
-1936.661724984377
 21
-3538.216317633218
 31
0.0
  0
LINE
  5
130
330
12C
100
AcDbEntity
  8
标注层
 62
     4
440
 16777216
370
     9
100
AcDbLine
 10
-1912.161724984376
 20
-3540.716317633218
 30
0.0
 11
-1902.161724984377
 21
-3540.716317633218
 31
0.0
  0
LINE
  5
131
330
12C
100
AcDbEntity
  8
标注层
 62
     4
440
 16777216
370
     9
100
AcDbLine
 10
-1946.661724984377
 20
-3540.716317633218
 30
0.0
 11
-2014.94047770493
 21
-3540.716317633218
 31
0.0
  0
LINE
  5
132
330
12C
100
AcDbEntity
  8
标注层
 62
     4
440
 16777216
370
     9
100
AcDbLine
 10
-1922.161724984377
 20
-3540.716317633218
 30
0.0
 11
-1936.661724984377
 21
-3540.716317633218
 31
0.0
  0
INSERT
  5
133
330
12C
100
AcDbEntity
  8
标注层
 62
     4
440
 16777216
370
     9
100
AcDbBlockReference
  2
_ClosedBlank
 10
-1922.161724984377
 20
-3540.716317633218
 30
0.0
 41
10.0
 42
10.0
 43
10.0
 50
180.0
  0
INSERT
  5
134
330
12C
100
AcDbEntity
  8
标注层
 62
     4
440
 16777216
370
     9
100
AcDbBlockReference
  2
_ClosedBlank
 10
-1936.661724984377
 20
-3540.716317633218
 30
0.0
 41
10.0
 42
10.0
 43
10.0
  0
MTEXT
  5
135
330
12C
100
AcDbEntity
  8
标注层
 62
     7
440
 16777216
100
AcDbMText
 10
-1985.801101344654
 20
-3527.666326747802
 30
0.0
 40
20.0
 41
0.0
 46
0.0
 71
     5
 72
     1
  1
\A1;14.5
  7
宋体
 73
     1
 44
1.0
  0
POINT
  5
136
330
12C
100
AcDbEntity
  8
Defpoints
 62
     0
440
 16777216
100
AcDbPoint
 10
-1922.161724984377
 20
-3606.692660159213
 30
0.0
  0
POINT
  5
137
330
12C
100
AcDbEntity
  8
Defpoints
 62
     0
440
 16777216
100
AcDbPoint
 10
-1936.661724984377
 20
-3606.692660159213
 30
0.0
  0
POINT
  5
138
330
12C
100
AcDbEntity
  8
Defpoints
 62
     0
440
 16777216
100
AcDbPoint
 10
-1936.661724984377
 20
-3540.716317633218
 30
0.0
  0
ENDBLK
  5
139
330
12C
100
AcDbEntity
  8
0
100
AcDbBlockEnd
  0
BLOCK
  5
13C
330
13B
100
AcDbEntity
  8
0
100
AcDbBlockBegin
  2
*D13
 70
     1
 10
0.0
 20
0.0
 30
0.0
  3
*D13
  1

  0
LINE
  5
13D
330
13B
100
AcDbEntity
  8
标注层
 62
     4
440
 16777216
370
     9
100
AcDbLine
 10
-1922.161724984377
 20
-3606.692660159213
 30
0.0
 11
-1922.161724984377
 21
-3538.216317633218
 31
0.0
  0
LINE
  5
13E
330
13B
100
AcDbEntity
  8
标注层
 62
     4
440
 16777216
370
     9
100
AcDbLine
 10
-1868.161724984377
 20
-3606.692660159213
 30
0.0
 11
-1868.161724984377
 21
-3538.216317633218
 31
0.0
  0
LINE
  5
13F
330
13B
100
AcDbEntity
  8
标注层
 62
     4
440
 16777216
370
     9
100
AcDbLine
 10
-1912.161724984376
 20
-3540.716317633218
 30
0.0
 11
-1878.161724984376
 21
-3540.716317633218
 31
0.0
  0
INSERT
  5
140
330
13B
100
AcDbEntity
  8
标注层
 62
     4
440
 16777216
370
     9
100
AcDbBlockReference
  2
_ClosedBlank
 10
-1922.161724984377
 20
-3540.716317633218
 30
0.0
 41
10.0
 42
10.0
 43
10.0
 50
180.0
  0
INSERT
  5
141
330
13B
100
AcDbEntity
  8
标注层
 62
     4
440
 16777216
370
     9
100
AcDbBlockReference
  2
_ClosedBlank
 10
-1868.161724984377
 20
-3540.716317633218
 30
0.0
 41
10.0
 42
10.0
 43
10.0
  0
MTEXT
  5
142
330
13B
100
AcDbEntity
  8
标注层
 62
     7
440
 16777216
100
AcDbMText
 10
-1895.161724984377
 20
-3527.666326747802
 30
0.0
 40
20.0
 41
0.0
 46
0.0
 71
     5
 72
     1
  1
\A1;54
  7
宋体
 73
     1
 44
1.0
  0
POINT
  5
143
330
13B
100
AcDbEntity
  8
Defpoints
 62
     0
440
 16777216
100
AcDbPoint
 10
-1922.161724984377
 20
-3606.692660159213
 30
0.0
  0
POINT
  5
144
330
13B
100
AcDbEntity
  8
Defpoints
 62
     0
440
 16777216
100
AcDbPoint
 10
-1868.161724984377
 20
-3606.692660159213
 30
0.0
  0
POINT
  5
145
330
13B
100
AcDbEntity
  8
Defpoints
 62
     0
440
 16777216
100
AcDbPoint
 10
-1868.161724984377
 20
-3540.716317633218
 30
0.0
  0
ENDBLK
  5
146
330
13B
100
AcDbEntity
  8
0
100
AcDbBlockEnd
  0
BLOCK
  5
149
330
148
100
AcDbEntity
  8
0
100
AcDbBlockBegin
  2
*D14
 70
     1
 10
0.0
 20
0.0
 30
0.0
  3
*D14
  1

  0
LINE
  5
14A
330
148
100
AcDbEntity
  8
标注层
 62
     4
440
 16777216
370
     9
100
AcDbLine
 10
-1868.161724984377
 20
-3606.692660159213
 30
0.0
 11
-1868.161724984377
 21
-3538.216317633218
 31
0.0
  0
LINE
  5
14B
330
148
100
AcDbEntity
  8
标注层
 62
     4
440
 16777216
370
     9
100
AcDbLine
 10
-1810.161724984378
 20
-3606.692660159213
 30
0.0
 11
-1810.161724984378
 21
-3538.216317633218
 31
0.0
  0
LINE
  5
14C
330
148
100
AcDbEntity
  8
标注层
 62
     4
440
 16777216
370
     9
100
AcDbLine
 10
-1858.161724984377
 20
-3540.716317633218
 30
0.0
 11
-1820.161724984377
 21
-3540.716317633218
 31
0.0
  0
INSERT
  5
14D
330
148
100
AcDbEntity
  8
标注层
 62
     4
440
 16777216
370
     9
100
AcDbBlockReference
  2
_ClosedBlank
 10
-1868.161724984377
 20
-3540.716317633218
 30
0.0
 41
10.0
 42
10.0
 43
10.0
 50
180.0
  0
INSERT
  5
14E
330
148
100
AcDbEntity
  8
标注层
 62
     4
440
 16777216
370
     9
100
AcDbBlockReference
  2
_ClosedBlank
 10
-1810.161724984378
 20
-3540.716317633218
 30
0.0
 41
10.0
 42
10.0
 43
10.0
  0
MTEXT
  5
14F
330
148
100
AcDbEntity
  8
标注层
 62
     7
440
 16777216
100
AcDbMText
 10
-1839.161724984377
 20
-3527.666326747802
 30
0.0
 40
20.0
 41
0.0
 46
0.0
 71
     5
 72
     1
  1
\A1;58
  7
宋体
 73
     1
 44
1.0
  0
POINT
  5
150
330
148
100
AcDbEntity
  8
Defpoints
 62
     0
440
 16777216
100
AcDbPoint
 10
-1868.161724984377
 20
-3606.692660159213
 30
0.0
  0
POINT
  5
151
330
148
100
AcDbEntity
  8
Defpoints
 62
     0
440
 16777216
100
AcDbPoint
 10
-1810.161724984378
 20
-3606.692660159213
 30
0.0
  0
POINT
  5
152
330
148
100
AcDbEntity
  8
Defpoints
 62
     0
440
 16777216
100
AcDbPoint
 10
-1810.161724984378
 20
-3540.716317633218
 30
0.0
  0
ENDBLK
  5
153
330
148
100
AcDbEntity
  8
0
100
AcDbBlockEnd
  0
BLOCK
  5
156
330
155
100
AcDbEntity
  8
0
100
AcDbBlockBegin
  2
*D15
 70
     1
 10
0.0
 20
0.0
 30
0.0
  3
*D15
  1

  0
LINE
  5
157
330
155
100
AcDbEntity
  8
标注层
 62
     4
440
 16777216
370
     9
100
AcDbLine
 10
-1810.161724984378
 20
-3606.692660159213
 30
0.0
 11
-1810.161724984378
 21
-3538.216317633218
 31
0.0
  0
LINE
  5
158
330
155
100
AcDbEntity
  8
标注层
 62
     4
440
 16777216
370
     9
100
AcDbLine
 10
-1736.361724984377
 20
-3606.692660159213
 30
0.0
 11
-1736.361724984377
 21
-3538.216317633218
 31
0.0
  0
LINE
  5
159
330
155
100
AcDbEntity
  8
标注层
 62
     4
440
 16777216
370
     9
100
AcDbLine
 10
-1800.161724984377
 20
-3540.716317633218
 30
0.0
 11
-1746.361724984376
 21
-3540.716317633218
 31
0.0
  0
INSERT
  5
15A
330
155
100
AcDbEntity
  8
标注层
 62
     4
440
 16777216
370
     9
100
AcDbBlockReference
  2
_ClosedBlank
 10
-1810.161724984378
 20
-3540.716317633218
 30
0.0
 41
10.0
 42
10.0
 43
10.0
 50
180.0
  0
INSERT
  5
15B
330
155
100
AcDbEntity
  8
标注层
 62
     4
440
 16777216
370
     9
100
AcDbBlockReference
  2
_ClosedBlank
 10
-1736.361724984377
 20
-3540.716317633218
 30
0.0
 41
10.0
 42
10.0
 43
10.0
  0
MTEXT
  5
15C
330
155
100
AcDbEntity
  8
标注层
 62
     7
440
 16777216
100
AcDbMText
 10
-1773.261724984377
 20
-3527.666326747802
 30
0.0
 40
20.0
 41
0.0
 46
0.0
 71
     5
 72
     1
  1
\A1;73.8
  7
宋体
 73
     1
 44
1.0
  0
POINT
  5
15D
330
155
100
AcDbEntity
  8
Defpoints
 62
     0
440
 16777216
100
AcDbPoint
 10
-1810.161724984378
 20
-3606.692660159213
 30
0.0
  0
POINT
  5
15E
330
155
100
AcDbEntity
  8
Defpoints
 62
     0
440
 16777216
100
AcDbPoint
 10
-1736.361724984377
 20
-3606.692660159213
 30
0.0
  0
POINT
  5
15F
330
155
100
AcDbEntity
  8
Defpoints
 62
     0
440
 16777216
100
AcDbPoint
 10
-1736.361724984377
 20
-3540.716317633218
 30
0.0
  0
ENDBLK
  5
160
330
155
100
AcDbEntity
  8
0
100
AcDbBlockEnd
  0
BLOCK
  5
163
330
162
100
AcDbEntity
  8
0
100
AcDbBlockBegin
  2
*D16
 70
     1
 10
0.0
 20
0.0
 30
0.0
  3
*D16
  1

  0
LINE
  5
164
330
162
100
AcDbEntity
  8
标注层
 62
     4
440
 16777216
370
     9
100
AcDbLine
 10
-1736.361724984377
 20
-3606.692660159213
 30
0.0
 11
-1736.361724984377
 21
-3506.745866806479
 31
0.0
  0
LINE
  5
165
330
162
100
AcDbEntity
  8
标注层
 62
     4
440
 16777216
370
     9
100
AcDbLine
 10
-1725.361724984376
 20
-3606.692660159213
 30
0.0
 11
-1725.361724984376
 21
-3506.745866806479
 31
0.0
  0
LINE
  5
166
330
162
100
AcDbEntity
  8
标注层
 62
     4
440
 16777216
370
     9
100
AcDbLine
 10
-1746.361724984376
 20
-3509.245866806479
 30
0.0
 11
-1756.361724984376
 21
-3509.245866806479
 31
0.0
  0
LINE
  5
167
330
162
100
AcDbEntity
  8
标注层
 62
     4
440
 16777216
370
     9
100
AcDbLine
 10
-1715.361724984376
 20
-3509.245866806479
 30
0.0
 11
-1705.361724984376
 21
-3509.245866806479
 31
0.0
  0
LINE
  5
168
330
162
100
AcDbEntity
  8
标注层
 62
     4
440
 16777216
370
     9
100
AcDbLine
 10
-1736.361724984377
 20
-3509.245866806479
 30
0.0
 11
-1725.361724984376
 21
-3509.245866806479
 31
0.0
  0
INSERT
  5
169
330
162
100
AcDbEntity
  8
标注层
 62
     4
440
 16777216
370
     9
100
AcDbBlockReference
  2
_ClosedBlank
 10
-1736.361724984377
 20
-3509.245866806479
 30
0.0
 41
10.0
 42
10.0
 43
10.0
  0
INSERT
  5
16A
330
162
100
AcDbEntity
  8
标注层
 62
     4
440
 16777216
370
     9
100
AcDbBlockReference
  2
_ClosedBlank
 10
-1725.361724984376
 20
-3509.245866806479
 30
0.0
 41
10.0
 42
10.0
 43
10.0
 50
180.0
  0
MTEXT
  5
16B
330
162
100
AcDbEntity
  8
标注层
 62
     7
440
 16777216
100
AcDbMText
 10
-1730.861724984376
 20
-3496.195875921062
 30
0.0
 40
20.0
 41
0.0
 46
0.0
 71
     5
 72
     1
  1
\A1;11
  7
宋体
 73
     1
 44
1.0
  0
POINT
  5
16C
330
162
100
AcDbEntity
  8
Defpoints
 62
     0
440
 16777216
100
AcDbPoint
 10
-1736.361724984377
 20
-3606.692660159213
 30
0.0
  0
POINT
  5
16D
330
162
100
AcDbEntity
  8
Defpoints
 62
     0
440
 16777216
100
AcDbPoint
 10
-1725.361724984376
 20
-3606.692660159213
 30
0.0
  0
POINT
  5
16E
330
162
100
AcDbEntity
  8
Defpoints
 62
     0
440
 16777216
100
AcDbPoint
 10
-1725.361724984376
 20
-3509.245866806479
 30
0.0
  0
ENDBLK
  5
16F
330
162
100
AcDbEntity
  8
0
100
AcDbBlockEnd
  0
BLOCK
  5
172
330
171
100
AcDbEntity
  8
0
100
AcDbBlockBegin
  2
*D17
 70
     1
 10
0.0
 20
0.0
 30
0.0
  3
*D17
  1

  0
LINE
  5
173
330
171
100
AcDbEntity
  8
标注层
 62
     4
440
 16777216
370
     9
100
AcDbLine
 10
-1725.361724984376
 20
-3606.692660159213
 30
0.0
 11
-1725.361724984376
 21
-3538.216317633218
 31
0.0
  0
LINE
  5
174
330
171
100
AcDbEntity
  8
标注层
 62
     4
440
 16777216
370
     9
100
AcDbLine
 10
-1689.361724984376
 20
-3606.692660159213
 30
0.0
 11
-1689.361724984376
 21
-3538.216317633218
 31
0.0
  0
LINE
  5
175
330
171
100
AcDbEntity
  8
标注层
 62
     4
440
 16777216
370
     9
100
AcDbLine
 10
-1715.361724984376
 20
-3540.716317633218
 30
0.0
 11
-1699.361724984376
 21
-3540.716317633218
 31
0.0
  0
INSERT
  5
176
330
171
100
AcDbEntity
  8
标注层
 62
     4
440
 16777216
370
     9
100
AcDbBlockReference
  2
_ClosedBlank
 10
-1725.361724984376
 20
-3540.716317633218
 30
0.0
 41
10.0
 42
10.0
 43
10.0
 50
180.0
  0
INSERT
  5
177
330
171
100
AcDbEntity
  8
标注层
 62
     4
440
 16777216
370
     9
100
AcDbBlockReference
  2
_ClosedBlank
 10
-1689.361724984376
 20
-3540.716317633218
 30
0.0
 41
10.0
 42
10.0
 43
10.0
  0
MTEXT
  5
178
330
171
100
AcDbEntity
  8
标注层
 62
     7
440
 16777216
100
AcDbMText
 10
-1707.361724984376
 20
-3527.666326747802
 30
0.0
 40
20.0
 41
0.0
 46
0.0
 71
     5
 72
     1
  1
\A1;36
  7
宋体
 73
     1
 44
1.0
  0
POINT
  5
179
330
171
100
AcDbEntity
  8
Defpoints
 62
     0
440
 16777216
100
AcDbPoint
 10
-1725.361724984376
 20
-3606.692660159213
 30
0.0
  0
POINT
  5
17A
330
171
100
AcDbEntity
  8
Defpoints
 62
     0
440
 16777216
100
AcDbPoint
 10
-1689.361724984376
 20
-3606.692660159213
 30
0.0
  0
POINT
  5
17B
330
171
100
AcDbEntity
  8
Defpoints
 62
     0
440
 16777216
100
AcDbPoint
 10
-1689.361724984376
 20
-3540.716317633218
 30
0.0
  0
ENDBLK
  5
17C
330
171
100
AcDbEntity
  8
0
100
AcDbBlockEnd
  0
BLOCK
  5
17F
330
17E
100
AcDbEntity
  8
0
100
AcDbBlockBegin
  2
*D18
 70
     1
 10
0.0
 20
0.0
 30
0.0
  3
*D18
  1

  0
LINE
  5
180
330
17E
100
AcDbEntity
  8
标注层
 62
     4
440
 16777216
370
     9
100
AcDbLine
 10
-1689.361724984376
 20
-3606.692660159213
 30
0.0
 11
-1689.361724984376
 21
-3538.216317633218
 31
0.0
  0
LINE
  5
181
330
17E
100
AcDbEntity
  8
标注层
 62
     4
440
 16777216
370
     9
100
AcDbLine
 10
-1628.361724984376
 20
-3606.692660159213
 30
0.0
 11
-1628.361724984376
 21
-3538.216317633218
 31
0.0
  0
LINE
  5
182
330
17E
100
AcDbEntity
  8
标注层
 62
     4
440
 16777216
370
     9
100
AcDbLine
 10
-1679.361724984376
 20
-3540.716317633218
 30
0.0
 11
-1638.361724984376
 21
-3540.716317633218
 31
0.0
  0
INSERT
  5
183
330
17E
100
AcDbEntity
  8
标注层
 62
     4
440
 16777216
370
     9
100
AcDbBlockReference
  2
_ClosedBlank
 10
-1689.361724984376
 20
-3540.716317633218
 30
0.0
 41
10.0
 42
10.0
 43
10.0
 50
180.0
  0
INSERT
  5
184
330
17E
100
AcDbEntity
  8
标注层
 62
     4
440
 16777216
370
     9
100
AcDbBlockReference
  2
_ClosedBlank
 10
-1628.361724984376
 20
-3540.716317633218
 30
0.0
 41
10.0
 42
10.0
 43
10.0
  0
MTEXT
  5
185
330
17E
100
AcDbEntity
  8
标注层
 62
     7
440
 16777216
100
AcDbMText
 10
-1658.861724984376
 20
-3527.666326747802
 30
0.0
 40
20.0
 41
0.0
 46
0.0
 71
     5
 72
     1
  1
\A1;61
  7
宋体
 73
     1
 44
1.0
  0
POINT
  5
186
330
17E
100
AcDbEntity
  8
Defpoints
 62
     0
440
 16777216
100
AcDbPoint
 10
-1689.361724984376
 20
-3606.692660159213
 30
0.0
  0
POINT
  5
187
330
17E
100
AcDbEntity
  8
Defpoints
 62
     0
440
 16777216
100
AcDbPoint
 10
-1628.361724984376
 20
-3606.692660159213
 30
0.0
  0
POINT
  5
188
330
17E
100
AcDbEntity
  8
Defpoints
 62
     0
440
 16777216
100
AcDbPoint
 10
-1628.361724984376
 20
-3540.716317633218
 30
0.0
  0
ENDBLK
  5
189
330
17E
100
AcDbEntity
  8
0
100
AcDbBlockEnd
  0
BLOCK
  5
1FC
330
1FB
100
AcDbEntity
  8
0
100
AcDbBlockBegin
  2
*D19
 70
     1
 10
0.0
 20
0.0
 30
0.0
  3
*D19
  1

  0
LINE
  5
1FD
330
1FB
100
AcDbEntity
  8
绘图层
 62
     4
440
 16777216
370
     9
100
AcDbLine
 10
-1426.970681190047
 20
-3333.673596718654
 30
0.0
 11
-1471.127847904684
 21
-3333.673596718654
 31
0.0
  0
LINE
  5
1FE
330
1FB
100
AcDbEntity
  8
绘图层
 62
     4
440
 16777216
370
     9
100
AcDbLine
 10
-1419.970681190047
 20
-3242.67359671865
 30
0.0
 11
-1471.127847904684
 21
-3242.67359671865
 31
0.0
  0
LINE
  5
1FF
330
1FB
100
AcDbEntity
  8
绘图层
 62
     4
440
 16777216
370
     9
100
AcDbLine
 10
-1468.627847904684
 20
-3323.673596718654
 30
0.0
 11
-1468.627847904684
 21
-3252.673596718651
 31
0.0
  0
INSERT
  5
200
330
1FB
100
AcDbEntity
  8
绘图层
 62
     4
440
 16777216
370
     9
100
AcDbBlockReference
  2
_ClosedBlank
 10
-1468.627847904684
 20
-3333.673596718654
 30
0.0
 41
10.0
 42
10.0
 43
10.0
 50
270.0
  0
INSERT
  5
201
330
1FB
100
AcDbEntity
  8
绘图层
 62
     4
440
 16777216
370
     9
100
AcDbBlockReference
  2
_ClosedBlank
 10
-1468.627847904684
 20
-3242.67359671865
 30
0.0
 41
10.0
 42
10.0
 43
10.0
 50
90.0
  0
MTEXT
  5
202
330
1FB
100
AcDbEntity
  8
绘图层
 62
     7
440
 16777216
100
AcDbMText
 10
-1481.677838790101
 20
-3288.173596718651
 30
0.0
 40
20.0
 41
0.0
 46
0.0
 71
     5
 72
     1
  1
\A1;91
 11
0.0000000000000001
 21
1.0
 31
0.0
 73
     1
 44
1.0
  0
POINT
  5
203
330
1FB
100
AcDbEntity
  8
Defpoints
 62
     0
440
 16777216
100
AcDbPoint
 10
-1426.970681190047
 20
-3333.673596718654
 30
0.0
  0
POINT
  5
204
330
1FB
100
AcDbEntity
  8
Defpoints
 62
     0
440
 16777216
100
AcDbPoint
 10
-1419.970681190047
 20
-3242.67359671865
 30
0.0
  0
POINT
  5
205
330
1FB
100
AcDbEntity
  8
Defpoints
 62
     0
440
 16777216
100
AcDbPoint
 10
-1468.627847904684
 20
-3242.67359671865
 30
0.0
  0
ENDBLK
  5
206
330
1FB
100
AcDbEntity
  8
0
100
AcDbBlockEnd
  0
BLOCK
  5
209
330
208
100
AcDbEntity
  8
0
100
AcDbBlockBegin
  2
*D20
 70
     1
 10
0.0
 20
0.0
 30
0.0
  3
*D20
  1

  0
LINE
  5
20A
330
208
100
AcDbEntity
  8
绘图层
 62
     4
440
 16777216
370
     9
100
AcDbLine
 10
-1419.970681190047
 20
-3301.673596718651
 30
0.0
 11
-1438.465207087991
 21
-3301.673596718651
 31
0.0
  0
LINE
  5
20B
330
208
100
AcDbEntity
  8
绘图层
 62
     4
440
 16777216
370
     9
100
AcDbLine
 10
-1426.970681190047
 20
-3333.673596718654
 30
0.0
 11
-1438.465207087991
 21
-3333.673596718654
 31
0.0
  0
LINE
  5
20C
330
208
100
AcDbEntity
  8
绘图层
 62
     4
440
 16777216
370
     9
100
AcDbLine
 10
-1435.965207087991
 20
-3311.673596718651
 30
0.0
 11
-1435.965207087991
 21
-3323.673596718654
 31
0.0
  0
INSERT
  5
20D
330
208
100
AcDbEntity
  8
绘图层
 62
     4
440
 16777216
370
     9
100
AcDbBlockReference
  2
_ClosedBlank
 10
-1435.965207087991
 20
-3301.673596718651
 30
0.0
 41
10.0
 42
10.0
 43
10.0
 50
90.0
  0
INSERT
  5
20E
330
208
100
AcDbEntity
  8
绘图层
 62
     4
440
 16777216
370
     9
100
AcDbBlockReference
  2
_ClosedBlank
 10
-1435.965207087991
 20
-3333.673596718654
 30
0.0
 41
10.0
 42
10.0
 43
10.0
 50
270.0
  0
MTEXT
  5
20F
330
208
100
AcDbEntity
  8
绘图层
 62
     7
440
 16777216
100
AcDbMText
 10
-1449.015197973409
 20
-3317.673596718651
 30
0.0
 40
20.0
 41
0.0
 46
0.0
 71
     5
 72
     1
  1
\A1;32
 11
0.0000000000000001
 21
1.0
 31
0.0
 73
     1
 44
1.0
  0
POINT
  5
210
330
208
100
AcDbEntity
  8
Defpoints
 62
     0
440
 16777216
100
AcDbPoint
 10
-1419.970681190047
 20
-3301.673596718651
 30
0.0
  0
POINT
  5
211
330
208
100
AcDbEntity
  8
Defpoints
 62
     0
440
 16777216
100
AcDbPoint
 10
-1426.970681190047
 20
-3333.673596718654
 30
0.0
  0
POINT
  5
212
330
208
100
AcDbEntity
  8
Defpoints
 62
     0
440
 16777216
100
AcDbPoint
 10
-1435.965207087991
 20
-3333.673596718654
 30
0.0
  0
ENDBLK
  5
213
330
208
100
AcDbEntity
  8
0
100
AcDbBlockEnd
  0
BLOCK
  5
238
330
237
100
AcDbEntity
  8
0
100
AcDbBlockBegin
  2
*D21
 70
     1
 10
0.0
 20
0.0
 30
0.0
  3
*D21
  1

  0
LINE
  5
239
330
237
100
AcDbEntity
  8
绘图层
 62
     4
440
 16777216
370
     9
100
AcDbLine
 10
-4282.15700195924
 20
-3307.05345076401
 30
0.0
 11
-4309.610637850762
 21
-3307.05345076401
 31
0.0
  0
LINE
  5
23A
330
237
100
AcDbEntity
  8
绘图层
 62
     4
440
 16777216
370
     9
100
AcDbLine
 10
-4275.157001959239
 20
-3205.053450764002
 30
0.0
 11
-4309.610637850762
 21
-3205.053450764002
 31
0.0
  0
LINE
  5
23B
330
237
100
AcDbEntity
  8
绘图层
 62
     4
440
 16777216
370
     9
100
AcDbLine
 10
-4307.110637850762
 20
-3297.053450764011
 30
0.0
 11
-4307.110637850762
 21
-3215.053450764003
 31
0.0
  0
INSERT
  5
23C
330
237
100
AcDbEntity
  8
绘图层
 62
     4
440
 16777216
370
     9
100
AcDbBlockReference
  2
_ClosedBlank
 10
-4307.110637850762
 20
-3307.05345076401
 30
0.0
 41
10.0
 42
10.0
 43
10.0
 50
270.0
  0
INSERT
  5
23D
330
237
100
AcDbEntity
  8
绘图层
 62
     4
440
 16777216
370
     9
100
AcDbBlockReference
  2
_ClosedBlank
 10
-4307.110637850762
 20
-3205.053450764002
 30
0.0
 41
10.0
 42
10.0
 43
10.0
 50
90.0
  0
MTEXT
  5
23E
330
237
100
AcDbEntity
  8
绘图层
 62
     7
440
 16777216
100
AcDbMText
 10
-4320.160628736178
 20
-3256.053450764003
 30
0.0
 40
20.0
 41
0.0
 46
0.0
 71
     5
 72
     1
  1
\A1;102
 11
0.0000000000000001
 21
1.0
 31
0.0
 73
     1
 44
1.0
  0
POINT
  5
23F
330
237
100
AcDbEntity
  8
Defpoints
 62
     0
440
 16777216
100
AcDbPoint
 10
-4282.15700195924
 20
-3307.05345076401
 30
0.0
  0
POINT
  5
240
330
237
100
AcDbEntity
  8
Defpoints
 62
     0
440
 16777216
100
AcDbPoint
 10
-4275.157001959239
 20
-3205.053450764002
 30
0.0
  0
POINT
  5
241
330
237
100
AcDbEntity
  8
Defpoints
 62
     0
440
 16777216
100
AcDbPoint
 10
-4307.110637850762
 20
-3205.053450764002
 30
0.0
  0
ENDBLK
  5
242
330
237
100
AcDbEntity
  8
0
100
AcDbBlockEnd
  0
BLOCK
  5
2EB
330
2EA
100
AcDbEntity
  8
0
100
AcDbBlockBegin
  2
*D22
 70
     1
 10
0.0
 20
0.0
 30
0.0
  3
*D22
  1

  0
LINE
  5
2EC
330
2EA
100
AcDbEntity
  8
标注层
 62
     4
440
 16777216
370
     9
100
AcDbLine
 10
-4760.729861834312
 20
-3561.942353982662
 30
0.0
 11
-4760.729861834312
 21
-3384.952161363923
 31
0.0
  0
LINE
  5
2ED
330
2EA
100
AcDbEntity
  8
标注层
 62
     4
440
 16777216
370
     9
100
AcDbLine
 10
-4471.729861834312
 20
-3561.942353982662
 30
0.0
 11
-4471.729861834312
 21
-3384.952161363923
 31
0.0
  0
LINE
  5
2EE
330
2EA
100
AcDbEntity
  8
标注层
 62
     4
440
 16777216
370
     9
100
AcDbLine
 10
-4750.729861834312
 20
-3387.452161363923
 30
0.0
 11
-4481.729861834312
 21
-3387.452161363923
 31
0.0
  0
INSERT
  5
2EF
330
2EA
100
AcDbEntity
  8
标注层
 62
     4
440
 16777216
370
     9
100
AcDbBlockReference
  2
_ClosedBlank
 10
-4760.729861834312
 20
-3387.452161363923
 30
0.0
 41
10.0
 42
10.0
 43
10.0
 50
180.0
  0
INSERT
  5
2F0
330
2EA
100
AcDbEntity
  8
标注层
 62
     4
440
 16777216
370
     9
100
AcDbBlockReference
  2
_ClosedBlank
 10
-4471.729861834312
 20
-3387.452161363923
 30
0.0
 41
10.0
 42
10.0
 43
10.0
  0
MTEXT
  5
2F1
330
2EA
100
AcDbEntity
  8
标注层
 62
     7
440
 16777216
100
AcDbMText
 10
-4616.229861834312
 20
-3374.402170478506
 30
0.0
 40
20.0
 41
0.0
 46
0.0
 71
     5
 72
     1
  1
\A1;289
 73
     1
 44
1.0
  0
POINT
  5
2F2
330
2EA
100
AcDbEntity
  8
Defpoints
 62
     0
440
 16777216
100
AcDbPoint
 10
-4760.729861834312
 20
-3561.942353982662
 30
0.0
  0
POINT
  5
2F3
330
2EA
100
AcDbEntity
  8
Defpoints
 62
     0
440
 16777216
100
AcDbPoint
 10
-4471.729861834312
 20
-3561.942353982662
 30
0.0
  0
POINT
  5
2F4
330
2EA
100
AcDbEntity
  8
Defpoints
 62
     0
440
 16777216
100
AcDbPoint
 10
-4471.729861834312
 20
-3387.452161363923
 30
0.0
  0
ENDBLK
  5
2F5
330
2EA
100
AcDbEntity
  8
0
100
AcDbBlockEnd
  0
BLOCK
  5
61A
330
619
100
AcDbEntity
  8
0
100
AcDbBlockBegin
  2
*D23
 70
     1
 10
0.0
 20
0.0
 30
0.0
  3
*D23
  1

  0
LINE
  5
61B
330
619
100
AcDbEntity
  8
标注层
 62
     4
440
 16777216
370
     9
100
AcDbLine
 10
-3492.729861834314
 20
-5981.942353982655
 30
0.0
 11
-3342.059510711369
 21
-5981.942353982655
 31
0.0
  0
LINE
  5
61C
330
619
100
AcDbEntity
  8
标注层
 62
     4
440
 16777216
370
     9
100
AcDbLine
 10
-3492.729861834314
 20
-4241.942353982669
 30
0.0
 11
-3342.059510711369
 21
-4241.942353982669
 31
0.0
  0
LINE
  5
61D
330
619
100
AcDbEntity
  8
标注层
 62
     4
440
 16777216
370
     9
100
AcDbLine
 10
-3344.559510711369
 20
-5971.942353982655
 30
0.0
 11
-3344.559510711369
 21
-4251.942353982669
 31
0.0
  0
INSERT
  5
61E
330
619
100
AcDbEntity
  8
标注层
 62
     4
440
 16777216
370
     9
100
AcDbBlockReference
  2
_ClosedBlank
 10
-3344.559510711369
 20
-5981.942353982655
 30
0.0
 41
10.0
 42
10.0
 43
10.0
 50
270.0
  0
INSERT
  5
61F
330
619
100
AcDbEntity
  8
标注层
 62
     4
440
 16777216
370
     9
100
AcDbBlockReference
  2
_ClosedBlank
 10
-3344.559510711369
 20
-4241.942353982669
 30
0.0
 41
10.0
 42
10.0
 43
10.0
 50
90.0
  0
MTEXT
  5
620
330
619
100
AcDbEntity
  8
标注层
 62
     7
440
 16777216
100
AcDbMText
 10
-3367.609501596786
 20
-5111.94235398266
 30
0.0
 40
40.0
 41
0.0
 46
0.0
 71
     5
 72
     1
  1
\A1;1740
 11
0.0000000000000001
 21
1.0
 31
0.0
 73
     1
 44
1.0
  0
POINT
  5
621
330
619
100
AcDbEntity
  8
Defpoints
 62
     0
440
 16777216
100
AcDbPoint
 10
-3492.729861834314
 20
-5981.942353982655
 30
0.0
  0
POINT
  5
622
330
619
100
AcDbEntity
  8
Defpoints
 62
     0
440
 16777216
100
AcDbPoint
 10
-3492.729861834314
 20
-4241.942353982669
 30
0.0
  0
POINT
  5
623
330
619
100
AcDbEntity
  8
Defpoints
 62
     0
440
 16777216
100
AcDbPoint
 10
-3344.559510711369
 20
-4241.942353982669
 30
0.0
  0
ENDBLK
  5
624
330
619
100
AcDbEntity
  8
0
100
AcDbBlockEnd
  0
BLOCK
  5
657
330
656
100
AcDbEntity
  8
0
100
AcDbBlockBegin
  2
*D24
 70
     1
 10
0.0
 20
0.0
 30
0.0
  3
*D24
  1

  0
LINE
  5
658
330
656
100
AcDbEntity
  8
标注层
 62
     4
440
 16777216
370
     9
100
AcDbLine
 10
-521.5570843802051
 20
-3606.692660159213
 30
0.0
 11
-521.5570843802051
 21
-3469.59729050102
 31
0.0
  0
LINE
  5
659
330
656
100
AcDbEntity
  8
标注层
 62
     4
440
 16777216
370
     9
100
AcDbLine
 10
-660.8570843802054
 20
-3606.692660159213
 30
0.0
 11
-660.8570843802054
 21
-3469.59729050102
 31
0.0
  0
LINE
  5
65A
330
656
100
AcDbEntity
  8
标注层
 62
     4
440
 16777216
370
     9
100
AcDbLine
 10
-531.5570843802052
 20
-3472.097290501022
 30
0.0
 11
-650.8570843802052
 21
-3472.097290501022
 31
0.0
  0
INSERT
  5
65B
330
656
100
AcDbEntity
  8
标注层
 62
     4
440
 16777216
370
     9
100
AcDbBlockReference
  2
_ClosedBlank
 10
-521.5570843802051
 20
-3472.097290501022
 30
0.0
 41
10.0
 42
10.0
 43
10.0
  0
INSERT
  5
65C
330
656
100
AcDbEntity
  8
标注层
 62
     4
440
 16777216
370
     9
100
AcDbBlockReference
  2
_ClosedBlank
 10
-660.8570843802054
 20
-3472.097290501022
 30
0.0
 41
10.0
 42
10.0
 43
10.0
 50
180.0
  0
MTEXT
  5
65D
330
656
100
AcDbEntity
  8
标注层
 62
     7
440
 16777216
100
AcDbMText
 10
-591.2070843802052
 20
-3459.047299615605
 30
0.0
 40
20.0
 41
0.0
 46
0.0
 71
     5
 72
     1
  1
\A1;139.3
  7
宋体
 73
     1
 44
1.0
  0
POINT
  5
65E
330
656
100
AcDbEntity
  8
Defpoints
 62
     0
440
 16777216
100
AcDbPoint
 10
-521.5570843802051
 20
-3606.692660159213
 30
0.0
  0
POINT
  5
65F
330
656
100
AcDbEntity
  8
Defpoints
 62
     0
440
 16777216
100
AcDbPoint
 10
-660.8570843802054
 20
-3606.692660159213
 30
0.0
  0
POINT
  5
660
330
656
100
AcDbEntity
  8
Defpoints
 62
     0
440
 16777216
100
AcDbPoint
 10
-660.8570843802054
 20
-3472.097290501022
 30
0.0
  0
ENDBLK
  5
661
330
656
100
AcDbEntity
  8
0
100
AcDbBlockEnd
  0
BLOCK
  5
673
330
672
100
AcDbEntity
  8
0
100
AcDbBlockBegin
  2
*D25
 70
     1
 10
0.0
 20
0.0
 30
0.0
  3
*D25
  1

  0
LINE
  5
674
330
672
100
AcDbEntity
  8
标注层
 62
     4
440
 16777216
370
     9
100
AcDbLine
 10
-660.8570843802054
 20
-3606.692660159213
 30
0.0
 11
-660.8570843802054
 21
-3469.59729050102
 31
0.0
  0
LINE
  5
675
330
672
100
AcDbEntity
  8
标注层
 62
     4
440
 16777216
370
     9
100
AcDbLine
 10
-703.4570843802047
 20
-3606.692660159213
 30
0.0
 11
-703.4570843802047
 21
-3469.59729050102
 31
0.0
  0
LINE
  5
676
330
672
100
AcDbEntity
  8
标注层
 62
     4
440
 16777216
370
     9
100
AcDbLine
 10
-670.8570843802053
 20
-3472.097290501022
 30
0.0
 11
-693.4570843802047
 21
-3472.097290501022
 31
0.0
  0
INSERT
  5
677
330
672
100
AcDbEntity
  8
标注层
 62
     4
440
 16777216
370
     9
100
AcDbBlockReference
  2
_ClosedBlank
 10
-660.8570843802054
 20
-3472.097290501022
 30
0.0
 41
10.0
 42
10.0
 43
10.0
  0
INSERT
  5
678
330
672
100
AcDbEntity
  8
标注层
 62
     4
440
 16777216
370
     9
100
AcDbBlockReference
  2
_ClosedBlank
 10
-703.4570843802047
 20
-3472.097290501022
 30
0.0
 41
10.0
 42
10.0
 43
10.0
 50
180.0
  0
MTEXT
  5
679
330
672
100
AcDbEntity
  8
标注层
 62
     7
440
 16777216
100
AcDbMText
 10
-682.1570843802049
 20
-3459.047299615605
 30
0.0
 40
20.0
 41
0.0
 46
0.0
 71
     5
 72
     1
  1
\A1;42.6
  7
宋体
 73
     1
 44
1.0
  0
POINT
  5
67A
330
672
100
AcDbEntity
  8
Defpoints
 62
     0
440
 16777216
100
AcDbPoint
 10
-660.8570843802054
 20
-3606.692660159213
 30
0.0
  0
POINT
  5
67B
330
672
100
AcDbEntity
  8
Defpoints
 62
     0
440
 16777216
100
AcDbPoint
 10
-703.4570843802047
 20
-3606.692660159213
 30
0.0
  0
POINT
  5
67C
330
672
100
AcDbEntity
  8
Defpoints
 62
     0
440
 16777216
100
AcDbPoint
 10
-703.4570843802047
 20
-3472.097290501022
 30
0.0
  0
ENDBLK
  5
67D
330
672
100
AcDbEntity
  8
0
100
AcDbBlockEnd
  0
BLOCK
  5
680
330
67F
100
AcDbEntity
  8
0
100
AcDbBlockBegin
  2
*D26
 70
     1
 10
0.0
 20
0.0
 30
0.0
  3
*D26
  1

  0
LINE
  5
681
330
67F
100
AcDbEntity
  8
标注层
 62
     4
440
 16777216
370
     9
100
AcDbLine
 10
-703.4570843802047
 20
-3606.692660159213
 30
0.0
 11
-703.4570843802047
 21
-3469.59729050102
 31
0.0
  0
LINE
  5
682
330
67F
100
AcDbEntity
  8
标注层
 62
     4
440
 16777216
370
     9
100
AcDbLine
 10
-712.0570843802043
 20
-3606.692660159213
 30
0.0
 11
-712.0570843802043
 21
-3469.59729050102
 31
0.0
  0
LINE
  5
683
330
67F
100
AcDbEntity
  8
标注层
 62
     4
440
 16777216
370
     9
100
AcDbLine
 10
-693.4570843802047
 20
-3472.097290501022
 30
0.0
 11
-683.4570843802047
 21
-3472.097290501022
 31
0.0
  0
LINE
  5
684
330
67F
100
AcDbEntity
  8
标注层
 62
     4
440
 16777216
370
     9
100
AcDbLine
 10
-722.0570843802042
 20
-3472.097290501022
 30
0.0
 11
-778.3805298381885
 21
-3472.097290501022
 31
0.0
  0
LINE
  5
685
330
67F
100
AcDbEntity
  8
标注层
 62
     4
440
 16777216
370
     9
100
AcDbLine
 10
-703.4570843802047
 20
-3472.097290501022
 30
0.0
 11
-712.0570843802043
 21
-3472.097290501022
 31
0.0
  0
INSERT
  5
686
330
67F
100
AcDbEntity
  8
标注层
 62
     4
440
 16777216
370
     9
100
AcDbBlockReference
  2
_ClosedBlank
 10
-703.4570843802047
 20
-3472.097290501022
 30
0.0
 41
10.0
 42
10.0
 43
10.0
 50
180.0
  0
INSERT
  5
687
330
67F
100
AcDbEntity
  8
标注层
 62
     4
440
 16777216
370
     9
100
AcDbBlockReference
  2
_ClosedBlank
 10
-712.0570843802043
 20
-3472.097290501022
 30
0.0
 41
10.0
 42
10.0
 43
10.0
  0
MTEXT
  5
688
330
67F
100
AcDbEntity
  8
标注层
 62
     7
440
 16777216
100
AcDbMText
 10
-755.2188071091962
 20
-3459.047299615605
 30
0.0
 40
20.0
 41
0.0
 46
0.0
 71
     5
 72
     1
  1
\A1;8.6
  7
宋体
 73
     1
 44
1.0
  0
POINT
  5
689
330
67F
100
AcDbEntity
  8
Defpoints
 62
     0
440
 16777216
100
AcDbPoint
 10
-703.4570843802047
 20
-3606.692660159213
 30
0.0
  0
POINT
  5
68A
330
67F
100
AcDbEntity
  8
Defpoints
 62
     0
440
 16777216
100
AcDbPoint
 10
-712.0570843802043
 20
-3606.692660159213
 30
0.0
  0
POINT
  5
68B
330
67F
100
AcDbEntity
  8
Defpoints
 62
     0
440
 16777216
100
AcDbPoint
 10
-712.0570843802043
 20
-3472.097290501022
 30
0.0
  0
ENDBLK
  5
68C
330
67F
100
AcDbEntity
  8
0
100
AcDbBlockEnd
  0
BLOCK
  5
68F
330
68E
100
AcDbEntity
  8
0
100
AcDbBlockBegin
  2
*D27
 70
     1
 10
0.0
 20
0.0
 30
0.0
  3
*D27
  1

  0
LINE
  5
690
330
68E
100
AcDbEntity
  8
标注层
 62
     4
440
 16777216
370
     9
100
AcDbLine
 10
-536.0570843802052
 20
-3606.692660159213
 30
0.0
 11
-536.0570843802052
 21
-3538.216317633218
 31
0.0
  0
LINE
  5
691
330
68E
100
AcDbEntity
  8
标注层
 62
     4
440
 16777216
370
     9
100
AcDbLine
 10
-521.5570843802051
 20
-3606.692660159213
 30
0.0
 11
-521.5570843802051
 21
-3538.216317633218
 31
0.0
  0
LINE
  5
692
330
68E
100
AcDbEntity
  8
标注层
 62
     4
440
 16777216
370
     9
100
AcDbLine
 10
-546.0570843802051
 20
-3540.716317633218
 30
0.0
 11
-556.0570843802052
 21
-3540.716317633218
 31
0.0
  0
LINE
  5
693
330
68E
100
AcDbEntity
  8
标注层
 62
     4
440
 16777216
370
     9
100
AcDbLine
 10
-511.5570843802051
 20
-3540.716317633218
 30
0.0
 11
-443.2783316596512
 21
-3540.716317633218
 31
0.0
  0
LINE
  5
694
330
68E
100
AcDbEntity
  8
标注层
 62
     4
440
 16777216
370
     9
100
AcDbLine
 10
-536.0570843802052
 20
-3540.716317633218
 30
0.0
 11
-521.5570843802051
 21
-3540.716317633218
 31
0.0
  0
INSERT
  5
695
330
68E
100
AcDbEntity
  8
标注层
 62
     4
440
 16777216
370
     9
100
AcDbBlockReference
  2
_ClosedBlank
 10
-536.0570843802052
 20
-3540.716317633218
 30
0.0
 41
10.0
 42
10.0
 43
10.0
  0
INSERT
  5
696
330
68E
100
AcDbEntity
  8
标注层
 62
     4
440
 16777216
370
     9
100
AcDbBlockReference
  2
_ClosedBlank
 10
-521.5570843802051
 20
-3540.716317633218
 30
0.0
 41
10.0
 42
10.0
 43
10.0
 50
180.0
  0
MTEXT
  5
697
330
68E
100
AcDbEntity
  8
标注层
 62
     7
440
 16777216
100
AcDbMText
 10
-472.4177080199281
 20
-3527.666326747802
 30
0.0
 40
20.0
 41
0.0
 46
0.0
 71
     5
 72
     1
  1
\A1;14.5
  7
宋体
 73
     1
 44
1.0
  0
POINT
  5
698
330
68E
100
AcDbEntity
  8
Defpoints
 62
     0
440
 16777216
100
AcDbPoint
 10
-536.0570843802052
 20
-3606.692660159213
 30
0.0
  0
POINT
  5
699
330
68E
100
AcDbEntity
  8
Defpoints
 62
     0
440
 16777216
100
AcDbPoint
 10
-521.5570843802051
 20
-3606.692660159213
 30
0.0
  0
POINT
  5
69A
330
68E
100
AcDbEntity
  8
Defpoints
 62
     0
440
 16777216
100
AcDbPoint
 10
-521.5570843802051
 20
-3540.716317633218
 30
0.0
  0
ENDBLK
  5
69B
330
68E
100
AcDbEntity
  8
0
100
AcDbBlockEnd
  0
BLOCK
  5
69E
330
69D
100
AcDbEntity
  8
0
100
AcDbBlockBegin
  2
*D28
 70
     1
 10
0.0
 20
0.0
 30
0.0
  3
*D28
  1

  0
LINE
  5
69F
330
69D
100
AcDbEntity
  8
标注层
 62
     4
440
 16777216
370
     9
100
AcDbLine
 10
-536.0570843802052
 20
-3606.692660159213
 30
0.0
 11
-536.0570843802052
 21
-3538.216317633218
 31
0.0
  0
LINE
  5
6A0
330
69D
100
AcDbEntity
  8
标注层
 62
     4
440
 16777216
370
     9
100
AcDbLine
 10
-590.0570843802052
 20
-3606.692660159213
 30
0.0
 11
-590.0570843802052
 21
-3538.216317633218
 31
0.0
  0
LINE
  5
6A1
330
69D
100
AcDbEntity
  8
标注层
 62
     4
440
 16777216
370
     9
100
AcDbLine
 10
-546.0570843802051
 20
-3540.716317633218
 30
0.0
 11
-580.0570843802051
 21
-3540.716317633218
 31
0.0
  0
INSERT
  5
6A2
330
69D
100
AcDbEntity
  8
标注层
 62
     4
440
 16777216
370
     9
100
AcDbBlockReference
  2
_ClosedBlank
 10
-536.0570843802052
 20
-3540.716317633218
 30
0.0
 41
10.0
 42
10.0
 43
10.0
  0
INSERT
  5
6A3
330
69D
100
AcDbEntity
  8
标注层
 62
     4
440
 16777216
370
     9
100
AcDbBlockReference
  2
_ClosedBlank
 10
-590.0570843802052
 20
-3540.716317633218
 30
0.0
 41
10.0
 42
10.0
 43
10.0
 50
180.0
  0
MTEXT
  5
6A4
330
69D
100
AcDbEntity
  8
标注层
 62
     7
440
 16777216
100
AcDbMText
 10
-563.0570843802051
 20
-3527.666326747802
 30
0.0
 40
20.0
 41
0.0
 46
0.0
 71
     5
 72
     1
  1
\A1;54
  7
宋体
 73
     1
 44
1.0
  0
POINT
  5
6A5
330
69D
100
AcDbEntity
  8
Defpoints
 62
     0
440
 16777216
100
AcDbPoint
 10
-536.0570843802052
 20
-3606.692660159213
 30
0.0
  0
POINT
  5
6A6
330
69D
100
AcDbEntity
  8
Defpoints
 62
     0
440
 16777216
100
AcDbPoint
 10
-590.0570843802052
 20
-3606.692660159213
 30
0.0
  0
POINT
  5
6A7
330
69D
100
AcDbEntity
  8
Defpoints
 62
     0
440
 16777216
100
AcDbPoint
 10
-590.0570843802052
 20
-3540.716317633218
 30
0.0
  0
ENDBLK
  5
6A8
330
69D
100
AcDbEntity
  8
0
100
AcDbBlockEnd
  0
BLOCK
  5
6AB
330
6AA
100
AcDbEntity
  8
0
100
AcDbBlockBegin
  2
*D29
 70
     1
 10
0.0
 20
0.0
 30
0.0
  3
*D29
  1

  0
LINE
  5
6AC
330
6AA
100
AcDbEntity
  8
标注层
 62
     4
440
 16777216
370
     9
100
AcDbLine
 10
-590.0570843802052
 20
-3606.692660159213
 30
0.0
 11
-590.0570843802052
 21
-3538.216317633218
 31
0.0
  0
LINE
  5
6AD
330
6AA
100
AcDbEntity
  8
标注层
 62
     4
440
 16777216
370
     9
100
AcDbLine
 10
-648.0570843802042
 20
-3606.692660159213
 30
0.0
 11
-648.0570843802042
 21
-3538.216317633218
 31
0.0
  0
LINE
  5
6AE
330
6AA
100
AcDbEntity
  8
标注层
 62
     4
440
 16777216
370
     9
100
AcDbLine
 10
-600.0570843802051
 20
-3540.716317633218
 30
0.0
 11
-638.0570843802042
 21
-3540.716317633218
 31
0.0
  0
INSERT
  5
6AF
330
6AA
100
AcDbEntity
  8
标注层
 62
     4
440
 16777216
370
     9
100
AcDbBlockReference
  2
_ClosedBlank
 10
-590.0570843802052
 20
-3540.716317633218
 30
0.0
 41
10.0
 42
10.0
 43
10.0
  0
INSERT
  5
6B0
330
6AA
100
AcDbEntity
  8
标注层
 62
     4
440
 16777216
370
     9
100
AcDbBlockReference
  2
_ClosedBlank
 10
-648.0570843802042
 20
-3540.716317633218
 30
0.0
 41
10.0
 42
10.0
 43
10.0
 50
180.0
  0
MTEXT
  5
6B1
330
6AA
100
AcDbEntity
  8
标注层
 62
     7
440
 16777216
100
AcDbMText
 10
-619.0570843802047
 20
-3527.666326747802
 30
0.0
 40
20.0
 41
0.0
 46
0.0
 71
     5
 72
     1
  1
\A1;58
  7
宋体
 73
     1
 44
1.0
  0
POINT
  5
6B2
330
6AA
100
AcDbEntity
  8
Defpoints
 62
     0
440
 16777216
100
AcDbPoint
 10
-590.0570843802052
 20
-3606.692660159213
 30
0.0
  0
POINT
  5
6B3
330
6AA
100
AcDbEntity
  8
Defpoints
 62
     0
440
 16777216
100
AcDbPoint
 10
-648.0570843802042
 20
-3606.692660159213
 30
0.0
  0
POINT
  5
6B4
330
6AA
100
AcDbEntity
  8
Defpoints
 62
     0
440
 16777216
100
AcDbPoint
 10
-648.0570843802042
 20
-3540.716317633218
 30
0.0
  0
ENDBLK
  5
6B5
330
6AA
100
AcDbEntity
  8
0
100
AcDbBlockEnd
  0
BLOCK
  5
6B8
330
6B7
100
AcDbEntity
  8
0
100
AcDbBlockBegin
  2
*D30
 70
     1
 10
0.0
 20
0.0
 30
0.0
  3
*D30
  1

  0
LINE
  5
6B9
330
6B7
100
AcDbEntity
  8
标注层
 62
     4
440
 16777216
370
     9
100
AcDbLine
 10
-648.0570843802042
 20
-3606.692660159213
 30
0.0
 11
-648.0570843802042
 21
-3538.216317633218
 31
0.0
  0
LINE
  5
6BA
330
6B7
100
AcDbEntity
  8
标注层
 62
     4
440
 16777216
370
     9
100
AcDbLine
 10
-721.8570843802052
 20
-3606.692660159213
 30
0.0
 11
-721.8570843802052
 21
-3538.216317633218
 31
0.0
  0
LINE
  5
6BB
330
6B7
100
AcDbEntity
  8
标注层
 62
     4
440
 16777216
370
     9
100
AcDbLine
 10
-658.0570843802043
 20
-3540.716317633218
 30
0.0
 11
-711.8570843802054
 21
-3540.716317633218
 31
0.0
  0
INSERT
  5
6BC
330
6B7
100
AcDbEntity
  8
标注层
 62
     4
440
 16777216
370
     9
100
AcDbBlockReference
  2
_ClosedBlank
 10
-648.0570843802042
 20
-3540.716317633218
 30
0.0
 41
10.0
 42
10.0
 43
10.0
  0
INSERT
  5
6BD
330
6B7
100
AcDbEntity
  8
标注层
 62
     4
440
 16777216
370
     9
100
AcDbBlockReference
  2
_ClosedBlank
 10
-721.8570843802052
 20
-3540.716317633218
 30
0.0
 41
10.0
 42
10.0
 43
10.0
 50
180.0
  0
MTEXT
  5
6BE
330
6B7
100
AcDbEntity
  8
标注层
 62
     7
440
 16777216
100
AcDbMText
 10
-684.9570843802047
 20
-3527.666326747802
 30
0.0
 40
20.0
 41
0.0
 46
0.0
 71
     5
 72
     1
  1
\A1;73.8
  7
宋体
 73
     1
 44
1.0
  0
POINT
  5
6BF
330
6B7
100
AcDbEntity
  8
Defpoints
 62
     0
440
 16777216
100
AcDbPoint
 10
-648.0570843802042
 20
-3606.692660159213
 30
0.0
  0
POINT
  5
6C0
330
6B7
100
AcDbEntity
  8
Defpoints
 62
     0
440
 16777216
100
AcDbPoint
 10
-721.8570843802052
 20
-3606.692660159213
 30
0.0
  0
POINT
  5
6C1
330
6B7
100
AcDbEntity
  8
Defpoints
 62
     0
440
 16777216
100
AcDbPoint
 10
-721.8570843802052
 20
-3540.716317633218
 30
0.0
  0
ENDBLK
  5
6C2
330
6B7
100
AcDbEntity
  8
0
100
AcDbBlockEnd
  0
BLOCK
  5
6C5
330
6C4
100
AcDbEntity
  8
0
100
AcDbBlockBegin
  2
*D31
 70
     1
 10
0.0
 20
0.0
 30
0.0
  3
*D31
  1

  0
LINE
  5
6C6
330
6C4
100
AcDbEntity
  8
标注层
 62
     4
440
 16777216
370
     9
100
AcDbLine
 10
-721.8570843802052
 20
-3606.692660159213
 30
0.0
 11
-721.8570843802052
 21
-3506.745866806479
 31
0.0
  0
LINE
  5
6C7
330
6C4
100
AcDbEntity
  8
标注层
 62
     4
440
 16777216
370
     9
100
AcDbLine
 10
-732.8570843802054
 20
-3606.692660159213
 30
0.0
 11
-732.8570843802054
 21
-3506.745866806479
 31
0.0
  0
LINE
  5
6C8
330
6C4
100
AcDbEntity
  8
标注层
 62
     4
440
 16777216
370
     9
100
AcDbLine
 10
-711.8570843802054
 20
-3509.245866806479
 30
0.0
 11
-701.8570843802052
 21
-3509.245866806479
 31
0.0
  0
LINE
  5
6C9
330
6C4
100
AcDbEntity
  8
标注层
 62
     4
440
 16777216
370
     9
100
AcDbLine
 10
-742.8570843802052
 20
-3509.245866806479
 30
0.0
 11
-752.8570843802054
 21
-3509.245866806479
 31
0.0
  0
LINE
  5
6CA
330
6C4
100
AcDbEntity
  8
标注层
 62
     4
440
 16777216
370
     9
100
AcDbLine
 10
-721.8570843802052
 20
-3509.245866806479
 30
0.0
 11
-732.8570843802054
 21
-3509.245866806479
 31
0.0
  0
INSERT
  5
6CB
330
6C4
100
AcDbEntity
  8
标注层
 62
     4
440
 16777216
370
     9
100
AcDbBlockReference
  2
_ClosedBlank
 10
-721.8570843802052
 20
-3509.245866806479
 30
0.0
 41
10.0
 42
10.0
 43
10.0
 50
180.0
  0
INSERT
  5
6CC
330
6C4
100
AcDbEntity
  8
标注层
 62
     4
440
 16777216
370
     9
100
AcDbBlockReference
  2
_ClosedBlank
 10
-732.8570843802054
 20
-3509.245866806479
 30
0.0
 41
10.0
 42
10.0
 43
10.0
  0
MTEXT
  5
6CD
330
6C4
100
AcDbEntity
  8
标注层
 62
     7
440
 16777216
100
AcDbMText
 10
-727.3570843802054
 20
-3496.195875921062
 30
0.0
 40
20.0
 41
0.0
 46
0.0
 71
     5
 72
     1
  1
\A1;11
  7
宋体
 73
     1
 44
1.0
  0
POINT
  5
6CE
330
6C4
100
AcDbEntity
  8
Defpoints
 62
     0
440
 16777216
100
AcDbPoint
 10
-721.8570843802052
 20
-3606.692660159213
 30
0.0
  0
POINT
  5
6CF
330
6C4
100
AcDbEntity
  8
Defpoints
 62
     0
440
 16777216
100
AcDbPoint
 10
-732.8570843802054
 20
-3606.692660159213
 30
0.0
  0
POINT
  5
6D0
330
6C4
100
AcDbEntity
  8
Defpoints
 62
     0
440
 16777216
100
AcDbPoint
 10
-732.8570843802054
 20
-3509.245866806479
 30
0.0
  0
ENDBLK
  5
6D1
330
6C4
100
AcDbEntity
  8
0
100
AcDbBlockEnd
  0
BLOCK
  5
6D4
330
6D3
100
AcDbEntity
  8
0
100
AcDbBlockBegin
  2
*D32
 70
     1
 10
0.0
 20
0.0
 30
0.0
  3
*D32
  1

  0
LINE
  5
6D5
330
6D3
100
AcDbEntity
  8
标注层
 62
     4
440
 16777216
370
     9
100
AcDbLine
 10
-732.8570843802054
 20
-3606.692660159213
 30
0.0
 11
-732.8570843802054
 21
-3538.216317633218
 31
0.0
  0
LINE
  5
6D6
330
6D3
100
AcDbEntity
  8
标注层
 62
     4
440
 16777216
370
     9
100
AcDbLine
 10
-768.8570843802054
 20
-3606.692660159213
 30
0.0
 11
-768.8570843802054
 21
-3538.216317633218
 31
0.0
  0
LINE
  5
6D7
330
6D3
100
AcDbEntity
  8
标注层
 62
     4
440
 16777216
370
     9
100
AcDbLine
 10
-742.8570843802052
 20
-3540.716317633218
 30
0.0
 11
-758.8570843802052
 21
-3540.716317633218
 31
0.0
  0
INSERT
  5
6D8
330
6D3
100
AcDbEntity
  8
标注层
 62
     4
440
 16777216
370
     9
100
AcDbBlockReference
  2
_ClosedBlank
 10
-732.8570843802054
 20
-3540.716317633218
 30
0.0
 41
10.0
 42
10.0
 43
10.0
  0
INSERT
  5
6D9
330
6D3
100
AcDbEntity
  8
标注层
 62
     4
440
 16777216
370
     9
100
AcDbBlockReference
  2
_ClosedBlank
 10
-768.8570843802054
 20
-3540.716317633218
 30
0.0
 41
10.0
 42
10.0
 43
10.0
 50
180.0
  0
MTEXT
  5
6DA
330
6D3
100
AcDbEntity
  8
标注层
 62
     7
440
 16777216
100
AcDbMText
 10
-750.8570843802052
 20
-3527.666326747802
 30
0.0
 40
20.0
 41
0.0
 46
0.0
 71
     5
 72
     1
  1
\A1;36
  7
宋体
 73
     1
 44
1.0
  0
POINT
  5
6DB
330
6D3
100
AcDbEntity
  8
Defpoints
 62
     0
440
 16777216
100
AcDbPoint
 10
-732.8570843802054
 20
-3606.692660159213
 30
0.0
  0
POINT
  5
6DC
330
6D3
100
AcDbEntity
  8
Defpoints
 62
     0
440
 16777216
100
AcDbPoint
 10
-768.8570843802054
 20
-3606.692660159213
 30
0.0
  0
POINT
  5
6DD
330
6D3
100
AcDbEntity
  8
Defpoints
 62
     0
440
 16777216
100
AcDbPoint
 10
-768.8570843802054
 20
-3540.716317633218
 30
0.0
  0
ENDBLK
  5
6DE
330
6D3
100
AcDbEntity
  8
0
100
AcDbBlockEnd
  0
BLOCK
  5
6E1
330
6E0
100
AcDbEntity
  8
0
100
AcDbBlockBegin
  2
*D33
 70
     1
 10
0.0
 20
0.0
 30
0.0
  3
*D33
  1

  0
LINE
  5
6E2
330
6E0
100
AcDbEntity
  8
标注层
 62
     4
440
 16777216
370
     9
100
AcDbLine
 10
-768.8570843802054
 20
-3606.692660159213
 30
0.0
 11
-768.8570843802054
 21
-3538.216317633218
 31
0.0
  0
LINE
  5
6E3
330
6E0
100
AcDbEntity
  8
标注层
 62
     4
440
 16777216
370
     9
100
AcDbLine
 10
-829.8570843802052
 20
-3606.692660159213
 30
0.0
 11
-829.8570843802052
 21
-3538.216317633218
 31
0.0
  0
LINE
  5
6E4
330
6E0
100
AcDbEntity
  8
标注层
 62
     4
440
 16777216
370
     9
100
AcDbLine
 10
-778.8570843802054
 20
-3540.716317633218
 30
0.0
 11
-819.8570843802054
 21
-3540.716317633218
 31
0.0
  0
INSERT
  5
6E5
330
6E0
100
AcDbEntity
  8
标注层
 62
     4
440
 16777216
370
     9
100
AcDbBlockReference
  2
_ClosedBlank
 10
-768.8570843802054
 20
-3540.716317633218
 30
0.0
 41
10.0
 42
10.0
 43
10.0
  0
INSERT
  5
6E6
330
6E0
100
AcDbEntity
  8
标注层
 62
     4
440
 16777216
370
     9
100
AcDbBlockReference
  2
_ClosedBlank
 10
-829.8570843802052
 20
-3540.716317633218
 30
0.0
 41
10.0
 42
10.0
 43
10.0
 50
180.0
  0
MTEXT
  5
6E7
330
6E0
100
AcDbEntity
  8
标注层
 62
     7
440
 16777216
100
AcDbMText
 10
-799.3570843802054
 20
-3527.666326747802
 30
0.0
 40
20.0
 41
0.0
 46
0.0
 71
     5
 72
     1
  1
\A1;61
  7
宋体
 73
     1
 44
1.0
  0
POINT
  5
6E8
330
6E0
100
AcDbEntity
  8
Defpoints
 62
     0
440
 16777216
100
AcDbPoint
 10
-768.8570843802054
 20
-3606.692660159213
 30
0.0
  0
POINT
  5
6E9
330
6E0
100
AcDbEntity
  8
Defpoints
 62
     0
440
 16777216
100
AcDbPoint
 10
-829.8570843802052
 20
-3606.692660159213
 30
0.0
  0
POINT
  5
6EA
330
6E0
100
AcDbEntity
  8
Defpoints
 62
     0
440
 16777216
100
AcDbPoint
 10
-829.8570843802052
 20
-3540.716317633218
 30
0.0
  0
ENDBLK
  5
6EB
330
6E0
100
AcDbEntity
  8
0
100
AcDbBlockEnd
  0
BLOCK
  5
504
330
503
100
AcDbEntity
  8
0
100
AcDbBlockBegin
  2
*D34
 70
     1
 10
0.0
 20
0.0
 30
0.0
  3
*D34
  1

  0
LINE
  5
505
330
503
100
AcDbEntity
  8
标注层
 62
     4
440
 16777216
370
     9
100
AcDbLine
 10
-4697.729861834313
 20
-5981.942353982655
 30
0.0
 11
-4848.400212957257
 21
-5981.942353982655
 31
0.0
  0
LINE
  5
506
330
503
100
AcDbEntity
  8
标注层
 62
     4
440
 16777216
370
     9
100
AcDbLine
 10
-4697.729861834313
 20
-4241.942353982669
 30
0.0
 11
-4848.400212957257
 21
-4241.942353982669
 31
0.0
  0
LINE
  5
507
330
503
100
AcDbEntity
  8
标注层
 62
     4
440
 16777216
370
     9
100
AcDbLine
 10
-4845.900212957257
 20
-5971.942353982655
 30
0.0
 11
-4845.900212957257
 21
-4251.942353982669
 31
0.0
  0
INSERT
  5
508
330
503
100
AcDbEntity
  8
标注层
 62
     4
440
 16777216
370
     9
100
AcDbBlockReference
  2
_ClosedBlank
 10
-4845.900212957257
 20
-5981.942353982655
 30
0.0
 41
10.0
 42
10.0
 43
10.0
 50
270.0
  0
INSERT
  5
509
330
503
100
AcDbEntity
  8
标注层
 62
     4
440
 16777216
370
     9
100
AcDbBlockReference
  2
_ClosedBlank
 10
-4845.900212957257
 20
-4241.942353982669
 30
0.0
 41
10.0
 42
10.0
 43
10.0
 50
90.0
  0
MTEXT
  5
50A
330
503
100
AcDbEntity
  8
标注层
 62
     7
440
 16777216
100
AcDbMText
 10
-4868.950203842674
 20
-5111.94235398266
 30
0.0
 40
40.0
 41
0.0
 46
0.0
 71
     5
 72
     1
  1
\A1;1740
 11
0.0000000000000001
 21
1.0
 31
0.0
 73
     1
 44
1.0
  0
POINT
  5
50B
330
503
100
AcDbEntity
  8
Defpoints
 62
     0
440
 16777216
100
AcDbPoint
 10
-4697.729861834313
 20
-5981.942353982655
 30
0.0
  0
POINT
  5
50C
330
503
100
AcDbEntity
  8
Defpoints
 62
     0
440
 16777216
100
AcDbPoint
 10
-4697.729861834313
 20
-4241.942353982669
 30
0.0
  0
POINT
  5
50D
330
503
100
AcDbEntity
  8
Defpoints
 62
     0
440
 16777216
100
AcDbPoint
 10
-4845.900212957257
 20
-4241.942353982669
 30
0.0
  0
ENDBLK
  5
50E
330
503
100
AcDbEntity
  8
0
100
AcDbBlockEnd
  0
BLOCK
  5
511
330
510
100
AcDbEntity
  8
0
100
AcDbBlockBegin
  2
*D35
 70
     1
 10
0.0
 20
0.0
 30
0.0
  3
*D35
  1

  0
LINE
  5
512
330
510
100
AcDbEntity
  8
标注层
 62
     4
440
 16777216
370
     9
100
AcDbLine
 10
-1861.161724984385
 20
-6026.692660159207
 30
0.0
 11
-2024.399728154566
 21
-6026.692660159207
 31
0.0
  0
LINE
  5
513
330
510
100
AcDbEntity
  8
标注层
 62
     4
440
 16777216
370
     9
100
AcDbLine
 10
-1861.161724984385
 20
-4286.692660159222
 30
0.0
 11
-2024.399728154566
 21
-4286.692660159222
 31
0.0
  0
LINE
  5
514
330
510
100
AcDbEntity
  8
标注层
 62
     4
440
 16777216
370
     9
100
AcDbLine
 10
-2021.899728154566
 20
-6016.692660159208
 30
0.0
 11
-2021.899728154567
 21
-4296.692660159222
 31
0.0
  0
INSERT
  5
515
330
510
100
AcDbEntity
  8
标注层
 62
     4
440
 16777216
370
     9
100
AcDbBlockReference
  2
_ClosedBlank
 10
-2021.899728154566
 20
-6026.692660159207
 30
0.0
 41
10.0
 42
10.0
 43
10.0
 50
270.0
  0
INSERT
  5
516
330
510
100
AcDbEntity
  8
标注层
 62
     4
440
 16777216
370
     9
100
AcDbBlockReference
  2
_ClosedBlank
 10
-2021.899728154567
 20
-4286.692660159222
 30
0.0
 41
10.0
 42
10.0
 43
10.0
 50
90.0
  0
MTEXT
  5
517
330
510
100
AcDbEntity
  8
标注层
 62
     7
440
 16777216
100
AcDbMText
 10
-2044.949719039984
 20
-5156.692660159214
 30
0.0
 40
40.0
 41
0.0
 46
0.0
 71
     5
 72
     1
  1
\A1;1740
 11
0.0000000000000001
 21
1.0
 31
0.0
 73
     1
 44
1.0
  0
POINT
  5
518
330
510
100
AcDbEntity
  8
Defpoints
 62
     0
440
 16777216
100
AcDbPoint
 10
-1861.161724984385
 20
-6026.692660159207
 30
0.0
  0
POINT
  5
519
330
510
100
AcDbEntity
  8
Defpoints
 62
     0
440
 16777216
100
AcDbPoint
 10
-1861.161724984385
 20
-4286.692660159222
 30
0.0
  0
POINT
  5
51A
330
510
100
AcDbEntity
  8
Defpoints
 62
     0
440
 16777216
100
AcDbPoint
 10
-2021.899728154567
 20
-4286.692660159222
 30
0.0
  0
ENDBLK
  5
51B
330
510
100
AcDbEntity
  8
0
100
AcDbBlockEnd
  0
BLOCK
  5
53B
330
53A
100
AcDbEntity
  8
0
100
AcDbBlockBegin
  2
*D36
 70
     1
 10
0.0
 20
0.0
 30
0.0
  3
*D36
  1

  0
LINE
  5
53C
330
53A
100
AcDbEntity
  8
标注层
 62
     4
440
 16777216
370
     9
100
AcDbLine
 10
-3429.729861834314
 20
-3561.942353982662
 30
0.0
 11
-3259.389159588426
 21
-3561.942353982662
 31
0.0
  0
LINE
  5
53D
330
53A
100
AcDbEntity
  8
标注层
 62
     4
440
 16777216
370
     9
100
AcDbLine
 10
-3429.729861834314
 20
-6261.942353982664
 30
0.0
 11
-3259.389159588425
 21
-6261.942353982664
 31
0.0
  0
LINE
  5
53E
330
53A
100
AcDbEntity
  8
标注层
 62
     4
440
 16777216
370
     9
100
AcDbLine
 10
-3261.889159588426
 20
-3571.942353982662
 30
0.0
 11
-3261.889159588425
 21
-6251.942353982664
 31
0.0
  0
INSERT
  5
53F
330
53A
100
AcDbEntity
  8
标注层
 62
     4
440
 16777216
370
     9
100
AcDbBlockReference
  2
_ClosedBlank
 10
-3261.889159588426
 20
-3561.942353982662
 30
0.0
 41
10.0
 42
10.0
 43
10.0
 50
90.0
  0
INSERT
  5
540
330
53A
100
AcDbEntity
  8
标注层
 62
     4
440
 16777216
370
     9
100
AcDbBlockReference
  2
_ClosedBlank
 10
-3261.889159588425
 20
-6261.942353982664
 30
0.0
 41
10.0
 42
10.0
 43
10.0
 50
270.0
  0
MTEXT
  5
541
330
53A
100
AcDbEntity
  8
标注层
 62
     7
440
 16777216
100
AcDbMText
 10
-3284.939150473843
 20
-4911.94235398266
 30
0.0
 40
40.0
 41
0.0
 46
0.0
 71
     5
 72
     1
  1
\A1;2700
  7
宋体
 11
0.0000000000000001
 21
1.0
 31
0.0
 73
     1
 44
1.0
  0
POINT
  5
542
330
53A
100
AcDbEntity
  8
Defpoints
 62
     0
440
 16777216
100
AcDbPoint
 10
-3429.729861834314
 20
-3561.942353982662
 30
0.0
  0
POINT
  5
543
330
53A
100
AcDbEntity
  8
Defpoints
 62
     0
440
 16777216
100
AcDbPoint
 10
-3429.729861834314
 20
-6261.942353982664
 30
0.0
  0
POINT
  5
544
330
53A
100
AcDbEntity
  8
Defpoints
 62
     0
440
 16777216
100
AcDbPoint
 10
-3261.889159588425
 20
-6261.942353982664
 30
0.0
  0
ENDBLK
  5
545
330
53A
100
AcDbEntity
  8
0
100
AcDbBlockEnd
  0
BLOCK
  5
55B
330
55A
100
AcDbEntity
  8
0
100
AcDbBlockBegin
  2
*D37
 70
     1
 10
0.0
 20
0.0
 30
0.0
  3
*D37
  1

  0
LINE
  5
55C
330
55A
100
AcDbEntity
  8
标注层
 62
     4
440
 16777216
370
     9
100
AcDbLine
 10
-3429.729861834312
 20
-3561.942353982662
 30
0.0
 11
-3429.729861834312
 21
-3384.952161363923
 31
0.0
  0
LINE
  5
55D
330
55A
100
AcDbEntity
  8
标注层
 62
     4
440
 16777216
370
     9
100
AcDbLine
 10
-3718.729861834312
 20
-3561.942353982662
 30
0.0
 11
-3718.729861834312
 21
-3384.952161363923
 31
0.0
  0
LINE
  5
55E
330
55A
100
AcDbEntity
  8
标注层
 62
     4
440
 16777216
370
     9
100
AcDbLine
 10
-3439.729861834312
 20
-3387.452161363923
 30
0.0
 11
-3708.729861834312
 21
-3387.452161363923
 31
0.0
  0
INSERT
  5
55F
330
55A
100
AcDbEntity
  8
标注层
 62
     4
440
 16777216
370
     9
100
AcDbBlockReference
  2
_ClosedBlank
 10
-3429.729861834312
 20
-3387.452161363923
 30
0.0
 41
10.0
 42
10.0
 43
10.0
  0
INSERT
  5
560
330
55A
100
AcDbEntity
  8
标注层
 62
     4
440
 16777216
370
     9
100
AcDbBlockReference
  2
_ClosedBlank
 10
-3718.729861834312
 20
-3387.452161363923
 30
0.0
 41
10.0
 42
10.0
 43
10.0
 50
180.0
  0
MTEXT
  5
561
330
55A
100
AcDbEntity
  8
标注层
 62
     7
440
 16777216
100
AcDbMText
 10
-3574.229861834312
 20
-3374.402170478506
 30
0.0
 40
20.0
 41
0.0
 46
0.0
 71
     5
 72
     1
  1
\A1;289
 73
     1
 44
1.0
  0
POINT
  5
562
330
55A
100
AcDbEntity
  8
Defpoints
 62
     0
440
 16777216
100
AcDbPoint
 10
-3429.729861834312
 20
-3561.942353982662
 30
0.0
  0
POINT
  5
563
330
55A
100
AcDbEntity
  8
Defpoints
 62
     0
440
 16777216
100
AcDbPoint
 10
-3718.729861834312
 20
-3561.942353982662
 30
0.0
  0
POINT
  5
564
330
55A
100
AcDbEntity
  8
Defpoints
 62
     0
440
 16777216
100
AcDbPoint
 10
-3718.729861834312
 20
-3387.452161363923
 30
0.0
  0
ENDBLK
  5
565
330
55A
100
AcDbEntity
  8
0
100
AcDbBlockEnd
  0
BLOCK
  5
7B3
330
7B2
100
AcDbEntity
  8
0
100
AcDbBlockBegin
  2
*D38
 70
     1
 10
0.0
 20
0.0
 30
0.0
  3
*D38
  1

  0
LINE
  5
7B4
330
7B2
100
AcDbEntity
  8
标注层
 62
     4
440
 16777216
370
     9
100
AcDbLine
 10
-597.0570843801981
 20
-6026.692660159207
 30
0.0
 11
-433.8190812100122
 21
-6026.692660159207
 31
0.0
  0
LINE
  5
7B5
330
7B2
100
AcDbEntity
  8
标注层
 62
     4
440
 16777216
370
     9
100
AcDbLine
 10
-597.0570843801981
 20
-4286.692660159222
 30
0.0
 11
-433.8190812100125
 21
-4286.692660159222
 31
0.0
  0
LINE
  5
7B6
330
7B2
100
AcDbEntity
  8
标注层
 62
     4
440
 16777216
370
     9
100
AcDbLine
 10
-436.3190812100121
 20
-6016.692660159208
 30
0.0
 11
-436.3190812100127
 21
-4296.692660159222
 31
0.0
  0
INSERT
  5
7B7
330
7B2
100
AcDbEntity
  8
标注层
 62
     4
440
 16777216
370
     9
100
AcDbBlockReference
  2
_ClosedBlank
 10
-436.3190812100121
 20
-6026.692660159207
 30
0.0
 41
10.0
 42
10.0
 43
10.0
 50
270.0
  0
INSERT
  5
7B8
330
7B2
100
AcDbEntity
  8
标注层
 62
     4
440
 16777216
370
     9
100
AcDbBlockReference
  2
_ClosedBlank
 10
-436.3190812100127
 20
-4286.692660159222
 30
0.0
 41
10.0
 42
10.0
 43
10.0
 50
90.0
  0
MTEXT
  5
7B9
330
7B2
100
AcDbEntity
  8
标注层
 62
     7
440
 16777216
100
AcDbMText
 10
-459.3690720954305
 20
-5156.692660159214
 30
0.0
 40
40.0
 41
0.0
 46
0.0
 71
     5
 72
     1
  1
\A1;1740
 11
0.0000000000000001
 21
1.0
 31
0.0
 73
     1
 44
1.0
  0
POINT
  5
7BA
330
7B2
100
AcDbEntity
  8
Defpoints
 62
     0
440
 16777216
100
AcDbPoint
 10
-597.0570843801981
 20
-6026.692660159207
 30
0.0
  0
POINT
  5
7BB
330
7B2
100
AcDbEntity
  8
Defpoints
 62
     0
440
 16777216
100
AcDbPoint
 10
-597.0570843801981
 20
-4286.692660159222
 30
0.0
  0
POINT
  5
7BC
330
7B2
100
AcDbEntity
  8
Defpoints
 62
     0
440
 16777216
100
AcDbPoint
 10
-436.3190812100127
 20
-4286.692660159222
 30
0.0
  0
ENDBLK
  5
7BD
330
7B2
100
AcDbEntity
  8
0
100
AcDbBlockEnd
  0
BLOCK
  5
E8
330
E7
100
AcDbEntity
  8
0
100
AcDbBlockBegin
  2
*D39
 70
     1
 10
0.0
 20
0.0
 30
0.0
  3
*D39
  1

  0
LINE
  5
E9
330
E7
100
AcDbEntity
  8
标注层
 62
     4
440
 16777216
370
     9
100
AcDbLine
 10
-1936.661724984378
 20
-3606.692660159215
 30
0.0
 11
-2107.137731324761
 21
-3606.692660159215
 31
0.0
  0
LINE
  5
EA
330
E7
100
AcDbEntity
  8
标注层
 62
     4
440
 16777216
370
     9
100
AcDbLine
 10
-1936.661724984378
 20
-6306.692660159217
 30
0.0
 11
-2107.137731324759
 21
-6306.692660159217
 31
0.0
  0
LINE
  5
EB
330
E7
100
AcDbEntity
  8
标注层
 62
     4
440
 16777216
370
     9
100
AcDbLine
 10
-2104.637731324761
 20
-3616.692660159215
 30
0.0
 11
-2104.637731324759
 21
-6296.692660159218
 31
0.0
  0
INSERT
  5
EC
330
E7
100
AcDbEntity
  8
标注层
 62
     4
440
 16777216
370
     9
100
AcDbBlockReference
  2
_ClosedBlank
 10
-2104.637731324761
 20
-3606.692660159215
 30
0.0
 41
10.0
 42
10.0
 43
10.0
 50
90.0
  0
INSERT
  5
ED
330
E7
100
AcDbEntity
  8
标注层
 62
     4
440
 16777216
370
     9
100
AcDbBlockReference
  2
_ClosedBlank
 10
-2104.637731324759
 20
-6306.692660159217
 30
0.0
 41
10.0
 42
10.0
 43
10.0
 50
270.0
  0
MTEXT
  5
EE
330
E7
100
AcDbEntity
  8
标注层
 62
     7
440
 16777216
100
AcDbMText
 10
-2127.687722210177
 20
-4956.692660159214
 30
0.0
 40
40.0
 41
0.0
 46
0.0
 71
     5
 72
     1
  1
\A1;2700
  7
宋体
 11
0.0000000000000001
 21
1.0
 31
0.0
 73
     1
 44
1.0
  0
POINT
  5
EF
330
E7
100
AcDbEntity
  8
Defpoints
 62
     0
440
 16777216
100
AcDbPoint
 10
-1936.661724984378
 20
-3606.692660159215
 30
0.0
  0
POINT
  5
F0
330
E7
100
AcDbEntity
  8
Defpoints
 62
     0
440
 16777216
100
AcDbPoint
 10
-1936.661724984378
 20
-6306.692660159217
 30
0.0
  0
POINT
  5
F1
330
E7
100
AcDbEntity
  8
Defpoints
 62
     0
440
 16777216
100
AcDbPoint
 10
-2104.637731324759
 20
-6306.692660159217
 30
0.0
  0
ENDBLK
  5
F2
330
E7
100
AcDbEntity
  8
0
100
AcDbBlockEnd
  0
BLOCK
  5
104
330
103
100
AcDbEntity
  8
0
100
AcDbBlockBegin
  2
*D40
 70
     1
 10
0.0
 20
0.0
 30
0.0
  3
*D40
  1

  0
LINE
  5
105
330
103
100
AcDbEntity
  8
标注层
 62
     4
440
 16777216
370
     9
100
AcDbLine
 10
-1611.861724984376
 20
-3606.692660159213
 30
0.0
 11
-1611.861724984376
 21
-3424.949756073039
 31
0.0
  0
LINE
  5
106
330
103
100
AcDbEntity
  8
标注层
 62
     4
440
 16777216
370
     9
100
AcDbLine
 10
-1936.661724984377
 20
-3606.692660159213
 30
0.0
 11
-1936.661724984377
 21
-3424.949756073039
 31
0.0
  0
LINE
  5
107
330
103
100
AcDbEntity
  8
标注层
 62
     4
440
 16777216
370
     9
100
AcDbLine
 10
-1621.861724984376
 20
-3427.449756073038
 30
0.0
 11
-1926.661724984376
 21
-3427.449756073038
 31
0.0
  0
INSERT
  5
108
330
103
100
AcDbEntity
  8
标注层
 62
     4
440
 16777216
370
     9
100
AcDbBlockReference
  2
_ClosedBlank
 10
-1611.861724984376
 20
-3427.449756073038
 30
0.0
 41
10.0
 42
10.0
 43
10.0
  0
INSERT
  5
109
330
103
100
AcDbEntity
  8
标注层
 62
     4
440
 16777216
370
     9
100
AcDbBlockReference
  2
_ClosedBlank
 10
-1936.661724984377
 20
-3427.449756073038
 30
0.0
 41
10.0
 42
10.0
 43
10.0
 50
180.0
  0
MTEXT
  5
10A
330
103
100
AcDbEntity
  8
标注层
 62
     7
440
 16777216
100
AcDbMText
 10
-1774.261724984375
 20
-3414.399765187621
 30
0.0
 40
20.0
 41
0.0
 46
0.0
 71
     5
 72
     1
  1
\A1;324.8
  7
宋体
 73
     1
 44
1.0
  0
POINT
  5
10B
330
103
100
AcDbEntity
  8
Defpoints
 62
     0
440
 16777216
100
AcDbPoint
 10
-1611.861724984376
 20
-3606.692660159213
 30
0.0
  0
POINT
  5
10C
330
103
100
AcDbEntity
  8
Defpoints
 62
     0
440
 16777216
100
AcDbPoint
 10
-1936.661724984377
 20
-3606.692660159213
 30
0.0
  0
POINT
  5
10D
330
103
100
AcDbEntity
  8
Defpoints
 62
     0
440
 16777216
100
AcDbPoint
 10
-1936.661724984377
 20
-3427.449756073038
 30
0.0
  0
ENDBLK
  5
10E
330
103
100
AcDbEntity
  8
0
100
AcDbBlockEnd
  0
BLOCK
  5
1B1
330
1B0
100
AcDbEntity
  8
0
100
AcDbBlockBegin
  2
*D41
 70
     1
 10
0.0
 20
0.0
 30
0.0
  3
*D41
  1

  0
LINE
  5
1B2
330
1B0
100
AcDbEntity
  8
标注层
 62
     4
440
 16777216
370
     9
100
AcDbLine
 10
-1611.861724984377
 20
-3606.692660159215
 30
0.0
 11
-1546.314398435273
 21
-3606.692660159215
 31
0.0
  0
LINE
  5
1B3
330
1B0
100
AcDbEntity
  8
标注层
 62
     4
440
 16777216
370
     9
100
AcDbLine
 10
-1696.861724984377
 20
-3653.692660159215
 30
0.0
 11
-1546.314398435273
 21
-3653.692660159215
 31
0.0
  0
LINE
  5
1B4
330
1B0
100
AcDbEntity
  8
标注层
 62
     4
440
 16777216
370
     9
100
AcDbLine
 10
-1548.814398435273
 20
-3616.692660159215
 30
0.0
 11
-1548.814398435273
 21
-3643.692660159215
 31
0.0
  0
INSERT
  5
1B5
330
1B0
100
AcDbEntity
  8
标注层
 62
     4
440
 16777216
370
     9
100
AcDbBlockReference
  2
_ClosedBlank
 10
-1548.814398435273
 20
-3606.692660159215
 30
0.0
 41
10.0
 42
10.0
 43
10.0
 50
90.0
  0
INSERT
  5
1B6
330
1B0
100
AcDbEntity
  8
标注层
 62
     4
440
 16777216
370
     9
100
AcDbBlockReference
  2
_ClosedBlank
 10
-1548.814398435273
 20
-3653.692660159215
 30
0.0
 41
10.0
 42
10.0
 43
10.0
 50
270.0
  0
MTEXT
  5
1B7
330
1B0
100
AcDbEntity
  8
标注层
 62
     7
440
 16777216
100
AcDbMText
 10
-1566.86438932069
 20
-3630.192660159214
 30
0.0
 40
30.0
 41
0.0
 46
0.0
 71
     5
 72
     1
  1
\A1;47
 11
0.0000000000000001
 21
1.0
 31
0.0
 73
     1
 44
1.0
  0
POINT
  5
1B8
330
1B0
100
AcDbEntity
  8
Defpoints
 62
     0
440
 16777216
100
AcDbPoint
 10
-1611.861724984377
 20
-3606.692660159215
 30
0.0
  0
POINT
  5
1B9
330
1B0
100
AcDbEntity
  8
Defpoints
 62
     0
440
 16777216
100
AcDbPoint
 10
-1696.861724984377
 20
-3653.692660159215
 30
0.0
  0
POINT
  5
1BA
330
1B0
100
AcDbEntity
  8
Defpoints
 62
     0
440
 16777216
100
AcDbPoint
 10
-1548.814398435273
 20
-3653.692660159215
 30
0.0
  0
ENDBLK
  5
1BB
330
1B0
100
AcDbEntity
  8
0
100
AcDbBlockEnd
  0
BLOCK
  5
1CB
330
1CA
100
AcDbEntity
  8
0
100
AcDbBlockBegin
  2
*D42
 70
     1
 10
0.0
 20
0.0
 30
0.0
  3
*D42
  1

  0
LINE
  5
1CC
330
1CA
100
AcDbEntity
  8
标注层
 62
     4
440
 16777216
370
     9
100
AcDbLine
 10
-1611.861724984377
 20
-6306.692660159217
 30
0.0
 11
-1546.314398435273
 21
-6306.692660159217
 31
0.0
  0
LINE
  5
1CD
330
1CA
100
AcDbEntity
  8
标注层
 62
     4
440
 16777216
370
     9
100
AcDbLine
 10
-1696.861724984377
 20
-6259.692660159218
 30
0.0
 11
-1546.314398435273
 21
-6259.692660159218
 31
0.0
  0
LINE
  5
1CE
330
1CA
100
AcDbEntity
  8
标注层
 62
     4
440
 16777216
370
     9
100
AcDbLine
 10
-1548.814398435273
 20
-6296.692660159218
 30
0.0
 11
-1548.814398435273
 21
-6269.692660159218
 31
0.0
  0
INSERT
  5
1CF
330
1CA
100
AcDbEntity
  8
标注层
 62
     4
440
 16777216
370
     9
100
AcDbBlockReference
  2
_ClosedBlank
 10
-1548.814398435273
 20
-6306.692660159217
 30
0.0
 41
10.0
 42
10.0
 43
10.0
 50
270.0
  0
INSERT
  5
1D0
330
1CA
100
AcDbEntity
  8
标注层
 62
     4
440
 16777216
370
     9
100
AcDbBlockReference
  2
_ClosedBlank
 10
-1548.814398435273
 20
-6259.692660159218
 30
0.0
 41
10.0
 42
10.0
 43
10.0
 50
90.0
  0
MTEXT
  5
1D1
330
1CA
100
AcDbEntity
  8
标注层
 62
     7
440
 16777216
100
AcDbMText
 10
-1566.864389320691
 20
-6283.192660159215
 30
0.0
 40
30.0
 41
0.0
 46
0.0
 71
     5
 72
     1
  1
\A1;47
 11
0.0000000000000001
 21
1.0
 31
0.0
 73
     1
 44
1.0
  0
POINT
  5
1D2
330
1CA
100
AcDbEntity
  8
Defpoints
 62
     0
440
 16777216
100
AcDbPoint
 10
-1611.861724984377
 20
-6306.692660159217
 30
0.0
  0
POINT
  5
1D3
330
1CA
100
AcDbEntity
  8
Defpoints
 62
     0
440
 16777216
100
AcDbPoint
 10
-1696.861724984377
 20
-6259.692660159218
 30
0.0
  0
POINT
  5
1D4
330
1CA
100
AcDbEntity
  8
Defpoints
 62
     0
440
 16777216
100
AcDbPoint
 10
-1548.814398435273
 20
-6259.692660159218
 30
0.0
  0
ENDBLK
  5
1D5
330
1CA
100
AcDbEntity
  8
0
100
AcDbBlockEnd
  0
BLOCK
  5
1E0
330
1DF
100
AcDbEntity
  8
0
100
AcDbBlockBegin
  2
*D43
 70
     1
 10
0.0
 20
0.0
 30
0.0
  3
*D43
  1

  0
LINE
  5
1E1
330
1DF
100
AcDbEntity
  8
绘图层
 62
     4
440
 16777216
370
     9
100
AcDbLine
 10
-1419.970681190047
 20
-3242.67359671865
 30
0.0
 11
-1438.465207087993
 21
-3242.67359671865
 31
0.0
  0
LINE
  5
1E2
330
1DF
100
AcDbEntity
  8
绘图层
 62
     4
440
 16777216
370
     9
100
AcDbLine
 10
-1419.970681190047
 20
-3301.673596718651
 30
0.0
 11
-1438.465207087993
 21
-3301.673596718651
 31
0.0
  0
LINE
  5
1E3
330
1DF
100
AcDbEntity
  8
绘图层
 62
     4
440
 16777216
370
     9
100
AcDbLine
 10
-1435.965207087993
 20
-3252.673596718651
 30
0.0
 11
-1435.965207087993
 21
-3291.673596718651
 31
0.0
  0
INSERT
  5
1E4
330
1DF
100
AcDbEntity
  8
绘图层
 62
     4
440
 16777216
370
     9
100
AcDbBlockReference
  2
_ClosedBlank
 10
-1435.965207087993
 20
-3242.67359671865
 30
0.0
 41
10.0
 42
10.0
 43
10.0
 50
90.0
  0
INSERT
  5
1E5
330
1DF
100
AcDbEntity
  8
绘图层
 62
     4
440
 16777216
370
     9
100
AcDbBlockReference
  2
_ClosedBlank
 10
-1435.965207087993
 20
-3301.673596718651
 30
0.0
 41
10.0
 42
10.0
 43
10.0
 50
270.0
  0
MTEXT
  5
1E6
330
1DF
100
AcDbEntity
  8
绘图层
 62
     7
440
 16777216
100
AcDbMText
 10
-1449.015197973411
 20
-3272.173596718649
 30
0.0
 40
20.0
 41
0.0
 46
0.0
 71
     5
 72
     1
  1
\A1;59
 11
0.0000000000000001
 21
1.0
 31
0.0
 73
     1
 44
1.0
  0
POINT
  5
1E7
330
1DF
100
AcDbEntity
  8
Defpoints
 62
     0
440
 16777216
100
AcDbPoint
 10
-1419.970681190047
 20
-3242.67359671865
 30
0.0
  0
POINT
  5
1E8
330
1DF
100
AcDbEntity
  8
Defpoints
 62
     0
440
 16777216
100
AcDbPoint
 10
-1419.970681190047
 20
-3301.673596718651
 30
0.0
  0
POINT
  5
1E9
330
1DF
100
AcDbEntity
  8
Defpoints
 62
     0
440
 16777216
100
AcDbPoint
 10
-1435.965207087993
 20
-3301.673596718651
 30
0.0
  0
ENDBLK
  5
1EA
330
1DF
100
AcDbEntity
  8
0
100
AcDbBlockEnd
  0
BLOCK
  5
1EF
330
1EE
100
AcDbEntity
  8
0
100
AcDbBlockBegin
  2
*D44
 70
     1
 10
0.0
 20
0.0
 30
0.0
  3
*D44
  1

  0
LINE
  5
1F0
330
1EE
100
AcDbEntity
  8
绘图层
 62
     4
440
 16777216
370
     9
100
AcDbLine
 10
-1426.970681190047
 20
-3333.673596718654
 30
0.0
 11
-1471.127847904685
 21
-3333.673596718654
 31
0.0
  0
LINE
  5
1F1
330
1EE
100
AcDbEntity
  8
绘图层
 62
     4
440
 16777216
370
     9
100
AcDbLine
 10
-1426.970681190047
 20
-3370.673596718654
 30
0.0
 11
-1471.127847904685
 21
-3370.673596718654
 31
0.0
  0
LINE
  5
1F2
330
1EE
100
AcDbEntity
  8
绘图层
 62
     4
440
 16777216
370
     9
100
AcDbLine
 10
-1468.627847904685
 20
-3343.673596718654
 30
0.0
 11
-1468.627847904685
 21
-3360.673596718655
 31
0.0
  0
INSERT
  5
1F3
330
1EE
100
AcDbEntity
  8
绘图层
 62
     4
440
 16777216
370
     9
100
AcDbBlockReference
  2
_ClosedBlank
 10
-1468.627847904685
 20
-3333.673596718654
 30
0.0
 41
10.0
 42
10.0
 43
10.0
 50
90.0
  0
INSERT
  5
1F4
330
1EE
100
AcDbEntity
  8
绘图层
 62
     4
440
 16777216
370
     9
100
AcDbBlockReference
  2
_ClosedBlank
 10
-1468.627847904685
 20
-3370.673596718654
 30
0.0
 41
10.0
 42
10.0
 43
10.0
 50
270.0
  0
MTEXT
  5
1F5
330
1EE
100
AcDbEntity
  8
绘图层
 62
     7
440
 16777216
100
AcDbMText
 10
-1481.677838790103
 20
-3352.173596718653
 30
0.0
 40
20.0
 41
0.0
 46
0.0
 71
     5
 72
     1
  1
\A1;37
 11
0.0000000000000001
 21
1.0
 31
0.0
 73
     1
 44
1.0
  0
POINT
  5
1F6
330
1EE
100
AcDbEntity
  8
Defpoints
 62
     0
440
 16777216
100
AcDbPoint
 10
-1426.970681190047
 20
-3333.673596718654
 30
0.0
  0
POINT
  5
1F7
330
1EE
100
AcDbEntity
  8
Defpoints
 62
     0
440
 16777216
100
AcDbPoint
 10
-1426.970681190047
 20
-3370.673596718654
 30
0.0
  0
POINT
  5
1F8
330
1EE
100
AcDbEntity
  8
Defpoints
 62
     0
440
 16777216
100
AcDbPoint
 10
-1468.627847904685
 20
-3370.673596718654
 30
0.0
  0
ENDBLK
  5
1F9
330
1EE
100
AcDbEntity
  8
0
100
AcDbBlockEnd
  0
BLOCK
  5
21A
330
219
100
AcDbEntity
  8
0
100
AcDbBlockBegin
  2
*D45
 70
     1
 10
0.0
 20
0.0
 30
0.0
  3
*D45
  1

  0
LINE
  5
21B
330
219
100
AcDbEntity
  8
绘图层
 62
     4
440
 16777216
370
     9
100
AcDbLine
 10
-4275.157001959239
 20
-3205.053450764002
 30
0.0
 11
-4354.850660757636
 21
-3205.053450764002
 31
0.0
  0
LINE
  5
21C
330
219
100
AcDbEntity
  8
绘图层
 62
     4
440
 16777216
370
     9
100
AcDbLine
 10
-4282.15700195924
 20
-3330.053450764013
 30
0.0
 11
-4354.850660757636
 21
-3330.053450764013
 31
0.0
  0
LINE
  5
21D
330
219
100
AcDbEntity
  8
绘图层
 62
     4
440
 16777216
370
     9
100
AcDbLine
 10
-4352.350660757636
 20
-3215.053450764003
 30
0.0
 11
-4352.350660757636
 21
-3320.053450764014
 31
0.0
  0
INSERT
  5
21E
330
219
100
AcDbEntity
  8
绘图层
 62
     4
440
 16777216
370
     9
100
AcDbBlockReference
  2
_ClosedBlank
 10
-4352.350660757636
 20
-3205.053450764002
 30
0.0
 41
10.0
 42
10.0
 43
10.0
 50
90.0
  0
INSERT
  5
21F
330
219
100
AcDbEntity
  8
绘图层
 62
     4
440
 16777216
370
     9
100
AcDbBlockReference
  2
_ClosedBlank
 10
-4352.350660757636
 20
-3330.053450764013
 30
0.0
 41
10.0
 42
10.0
 43
10.0
 50
270.0
  0
MTEXT
  5
220
330
219
100
AcDbEntity
  8
绘图层
 62
     7
440
 16777216
100
AcDbMText
 10
-4365.400651643052
 20
-3267.553450764005
 30
0.0
 40
20.0
 41
0.0
 46
0.0
 71
     5
 72
     1
  1
\A1;125
 11
0.0000000000000001
 21
1.0
 31
0.0
 73
     1
 44
1.0
  0
POINT
  5
221
330
219
100
AcDbEntity
  8
Defpoints
 62
     0
440
 16777216
100
AcDbPoint
 10
-4275.157001959239
 20
-3205.053450764002
 30
0.0
  0
POINT
  5
222
330
219
100
AcDbEntity
  8
Defpoints
 62
     0
440
 16777216
100
AcDbPoint
 10
-4282.15700195924
 20
-3330.053450764013
 30
0.0
  0
POINT
  5
223
330
219
100
AcDbEntity
  8
Defpoints
 62
     0
440
 16777216
100
AcDbPoint
 10
-4352.350660757636
 20
-3330.053450764013
 30
0.0
  0
ENDBLK
  5
224
330
219
100
AcDbEntity
  8
0
100
AcDbBlockEnd
  0
BLOCK
  5
229
330
228
100
AcDbEntity
  8
0
100
AcDbBlockBegin
  2
*D46
 70
     1
 10
0.0
 20
0.0
 30
0.0
  3
*D46
  1

  0
LINE
  5
22A
330
228
100
AcDbEntity
  8
绘图层
 62
     4
440
 16777216
370
     9
100
AcDbLine
 10
-4282.15700195924
 20
-3307.05345076401
 30
0.0
 11
-4309.610637850761
 21
-3307.05345076401
 31
0.0
  0
LINE
  5
22B
330
228
100
AcDbEntity
  8
绘图层
 62
     4
440
 16777216
370
     9
100
AcDbLine
 10
-4282.15700195924
 20
-3330.053450764013
 30
0.0
 11
-4309.610637850761
 21
-3330.053450764013
 31
0.0
  0
LINE
  5
22C
330
228
100
AcDbEntity
  8
绘图层
 62
     4
440
 16777216
370
     9
100
AcDbLine
 10
-4307.110637850761
 20
-3297.053450764011
 30
0.0
 11
-4307.110637850761
 21
-3287.053450764009
 31
0.0
  0
LINE
  5
22D
330
228
100
AcDbEntity
  8
绘图层
 62
     4
440
 16777216
370
     9
100
AcDbLine
 10
-4307.110637850761
 20
-3340.053450764013
 30
0.0
 11
-4307.110637850761
 21
-3350.053450764014
 31
0.0
  0
LINE
  5
22E
330
228
100
AcDbEntity
  8
绘图层
 62
     4
440
 16777216
370
     9
100
AcDbLine
 10
-4307.110637850761
 20
-3307.05345076401
 30
0.0
 11
-4307.110637850761
 21
-3330.053450764013
 31
0.0
  0
INSERT
  5
22F
330
228
100
AcDbEntity
  8
绘图层
 62
     4
440
 16777216
370
     9
100
AcDbBlockReference
  2
_ClosedBlank
 10
-4307.110637850761
 20
-3307.05345076401
 30
0.0
 41
10.0
 42
10.0
 43
10.0
 50
270.0
  0
INSERT
  5
230
330
228
100
AcDbEntity
  8
绘图层
 62
     4
440
 16777216
370
     9
100
AcDbBlockReference
  2
_ClosedBlank
 10
-4307.110637850761
 20
-3330.053450764013
 30
0.0
 41
10.0
 42
10.0
 43
10.0
 50
90.0
  0
MTEXT
  5
231
330
228
100
AcDbEntity
  8
绘图层
 62
     7
440
 16777216
100
AcDbMText
 10
-4320.160628736178
 20
-3318.553450764009
 30
0.0
 40
20.0
 41
0.0
 46
0.0
 71
     5
 72
     1
  1
\A1;23
 11
0.0000000000000001
 21
1.0
 31
0.0
 73
     1
 44
1.0
  0
POINT
  5
232
330
228
100
AcDbEntity
  8
Defpoints
 62
     0
440
 16777216
100
AcDbPoint
 10
-4282.15700195924
 20
-3307.05345076401
 30
0.0
  0
POINT
  5
233
330
228
100
AcDbEntity
  8
Defpoints
 62
     0
440
 16777216
100
AcDbPoint
 10
-4282.15700195924
 20
-3330.053450764013
 30
0.0
  0
POINT
  5
234
330
228
100
AcDbEntity
  8
Defpoints
 62
     0
440
 16777216
100
AcDbPoint
 10
-4307.110637850761
 20
-3330.053450764013
 30
0.0
  0
ENDBLK
  5
235
330
228
100
AcDbEntity
  8
0
100
AcDbBlockEnd
  0
BLOCK
  5
262
330
261
100
AcDbEntity
  8
0
100
AcDbBlockBegin
  2
*D47
 70
     1
 10
0.0
 20
0.0
 30
0.0
  3
*D47
  1

  0
LINE
  5
263
330
261
100
AcDbEntity
  8
绘图层
 62
     4
440
 16777216
370
     9
100
AcDbLine
 10
-4125.072269606767
 20
-3319.67225926668
 30
0.0
 11
-4125.072269606767
 21
-3198.004273440616
 31
0.0
  0
LINE
  5
264
330
261
100
AcDbEntity
  8
绘图层
 62
     4
440
 16777216
370
     9
100
AcDbLine
 10
-3836.072269606758
 20
-3319.67225926668
 30
0.0
 11
-3836.072269606758
 21
-3198.004273440616
 31
0.0
  0
LINE
  5
265
330
261
100
AcDbEntity
  8
绘图层
 62
     4
440
 16777216
370
     9
100
AcDbLine
 10
-4115.072269606768
 20
-3200.504273440616
 30
0.0
 11
-3846.072269606758
 21
-3200.504273440616
 31
0.0
  0
INSERT
  5
266
330
261
100
AcDbEntity
  8
绘图层
 62
     4
440
 16777216
370
     9
100
AcDbBlockReference
  2
_ClosedBlank
 10
-4125.072269606767
 20
-3200.504273440616
 30
0.0
 41
10.0
 42
10.0
 43
10.0
 50
180.0
  0
INSERT
  5
267
330
261
100
AcDbEntity
  8
绘图层
 62
     4
440
 16777216
370
     9
100
AcDbBlockReference
  2
_ClosedBlank
 10
-3836.072269606758
 20
-3200.504273440616
 30
0.0
 41
10.0
 42
10.0
 43
10.0
  0
MTEXT
  5
268
330
261
100
AcDbEntity
  8
绘图层
 62
     7
440
 16777216
100
AcDbMText
 10
-3980.572269606763
 20
-3187.454282555199
 30
0.0
 40
20.0
 41
0.0
 46
0.0
 71
     5
 72
     1
  1
\A1;289
 73
     1
 44
1.0
  0
POINT
  5
269
330
261
100
AcDbEntity
  8
Defpoints
 62
     0
440
 16777216
100
AcDbPoint
 10
-4125.072269606767
 20
-3319.67225926668
 30
0.0
  0
POINT
  5
26A
330
261
100
AcDbEntity
  8
Defpoints
 62
     0
440
 16777216
100
AcDbPoint
 10
-3836.072269606758
 20
-3319.67225926668
 30
0.0
  0
POINT
  5
26B
330
261
100
AcDbEntity
  8
Defpoints
 62
     0
440
 16777216
100
AcDbPoint
 10
-3836.072269606758
 20
-3200.504273440616
 30
0.0
  0
ENDBLK
  5
26C
330
261
100
AcDbEntity
  8
0
100
AcDbBlockEnd
  0
BLOCK
  5
271
330
270
100
AcDbEntity
  8
0
100
AcDbBlockBegin
  2
*D48
 70
     1
 10
0.0
 20
0.0
 30
0.0
  3
*D48
  1

  0
LINE
  5
272
330
270
100
AcDbEntity
  8
绘图层
 62
     4
440
 16777216
370
     9
100
AcDbLine
 10
-3962.072269606758
 20
-3320.672259266679
 30
0.0
 11
-3962.072269606758
 21
-3256.338266353647
 31
0.0
  0
LINE
  5
273
330
270
100
AcDbEntity
  8
绘图层
 62
     4
440
 16777216
370
     9
100
AcDbLine
 10
-3836.072269606758
 20
-3319.67225926668
 30
0.0
 11
-3836.072269606758
 21
-3256.338266353647
 31
0.0
  0
LINE
  5
274
330
270
100
AcDbEntity
  8
绘图层
 62
     4
440
 16777216
370
     9
100
AcDbLine
 10
-3952.072269606759
 20
-3258.838266353647
 30
0.0
 11
-3846.072269606758
 21
-3258.838266353647
 31
0.0
  0
INSERT
  5
275
330
270
100
AcDbEntity
  8
绘图层
 62
     4
440
 16777216
370
     9
100
AcDbBlockReference
  2
_ClosedBlank
 10
-3962.072269606758
 20
-3258.838266353647
 30
0.0
 41
10.0
 42
10.0
 43
10.0
 50
180.0
  0
INSERT
  5
276
330
270
100
AcDbEntity
  8
绘图层
 62
     4
440
 16777216
370
     9
100
AcDbBlockReference
  2
_ClosedBlank
 10
-3836.072269606758
 20
-3258.838266353647
 30
0.0
 41
10.0
 42
10.0
 43
10.0
  0
MTEXT
  5
277
330
270
100
AcDbEntity
  8
绘图层
 62
     7
440
 16777216
100
AcDbMText
 10
-3899.072269606758
 20
-3245.788275468232
 30
0.0
 40
20.0
 41
0.0
 46
0.0
 71
     5
 72
     1
  1
\A1;126
 73
     1
 44
1.0
  0
POINT
  5
278
330
270
100
AcDbEntity
  8
Defpoints
 62
     0
440
 16777216
100
AcDbPoint
 10
-3962.072269606758
 20
-3320.672259266679
 30
0.0
  0
POINT
  5
279
330
270
100
AcDbEntity
  8
Defpoints
 62
     0
440
 16777216
100
AcDbPoint
 10
-3836.072269606758
 20
-3319.67225926668
 30
0.0
  0
POINT
  5
27A
330
270
100
AcDbEntity
  8
Defpoints
 62
     0
440
 16777216
100
AcDbPoint
 10
-3836.072269606758
 20
-3258.838266353647
 30
0.0
  0
ENDBLK
  5
27B
330
270
100
AcDbEntity
  8
0
100
AcDbBlockEnd
  0
BLOCK
  5
280
330
27F
100
AcDbEntity
  8
0
100
AcDbBlockBegin
  2
*D49
 70
     1
 10
0.0
 20
0.0
 30
0.0
  3
*D49
  1

  0
LINE
  5
281
330
27F
100
AcDbEntity
  8
绘图层
 62
     4
440
 16777216
370
     9
100
AcDbLine
 10
-3962.072269606758
 20
-3320.672259266679
 30
0.0
 11
-3962.072269606758
 21
-3256.338266353647
 31
0.0
  0
LINE
  5
282
330
27F
100
AcDbEntity
  8
绘图层
 62
     4
440
 16777216
370
     9
100
AcDbLine
 10
-4014.072269606764
 20
-3320.672259266679
 30
0.0
 11
-4014.072269606764
 21
-3256.338266353647
 31
0.0
  0
LINE
  5
283
330
27F
100
AcDbEntity
  8
绘图层
 62
     4
440
 16777216
370
     9
100
AcDbLine
 10
-3972.072269606758
 20
-3258.838266353647
 30
0.0
 11
-4004.072269606764
 21
-3258.838266353647
 31
0.0
  0
INSERT
  5
284
330
27F
100
AcDbEntity
  8
绘图层
 62
     4
440
 16777216
370
     9
100
AcDbBlockReference
  2
_ClosedBlank
 10
-3962.072269606758
 20
-3258.838266353647
 30
0.0
 41
10.0
 42
10.0
 43
10.0
  0
INSERT
  5
285
330
27F
100
AcDbEntity
  8
绘图层
 62
     4
440
 16777216
370
     9
100
AcDbBlockReference
  2
_ClosedBlank
 10
-4014.072269606764
 20
-3258.838266353647
 30
0.0
 41
10.0
 42
10.0
 43
10.0
 50
180.0
  0
MTEXT
  5
286
330
27F
100
AcDbEntity
  8
绘图层
 62
     7
440
 16777216
100
AcDbMText
 10
-3988.072269606761
 20
-3245.788275468232
 30
0.0
 40
20.0
 41
0.0
 46
0.0
 71
     5
 72
     1
  1
\A1;52
 73
     1
 44
1.0
  0
POINT
  5
287
330
27F
100
AcDbEntity
  8
Defpoints
 62
     0
440
 16777216
100
AcDbPoint
 10
-3962.072269606758
 20
-3320.672259266679
 30
0.0
  0
POINT
  5
288
330
27F
100
AcDbEntity
  8
Defpoints
 62
     0
440
 16777216
100
AcDbPoint
 10
-4014.072269606764
 20
-3320.672259266679
 30
0.0
  0
POINT
  5
289
330
27F
100
AcDbEntity
  8
Defpoints
 62
     0
440
 16777216
100
AcDbPoint
 10
-4014.072269606764
 20
-3258.838266353647
 30
0.0
  0
ENDBLK
  5
28A
330
27F
100
AcDbEntity
  8
0
100
AcDbBlockEnd
  0
BLOCK
  5
28F
330
28E
100
AcDbEntity
  8
0
100
AcDbBlockBegin
  2
*D50
 70
     1
 10
0.0
 20
0.0
 30
0.0
  3
*D50
  1

  0
LINE
  5
290
330
28E
100
AcDbEntity
  8
绘图层
 62
     4
440
 16777216
370
     9
100
AcDbLine
 10
-3849.072269606758
 20
-3320.672259266679
 30
0.0
 11
-3849.072269606758
 21
-3396.720096777666
 31
0.0
  0
LINE
  5
291
330
28E
100
AcDbEntity
  8
绘图层
 62
     4
440
 16777216
370
     9
100
AcDbLine
 10
-3836.072269606758
 20
-3321.672259266679
 30
0.0
 11
-3836.072269606758
 21
-3396.720096777666
 31
0.0
  0
LINE
  5
292
330
28E
100
AcDbEntity
  8
绘图层
 62
     4
440
 16777216
370
     9
100
AcDbLine
 10
-3859.072269606758
 20
-3394.220096777667
 30
0.0
 11
-3869.072269606758
 21
-3394.220096777667
 31
0.0
  0
LINE
  5
293
330
28E
100
AcDbEntity
  8
绘图层
 62
     4
440
 16777216
370
     9
100
AcDbLine
 10
-3826.072269606758
 20
-3394.220096777667
 30
0.0
 11
-3786.396868841511
 21
-3394.220096777667
 31
0.0
  0
LINE
  5
294
330
28E
100
AcDbEntity
  8
绘图层
 62
     4
440
 16777216
370
     9
100
AcDbLine
 10
-3849.072269606758
 20
-3394.220096777667
 30
0.0
 11
-3836.072269606758
 21
-3394.220096777667
 31
0.0
  0
INSERT
  5
295
330
28E
100
AcDbEntity
  8
绘图层
 62
     4
440
 16777216
370
     9
100
AcDbBlockReference
  2
_ClosedBlank
 10
-3849.072269606758
 20
-3394.220096777667
 30
0.0
 41
10.0
 42
10.0
 43
10.0
  0
INSERT
  5
296
330
28E
100
AcDbEntity
  8
绘图层
 62
     4
440
 16777216
370
     9
100
AcDbBlockReference
  2
_ClosedBlank
 10
-3836.072269606758
 20
-3394.220096777667
 30
0.0
 41
10.0
 42
10.0
 43
10.0
 50
180.0
  0
MTEXT
  5
297
330
28E
100
AcDbEntity
  8
绘图层
 62
     7
440
 16777216
100
AcDbMText
 10
-3801.234569224135
 20
-3381.17010589225
 30
0.0
 40
20.0
 41
0.0
 46
0.0
 71
     5
 72
     1
  1
\A1;13
 73
     1
 44
1.0
  0
POINT
  5
298
330
28E
100
AcDbEntity
  8
Defpoints
 62
     0
440
 16777216
100
AcDbPoint
 10
-3849.072269606758
 20
-3320.672259266679
 30
0.0
  0
POINT
  5
299
330
28E
100
AcDbEntity
  8
Defpoints
 62
     0
440
 16777216
100
AcDbPoint
 10
-3836.072269606758
 20
-3321.672259266679
 30
0.0
  0
POINT
  5
29A
330
28E
100
AcDbEntity
  8
Defpoints
 62
     0
440
 16777216
100
AcDbPoint
 10
-3836.072269606758
 20
-3394.220096777667
 30
0.0
  0
ENDBLK
  5
29B
330
28E
100
AcDbEntity
  8
0
100
AcDbBlockEnd
  0
BLOCK
  5
2A0
330
29F
100
AcDbEntity
  8
0
100
AcDbBlockBegin
  2
*D51
 70
     1
 10
0.0
 20
0.0
 30
0.0
  3
*D51
  1

  0
LINE
  5
2A1
330
29F
100
AcDbEntity
  8
绘图层
 62
     4
440
 16777216
370
     9
100
AcDbLine
 10
-3849.072269606758
 20
-3320.672259266679
 30
0.0
 11
-3849.072269606758
 21
-3396.720096777666
 31
0.0
  0
LINE
  5
2A2
330
29F
100
AcDbEntity
  8
绘图层
 62
     4
440
 16777216
370
     9
100
AcDbLine
 10
-3899.072269606758
 20
-3320.672259266679
 30
0.0
 11
-3899.072269606758
 21
-3396.720096777666
 31
0.0
  0
LINE
  5
2A3
330
29F
100
AcDbEntity
  8
绘图层
 62
     4
440
 16777216
370
     9
100
AcDbLine
 10
-3859.072269606758
 20
-3394.220096777667
 30
0.0
 11
-3889.072269606758
 21
-3394.220096777667
 31
0.0
  0
INSERT
  5
2A4
330
29F
100
AcDbEntity
  8
绘图层
 62
     4
440
 16777216
370
     9
100
AcDbBlockReference
  2
_ClosedBlank
 10
-3849.072269606758
 20
-3394.220096777667
 30
0.0
 41
10.0
 42
10.0
 43
10.0
  0
INSERT
  5
2A5
330
29F
100
AcDbEntity
  8
绘图层
 62
     4
440
 16777216
370
     9
100
AcDbBlockReference
  2
_ClosedBlank
 10
-3899.072269606758
 20
-3394.220096777667
 30
0.0
 41
10.0
 42
10.0
 43
10.0
 50
180.0
  0
MTEXT
  5
2A6
330
29F
100
AcDbEntity
  8
绘图层
 62
     7
440
 16777216
100
AcDbMText
 10
-3874.072269606758
 20
-3381.17010589225
 30
0.0
 40
20.0
 41
0.0
 46
0.0
 71
     5
 72
     1
  1
\A1;50
 73
     1
 44
1.0
  0
POINT
  5
2A7
330
29F
100
AcDbEntity
  8
Defpoints
 62
     0
440
 16777216
100
AcDbPoint
 10
-3849.072269606758
 20
-3320.672259266679
 30
0.0
  0
POINT
  5
2A8
330
29F
100
AcDbEntity
  8
Defpoints
 62
     0
440
 16777216
100
AcDbPoint
 10
-3899.072269606758
 20
-3320.672259266679
 30
0.0
  0
POINT
  5
2A9
330
29F
100
AcDbEntity
  8
Defpoints
 62
     0
440
 16777216
100
AcDbPoint
 10
-3899.072269606758
 20
-3394.220096777667
 30
0.0
  0
ENDBLK
  5
2AA
330
29F
100
AcDbEntity
  8
0
100
AcDbBlockEnd
  0
BLOCK
  5
2AF
330
2AE
100
AcDbEntity
  8
0
100
AcDbBlockBegin
  2
*D52
 70
     1
 10
0.0
 20
0.0
 30
0.0
  3
*D52
  1

  0
LINE
  5
2B0
330
2AE
100
AcDbEntity
  8
绘图层
 62
     4
440
 16777216
370
     9
100
AcDbLine
 10
-3899.072269606758
 20
-3320.672259266679
 30
0.0
 11
-3899.072269606758
 21
-3396.720096777666
 31
0.0
  0
LINE
  5
2B1
330
2AE
100
AcDbEntity
  8
绘图层
 62
     4
440
 16777216
370
     9
100
AcDbLine
 10
-3949.072269606758
 20
-3320.672259266679
 30
0.0
 11
-3949.072269606758
 21
-3396.720096777666
 31
0.0
  0
LINE
  5
2B2
330
2AE
100
AcDbEntity
  8
绘图层
 62
     4
440
 16777216
370
     9
100
AcDbLine
 10
-3909.072269606758
 20
-3394.220096777667
 30
0.0
 11
-3939.072269606758
 21
-3394.220096777667
 31
0.0
  0
INSERT
  5
2B3
330
2AE
100
AcDbEntity
  8
绘图层
 62
     4
440
 16777216
370
     9
100
AcDbBlockReference
  2
_ClosedBlank
 10
-3899.072269606758
 20
-3394.220096777667
 30
0.0
 41
10.0
 42
10.0
 43
10.0
  0
INSERT
  5
2B4
330
2AE
100
AcDbEntity
  8
绘图层
 62
     4
440
 16777216
370
     9
100
AcDbBlockReference
  2
_ClosedBlank
 10
-3949.072269606758
 20
-3394.220096777667
 30
0.0
 41
10.0
 42
10.0
 43
10.0
 50
180.0
  0
MTEXT
  5
2B5
330
2AE
100
AcDbEntity
  8
绘图层
 62
     7
440
 16777216
100
AcDbMText
 10
-3924.072269606758
 20
-3381.17010589225
 30
0.0
 40
20.0
 41
0.0
 46
0.0
 71
     5
 72
     1
  1
\A1;50
 73
     1
 44
1.0
  0
POINT
  5
2B6
330
2AE
100
AcDbEntity
  8
Defpoints
 62
     0
440
 16777216
100
AcDbPoint
 10
-3899.072269606758
 20
-3320.672259266679
 30
0.0
  0
POINT
  5
2B7
330
2AE
100
AcDbEntity
  8
Defpoints
 62
     0
440
 16777216
100
AcDbPoint
 10
-3949.072269606758
 20
-3320.672259266679
 30
0.0
  0
POINT
  5
2B8
330
2AE
100
AcDbEntity
  8
Defpoints
 62
     0
440
 16777216
100
AcDbPoint
 10
-3949.072269606758
 20
-3394.220096777667
 30
0.0
  0
ENDBLK
  5
2B9
330
2AE
100
AcDbEntity
  8
0
100
AcDbBlockEnd
  0
BLOCK
  5
2BE
330
2BD
100
AcDbEntity
  8
0
100
AcDbBlockBegin
  2
*D53
 70
     1
 10
0.0
 20
0.0
 30
0.0
  3
*D53
  1

  0
LINE
  5
2BF
330
2BD
100
AcDbEntity
  8
绘图层
 62
     4
440
 16777216
370
     9
100
AcDbLine
 10
-3949.072269606758
 20
-3320.672259266679
 30
0.0
 11
-3949.072269606758
 21
-3396.720096777666
 31
0.0
  0
LINE
  5
2C0
330
2BD
100
AcDbEntity
  8
绘图层
 62
     4
440
 16777216
370
     9
100
AcDbLine
 10
-4034.072269606762
 20
-3320.672259266679
 30
0.0
 11
-4034.072269606762
 21
-3396.720096777666
 31
0.0
  0
LINE
  5
2C1
330
2BD
100
AcDbEntity
  8
绘图层
 62
     4
440
 16777216
370
     9
100
AcDbLine
 10
-3959.072269606758
 20
-3394.220096777667
 30
0.0
 11
-4024.072269606763
 21
-3394.220096777667
 31
0.0
  0
INSERT
  5
2C2
330
2BD
100
AcDbEntity
  8
绘图层
 62
     4
440
 16777216
370
     9
100
AcDbBlockReference
  2
_ClosedBlank
 10
-3949.072269606758
 20
-3394.220096777667
 30
0.0
 41
10.0
 42
10.0
 43
10.0
  0
INSERT
  5
2C3
330
2BD
100
AcDbEntity
  8
绘图层
 62
     4
440
 16777216
370
     9
100
AcDbBlockReference
  2
_ClosedBlank
 10
-4034.072269606762
 20
-3394.220096777667
 30
0.0
 41
10.0
 42
10.0
 43
10.0
 50
180.0
  0
MTEXT
  5
2C4
330
2BD
100
AcDbEntity
  8
绘图层
 62
     7
440
 16777216
100
AcDbMText
 10
-3991.572269606761
 20
-3381.17010589225
 30
0.0
 40
20.0
 41
0.0
 46
0.0
 71
     5
 72
     1
  1
\A1;85
 73
     1
 44
1.0
  0
POINT
  5
2C5
330
2BD
100
AcDbEntity
  8
Defpoints
 62
     0
440
 16777216
100
AcDbPoint
 10
-3949.072269606758
 20
-3320.672259266679
 30
0.0
  0
POINT
  5
2C6
330
2BD
100
AcDbEntity
  8
Defpoints
 62
     0
440
 16777216
100
AcDbPoint
 10
-4034.072269606762
 20
-3320.672259266679
 30
0.0
  0
POINT
  5
2C7
330
2BD
100
AcDbEntity
  8
Defpoints
 62
     0
440
 16777216
100
AcDbPoint
 10
-4034.072269606762
 20
-3394.220096777667
 30
0.0
  0
ENDBLK
  5
2C8
330
2BD
100
AcDbEntity
  8
0
100
AcDbBlockEnd
  0
BLOCK
  5
2CD
330
2CC
100
AcDbEntity
  8
0
100
AcDbBlockBegin
  2
*D54
 70
     1
 10
0.0
 20
0.0
 30
0.0
  3
*D54
  1

  0
LINE
  5
2CE
330
2CC
100
AcDbEntity
  8
绘图层
 62
     4
440
 16777216
370
     9
100
AcDbLine
 10
-4034.072269606762
 20
-3320.672259266679
 30
0.0
 11
-4034.072269606762
 21
-3396.720096777666
 31
0.0
  0
LINE
  5
2CF
330
2CC
100
AcDbEntity
  8
绘图层
 62
     4
440
 16777216
370
     9
100
AcDbLine
 10
-4055.072269606767
 20
-3320.672259266679
 30
0.0
 11
-4055.072269606767
 21
-3396.720096777666
 31
0.0
  0
LINE
  5
2D0
330
2CC
100
AcDbEntity
  8
绘图层
 62
     4
440
 16777216
370
     9
100
AcDbLine
 10
-4024.072269606763
 20
-3394.220096777667
 30
0.0
 11
-4014.072269606764
 21
-3394.220096777667
 31
0.0
  0
LINE
  5
2D1
330
2CC
100
AcDbEntity
  8
绘图层
 62
     4
440
 16777216
370
     9
100
AcDbLine
 10
-4065.072269606766
 20
-3394.220096777667
 30
0.0
 11
-4075.072269606766
 21
-3394.220096777667
 31
0.0
  0
LINE
  5
2D2
330
2CC
100
AcDbEntity
  8
绘图层
 62
     4
440
 16777216
370
     9
100
AcDbLine
 10
-4034.072269606762
 20
-3394.220096777667
 30
0.0
 11
-4055.072269606767
 21
-3394.220096777667
 31
0.0
  0
INSERT
  5
2D3
330
2CC
100
AcDbEntity
  8
绘图层
 62
     4
440
 16777216
370
     9
100
AcDbBlockReference
  2
_ClosedBlank
 10
-4034.072269606762
 20
-3394.220096777667
 30
0.0
 41
10.0
 42
10.0
 43
10.0
 50
180.0
  0
INSERT
  5
2D4
330
2CC
100
AcDbEntity
  8
绘图层
 62
     4
440
 16777216
370
     9
100
AcDbBlockReference
  2
_ClosedBlank
 10
-4055.072269606767
 20
-3394.220096777667
 30
0.0
 41
10.0
 42
10.0
 43
10.0
  0
MTEXT
  5
2D5
330
2CC
100
AcDbEntity
  8
绘图层
 62
     7
440
 16777216
100
AcDbMText
 10
-4044.572269606765
 20
-3381.17010589225
 30
0.0
 40
20.0
 41
0.0
 46
0.0
 71
     5
 72
     1
  1
\A1;21
 73
     1
 44
1.0
  0
POINT
  5
2D6
330
2CC
100
AcDbEntity
  8
Defpoints
 62
     0
440
 16777216
100
AcDbPoint
 10
-4034.072269606762
 20
-3320.672259266679
 30
0.0
  0
POINT
  5
2D7
330
2CC
100
AcDbEntity
  8
Defpoints
 62
     0
440
 16777216
100
AcDbPoint
 10
-4055.072269606767
 20
-3320.672259266679
 30
0.0
  0
POINT
  5
2D8
330
2CC
100
AcDbEntity
  8
Defpoints
 62
     0
440
 16777216
100
AcDbPoint
 10
-4055.072269606767
 20
-3394.220096777667
 30
0.0
  0
ENDBLK
  5
2D9
330
2CC
100
AcDbEntity
  8
0
100
AcDbBlockEnd
  0
BLOCK
  5
2DE
330
2DD
100
AcDbEntity
  8
0
100
AcDbBlockBegin
  2
*D55
 70
     1
 10
0.0
 20
0.0
 30
0.0
  3
*D55
  1

  0
LINE
  5
2DF
330
2DD
100
AcDbEntity
  8
绘图层
 62
     4
440
 16777216
370
     9
100
AcDbLine
 10
-4055.072269606768
 20
-3320.672259266679
 30
0.0
 11
-4055.072269606768
 21
-3396.720096777666
 31
0.0
  0
LINE
  5
2E0
330
2DD
100
AcDbEntity
  8
绘图层
 62
     4
440
 16777216
370
     9
100
AcDbLine
 10
-4112.072269606768
 20
-3320.672259266679
 30
0.0
 11
-4112.072269606768
 21
-3396.720096777666
 31
0.0
  0
LINE
  5
2E1
330
2DD
100
AcDbEntity
  8
绘图层
 62
     4
440
 16777216
370
     9
100
AcDbLine
 10
-4065.072269606768
 20
-3394.220096777667
 30
0.0
 11
-4102.072269606767
 21
-3394.220096777667
 31
0.0
  0
INSERT
  5
2E2
330
2DD
100
AcDbEntity
  8
绘图层
 62
     4
440
 16777216
370
     9
100
AcDbBlockReference
  2
_ClosedBlank
 10
-4055.072269606768
 20
-3394.220096777667
 30
0.0
 41
10.0
 42
10.0
 43
10.0
  0
INSERT
  5
2E3
330
2DD
100
AcDbEntity
  8
绘图层
 62
     4
440
 16777216
370
     9
100
AcDbBlockReference
  2
_ClosedBlank
 10
-4112.072269606768
 20
-3394.220096777667
 30
0.0
 41
10.0
 42
10.0
 43
10.0
 50
180.0
  0
MTEXT
  5
2E4
330
2DD
100
AcDbEntity
  8
绘图层
 62
     7
440
 16777216
100
AcDbMText
 10
-4083.572269606768
 20
-3381.17010589225
 30
0.0
 40
20.0
 41
0.0
 46
0.0
 71
     5
 72
     1
  1
\A1;57
 73
     1
 44
1.0
  0
POINT
  5
2E5
330
2DD
100
AcDbEntity
  8
Defpoints
 62
     0
440
 16777216
100
AcDbPoint
 10
-4055.072269606768
 20
-3320.672259266679
 30
0.0
  0
POINT
  5
2E6
330
2DD
100
AcDbEntity
  8
Defpoints
 62
     0
440
 16777216
100
AcDbPoint
 10
-4112.072269606768
 20
-3320.672259266679
 30
0.0
  0
POINT
  5
2E7
330
2DD
100
AcDbEntity
  8
Defpoints
 62
     0
440
 16777216
100
AcDbPoint
 10
-4112.072269606768
 20
-3394.220096777667
 30
0.0
  0
ENDBLK
  5
2E8
330
2DD
100
AcDbEntity
  8
0
100
AcDbBlockEnd
  0
BLOCK
  5
2FA
330
2F9
100
AcDbEntity
  8
0
100
AcDbBlockBegin
  2
*D56
 70
     1
 10
0.0
 20
0.0
 30
0.0
  3
*D56
  1

  0
LINE
  5
2FB
330
2F9
100
AcDbEntity
  8
标注层
 62
     4
440
 16777216
370
     9
100
AcDbLine
 10
-4760.729861834312
 20
-3561.942353982662
 30
0.0
 11
-4760.729861834312
 21
-3441.905812291
 31
0.0
  0
LINE
  5
2FC
330
2F9
100
AcDbEntity
  8
标注层
 62
     4
440
 16777216
370
     9
100
AcDbLine
 10
-4634.729861834312
 20
-3561.942353982662
 30
0.0
 11
-4634.729861834312
 21
-3441.905812291
 31
0.0
  0
LINE
  5
2FD
330
2F9
100
AcDbEntity
  8
标注层
 62
     4
440
 16777216
370
     9
100
AcDbLine
 10
-4750.729861834312
 20
-3444.405812290999
 30
0.0
 11
-4644.729861834312
 21
-3444.405812290999
 31
0.0
  0
INSERT
  5
2FE
330
2F9
100
AcDbEntity
  8
标注层
 62
     4
440
 16777216
370
     9
100
AcDbBlockReference
  2
_ClosedBlank
 10
-4760.729861834312
 20
-3444.405812290999
 30
0.0
 41
10.0
 42
10.0
 43
10.0
 50
180.0
  0
INSERT
  5
2FF
330
2F9
100
AcDbEntity
  8
标注层
 62
     4
440
 16777216
370
     9
100
AcDbBlockReference
  2
_ClosedBlank
 10
-4634.729861834312
 20
-3444.405812290999
 30
0.0
 41
10.0
 42
10.0
 43
10.0
  0
MTEXT
  5
300
330
2F9
100
AcDbEntity
  8
标注层
 62
     7
440
 16777216
100
AcDbMText
 10
-4697.729861834312
 20
-3431.355821405583
 30
0.0
 40
20.0
 41
0.0
 46
0.0
 71
     5
 72
     1
  1
\A1;126
 73
     1
 44
1.0
  0
POINT
  5
301
330
2F9
100
AcDbEntity
  8
Defpoints
 62
     0
440
 16777216
100
AcDbPoint
 10
-4760.729861834312
 20
-3561.942353982662
 30
0.0
  0
POINT
  5
302
330
2F9
100
AcDbEntity
  8
Defpoints
 62
     0
440
 16777216
100
AcDbPoint
 10
-4634.729861834312
 20
-3561.942353982662
 30
0.0
  0
POINT
  5
303
330
2F9
100
AcDbEntity
  8
Defpoints
 62
     0
440
 16777216
100
AcDbPoint
 10
-4634.729861834312
 20
-3444.405812290999
 30
0.0
  0
ENDBLK
  5
304
330
2F9
100
AcDbEntity
  8
0
100
AcDbBlockEnd
  0
BLOCK
  5
309
330
308
100
AcDbEntity
  8
0
100
AcDbBlockBegin
  2
*D57
 70
     1
 10
0.0
 20
0.0
 30
0.0
  3
*D57
  1

  0
LINE
  5
30A
330
308
100
AcDbEntity
  8
标注层
 62
     4
440
 16777216
370
     9
100
AcDbLine
 10
-4634.729861834312
 20
-3561.942353982662
 30
0.0
 11
-4634.729861834312
 21
-3441.905812291
 31
0.0
  0
LINE
  5
30B
330
308
100
AcDbEntity
  8
标注层
 62
     4
440
 16777216
370
     9
100
AcDbLine
 10
-4582.729861834311
 20
-3561.942353982662
 30
0.0
 11
-4582.729861834311
 21
-3441.905812291
 31
0.0
  0
LINE
  5
30C
330
308
100
AcDbEntity
  8
标注层
 62
     4
440
 16777216
370
     9
100
AcDbLine
 10
-4624.729861834312
 20
-3444.405812290999
 30
0.0
 11
-4592.729861834312
 21
-3444.405812290999
 31
0.0
  0
INSERT
  5
30D
330
308
100
AcDbEntity
  8
标注层
 62
     4
440
 16777216
370
     9
100
AcDbBlockReference
  2
_ClosedBlank
 10
-4634.729861834312
 20
-3444.405812290999
 30
0.0
 41
10.0
 42
10.0
 43
10.0
 50
180.0
  0
INSERT
  5
30E
330
308
100
AcDbEntity
  8
标注层
 62
     4
440
 16777216
370
     9
100
AcDbBlockReference
  2
_ClosedBlank
 10
-4582.729861834311
 20
-3444.405812290999
 30
0.0
 41
10.0
 42
10.0
 43
10.0
  0
MTEXT
  5
30F
330
308
100
AcDbEntity
  8
标注层
 62
     7
440
 16777216
100
AcDbMText
 10
-4608.729861834311
 20
-3431.355821405583
 30
0.0
 40
20.0
 41
0.0
 46
0.0
 71
     5
 72
     1
  1
\A1;52
 73
     1
 44
1.0
  0
POINT
  5
310
330
308
100
AcDbEntity
  8
Defpoints
 62
     0
440
 16777216
100
AcDbPoint
 10
-4634.729861834312
 20
-3561.942353982662
 30
0.0
  0
POINT
  5
311
330
308
100
AcDbEntity
  8
Defpoints
 62
     0
440
 16777216
100
AcDbPoint
 10
-4582.729861834311
 20
-3561.942353982662
 30
0.0
  0
POINT
  5
312
330
308
100
AcDbEntity
  8
Defpoints
 62
     0
440
 16777216
100
AcDbPoint
 10
-4582.729861834311
 20
-3444.405812290999
 30
0.0
  0
ENDBLK
  5
313
330
308
100
AcDbEntity
  8
0
100
AcDbBlockEnd
  0
BLOCK
  5
318
330
317
100
AcDbEntity
  8
0
100
AcDbBlockBegin
  2
*D58
 70
     1
 10
0.0
 20
0.0
 30
0.0
  3
*D58
  1

  0
LINE
  5
319
330
317
100
AcDbEntity
  8
标注层
 62
     4
440
 16777216
370
     9
100
AcDbLine
 10
-4747.729861834312
 20
-3561.942353982662
 30
0.0
 11
-4747.729861834312
 21
-3499.42408313683
 31
0.0
  0
LINE
  5
31A
330
317
100
AcDbEntity
  8
标注层
 62
     4
440
 16777216
370
     9
100
AcDbLine
 10
-4760.729861834312
 20
-3561.942353982662
 30
0.0
 11
-4760.729861834312
 21
-3499.42408313683
 31
0.0
  0
LINE
  5
31B
330
317
100
AcDbEntity
  8
标注层
 62
     4
440
 16777216
370
     9
100
AcDbLine
 10
-4737.729861834312
 20
-3501.92408313683
 30
0.0
 11
-4727.729861834312
 21
-3501.92408313683
 31
0.0
  0
LINE
  5
31C
330
317
100
AcDbEntity
  8
标注层
 62
     4
440
 16777216
370
     9
100
AcDbLine
 10
-4770.729861834312
 20
-3501.92408313683
 30
0.0
 11
-4810.405262599559
 21
-3501.92408313683
 31
0.0
  0
LINE
  5
31D
330
317
100
AcDbEntity
  8
标注层
 62
     4
440
 16777216
370
     9
100
AcDbLine
 10
-4747.729861834312
 20
-3501.92408313683
 30
0.0
 11
-4760.729861834312
 21
-3501.92408313683
 31
0.0
  0
INSERT
  5
31E
330
317
100
AcDbEntity
  8
标注层
 62
     4
440
 16777216
370
     9
100
AcDbBlockReference
  2
_ClosedBlank
 10
-4747.729861834312
 20
-3501.92408313683
 30
0.0
 41
10.0
 42
10.0
 43
10.0
 50
180.0
  0
INSERT
  5
31F
330
317
100
AcDbEntity
  8
标注层
 62
     4
440
 16777216
370
     9
100
AcDbBlockReference
  2
_ClosedBlank
 10
-4760.729861834312
 20
-3501.92408313683
 30
0.0
 41
10.0
 42
10.0
 43
10.0
  0
MTEXT
  5
320
330
317
100
AcDbEntity
  8
标注层
 62
     7
440
 16777216
100
AcDbMText
 10
-4795.567562216936
 20
-3488.874092251413
 30
0.0
 40
20.0
 41
0.0
 46
0.0
 71
     5
 72
     1
  1
\A1;13
 73
     1
 44
1.0
  0
POINT
  5
321
330
317
100
AcDbEntity
  8
Defpoints
 62
     0
440
 16777216
100
AcDbPoint
 10
-4747.729861834312
 20
-3561.942353982662
 30
0.0
  0
POINT
  5
322
330
317
100
AcDbEntity
  8
Defpoints
 62
     0
440
 16777216
100
AcDbPoint
 10
-4760.729861834312
 20
-3561.942353982662
 30
0.0
  0
POINT
  5
323
330
317
100
AcDbEntity
  8
Defpoints
 62
     0
440
 16777216
100
AcDbPoint
 10
-4760.729861834312
 20
-3501.92408313683
 30
0.0
  0
ENDBLK
  5
324
330
317
100
AcDbEntity
  8
0
100
AcDbBlockEnd
  0
BLOCK
  5
329
330
328
100
AcDbEntity
  8
0
100
AcDbBlockBegin
  2
*D59
 70
     1
 10
0.0
 20
0.0
 30
0.0
  3
*D59
  1

  0
LINE
  5
32A
330
328
100
AcDbEntity
  8
标注层
 62
     4
440
 16777216
370
     9
100
AcDbLine
 10
-4747.729861834312
 20
-3561.942353982662
 30
0.0
 11
-4747.729861834312
 21
-3499.42408313683
 31
0.0
  0
LINE
  5
32B
330
328
100
AcDbEntity
  8
标注层
 62
     4
440
 16777216
370
     9
100
AcDbLine
 10
-4697.729861834312
 20
-3561.942353982662
 30
0.0
 11
-4697.729861834312
 21
-3499.42408313683
 31
0.0
  0
LINE
  5
32C
330
328
100
AcDbEntity
  8
标注层
 62
     4
440
 16777216
370
     9
100
AcDbLine
 10
-4737.729861834312
 20
-3501.92408313683
 30
0.0
 11
-4707.729861834311
 21
-3501.92408313683
 31
0.0
  0
INSERT
  5
32D
330
328
100
AcDbEntity
  8
标注层
 62
     4
440
 16777216
370
     9
100
AcDbBlockReference
  2
_ClosedBlank
 10
-4747.729861834312
 20
-3501.92408313683
 30
0.0
 41
10.0
 42
10.0
 43
10.0
 50
180.0
  0
INSERT
  5
32E
330
328
100
AcDbEntity
  8
标注层
 62
     4
440
 16777216
370
     9
100
AcDbBlockReference
  2
_ClosedBlank
 10
-4697.729861834312
 20
-3501.92408313683
 30
0.0
 41
10.0
 42
10.0
 43
10.0
  0
MTEXT
  5
32F
330
328
100
AcDbEntity
  8
标注层
 62
     7
440
 16777216
100
AcDbMText
 10
-4722.729861834312
 20
-3488.874092251413
 30
0.0
 40
20.0
 41
0.0
 46
0.0
 71
     5
 72
     1
  1
\A1;50
 73
     1
 44
1.0
  0
POINT
  5
330
330
328
100
AcDbEntity
  8
Defpoints
 62
     0
440
 16777216
100
AcDbPoint
 10
-4747.729861834312
 20
-3561.942353982662
 30
0.0
  0
POINT
  5
331
330
328
100
AcDbEntity
  8
Defpoints
 62
     0
440
 16777216
100
AcDbPoint
 10
-4697.729861834312
 20
-3561.942353982662
 30
0.0
  0
POINT
  5
332
330
328
100
AcDbEntity
  8
Defpoints
 62
     0
440
 16777216
100
AcDbPoint
 10
-4697.729861834312
 20
-3501.92408313683
 30
0.0
  0
ENDBLK
  5
333
330
328
100
AcDbEntity
  8
0
100
AcDbBlockEnd
  0
BLOCK
  5
338
330
337
100
AcDbEntity
  8
0
100
AcDbBlockBegin
  2
*D60
 70
     1
 10
0.0
 20
0.0
 30
0.0
  3
*D60
  1

  0
LINE
  5
339
330
337
100
AcDbEntity
  8
标注层
 62
     4
440
 16777216
370
     9
100
AcDbLine
 10
-4697.729861834312
 20
-3561.942353982662
 30
0.0
 11
-4697.729861834312
 21
-3499.42408313683
 31
0.0
  0
LINE
  5
33A
330
337
100
AcDbEntity
  8
标注层
 62
     4
440
 16777216
370
     9
100
AcDbLine
 10
-4647.729861834312
 20
-3561.942353982662
 30
0.0
 11
-4647.729861834312
 21
-3499.42408313683
 31
0.0
  0
LINE
  5
33B
330
337
100
AcDbEntity
  8
标注层
 62
     4
440
 16777216
370
     9
100
AcDbLine
 10
-4687.729861834312
 20
-3501.92408313683
 30
0.0
 11
-4657.729861834312
 21
-3501.92408313683
 31
0.0
  0
INSERT
  5
33C
330
337
100
AcDbEntity
  8
标注层
 62
     4
440
 16777216
370
     9
100
AcDbBlockReference
  2
_ClosedBlank
 10
-4697.729861834312
 20
-3501.92408313683
 30
0.0
 41
10.0
 42
10.0
 43
10.0
 50
180.0
  0
INSERT
  5
33D
330
337
100
AcDbEntity
  8
标注层
 62
     4
440
 16777216
370
     9
100
AcDbBlockReference
  2
_ClosedBlank
 10
-4647.729861834312
 20
-3501.92408313683
 30
0.0
 41
10.0
 42
10.0
 43
10.0
  0
MTEXT
  5
33E
330
337
100
AcDbEntity
  8
标注层
 62
     7
440
 16777216
100
AcDbMText
 10
-4672.729861834311
 20
-3488.874092251413
 30
0.0
 40
20.0
 41
0.0
 46
0.0
 71
     5
 72
     1
  1
\A1;50
 73
     1
 44
1.0
  0
POINT
  5
33F
330
337
100
AcDbEntity
  8
Defpoints
 62
     0
440
 16777216
100
AcDbPoint
 10
-4697.729861834312
 20
-3561.942353982662
 30
0.0
  0
POINT
  5
340
330
337
100
AcDbEntity
  8
Defpoints
 62
     0
440
 16777216
100
AcDbPoint
 10
-4647.729861834312
 20
-3561.942353982662
 30
0.0
  0
POINT
  5
341
330
337
100
AcDbEntity
  8
Defpoints
 62
     0
440
 16777216
100
AcDbPoint
 10
-4647.729861834312
 20
-3501.92408313683
 30
0.0
  0
ENDBLK
  5
342
330
337
100
AcDbEntity
  8
0
100
AcDbBlockEnd
  0
BLOCK
  5
347
330
346
100
AcDbEntity
  8
0
100
AcDbBlockBegin
  2
*D61
 70
     1
 10
0.0
 20
0.0
 30
0.0
  3
*D61
  1

  0
LINE
  5
348
330
346
100
AcDbEntity
  8
标注层
 62
     4
440
 16777216
370
     9
100
AcDbLine
 10
-4647.729861834312
 20
-3561.942353982662
 30
0.0
 11
-4647.729861834312
 21
-3499.42408313683
 31
0.0
  0
LINE
  5
349
330
346
100
AcDbEntity
  8
标注层
 62
     4
440
 16777216
370
     9
100
AcDbLine
 10
-4562.729861834312
 20
-3561.942353982662
 30
0.0
 11
-4562.729861834312
 21
-3499.42408313683
 31
0.0
  0
LINE
  5
34A
330
346
100
AcDbEntity
  8
标注层
 62
     4
440
 16777216
370
     9
100
AcDbLine
 10
-4637.729861834311
 20
-3501.92408313683
 30
0.0
 11
-4572.729861834312
 21
-3501.92408313683
 31
0.0
  0
INSERT
  5
34B
330
346
100
AcDbEntity
  8
标注层
 62
     4
440
 16777216
370
     9
100
AcDbBlockReference
  2
_ClosedBlank
 10
-4647.729861834312
 20
-3501.92408313683
 30
0.0
 41
10.0
 42
10.0
 43
10.0
 50
180.0
  0
INSERT
  5
34C
330
346
100
AcDbEntity
  8
标注层
 62
     4
440
 16777216
370
     9
100
AcDbBlockReference
  2
_ClosedBlank
 10
-4562.729861834312
 20
-3501.92408313683
 30
0.0
 41
10.0
 42
10.0
 43
10.0
  0
MTEXT
  5
34D
330
346
100
AcDbEntity
  8
标注层
 62
     7
440
 16777216
100
AcDbMText
 10
-4605.229861834312
 20
-3488.874092251413
 30
0.0
 40
20.0
 41
0.0
 46
0.0
 71
     5
 72
     1
  1
\A1;85
 73
     1
 44
1.0
  0
POINT
  5
34E
330
346
100
AcDbEntity
  8
Defpoints
 62
     0
440
 16777216
100
AcDbPoint
 10
-4647.729861834312
 20
-3561.942353982662
 30
0.0
  0
POINT
  5
34F
330
346
100
AcDbEntity
  8
Defpoints
 62
     0
440
 16777216
100
AcDbPoint
 10
-4562.729861834312
 20
-3561.942353982662
 30
0.0
  0
POINT
  5
350
330
346
100
AcDbEntity
  8
Defpoints
 62
     0
440
 16777216
100
AcDbPoint
 10
-4562.729861834312
 20
-3501.92408313683
 30
0.0
  0
ENDBLK
  5
351
330
346
100
AcDbEntity
  8
0
100
AcDbBlockEnd
  0
BLOCK
  5
356
330
355
100
AcDbEntity
  8
0
100
AcDbBlockBegin
  2
*D62
 70
     1
 10
0.0
 20
0.0
 30
0.0
  3
*D62
  1

  0
LINE
  5
357
330
355
100
AcDbEntity
  8
标注层
 62
     4
440
 16777216
370
     9
100
AcDbLine
 10
-4562.729861834312
 20
-3561.942353982662
 30
0.0
 11
-4562.729861834312
 21
-3499.42408313683
 31
0.0
  0
LINE
  5
358
330
355
100
AcDbEntity
  8
标注层
 62
     4
440
 16777216
370
     9
100
AcDbLine
 10
-4541.729861834311
 20
-3561.942353982662
 30
0.0
 11
-4541.729861834311
 21
-3499.42408313683
 31
0.0
  0
LINE
  5
359
330
355
100
AcDbEntity
  8
标注层
 62
     4
440
 16777216
370
     9
100
AcDbLine
 10
-4572.729861834312
 20
-3501.92408313683
 30
0.0
 11
-4582.729861834311
 21
-3501.92408313683
 31
0.0
  0
LINE
  5
35A
330
355
100
AcDbEntity
  8
标注层
 62
     4
440
 16777216
370
     9
100
AcDbLine
 10
-4531.729861834312
 20
-3501.92408313683
 30
0.0
 11
-4521.729861834312
 21
-3501.92408313683
 31
0.0
  0
LINE
  5
35B
330
355
100
AcDbEntity
  8
标注层
 62
     4
440
 16777216
370
     9
100
AcDbLine
 10
-4562.729861834312
 20
-3501.92408313683
 30
0.0
 11
-4541.729861834311
 21
-3501.92408313683
 31
0.0
  0
INSERT
  5
35C
330
355
100
AcDbEntity
  8
标注层
 62
     4
440
 16777216
370
     9
100
AcDbBlockReference
  2
_ClosedBlank
 10
-4562.729861834312
 20
-3501.92408313683
 30
0.0
 41
10.0
 42
10.0
 43
10.0
  0
INSERT
  5
35D
330
355
100
AcDbEntity
  8
标注层
 62
     4
440
 16777216
370
     9
100
AcDbBlockReference
  2
_ClosedBlank
 10
-4541.729861834311
 20
-3501.92408313683
 30
0.0
 41
10.0
 42
10.0
 43
10.0
 50
180.0
  0
MTEXT
  5
35E
330
355
100
AcDbEntity
  8
标注层
 62
     7
440
 16777216
100
AcDbMText
 10
-4552.229861834311
 20
-3488.874092251413
 30
0.0
 40
20.0
 41
0.0
 46
0.0
 71
     5
 72
     1
  1
\A1;21
 73
     1
 44
1.0
  0
POINT
  5
35F
330
355
100
AcDbEntity
  8
Defpoints
 62
     0
440
 16777216
100
AcDbPoint
 10
-4562.729861834312
 20
-3561.942353982662
 30
0.0
  0
POINT
  5
360
330
355
100
AcDbEntity
  8
Defpoints
 62
     0
440
 16777216
100
AcDbPoint
 10
-4541.729861834311
 20
-3561.942353982662
 30
0.0
  0
POINT
  5
361
330
355
100
AcDbEntity
  8
Defpoints
 62
     0
440
 16777216
100
AcDbPoint
 10
-4541.729861834311
 20
-3501.92408313683
 30
0.0
  0
ENDBLK
  5
362
330
355
100
AcDbEntity
  8
0
100
AcDbBlockEnd
  0
BLOCK
  5
367
330
366
100
AcDbEntity
  8
0
100
AcDbBlockBegin
  2
*D63
 70
     1
 10
0.0
 20
0.0
 30
0.0
  3
*D63
  1

  0
LINE
  5
368
330
366
100
AcDbEntity
  8
标注层
 62
     4
440
 16777216
370
     9
100
AcDbLine
 10
-4541.729861834311
 20
-3561.942353982662
 30
0.0
 11
-4541.729861834311
 21
-3499.42408313683
 31
0.0
  0
LINE
  5
369
330
366
100
AcDbEntity
  8
标注层
 62
     4
440
 16777216
370
     9
100
AcDbLine
 10
-4484.729861834312
 20
-3561.942353982662
 30
0.0
 11
-4484.729861834312
 21
-3499.42408313683
 31
0.0
  0
LINE
  5
36A
330
366
100
AcDbEntity
  8
标注层
 62
     4
440
 16777216
370
     9
100
AcDbLine
 10
-4531.729861834312
 20
-3501.92408313683
 30
0.0
 11
-4494.729861834311
 21
-3501.92408313683
 31
0.0
  0
INSERT
  5
36B
330
366
100
AcDbEntity
  8
标注层
 62
     4
440
 16777216
370
     9
100
AcDbBlockReference
  2
_ClosedBlank
 10
-4541.729861834311
 20
-3501.92408313683
 30
0.0
 41
10.0
 42
10.0
 43
10.0
 50
180.0
  0
INSERT
  5
36C
330
366
100
AcDbEntity
  8
标注层
 62
     4
440
 16777216
370
     9
100
AcDbBlockReference
  2
_ClosedBlank
 10
-4484.729861834312
 20
-3501.92408313683
 30
0.0
 41
10.0
 42
10.0
 43
10.0
  0
MTEXT
  5
36D
330
366
100
AcDbEntity
  8
标注层
 62
     7
440
 16777216
100
AcDbMText
 10
-4513.229861834312
 20
-3488.874092251413
 30
0.0
 40
20.0
 41
0.0
 46
0.0
 71
     5
 72
     1
  1
\A1;57
 73
     1
 44
1.0
  0
POINT
  5
36E
330
366
100
AcDbEntity
  8
Defpoints
 62
     0
440
 16777216
100
AcDbPoint
 10
-4541.729861834311
 20
-3561.942353982662
 30
0.0
  0
POINT
  5
36F
330
366
100
AcDbEntity
  8
Defpoints
 62
     0
440
 16777216
100
AcDbPoint
 10
-4484.729861834312
 20
-3561.942353982662
 30
0.0
  0
POINT
  5
370
330
366
100
AcDbEntity
  8
Defpoints
 62
     0
440
 16777216
100
AcDbPoint
 10
-4484.729861834312
 20
-3501.92408313683
 30
0.0
  0
ENDBLK
  5
371
330
366
100
AcDbEntity
  8
0
100
AcDbBlockEnd
  0
BLOCK
  5
379
330
378
100
AcDbEntity
  8
0
100
AcDbBlockBegin
  2
*D64
 70
     1
 10
0.0
 20
0.0
 30
0.0
  3
*D64
  1

  0
LINE
  5
37A
330
378
100
AcDbEntity
  8
标注层
 62
     4
440
 16777216
370
     9
100
AcDbLine
 10
-4760.729861834312
 20
-3561.942353982662
 30
0.0
 11
-4848.400212957257
 21
-3561.942353982662
 31
0.0
  0
LINE
  5
37B
330
378
100
AcDbEntity
  8
标注层
 62
     4
440
 16777216
370
     9
100
AcDbLine
 10
-4697.729861834313
 20
-3841.94235398267
 30
0.0
 11
-4848.400212957257
 21
-3841.94235398267
 31
0.0
  0
LINE
  5
37C
330
378
100
AcDbEntity
  8
标注层
 62
     4
440
 16777216
370
     9
100
AcDbLine
 10
-4845.900212957257
 20
-3571.942353982662
 30
0.0
 11
-4845.900212957257
 21
-3831.94235398267
 31
0.0
  0
INSERT
  5
37D
330
378
100
AcDbEntity
  8
标注层
 62
     4
440
 16777216
370
     9
100
AcDbBlockReference
  2
_ClosedBlank
 10
-4845.900212957257
 20
-3561.942353982662
 30
0.0
 41
10.0
 42
10.0
 43
10.0
 50
90.0
  0
INSERT
  5
37E
330
378
100
AcDbEntity
  8
标注层
 62
     4
440
 16777216
370
     9
100
AcDbBlockReference
  2
_ClosedBlank
 10
-4845.900212957257
 20
-3841.94235398267
 30
0.0
 41
10.0
 42
10.0
 43
10.0
 50
270.0
  0
MTEXT
  5
37F
330
378
100
AcDbEntity
  8
标注层
 62
     7
440
 16777216
100
AcDbMText
 10
-4868.950203842674
 20
-3701.942353982663
 30
0.0
 40
40.0
 41
0.0
 46
0.0
 71
     5
 72
     1
  1
\A1;280
 11
0.0000000000000001
 21
1.0
 31
0.0
 73
     1
 44
1.0
  0
POINT
  5
380
330
378
100
AcDbEntity
  8
Defpoints
 62
     0
440
 16777216
100
AcDbPoint
 10
-4760.729861834312
 20
-3561.942353982662
 30
0.0
  0
POINT
  5
381
330
378
100
AcDbEntity
  8
Defpoints
 62
     0
440
 16777216
100
AcDbPoint
 10
-4697.729861834313
 20
-3841.94235398267
 30
0.0
  0
POINT
  5
382
330
378
100
AcDbEntity
  8
Defpoints
 62
     0
440
 16777216
100
AcDbPoint
 10
-4845.900212957257
 20
-3841.94235398267
 30
0.0
  0
ENDBLK
  5
383
330
378
100
AcDbEntity
  8
0
100
AcDbBlockEnd
  0
BLOCK
  5
388
330
387
100
AcDbEntity
  8
0
100
AcDbBlockBegin
  2
*D65
 70
     1
 10
0.0
 20
0.0
 30
0.0
  3
*D65
  1

  0
LINE
  5
389
330
387
100
AcDbEntity
  8
标注层
 62
     4
440
 16777216
370
     9
100
AcDbLine
 10
-4697.729861834313
 20
-3841.94235398267
 30
0.0
 11
-4848.400212957258
 21
-3841.94235398267
 31
0.0
  0
LINE
  5
38A
330
387
100
AcDbEntity
  8
标注层
 62
     4
440
 16777216
370
     9
100
AcDbLine
 10
-4697.729861834313
 20
-4241.942353982669
 30
0.0
 11
-4848.400212957258
 21
-4241.942353982669
 31
0.0
  0
LINE
  5
38B
330
387
100
AcDbEntity
  8
标注层
 62
     4
440
 16777216
370
     9
100
AcDbLine
 10
-4845.900212957258
 20
-3851.94235398267
 30
0.0
 11
-4845.900212957258
 21
-4231.942353982669
 31
0.0
  0
INSERT
  5
38C
330
387
100
AcDbEntity
  8
标注层
 62
     4
440
 16777216
370
     9
100
AcDbBlockReference
  2
_ClosedBlank
 10
-4845.900212957258
 20
-3841.94235398267
 30
0.0
 41
10.0
 42
10.0
 43
10.0
 50
90.0
  0
INSERT
  5
38D
330
387
100
AcDbEntity
  8
标注层
 62
     4
440
 16777216
370
     9
100
AcDbBlockReference
  2
_ClosedBlank
 10
-4845.900212957258
 20
-4241.942353982669
 30
0.0
 41
10.0
 42
10.0
 43
10.0
 50
270.0
  0
MTEXT
  5
38E
330
387
100
AcDbEntity
  8
标注层
 62
     7
440
 16777216
100
AcDbMText
 10
-4868.950203842675
 20
-4041.942353982667
 30
0.0
 40
40.0
 41
0.0
 46
0.0
 71
     5
 72
     1
  1
\A1;400
 11
0.0000000000000001
 21
1.0
 31
0.0
 73
     1
 44
1.0
  0
POINT
  5
38F
330
387
100
AcDbEntity
  8
Defpoints
 62
     0
440
 16777216
100
AcDbPoint
 10
-4697.729861834313
 20
-3841.94235398267
 30
0.0
  0
POINT
  5
390
330
387
100
AcDbEntity
  8
Defpoints
 62
     0
440
 16777216
100
AcDbPoint
 10
-4697.729861834313
 20
-4241.942353982669
 30
0.0
  0
POINT
  5
391
330
387
100
AcDbEntity
  8
Defpoints
 62
     0
440
 16777216
100
AcDbPoint
 10
-4845.900212957258
 20
-4241.942353982669
 30
0.0
  0
ENDBLK
  5
392
330
387
100
AcDbEntity
  8
0
100
AcDbBlockEnd
  0
BLOCK
  5
397
330
396
100
AcDbEntity
  8
0
100
AcDbBlockBegin
  2
*D66
 70
     1
 10
0.0
 20
0.0
 30
0.0
  3
*D66
  1

  0
LINE
  5
398
330
396
100
AcDbEntity
  8
标注层
 62
     4
440
 16777216
370
     9
100
AcDbLine
 10
-4697.729861834313
 20
-5981.942353982655
 30
0.0
 11
-4848.400212957258
 21
-5981.942353982655
 31
0.0
  0
LINE
  5
399
330
396
100
AcDbEntity
  8
标注层
 62
     4
440
 16777216
370
     9
100
AcDbLine
 10
-4760.729861834312
 20
-6261.942353982664
 30
0.0
 11
-4848.400212957257
 21
-6261.942353982664
 31
0.0
  0
LINE
  5
39A
330
396
100
AcDbEntity
  8
标注层
 62
     4
440
 16777216
370
     9
100
AcDbLine
 10
-4845.900212957258
 20
-5991.942353982654
 30
0.0
 11
-4845.900212957257
 21
-6251.942353982664
 31
0.0
  0
INSERT
  5
39B
330
396
100
AcDbEntity
  8
标注层
 62
     4
440
 16777216
370
     9
100
AcDbBlockReference
  2
_ClosedBlank
 10
-4845.900212957258
 20
-5981.942353982655
 30
0.0
 41
10.0
 42
10.0
 43
10.0
 50
90.0
  0
INSERT
  5
39C
330
396
100
AcDbEntity
  8
标注层
 62
     4
440
 16777216
370
     9
100
AcDbBlockReference
  2
_ClosedBlank
 10
-4845.900212957257
 20
-6261.942353982664
 30
0.0
 41
10.0
 42
10.0
 43
10.0
 50
270.0
  0
MTEXT
  5
39D
330
396
100
AcDbEntity
  8
标注层
 62
     7
440
 16777216
100
AcDbMText
 10
-4868.950203842675
 20
-6121.942353982658
 30
0.0
 40
40.0
 41
0.0
 46
0.0
 71
     5
 72
     1
  1
\A1;280
 11
0.0000000000000001
 21
1.0
 31
0.0
 73
     1
 44
1.0
  0
POINT
  5
39E
330
396
100
AcDbEntity
  8
Defpoints
 62
     0
440
 16777216
100
AcDbPoint
 10
-4697.729861834313
 20
-5981.942353982655
 30
0.0
  0
POINT
  5
39F
330
396
100
AcDbEntity
  8
Defpoints
 62
     0
440
 16777216
100
AcDbPoint
 10
-4760.729861834312
 20
-6261.942353982664
 30
0.0
  0
POINT
  5
3A0
330
396
100
AcDbEntity
  8
Defpoints
 62
     0
440
 16777216
100
AcDbPoint
 10
-4845.900212957257
 20
-6261.942353982664
 30
0.0
  0
ENDBLK
  5
3A1
330
396
100
AcDbEntity
  8
0
100
AcDbBlockEnd
  0
BLOCK
  5
3EA
330
3E9
100
AcDbEntity
  8
0
100
AcDbBlockBegin
  2
*D67
 70
     1
 10
0.0
 20
0.0
 30
0.0
  3
*D67
  1

  0
LINE
  5
3EB
330
3E9
100
AcDbEntity
  8
绘图层
 62
     4
440
 16777216
370
     9
100
AcDbLine
 10
-1232.79534239231
 20
-3333.673596718653
 30
0.0
 11
-1232.79534239231
 21
-3240.225113093031
 31
0.0
  0
LINE
  5
3EC
330
3E9
100
AcDbEntity
  8
绘图层
 62
     4
440
 16777216
370
     9
100
AcDbLine
 10
-907.9953423923052
 20
-3333.673596718651
 30
0.0
 11
-907.9953423923052
 21
-3240.225113093031
 31
0.0
  0
LINE
  5
3ED
330
3E9
100
AcDbEntity
  8
绘图层
 62
     4
440
 16777216
370
     9
100
AcDbLine
 10
-1222.79534239231
 20
-3242.725113093031
 30
0.0
 11
-917.9953423923052
 21
-3242.725113093031
 31
0.0
  0
INSERT
  5
3EE
330
3E9
100
AcDbEntity
  8
绘图层
 62
     4
440
 16777216
370
     9
100
AcDbBlockReference
  2
_ClosedBlank
 10
-1232.79534239231
 20
-3242.725113093031
 30
0.0
 41
10.0
 42
10.0
 43
10.0
 50
180.0
  0
INSERT
  5
3EF
330
3E9
100
AcDbEntity
  8
绘图层
 62
     4
440
 16777216
370
     9
100
AcDbBlockReference
  2
_ClosedBlank
 10
-907.9953423923052
 20
-3242.725113093031
 30
0.0
 41
10.0
 42
10.0
 43
10.0
  0
MTEXT
  5
3F0
330
3E9
100
AcDbEntity
  8
绘图层
 62
     7
440
 16777216
100
AcDbMText
 10
-1070.395342392307
 20
-3229.675122207614
 30
0.0
 40
20.0
 41
0.0
 46
0.0
 71
     5
 72
     1
  1
\A1;324.8
 73
     1
 44
1.0
  0
POINT
  5
3F1
330
3E9
100
AcDbEntity
  8
Defpoints
 62
     0
440
 16777216
100
AcDbPoint
 10
-1232.79534239231
 20
-3333.673596718653
 30
0.0
  0
POINT
  5
3F2
330
3E9
100
AcDbEntity
  8
Defpoints
 62
     0
440
 16777216
100
AcDbPoint
 10
-907.9953423923052
 20
-3333.673596718651
 30
0.0
  0
POINT
  5
3F3
330
3E9
100
AcDbEntity
  8
Defpoints
 62
     0
440
 16777216
100
AcDbPoint
 10
-907.9953423923052
 20
-3242.725113093031
 30
0.0
  0
ENDBLK
  5
3F4
330
3E9
100
AcDbEntity
  8
0
100
AcDbBlockEnd
  0
BLOCK
  5
5A8
330
5A7
100
AcDbEntity
  8
0
100
AcDbBlockBegin
  2
*D68
 70
     1
 10
0.0
 20
0.0
 30
0.0
  3
*D68
  1

  0
LINE
  5
5A9
330
5A7
100
AcDbEntity
  8
标注层
 62
     4
440
 16777216
370
     9
100
AcDbLine
 10
-3492.729861834312
 20
-3561.942353982662
 30
0.0
 11
-3492.729861834312
 21
-3499.42408313683
 31
0.0
  0
LINE
  5
5AA
330
5A7
100
AcDbEntity
  8
标注层
 62
     4
440
 16777216
370
     9
100
AcDbLine
 10
-3542.729861834312
 20
-3561.942353982662
 30
0.0
 11
-3542.729861834312
 21
-3499.42408313683
 31
0.0
  0
LINE
  5
5AB
330
5A7
100
AcDbEntity
  8
标注层
 62
     4
440
 16777216
370
     9
100
AcDbLine
 10
-3502.729861834313
 20
-3501.92408313683
 30
0.0
 11
-3532.729861834312
 21
-3501.92408313683
 31
0.0
  0
INSERT
  5
5AC
330
5A7
100
AcDbEntity
  8
标注层
 62
     4
440
 16777216
370
     9
100
AcDbBlockReference
  2
_ClosedBlank
 10
-3492.729861834312
 20
-3501.92408313683
 30
0.0
 41
10.0
 42
10.0
 43
10.0
  0
INSERT
  5
5AD
330
5A7
100
AcDbEntity
  8
标注层
 62
     4
440
 16777216
370
     9
100
AcDbBlockReference
  2
_ClosedBlank
 10
-3542.729861834312
 20
-3501.92408313683
 30
0.0
 41
10.0
 42
10.0
 43
10.0
 50
180.0
  0
MTEXT
  5
5AE
330
5A7
100
AcDbEntity
  8
标注层
 62
     7
440
 16777216
100
AcDbMText
 10
-3517.729861834312
 20
-3488.874092251413
 30
0.0
 40
20.0
 41
0.0
 46
0.0
 71
     5
 72
     1
  1
\A1;50
 73
     1
 44
1.0
  0
POINT
  5
5AF
330
5A7
100
AcDbEntity
  8
Defpoints
 62
     0
440
 16777216
100
AcDbPoint
 10
-3492.729861834312
 20
-3561.942353982662
 30
0.0
  0
POINT
  5
5B0
330
5A7
100
AcDbEntity
  8
Defpoints
 62
     0
440
 16777216
100
AcDbPoint
 10
-3542.729861834312
 20
-3561.942353982662
 30
0.0
  0
POINT
  5
5B1
330
5A7
100
AcDbEntity
  8
Defpoints
 62
     0
440
 16777216
100
AcDbPoint
 10
-3542.729861834312
 20
-3501.92408313683
 30
0.0
  0
ENDBLK
  5
5B2
330
5A7
100
AcDbEntity
  8
0
100
AcDbBlockEnd
  0
BLOCK
  5
5B7
330
5B6
100
AcDbEntity
  8
0
100
AcDbBlockBegin
  2
*D69
 70
     1
 10
0.0
 20
0.0
 30
0.0
  3
*D69
  1

  0
LINE
  5
5B8
330
5B6
100
AcDbEntity
  8
标注层
 62
     4
440
 16777216
370
     9
100
AcDbLine
 10
-3542.729861834312
 20
-3561.942353982662
 30
0.0
 11
-3542.729861834312
 21
-3499.42408313683
 31
0.0
  0
LINE
  5
5B9
330
5B6
100
AcDbEntity
  8
标注层
 62
     4
440
 16777216
370
     9
100
AcDbLine
 10
-3627.729861834313
 20
-3561.942353982662
 30
0.0
 11
-3627.729861834313
 21
-3499.42408313683
 31
0.0
  0
LINE
  5
5BA
330
5B6
100
AcDbEntity
  8
标注层
 62
     4
440
 16777216
370
     9
100
AcDbLine
 10
-3552.729861834313
 20
-3501.92408313683
 30
0.0
 11
-3617.729861834312
 21
-3501.92408313683
 31
0.0
  0
INSERT
  5
5BB
330
5B6
100
AcDbEntity
  8
标注层
 62
     4
440
 16777216
370
     9
100
AcDbBlockReference
  2
_ClosedBlank
 10
-3542.729861834312
 20
-3501.92408313683
 30
0.0
 41
10.0
 42
10.0
 43
10.0
  0
INSERT
  5
5BC
330
5B6
100
AcDbEntity
  8
标注层
 62
     4
440
 16777216
370
     9
100
AcDbBlockReference
  2
_ClosedBlank
 10
-3627.729861834313
 20
-3501.92408313683
 30
0.0
 41
10.0
 42
10.0
 43
10.0
 50
180.0
  0
MTEXT
  5
5BD
330
5B6
100
AcDbEntity
  8
标注层
 62
     7
440
 16777216
100
AcDbMText
 10
-3585.229861834312
 20
-3488.874092251413
 30
0.0
 40
20.0
 41
0.0
 46
0.0
 71
     5
 72
     1
  1
\A1;85
 73
     1
 44
1.0
  0
POINT
  5
5BE
330
5B6
100
AcDbEntity
  8
Defpoints
 62
     0
440
 16777216
100
AcDbPoint
 10
-3542.729861834312
 20
-3561.942353982662
 30
0.0
  0
POINT
  5
5BF
330
5B6
100
AcDbEntity
  8
Defpoints
 62
     0
440
 16777216
100
AcDbPoint
 10
-3627.729861834313
 20
-3561.942353982662
 30
0.0
  0
POINT
  5
5C0
330
5B6
100
AcDbEntity
  8
Defpoints
 62
     0
440
 16777216
100
AcDbPoint
 10
-3627.729861834313
 20
-3501.92408313683
 30
0.0
  0
ENDBLK
  5
5C1
330
5B6
100
AcDbEntity
  8
0
100
AcDbBlockEnd
  0
BLOCK
  5
5C6
330
5C5
100
AcDbEntity
  8
0
100
AcDbBlockBegin
  2
*D70
 70
     1
 10
0.0
 20
0.0
 30
0.0
  3
*D70
  1

  0
LINE
  5
5C7
330
5C5
100
AcDbEntity
  8
标注层
 62
     4
440
 16777216
370
     9
100
AcDbLine
 10
-3627.729861834313
 20
-3561.942353982662
 30
0.0
 11
-3627.729861834313
 21
-3499.42408313683
 31
0.0
  0
LINE
  5
5C8
330
5C5
100
AcDbEntity
  8
标注层
 62
     4
440
 16777216
370
     9
100
AcDbLine
 10
-3648.729861834312
 20
-3561.942353982662
 30
0.0
 11
-3648.729861834312
 21
-3499.42408313683
 31
0.0
  0
LINE
  5
5C9
330
5C5
100
AcDbEntity
  8
标注层
 62
     4
440
 16777216
370
     9
100
AcDbLine
 10
-3617.729861834312
 20
-3501.92408313683
 30
0.0
 11
-3607.729861834312
 21
-3501.92408313683
 31
0.0
  0
LINE
  5
5CA
330
5C5
100
AcDbEntity
  8
标注层
 62
     4
440
 16777216
370
     9
100
AcDbLine
 10
-3658.729861834312
 20
-3501.92408313683
 30
0.0
 11
-3668.729861834312
 21
-3501.92408313683
 31
0.0
  0
LINE
  5
5CB
330
5C5
100
AcDbEntity
  8
标注层
 62
     4
440
 16777216
370
     9
100
AcDbLine
 10
-3627.729861834313
 20
-3501.92408313683
 30
0.0
 11
-3648.729861834312
 21
-3501.92408313683
 31
0.0
  0
INSERT
  5
5CC
330
5C5
100
AcDbEntity
  8
标注层
 62
     4
440
 16777216
370
     9
100
AcDbBlockReference
  2
_ClosedBlank
 10
-3627.729861834313
 20
-3501.92408313683
 30
0.0
 41
10.0
 42
10.0
 43
10.0
 50
180.0
  0
INSERT
  5
5CD
330
5C5
100
AcDbEntity
  8
标注层
 62
     4
440
 16777216
370
     9
100
AcDbBlockReference
  2
_ClosedBlank
 10
-3648.729861834312
 20
-3501.92408313683
 30
0.0
 41
10.0
 42
10.0
 43
10.0
  0
MTEXT
  5
5CE
330
5C5
100
AcDbEntity
  8
标注层
 62
     7
440
 16777216
100
AcDbMText
 10
-3638.229861834312
 20
-3488.874092251413
 30
0.0
 40
20.0
 41
0.0
 46
0.0
 71
     5
 72
     1
  1
\A1;21
 73
     1
 44
1.0
  0
POINT
  5
5CF
330
5C5
100
AcDbEntity
  8
Defpoints
 62
     0
440
 16777216
100
AcDbPoint
 10
-3627.729861834313
 20
-3561.942353982662
 30
0.0
  0
POINT
  5
5D0
330
5C5
100
AcDbEntity
  8
Defpoints
 62
     0
440
 16777216
100
AcDbPoint
 10
-3648.729861834312
 20
-3561.942353982662
 30
0.0
  0
POINT
  5
5D1
330
5C5
100
AcDbEntity
  8
Defpoints
 62
     0
440
 16777216
100
AcDbPoint
 10
-3648.729861834312
 20
-3501.92408313683
 30
0.0
  0
ENDBLK
  5
5D2
330
5C5
100
AcDbEntity
  8
0
100
AcDbBlockEnd
  0
BLOCK
  5
5D7
330
5D6
100
AcDbEntity
  8
0
100
AcDbBlockBegin
  2
*D71
 70
     1
 10
0.0
 20
0.0
 30
0.0
  3
*D71
  1

  0
LINE
  5
5D8
330
5D6
100
AcDbEntity
  8
标注层
 62
     4
440
 16777216
370
     9
100
AcDbLine
 10
-3648.729861834312
 20
-3561.942353982662
 30
0.0
 11
-3648.729861834312
 21
-3499.42408313683
 31
0.0
  0
LINE
  5
5D9
330
5D6
100
AcDbEntity
  8
标注层
 62
     4
440
 16777216
370
     9
100
AcDbLine
 10
-3705.729861834312
 20
-3561.942353982662
 30
0.0
 11
-3705.729861834312
 21
-3499.42408313683
 31
0.0
  0
LINE
  5
5DA
330
5D6
100
AcDbEntity
  8
标注层
 62
     4
440
 16777216
370
     9
100
AcDbLine
 10
-3658.729861834312
 20
-3501.92408313683
 30
0.0
 11
-3695.729861834312
 21
-3501.92408313683
 31
0.0
  0
INSERT
  5
5DB
330
5D6
100
AcDbEntity
  8
标注层
 62
     4
440
 16777216
370
     9
100
AcDbBlockReference
  2
_ClosedBlank
 10
-3648.729861834312
 20
-3501.92408313683
 30
0.0
 41
10.0
 42
10.0
 43
10.0
  0
INSERT
  5
5DC
330
5D6
100
AcDbEntity
  8
标注层
 62
     4
440
 16777216
370
     9
100
AcDbBlockReference
  2
_ClosedBlank
 10
-3705.729861834312
 20
-3501.92408313683
 30
0.0
 41
10.0
 42
10.0
 43
10.0
 50
180.0
  0
MTEXT
  5
5DD
330
5D6
100
AcDbEntity
  8
标注层
 62
     7
440
 16777216
100
AcDbMText
 10
-3677.229861834312
 20
-3488.874092251413
 30
0.0
 40
20.0
 41
0.0
 46
0.0
 71
     5
 72
     1
  1
\A1;57
 73
     1
 44
1.0
  0
POINT
  5
5DE
330
5D6
100
AcDbEntity
  8
Defpoints
 62
     0
440
 16777216
100
AcDbPoint
 10
-3648.729861834312
 20
-3561.942353982662
 30
0.0
  0
POINT
  5
5DF
330
5D6
100
AcDbEntity
  8
Defpoints
 62
     0
440
 16777216
100
AcDbPoint
 10
-3705.729861834312
 20
-3561.942353982662
 30
0.0
  0
POINT
  5
5E0
330
5D6
100
AcDbEntity
  8
Defpoints
 62
     0
440
 16777216
100
AcDbPoint
 10
-3705.729861834312
 20
-3501.92408313683
 30
0.0
  0
ENDBLK
  5
5E1
330
5D6
100
AcDbEntity
  8
0
100
AcDbBlockEnd
  0
BLOCK
  5
5E9
330
5E8
100
AcDbEntity
  8
0
100
AcDbBlockBegin
  2
*D72
 70
     1
 10
0.0
 20
0.0
 30
0.0
  3
*D72
  1

  0
LINE
  5
5EA
330
5E8
100
AcDbEntity
  8
标注层
 62
     4
440
 16777216
370
     9
100
AcDbLine
 10
-3429.729861834314
 20
-3561.942353982662
 30
0.0
 11
-3342.059510711371
 21
-3561.942353982662
 31
0.0
  0
LINE
  5
5EB
330
5E8
100
AcDbEntity
  8
标注层
 62
     4
440
 16777216
370
     9
100
AcDbLine
 10
-3492.729861834314
 20
-3841.94235398267
 30
0.0
 11
-3342.059510711371
 21
-3841.94235398267
 31
0.0
  0
LINE
  5
5EC
330
5E8
100
AcDbEntity
  8
标注层
 62
     4
440
 16777216
370
     9
100
AcDbLine
 10
-3344.55951071137
 20
-3571.942353982662
 30
0.0
 11
-3344.55951071137
 21
-3831.94235398267
 31
0.0
  0
INSERT
  5
5ED
330
5E8
100
AcDbEntity
  8
标注层
 62
     4
440
 16777216
370
     9
100
AcDbBlockReference
  2
_ClosedBlank
 10
-3344.55951071137
 20
-3561.942353982662
 30
0.0
 41
10.0
 42
10.0
 43
10.0
 50
90.0
  0
INSERT
  5
5EE
330
5E8
100
AcDbEntity
  8
标注层
 62
     4
440
 16777216
370
     9
100
AcDbBlockReference
  2
_ClosedBlank
 10
-3344.55951071137
 20
-3841.94235398267
 30
0.0
 41
10.0
 42
10.0
 43
10.0
 50
270.0
  0
MTEXT
  5
5EF
330
5E8
100
AcDbEntity
  8
标注层
 62
     7
440
 16777216
100
AcDbMText
 10
-3367.609501596787
 20
-3701.942353982665
 30
0.0
 40
40.0
 41
0.0
 46
0.0
 71
     5
 72
     1
  1
\A1;280
 11
0.0000000000000001
 21
1.0
 31
0.0
 73
     1
 44
1.0
  0
POINT
  5
5F0
330
5E8
100
AcDbEntity
  8
Defpoints
 62
     0
440
 16777216
100
AcDbPoint
 10
-3429.729861834314
 20
-3561.942353982662
 30
0.0
  0
POINT
  5
5F1
330
5E8
100
AcDbEntity
  8
Defpoints
 62
     0
440
 16777216
100
AcDbPoint
 10
-3492.729861834314
 20
-3841.94235398267
 30
0.0
  0
POINT
  5
5F2
330
5E8
100
AcDbEntity
  8
Defpoints
 62
     0
440
 16777216
100
AcDbPoint
 10
-3344.55951071137
 20
-3841.94235398267
 30
0.0
  0
ENDBLK
  5
5F3
330
5E8
100
AcDbEntity
  8
0
100
AcDbBlockEnd
  0
BLOCK
  5
5F8
330
5F7
100
AcDbEntity
  8
0
100
AcDbBlockBegin
  2
*D73
 70
     1
 10
0.0
 20
0.0
 30
0.0
  3
*D73
  1

  0
LINE
  5
5F9
330
5F7
100
AcDbEntity
  8
标注层
 62
     4
440
 16777216
370
     9
100
AcDbLine
 10
-3492.729861834314
 20
-3841.94235398267
 30
0.0
 11
-3342.05951071137
 21
-3841.94235398267
 31
0.0
  0
LINE
  5
5FA
330
5F7
100
AcDbEntity
  8
标注层
 62
     4
440
 16777216
370
     9
100
AcDbLine
 10
-3492.729861834314
 20
-4241.942353982669
 30
0.0
 11
-3342.05951071137
 21
-4241.942353982669
 31
0.0
  0
LINE
  5
5FB
330
5F7
100
AcDbEntity
  8
标注层
 62
     4
440
 16777216
370
     9
100
AcDbLine
 10
-3344.55951071137
 20
-3851.94235398267
 30
0.0
 11
-3344.55951071137
 21
-4231.942353982669
 31
0.0
  0
INSERT
  5
5FC
330
5F7
100
AcDbEntity
  8
标注层
 62
     4
440
 16777216
370
     9
100
AcDbBlockReference
  2
_ClosedBlank
 10
-3344.55951071137
 20
-3841.94235398267
 30
0.0
 41
10.0
 42
10.0
 43
10.0
 50
90.0
  0
INSERT
  5
5FD
330
5F7
100
AcDbEntity
  8
标注层
 62
     4
440
 16777216
370
     9
100
AcDbBlockReference
  2
_ClosedBlank
 10
-3344.55951071137
 20
-4241.942353982669
 30
0.0
 41
10.0
 42
10.0
 43
10.0
 50
270.0
  0
MTEXT
  5
5FE
330
5F7
100
AcDbEntity
  8
标注层
 62
     7
440
 16777216
100
AcDbMText
 10
-3367.609501596787
 20
-4041.942353982667
 30
0.0
 40
40.0
 41
0.0
 46
0.0
 71
     5
 72
     1
  1
\A1;400
 11
0.0000000000000001
 21
1.0
 31
0.0
 73
     1
 44
1.0
  0
POINT
  5
5FF
330
5F7
100
AcDbEntity
  8
Defpoints
 62
     0
440
 16777216
100
AcDbPoint
 10
-3492.729861834314
 20
-3841.94235398267
 30
0.0
  0
POINT
  5
600
330
5F7
100
AcDbEntity
  8
Defpoints
 62
     0
440
 16777216
100
AcDbPoint
 10
-3492.729861834314
 20
-4241.942353982669
 30
0.0
  0
POINT
  5
601
330
5F7
100
AcDbEntity
  8
Defpoints
 62
     0
440
 16777216
100
AcDbPoint
 10
-3344.55951071137
 20
-4241.942353982669
 30
0.0
  0
ENDBLK
  5
602
330
5F7
100
AcDbEntity
  8
0
100
AcDbBlockEnd
  0
BLOCK
  5
607
330
606
100
AcDbEntity
  8
0
100
AcDbBlockBegin
  2
*D74
 70
     1
 10
0.0
 20
0.0
 30
0.0
  3
*D74
  1

  0
LINE
  5
608
330
606
100
AcDbEntity
  8
标注层
 62
     4
440
 16777216
370
     9
100
AcDbLine
 10
-3492.729861834314
 20
-5981.942353982655
 30
0.0
 11
-3342.059510711371
 21
-5981.942353982655
 31
0.0
  0
LINE
  5
609
330
606
100
AcDbEntity
  8
标注层
 62
     4
440
 16777216
370
     9
100
AcDbLine
 10
-3429.729861834314
 20
-6261.942353982664
 30
0.0
 11
-3342.059510711371
 21
-6261.942353982664
 31
0.0
  0
LINE
  5
60A
330
606
100
AcDbEntity
  8
标注层
 62
     4
440
 16777216
370
     9
100
AcDbLine
 10
-3344.55951071137
 20
-5991.942353982654
 30
0.0
 11
-3344.55951071137
 21
-6251.942353982664
 31
0.0
  0
INSERT
  5
60B
330
606
100
AcDbEntity
  8
标注层
 62
     4
440
 16777216
370
     9
100
AcDbBlockReference
  2
_ClosedBlank
 10
-3344.55951071137
 20
-5981.942353982655
 30
0.0
 41
10.0
 42
10.0
 43
10.0
 50
90.0
  0
INSERT
  5
60C
330
606
100
AcDbEntity
  8
标注层
 62
     4
440
 16777216
370
     9
100
AcDbBlockReference
  2
_ClosedBlank
 10
-3344.55951071137
 20
-6261.942353982664
 30
0.0
 41
10.0
 42
10.0
 43
10.0
 50
270.0
  0
MTEXT
  5
60D
330
606
100
AcDbEntity
  8
标注层
 62
     7
440
 16777216
100
AcDbMText
 10
-3367.609501596787
 20
-6121.942353982658
 30
0.0
 40
40.0
 41
0.0
 46
0.0
 71
     5
 72
     1
  1
\A1;280
 11
0.0000000000000001
 21
1.0
 31
0.0
 73
     1
 44
1.0
  0
POINT
  5
60E
330
606
100
AcDbEntity
  8
Defpoints
 62
     0
440
 16777216
100
AcDbPoint
 10
-3492.729861834314
 20
-5981.942353982655
 30
0.0
  0
POINT
  5
60F
330
606
100
AcDbEntity
  8
Defpoints
 62
     0
440
 16777216
100
AcDbPoint
 10
-3429.729861834314
 20
-6261.942353982664
 30
0.0
  0
POINT
  5
610
330
606
100
AcDbEntity
  8
Defpoints
 62
     0
440
 16777216
100
AcDbPoint
 10
-3344.55951071137
 20
-6261.942353982664
 30
0.0
  0
ENDBLK
  5
611
330
606
100
AcDbEntity
  8
0
100
AcDbBlockEnd
  0
BLOCK
  5
64A
330
649
100
AcDbEntity
  8
0
100
AcDbBlockBegin
  2
*D75
 70
     1
 10
0.0
 20
0.0
 30
0.0
  3
*D75
  1

  0
LINE
  5
64B
330
649
100
AcDbEntity
  8
标注层
 62
     4
440
 16777216
370
     9
100
AcDbLine
 10
-521.5570843802054
 20
-3606.692660159215
 30
0.0
 11
-351.0810780398245
 21
-3606.692660159215
 31
0.0
  0
LINE
  5
64C
330
649
100
AcDbEntity
  8
标注层
 62
     4
440
 16777216
370
     9
100
AcDbLine
 10
-521.5570843802054
 20
-6306.692660159217
 30
0.0
 11
-351.0810780398239
 21
-6306.692660159217
 31
0.0
  0
LINE
  5
64D
330
649
100
AcDbEntity
  8
标注层
 62
     4
440
 16777216
370
     9
100
AcDbLine
 10
-353.5810780398246
 20
-3616.692660159215
 30
0.0
 11
-353.5810780398239
 21
-6296.692660159218
 31
0.0
  0
INSERT
  5
64E
330
649
100
AcDbEntity
  8
标注层
 62
     4
440
 16777216
370
     9
100
AcDbBlockReference
  2
_ClosedBlank
 10
-353.5810780398246
 20
-3606.692660159215
 30
0.0
 41
10.0
 42
10.0
 43
10.0
 50
90.0
  0
INSERT
  5
64F
330
649
100
AcDbEntity
  8
标注层
 62
     4
440
 16777216
370
     9
100
AcDbBlockReference
  2
_ClosedBlank
 10
-353.5810780398239
 20
-6306.692660159217
 30
0.0
 41
10.0
 42
10.0
 43
10.0
 50
270.0
  0
MTEXT
  5
650
330
649
100
AcDbEntity
  8
标注层
 62
     7
440
 16777216
100
AcDbMText
 10
-376.6310689252422
 20
-4956.692660159215
 30
0.0
 40
40.0
 41
0.0
 46
0.0
 71
     5
 72
     1
  1
\A1;2700
  7
宋体
 11
0.0000000000000001
 21
1.0
 31
0.0
 73
     1
 44
1.0
  0
POINT
  5
651
330
649
100
AcDbEntity
  8
Defpoints
 62
     0
440
 16777216
100
AcDbPoint
 10
-521.5570843802054
 20
-3606.692660159215
 30
0.0
  0
POINT
  5
652
330
649
100
AcDbEntity
  8
Defpoints
 62
     0
440
 16777216
100
AcDbPoint
 10
-521.5570843802054
 20
-6306.692660159217
 30
0.0
  0
POINT
  5
653
330
649
100
AcDbEntity
  8
Defpoints
 62
     0
440
 16777216
100
AcDbPoint
 10
-353.5810780398239
 20
-6306.692660159217
 30
0.0
  0
ENDBLK
  5
654
330
649
100
AcDbEntity
  8
0
100
AcDbBlockEnd
  0
BLOCK
  5
666
330
665
100
AcDbEntity
  8
0
100
AcDbBlockBegin
  2
*D76
 70
     1
 10
0.0
 20
0.0
 30
0.0
  3
*D76
  1

  0
LINE
  5
667
330
665
100
AcDbEntity
  8
标注层
 62
     4
440
 16777216
370
     9
100
AcDbLine
 10
-846.3570843802054
 20
-3606.692660159213
 30
0.0
 11
-846.3570843802054
 21
-3424.949756073039
 31
0.0
  0
LINE
  5
668
330
665
100
AcDbEntity
  8
标注层
 62
     4
440
 16777216
370
     9
100
AcDbLine
 10
-521.5570843802051
 20
-3606.692660159213
 30
0.0
 11
-521.5570843802051
 21
-3424.949756073039
 31
0.0
  0
LINE
  5
669
330
665
100
AcDbEntity
  8
标注层
 62
     4
440
 16777216
370
     9
100
AcDbLine
 10
-836.3570843802053
 20
-3427.449756073038
 30
0.0
 11
-531.5570843802052
 21
-3427.449756073038
 31
0.0
  0
INSERT
  5
66A
330
665
100
AcDbEntity
  8
标注层
 62
     4
440
 16777216
370
     9
100
AcDbBlockReference
  2
_ClosedBlank
 10
-846.3570843802054
 20
-3427.449756073038
 30
0.0
 41
10.0
 42
10.0
 43
10.0
 50
180.0
  0
INSERT
  5
66B
330
665
100
AcDbEntity
  8
标注层
 62
     4
440
 16777216
370
     9
100
AcDbBlockReference
  2
_ClosedBlank
 10
-521.5570843802051
 20
-3427.449756073038
 30
0.0
 41
10.0
 42
10.0
 43
10.0
  0
MTEXT
  5
66C
330
665
100
AcDbEntity
  8
标注层
 62
     7
440
 16777216
100
AcDbMText
 10
-683.9570843802051
 20
-3414.399765187621
 30
0.0
 40
20.0
 41
0.0
 46
0.0
 71
     5
 72
     1
  1
\A1;324.8
  7
宋体
 73
     1
 44
1.0
  0
POINT
  5
66D
330
665
100
AcDbEntity
  8
Defpoints
 62
     0
440
 16777216
100
AcDbPoint
 10
-846.3570843802054
 20
-3606.692660159213
 30
0.0
  0
POINT
  5
66E
330
665
100
AcDbEntity
  8
Defpoints
 62
     0
440
 16777216
100
AcDbPoint
 10
-521.5570843802051
 20
-3606.692660159213
 30
0.0
  0
POINT
  5
66F
330
665
100
AcDbEntity
  8
Defpoints
 62
     0
440
 16777216
100
AcDbPoint
 10
-521.5570843802051
 20
-3427.449756073038
 30
0.0
  0
ENDBLK
  5
670
330
665
100
AcDbEntity
  8
0
100
AcDbBlockEnd
  0
BLOCK
  5
709
330
708
100
AcDbEntity
  8
0
100
AcDbBlockBegin
  2
*D77
 70
     1
 10
0.0
 20
0.0
 30
0.0
  3
*D77
  1

  0
LINE
  5
70A
330
708
100
AcDbEntity
  8
标注层
 62
     4
440
 16777216
370
     9
100
AcDbLine
 10
-846.3570843802056
 20
-3606.692660159215
 30
0.0
 11
-911.9044109293099
 21
-3606.692660159215
 31
0.0
  0
LINE
  5
70B
330
708
100
AcDbEntity
  8
标注层
 62
     4
440
 16777216
370
     9
100
AcDbLine
 10
-761.3570843802055
 20
-3653.692660159215
 30
0.0
 11
-911.9044109293099
 21
-3653.692660159215
 31
0.0
  0
LINE
  5
70C
330
708
100
AcDbEntity
  8
标注层
 62
     4
440
 16777216
370
     9
100
AcDbLine
 10
-909.4044109293102
 20
-3616.692660159215
 30
0.0
 11
-909.4044109293102
 21
-3643.692660159215
 31
0.0
  0
INSERT
  5
70D
330
708
100
AcDbEntity
  8
标注层
 62
     4
440
 16777216
370
     9
100
AcDbBlockReference
  2
_ClosedBlank
 10
-909.4044109293102
 20
-3606.692660159215
 30
0.0
 41
10.0
 42
10.0
 43
10.0
 50
90.0
  0
INSERT
  5
70E
330
708
100
AcDbEntity
  8
标注层
 62
     4
440
 16777216
370
     9
100
AcDbBlockReference
  2
_ClosedBlank
 10
-909.4044109293102
 20
-3653.692660159215
 30
0.0
 41
10.0
 42
10.0
 43
10.0
 50
270.0
  0
MTEXT
  5
70F
330
708
100
AcDbEntity
  8
标注层
 62
     7
440
 16777216
100
AcDbMText
 10
-927.4544018147278
 20
-3630.192660159214
 30
0.0
 40
30.0
 41
0.0
 46
0.0
 71
     5
 72
     1
  1
\A1;47
 11
0.0000000000000001
 21
1.0
 31
0.0
 73
     1
 44
1.0
  0
POINT
  5
710
330
708
100
AcDbEntity
  8
Defpoints
 62
     0
440
 16777216
100
AcDbPoint
 10
-846.3570843802056
 20
-3606.692660159215
 30
0.0
  0
POINT
  5
711
330
708
100
AcDbEntity
  8
Defpoints
 62
     0
440
 16777216
100
AcDbPoint
 10
-761.3570843802055
 20
-3653.692660159215
 30
0.0
  0
POINT
  5
712
330
708
100
AcDbEntity
  8
Defpoints
 62
     0
440
 16777216
100
AcDbPoint
 10
-909.4044109293102
 20
-3653.692660159215
 30
0.0
  0
ENDBLK
  5
713
330
708
100
AcDbEntity
  8
0
100
AcDbBlockEnd
  0
BLOCK
  5
3F9
330
3F8
100
AcDbEntity
  8
0
100
AcDbBlockBegin
  2
*D78
 70
     1
 10
0.0
 20
0.0
 30
0.0
  3
*D78
  1

  0
LINE
  5
3FA
330
3F8
100
AcDbEntity
  8
绘图层
 62
     4
440
 16777216
370
     9
100
AcDbLine
 10
-1089.89534239231
 20
-3333.97359671865
 30
0.0
 11
-1089.89534239231
 21
-3284.449354905842
 31
0.0
  0
LINE
  5
3FB
330
3F8
100
AcDbEntity
  8
绘图层
 62
     4
440
 16777216
370
     9
100
AcDbLine
 10
-1098.49534239231
 20
-3333.973596718652
 30
0.0
 11
-1098.49534239231
 21
-3284.449354905842
 31
0.0
  0
LINE
  5
3FC
330
3F8
100
AcDbEntity
  8
绘图层
 62
     4
440
 16777216
370
     9
100
AcDbLine
 10
-1079.89534239231
 20
-3286.949354905841
 30
0.0
 11
-1069.89534239231
 21
-3286.949354905841
 31
0.0
  0
LINE
  5
3FD
330
3F8
100
AcDbEntity
  8
绘图层
 62
     4
440
 16777216
370
     9
100
AcDbLine
 10
-1108.49534239231
 20
-3286.949354905841
 30
0.0
 11
-1164.818787850295
 21
-3286.949354905841
 31
0.0
  0
LINE
  5
3FE
330
3F8
100
AcDbEntity
  8
绘图层
 62
     4
440
 16777216
370
     9
100
AcDbLine
 10
-1089.89534239231
 20
-3286.949354905841
 30
0.0
 11
-1098.49534239231
 21
-3286.949354905841
 31
0.0
  0
INSERT
  5
3FF
330
3F8
100
AcDbEntity
  8
绘图层
 62
     4
440
 16777216
370
     9
100
AcDbBlockReference
  2
_ClosedBlank
 10
-1089.89534239231
 20
-3286.949354905841
 30
0.0
 41
10.0
 42
10.0
 43
10.0
 50
180.0
  0
INSERT
  5
400
330
3F8
100
AcDbEntity
  8
绘图层
 62
     4
440
 16777216
370
     9
100
AcDbBlockReference
  2
_ClosedBlank
 10
-1098.49534239231
 20
-3286.949354905841
 30
0.0
 41
10.0
 42
10.0
 43
10.0
  0
MTEXT
  5
401
330
3F8
100
AcDbEntity
  8
绘图层
 62
     7
440
 16777216
100
AcDbMText
 10
-1141.657065121303
 20
-3273.899364020425
 30
0.0
 40
20.0
 41
0.0
 46
0.0
 71
     5
 72
     1
  1
\A1;8.6
 73
     1
 44
1.0
  0
POINT
  5
402
330
3F8
100
AcDbEntity
  8
Defpoints
 62
     0
440
 16777216
100
AcDbPoint
 10
-1089.89534239231
 20
-3333.97359671865
 30
0.0
  0
POINT
  5
403
330
3F8
100
AcDbEntity
  8
Defpoints
 62
     0
440
 16777216
100
AcDbPoint
 10
-1098.49534239231
 20
-3333.973596718652
 30
0.0
  0
POINT
  5
404
330
3F8
100
AcDbEntity
  8
Defpoints
 62
     0
440
 16777216
100
AcDbPoint
 10
-1098.49534239231
 20
-3286.949354905841
 30
0.0
  0
ENDBLK
  5
405
330
3F8
100
AcDbEntity
  8
0
100
AcDbBlockEnd
  0
BLOCK
  5
40A
330
409
100
AcDbEntity
  8
0
100
AcDbBlockBegin
  2
*D79
 70
     1
 10
0.0
 20
0.0
 30
0.0
  3
*D79
  1

  0
LINE
  5
40B
330
409
100
AcDbEntity
  8
绘图层
 62
     4
440
 16777216
370
     9
100
AcDbLine
 10
-922.4953423923052
 20
-3334.173596718655
 30
0.0
 11
-922.4953423923052
 21
-3398.772977220113
 31
0.0
  0
LINE
  5
40C
330
409
100
AcDbEntity
  8
绘图层
 62
     4
440
 16777216
370
     9
100
AcDbLine
 10
-907.9953423923052
 20
-3334.473596718654
 30
0.0
 11
-907.9953423923052
 21
-3398.772977220113
 31
0.0
  0
LINE
  5
40D
330
409
100
AcDbEntity
  8
绘图层
 62
     4
440
 16777216
370
     9
100
AcDbLine
 10
-932.4953423923052
 20
-3396.272977220113
 30
0.0
 11
-942.4953423923053
 21
-3396.272977220113
 31
0.0
  0
LINE
  5
40E
330
409
100
AcDbEntity
  8
绘图层
 62
     4
440
 16777216
370
     9
100
AcDbLine
 10
-897.9953423923053
 20
-3396.272977220113
 30
0.0
 11
-829.7165896717512
 21
-3396.272977220113
 31
0.0
  0
LINE
  5
40F
330
409
100
AcDbEntity
  8
绘图层
 62
     4
440
 16777216
370
     9
100
AcDbLine
 10
-922.4953423923052
 20
-3396.272977220113
 30
0.0
 11
-907.9953423923052
 21
-3396.272977220113
 31
0.0
  0
INSERT
  5
410
330
409
100
AcDbEntity
  8
绘图层
 62
     4
440
 16777216
370
     9
100
AcDbBlockReference
  2
_ClosedBlank
 10
-922.4953423923052
 20
-3396.272977220113
 30
0.0
 41
10.0
 42
10.0
 43
10.0
  0
INSERT
  5
411
330
409
100
AcDbEntity
  8
绘图层
 62
     4
440
 16777216
370
     9
100
AcDbBlockReference
  2
_ClosedBlank
 10
-907.9953423923052
 20
-3396.272977220113
 30
0.0
 41
10.0
 42
10.0
 43
10.0
 50
180.0
  0
MTEXT
  5
412
330
409
100
AcDbEntity
  8
绘图层
 62
     7
440
 16777216
100
AcDbMText
 10
-858.8559660320282
 20
-3383.222986334696
 30
0.0
 40
20.0
 41
0.0
 46
0.0
 71
     5
 72
     1
  1
\A1;14.5
 73
     1
 44
1.0
  0
POINT
  5
413
330
409
100
AcDbEntity
  8
Defpoints
 62
     0
440
 16777216
100
AcDbPoint
 10
-922.4953423923052
 20
-3334.173596718655
 30
0.0
  0
POINT
  5
414
330
409
100
AcDbEntity
  8
Defpoints
 62
     0
440
 16777216
100
AcDbPoint
 10
-907.9953423923052
 20
-3334.473596718654
 30
0.0
  0
POINT
  5
415
330
409
100
AcDbEntity
  8
Defpoints
 62
     0
440
 16777216
100
AcDbPoint
 10
-907.9953423923052
 20
-3396.272977220113
 30
0.0
  0
ENDBLK
  5
416
330
409
100
AcDbEntity
  8
0
100
AcDbBlockEnd
  0
BLOCK
  5
41B
330
41A
100
AcDbEntity
  8
0
100
AcDbBlockBegin
  2
*D80
 70
     1
 10
0.0
 20
0.0
 30
0.0
  3
*D80
  1

  0
LINE
  5
41C
330
41A
100
AcDbEntity
  8
绘图层
 62
     4
440
 16777216
370
     9
100
AcDbLine
 10
-922.4953423923052
 20
-3334.173596718655
 30
0.0
 11
-922.4953423923052
 21
-3398.772977220113
 31
0.0
  0
LINE
  5
41D
330
41A
100
AcDbEntity
  8
绘图层
 62
     4
440
 16777216
370
     9
100
AcDbLine
 10
-976.4953423923087
 20
-3334.173596718655
 30
0.0
 11
-976.4953423923087
 21
-3398.772977220113
 31
0.0
  0
LINE
  5
41E
330
41A
100
AcDbEntity
  8
绘图层
 62
     4
440
 16777216
370
     9
100
AcDbLine
 10
-932.4953423923052
 20
-3396.272977220113
 30
0.0
 11
-966.4953423923087
 21
-3396.272977220113
 31
0.0
  0
INSERT
  5
41F
330
41A
100
AcDbEntity
  8
绘图层
 62
     4
440
 16777216
370
     9
100
AcDbBlockReference
  2
_ClosedBlank
 10
-922.4953423923052
 20
-3396.272977220113
 30
0.0
 41
10.0
 42
10.0
 43
10.0
  0
INSERT
  5
420
330
41A
100
AcDbEntity
  8
绘图层
 62
     4
440
 16777216
370
     9
100
AcDbBlockReference
  2
_ClosedBlank
 10
-976.4953423923087
 20
-3396.272977220113
 30
0.0
 41
10.0
 42
10.0
 43
10.0
 50
180.0
  0
MTEXT
  5
421
330
41A
100
AcDbEntity
  8
绘图层
 62
     7
440
 16777216
100
AcDbMText
 10
-949.4953423923073
 20
-3383.222986334696
 30
0.0
 40
20.0
 41
0.0
 46
0.0
 71
     5
 72
     1
  1
\A1;54
 73
     1
 44
1.0
  0
POINT
  5
422
330
41A
100
AcDbEntity
  8
Defpoints
 62
     0
440
 16777216
100
AcDbPoint
 10
-922.4953423923052
 20
-3334.173596718655
 30
0.0
  0
POINT
  5
423
330
41A
100
AcDbEntity
  8
Defpoints
 62
     0
440
 16777216
100
AcDbPoint
 10
-976.4953423923087
 20
-3334.173596718655
 30
0.0
  0
POINT
  5
424
330
41A
100
AcDbEntity
  8
Defpoints
 62
     0
440
 16777216
100
AcDbPoint
 10
-976.4953423923087
 20
-3396.272977220113
 30
0.0
  0
ENDBLK
  5
425
330
41A
100
AcDbEntity
  8
0
100
AcDbBlockEnd
  0
BLOCK
  5
42A
330
429
100
AcDbEntity
  8
0
100
AcDbBlockBegin
  2
*D81
 70
     1
 10
0.0
 20
0.0
 30
0.0
  3
*D81
  1

  0
LINE
  5
42B
330
429
100
AcDbEntity
  8
绘图层
 62
     4
440
 16777216
370
     9
100
AcDbLine
 10
-976.4953423923053
 20
-3334.173596718655
 30
0.0
 11
-976.4953423923053
 21
-3398.772977220113
 31
0.0
  0
LINE
  5
42C
330
429
100
AcDbEntity
  8
绘图层
 62
     4
440
 16777216
370
     9
100
AcDbLine
 10
-1034.495342392309
 20
-3334.173596718655
 30
0.0
 11
-1034.495342392309
 21
-3398.772977220113
 31
0.0
  0
LINE
  5
42D
330
429
100
AcDbEntity
  8
绘图层
 62
     4
440
 16777216
370
     9
100
AcDbLine
 10
-986.4953423923052
 20
-3396.272977220113
 30
0.0
 11
-1024.495342392309
 21
-3396.272977220113
 31
0.0
  0
INSERT
  5
42E
330
429
100
AcDbEntity
  8
绘图层
 62
     4
440
 16777216
370
     9
100
AcDbBlockReference
  2
_ClosedBlank
 10
-976.4953423923053
 20
-3396.272977220113
 30
0.0
 41
10.0
 42
10.0
 43
10.0
  0
INSERT
  5
42F
330
429
100
AcDbEntity
  8
绘图层
 62
     4
440
 16777216
370
     9
100
AcDbBlockReference
  2
_ClosedBlank
 10
-1034.495342392309
 20
-3396.272977220113
 30
0.0
 41
10.0
 42
10.0
 43
10.0
 50
180.0
  0
MTEXT
  5
430
330
429
100
AcDbEntity
  8
绘图层
 62
     7
440
 16777216
100
AcDbMText
 10
-1005.495342392307
 20
-3383.222986334696
 30
0.0
 40
20.0
 41
0.0
 46
0.0
 71
     5
 72
     1
  1
\A1;58
 73
     1
 44
1.0
  0
POINT
  5
431
330
429
100
AcDbEntity
  8
Defpoints
 62
     0
440
 16777216
100
AcDbPoint
 10
-976.4953423923053
 20
-3334.173596718655
 30
0.0
  0
POINT
  5
432
330
429
100
AcDbEntity
  8
Defpoints
 62
     0
440
 16777216
100
AcDbPoint
 10
-1034.495342392309
 20
-3334.173596718655
 30
0.0
  0
POINT
  5
433
330
429
100
AcDbEntity
  8
Defpoints
 62
     0
440
 16777216
100
AcDbPoint
 10
-1034.495342392309
 20
-3396.272977220113
 30
0.0
  0
ENDBLK
  5
434
330
429
100
AcDbEntity
  8
0
100
AcDbBlockEnd
  0
BLOCK
  5
439
330
438
100
AcDbEntity
  8
0
100
AcDbBlockBegin
  2
*D82
 70
     1
 10
0.0
 20
0.0
 30
0.0
  3
*D82
  1

  0
LINE
  5
43A
330
438
100
AcDbEntity
  8
绘图层
 62
     4
440
 16777216
370
     9
100
AcDbLine
 10
-1034.495342392309
 20
-3334.173596718655
 30
0.0
 11
-1034.495342392309
 21
-3398.772977220113
 31
0.0
  0
LINE
  5
43B
330
438
100
AcDbEntity
  8
绘图层
 62
     4
440
 16777216
370
     9
100
AcDbLine
 10
-1108.29534239231
 20
-3334.173596718652
 30
0.0
 11
-1108.29534239231
 21
-3398.772977220113
 31
0.0
  0
LINE
  5
43C
330
438
100
AcDbEntity
  8
绘图层
 62
     4
440
 16777216
370
     9
100
AcDbLine
 10
-1044.495342392309
 20
-3396.272977220113
 30
0.0
 11
-1098.29534239231
 21
-3396.272977220113
 31
0.0
  0
INSERT
  5
43D
330
438
100
AcDbEntity
  8
绘图层
 62
     4
440
 16777216
370
     9
100
AcDbBlockReference
  2
_ClosedBlank
 10
-1034.495342392309
 20
-3396.272977220113
 30
0.0
 41
10.0
 42
10.0
 43
10.0
  0
INSERT
  5
43E
330
438
100
AcDbEntity
  8
绘图层
 62
     4
440
 16777216
370
     9
100
AcDbBlockReference
  2
_ClosedBlank
 10
-1108.29534239231
 20
-3396.272977220113
 30
0.0
 41
10.0
 42
10.0
 43
10.0
 50
180.0
  0
MTEXT
  5
43F
330
438
100
AcDbEntity
  8
绘图层
 62
     7
440
 16777216
100
AcDbMText
 10
-1071.395342392309
 20
-3383.222986334696
 30
0.0
 40
20.0
 41
0.0
 46
0.0
 71
     5
 72
     1
  1
\A1;73.8
 73
     1
 44
1.0
  0
POINT
  5
440
330
438
100
AcDbEntity
  8
Defpoints
 62
     0
440
 16777216
100
AcDbPoint
 10
-1034.495342392309
 20
-3334.173596718655
 30
0.0
  0
POINT
  5
441
330
438
100
AcDbEntity
  8
Defpoints
 62
     0
440
 16777216
100
AcDbPoint
 10
-1108.29534239231
 20
-3334.173596718652
 30
0.0
  0
POINT
  5
442
330
438
100
AcDbEntity
  8
Defpoints
 62
     0
440
 16777216
100
AcDbPoint
 10
-1108.29534239231
 20
-3396.272977220113
 30
0.0
  0
ENDBLK
  5
443
330
438
100
AcDbEntity
  8
0
100
AcDbBlockEnd
  0
BLOCK
  5
448
330
447
100
AcDbEntity
  8
0
100
AcDbBlockBegin
  2
*D83
 70
     1
 10
0.0
 20
0.0
 30
0.0
  3
*D83
  1

  0
LINE
  5
449
330
447
100
AcDbEntity
  8
绘图层
 62
     4
440
 16777216
370
     9
100
AcDbLine
 10
-1108.29534239231
 20
-3334.173596718652
 30
0.0
 11
-1108.29534239231
 21
-3432.054371096806
 31
0.0
  0
LINE
  5
44A
330
447
100
AcDbEntity
  8
绘图层
 62
     4
440
 16777216
370
     9
100
AcDbLine
 10
-1119.29534239231
 20
-3334.173596718652
 30
0.0
 11
-1119.29534239231
 21
-3432.054371096806
 31
0.0
  0
LINE
  5
44B
330
447
100
AcDbEntity
  8
绘图层
 62
     4
440
 16777216
370
     9
100
AcDbLine
 10
-1098.29534239231
 20
-3429.554371096805
 30
0.0
 11
-1088.29534239231
 21
-3429.554371096805
 31
0.0
  0
LINE
  5
44C
330
447
100
AcDbEntity
  8
绘图层
 62
     4
440
 16777216
370
     9
100
AcDbLine
 10
-1129.29534239231
 20
-3429.554371096805
 30
0.0
 11
-1139.29534239231
 21
-3429.554371096805
 31
0.0
  0
LINE
  5
44D
330
447
100
AcDbEntity
  8
绘图层
 62
     4
440
 16777216
370
     9
100
AcDbLine
 10
-1108.29534239231
 20
-3429.554371096805
 30
0.0
 11
-1119.29534239231
 21
-3429.554371096805
 31
0.0
  0
INSERT
  5
44E
330
447
100
AcDbEntity
  8
绘图层
 62
     4
440
 16777216
370
     9
100
AcDbBlockReference
  2
_ClosedBlank
 10
-1108.29534239231
 20
-3429.554371096805
 30
0.0
 41
10.0
 42
10.0
 43
10.0
 50
180.0
  0
INSERT
  5
44F
330
447
100
AcDbEntity
  8
绘图层
 62
     4
440
 16777216
370
     9
100
AcDbBlockReference
  2
_ClosedBlank
 10
-1119.29534239231
 20
-3429.554371096805
 30
0.0
 41
10.0
 42
10.0
 43
10.0
  0
MTEXT
  5
450
330
447
100
AcDbEntity
  8
绘图层
 62
     7
440
 16777216
100
AcDbMText
 10
-1113.79534239231
 20
-3416.504380211389
 30
0.0
 40
20.0
 41
0.0
 46
0.0
 71
     5
 72
     1
  1
\A1;11
 73
     1
 44
1.0
  0
POINT
  5
451
330
447
100
AcDbEntity
  8
Defpoints
 62
     0
440
 16777216
100
AcDbPoint
 10
-1108.29534239231
 20
-3334.173596718652
 30
0.0
  0
POINT
  5
452
330
447
100
AcDbEntity
  8
Defpoints
 62
     0
440
 16777216
100
AcDbPoint
 10
-1119.29534239231
 20
-3334.173596718652
 30
0.0
  0
POINT
  5
453
330
447
100
AcDbEntity
  8
Defpoints
 62
     0
440
 16777216
100
AcDbPoint
 10
-1119.29534239231
 20
-3429.554371096805
 30
0.0
  0
ENDBLK
  5
454
330
447
100
AcDbEntity
  8
0
100
AcDbBlockEnd
  0
BLOCK
  5
459
330
458
100
AcDbEntity
  8
0
100
AcDbBlockBegin
  2
*D84
 70
     1
 10
0.0
 20
0.0
 30
0.0
  3
*D84
  1

  0
LINE
  5
45A
330
458
100
AcDbEntity
  8
绘图层
 62
     4
440
 16777216
370
     9
100
AcDbLine
 10
-1119.29534239231
 20
-3334.173596718652
 30
0.0
 11
-1119.29534239231
 21
-3398.772977220113
 31
0.0
  0
LINE
  5
45B
330
458
100
AcDbEntity
  8
绘图层
 62
     4
440
 16777216
370
     9
100
AcDbLine
 10
-1155.29534239231
 20
-3334.173596718652
 30
0.0
 11
-1155.29534239231
 21
-3398.772977220113
 31
0.0
  0
LINE
  5
45C
330
458
100
AcDbEntity
  8
绘图层
 62
     4
440
 16777216
370
     9
100
AcDbLine
 10
-1129.29534239231
 20
-3396.272977220113
 30
0.0
 11
-1145.29534239231
 21
-3396.272977220113
 31
0.0
  0
INSERT
  5
45D
330
458
100
AcDbEntity
  8
绘图层
 62
     4
440
 16777216
370
     9
100
AcDbBlockReference
  2
_ClosedBlank
 10
-1119.29534239231
 20
-3396.272977220113
 30
0.0
 41
10.0
 42
10.0
 43
10.0
  0
INSERT
  5
45E
330
458
100
AcDbEntity
  8
绘图层
 62
     4
440
 16777216
370
     9
100
AcDbBlockReference
  2
_ClosedBlank
 10
-1155.29534239231
 20
-3396.272977220113
 30
0.0
 41
10.0
 42
10.0
 43
10.0
 50
180.0
  0
MTEXT
  5
45F
330
458
100
AcDbEntity
  8
绘图层
 62
     7
440
 16777216
100
AcDbMText
 10
-1137.29534239231
 20
-3383.222986334696
 30
0.0
 40
20.0
 41
0.0
 46
0.0
 71
     5
 72
     1
  1
\A1;36
 73
     1
 44
1.0
  0
POINT
  5
460
330
458
100
AcDbEntity
  8
Defpoints
 62
     0
440
 16777216
100
AcDbPoint
 10
-1119.29534239231
 20
-3334.173596718652
 30
0.0
  0
POINT
  5
461
330
458
100
AcDbEntity
  8
Defpoints
 62
     0
440
 16777216
100
AcDbPoint
 10
-1155.29534239231
 20
-3334.173596718652
 30
0.0
  0
POINT
  5
462
330
458
100
AcDbEntity
  8
Defpoints
 62
     0
440
 16777216
100
AcDbPoint
 10
-1155.29534239231
 20
-3396.272977220113
 30
0.0
  0
ENDBLK
  5
463
330
458
100
AcDbEntity
  8
0
100
AcDbBlockEnd
  0
BLOCK
  5
468
330
467
100
AcDbEntity
  8
0
100
AcDbBlockBegin
  2
*D85
 70
     1
 10
0.0
 20
0.0
 30
0.0
  3
*D85
  1

  0
LINE
  5
469
330
467
100
AcDbEntity
  8
绘图层
 62
     4
440
 16777216
370
     9
100
AcDbLine
 10
-1155.29534239231
 20
-3334.173596718652
 30
0.0
 11
-1155.29534239231
 21
-3398.772977220113
 31
0.0
  0
LINE
  5
46A
330
467
100
AcDbEntity
  8
绘图层
 62
     4
440
 16777216
370
     9
100
AcDbLine
 10
-1216.29534239231
 20
-3334.173596718652
 30
0.0
 11
-1216.29534239231
 21
-3398.772977220113
 31
0.0
  0
LINE
  5
46B
330
467
100
AcDbEntity
  8
绘图层
 62
     4
440
 16777216
370
     9
100
AcDbLine
 10
-1165.29534239231
 20
-3396.272977220113
 30
0.0
 11
-1206.29534239231
 21
-3396.272977220113
 31
0.0
  0
INSERT
  5
46C
330
467
100
AcDbEntity
  8
绘图层
 62
     4
440
 16777216
370
     9
100
AcDbBlockReference
  2
_ClosedBlank
 10
-1155.29534239231
 20
-3396.272977220113
 30
0.0
 41
10.0
 42
10.0
 43
10.0
  0
INSERT
  5
46D
330
467
100
AcDbEntity
  8
绘图层
 62
     4
440
 16777216
370
     9
100
AcDbBlockReference
  2
_ClosedBlank
 10
-1216.29534239231
 20
-3396.272977220113
 30
0.0
 41
10.0
 42
10.0
 43
10.0
 50
180.0
  0
MTEXT
  5
46E
330
467
100
AcDbEntity
  8
绘图层
 62
     7
440
 16777216
100
AcDbMText
 10
-1185.79534239231
 20
-3383.222986334696
 30
0.0
 40
20.0
 41
0.0
 46
0.0
 71
     5
 72
     1
  1
\A1;61
 73
     1
 44
1.0
  0
POINT
  5
46F
330
467
100
AcDbEntity
  8
Defpoints
 62
     0
440
 16777216
100
AcDbPoint
 10
-1155.29534239231
 20
-3334.173596718652
 30
0.0
  0
POINT
  5
470
330
467
100
AcDbEntity
  8
Defpoints
 62
     0
440
 16777216
100
AcDbPoint
 10
-1216.29534239231
 20
-3334.173596718652
 30
0.0
  0
POINT
  5
471
330
467
100
AcDbEntity
  8
Defpoints
 62
     0
440
 16777216
100
AcDbPoint
 10
-1216.29534239231
 20
-3396.272977220113
 30
0.0
  0
ENDBLK
  5
472
330
467
100
AcDbEntity
  8
0
100
AcDbBlockEnd
  0
BLOCK
  5
477
330
476
100
AcDbEntity
  8
0
100
AcDbBlockBegin
  2
*D86
 70
     1
 10
0.0
 20
0.0
 30
0.0
  3
*D86
  1

  0
LINE
  5
478
330
476
100
AcDbEntity
  8
绘图层
 62
     4
440
 16777216
370
     9
100
AcDbLine
 10
-1047.295342392308
 20
-3333.97359671865
 30
0.0
 11
-1047.295342392308
 21
-3284.449354905842
 31
0.0
  0
LINE
  5
479
330
476
100
AcDbEntity
  8
绘图层
 62
     4
440
 16777216
370
     9
100
AcDbLine
 10
-907.9953423923052
 20
-3333.673596718651
 30
0.0
 11
-907.9953423923052
 21
-3284.449354905842
 31
0.0
  0
LINE
  5
47A
330
476
100
AcDbEntity
  8
绘图层
 62
     4
440
 16777216
370
     9
100
AcDbLine
 10
-1037.295342392308
 20
-3286.949354905841
 30
0.0
 11
-917.9953423923052
 21
-3286.949354905841
 31
0.0
  0
INSERT
  5
47B
330
476
100
AcDbEntity
  8
绘图层
 62
     4
440
 16777216
370
     9
100
AcDbBlockReference
  2
_ClosedBlank
 10
-1047.295342392308
 20
-3286.949354905841
 30
0.0
 41
10.0
 42
10.0
 43
10.0
 50
180.0
  0
INSERT
  5
47C
330
476
100
AcDbEntity
  8
绘图层
 62
     4
440
 16777216
370
     9
100
AcDbBlockReference
  2
_ClosedBlank
 10
-907.9953423923052
 20
-3286.949354905841
 30
0.0
 41
10.0
 42
10.0
 43
10.0
  0
MTEXT
  5
47D
330
476
100
AcDbEntity
  8
绘图层
 62
     7
440
 16777216
100
AcDbMText
 10
-977.6453423923069
 20
-3273.899364020425
 30
0.0
 40
20.0
 41
0.0
 46
0.0
 71
     5
 72
     1
  1
\A1;139.3
 73
     1
 44
1.0
  0
POINT
  5
47E
330
476
100
AcDbEntity
  8
Defpoints
 62
     0
440
 16777216
100
AcDbPoint
 10
-1047.295342392308
 20
-3333.97359671865
 30
0.0
  0
POINT
  5
47F
330
476
100
AcDbEntity
  8
Defpoints
 62
     0
440
 16777216
100
AcDbPoint
 10
-907.9953423923052
 20
-3333.673596718651
 30
0.0
  0
POINT
  5
480
330
476
100
AcDbEntity
  8
Defpoints
 62
     0
440
 16777216
100
AcDbPoint
 10
-907.9953423923052
 20
-3286.949354905841
 30
0.0
  0
ENDBLK
  5
481
330
476
100
AcDbEntity
  8
0
100
AcDbBlockEnd
  0
BLOCK
  5
486
330
485
100
AcDbEntity
  8
0
100
AcDbBlockBegin
  2
*D87
 70
     1
 10
0.0
 20
0.0
 30
0.0
  3
*D87
  1

  0
LINE
  5
487
330
485
100
AcDbEntity
  8
绘图层
 62
     4
440
 16777216
370
     9
100
AcDbLine
 10
-1047.295342392308
 20
-3333.973596718653
 30
0.0
 11
-1047.295342392308
 21
-3284.449354905842
 31
0.0
  0
LINE
  5
488
330
485
100
AcDbEntity
  8
绘图层
 62
     4
440
 16777216
370
     9
100
AcDbLine
 10
-1089.89534239231
 20
-3333.97359671865
 30
0.0
 11
-1089.89534239231
 21
-3284.449354905842
 31
0.0
  0
LINE
  5
489
330
485
100
AcDbEntity
  8
绘图层
 62
     4
440
 16777216
370
     9
100
AcDbLine
 10
-1057.295342392308
 20
-3286.949354905841
 30
0.0
 11
-1079.89534239231
 21
-3286.949354905841
 31
0.0
  0
INSERT
  5
48A
330
485
100
AcDbEntity
  8
绘图层
 62
     4
440
 16777216
370
     9
100
AcDbBlockReference
  2
_ClosedBlank
 10
-1047.295342392308
 20
-3286.949354905841
 30
0.0
 41
10.0
 42
10.0
 43
10.0
  0
INSERT
  5
48B
330
485
100
AcDbEntity
  8
绘图层
 62
     4
440
 16777216
370
     9
100
AcDbBlockReference
  2
_ClosedBlank
 10
-1089.89534239231
 20
-3286.949354905841
 30
0.0
 41
10.0
 42
10.0
 43
10.0
 50
180.0
  0
MTEXT
  5
48C
330
485
100
AcDbEntity
  8
绘图层
 62
     7
440
 16777216
100
AcDbMText
 10
-1068.595342392309
 20
-3273.899364020425
 30
0.0
 40
20.0
 41
0.0
 46
0.0
 71
     5
 72
     1
  1
\A1;42.6
 73
     1
 44
1.0
  0
POINT
  5
48D
330
485
100
AcDbEntity
  8
Defpoints
 62
     0
440
 16777216
100
AcDbPoint
 10
-1047.295342392308
 20
-3333.973596718653
 30
0.0
  0
POINT
  5
48E
330
485
100
AcDbEntity
  8
Defpoints
 62
     0
440
 16777216
100
AcDbPoint
 10
-1089.89534239231
 20
-3333.97359671865
 30
0.0
  0
POINT
  5
48F
330
485
100
AcDbEntity
  8
Defpoints
 62
     0
440
 16777216
100
AcDbPoint
 10
-1089.89534239231
 20
-3286.949354905841
 30
0.0
  0
ENDBLK
  5
490
330
485
100
AcDbEntity
  8
0
100
AcDbBlockEnd
  0
BLOCK
  5
49B
330
49A
100
AcDbEntity
  8
0
100
AcDbBlockBegin
  2
*D88
 70
     1
 10
0.0
 20
0.0
 30
0.0
  3
*D88
  1

  0
LINE
  5
49C
330
49A
100
AcDbEntity
  8
标注层
 62
     4
440
 16777216
370
     9
100
AcDbLine
 10
-1936.661724984378
 20
-3606.692660159215
 30
0.0
 11
-2024.399728154568
 21
-3606.692660159215
 31
0.0
  0
LINE
  5
49D
330
49A
100
AcDbEntity
  8
标注层
 62
     4
440
 16777216
370
     9
100
AcDbLine
 10
-1861.161724984385
 20
-3886.692660159223
 30
0.0
 11
-2024.399728154568
 21
-3886.692660159223
 31
0.0
  0
LINE
  5
49E
330
49A
100
AcDbEntity
  8
标注层
 62
     4
440
 16777216
370
     9
100
AcDbLine
 10
-2021.899728154568
 20
-3616.692660159215
 30
0.0
 11
-2021.899728154568
 21
-3876.692660159223
 31
0.0
  0
INSERT
  5
49F
330
49A
100
AcDbEntity
  8
标注层
 62
     4
440
 16777216
370
     9
100
AcDbBlockReference
  2
_ClosedBlank
 10
-2021.899728154568
 20
-3606.692660159215
 30
0.0
 41
10.0
 42
10.0
 43
10.0
 50
90.0
  0
INSERT
  5
4A0
330
49A
100
AcDbEntity
  8
标注层
 62
     4
440
 16777216
370
     9
100
AcDbBlockReference
  2
_ClosedBlank
 10
-2021.899728154568
 20
-3886.692660159223
 30
0.0
 41
10.0
 42
10.0
 43
10.0
 50
270.0
  0
MTEXT
  5
4A1
330
49A
100
AcDbEntity
  8
标注层
 62
     7
440
 16777216
100
AcDbMText
 10
-2044.949719039986
 20
-3746.692660159217
 30
0.0
 40
40.0
 41
0.0
 46
0.0
 71
     5
 72
     1
  1
\A1;280
 11
0.0000000000000001
 21
1.0
 31
0.0
 73
     1
 44
1.0
  0
POINT
  5
4A2
330
49A
100
AcDbEntity
  8
Defpoints
 62
     0
440
 16777216
100
AcDbPoint
 10
-1936.661724984378
 20
-3606.692660159215
 30
0.0
  0
POINT
  5
4A3
330
49A
100
AcDbEntity
  8
Defpoints
 62
     0
440
 16777216
100
AcDbPoint
 10
-1861.161724984385
 20
-3886.692660159223
 30
0.0
  0
POINT
  5
4A4
330
49A
100
AcDbEntity
  8
Defpoints
 62
     0
440
 16777216
100
AcDbPoint
 10
-2021.899728154568
 20
-3886.692660159223
 30
0.0
  0
ENDBLK
  5
4A5
330
49A
100
AcDbEntity
  8
0
100
AcDbBlockEnd
  0
BLOCK
  5
4AA
330
4A9
100
AcDbEntity
  8
0
100
AcDbBlockBegin
  2
*D89
 70
     1
 10
0.0
 20
0.0
 30
0.0
  3
*D89
  1

  0
LINE
  5
4AB
330
4A9
100
AcDbEntity
  8
标注层
 62
     4
440
 16777216
370
     9
100
AcDbLine
 10
-1861.161724984385
 20
-3886.692660159223
 30
0.0
 11
-2024.399728154568
 21
-3886.692660159223
 31
0.0
  0
LINE
  5
4AC
330
4A9
100
AcDbEntity
  8
标注层
 62
     4
440
 16777216
370
     9
100
AcDbLine
 10
-1861.161724984385
 20
-4286.692660159222
 30
0.0
 11
-2024.399728154568
 21
-4286.692660159222
 31
0.0
  0
LINE
  5
4AD
330
4A9
100
AcDbEntity
  8
标注层
 62
     4
440
 16777216
370
     9
100
AcDbLine
 10
-2021.899728154568
 20
-3896.692660159222
 30
0.0
 11
-2021.899728154568
 21
-4276.692660159223
 31
0.0
  0
INSERT
  5
4AE
330
4A9
100
AcDbEntity
  8
标注层
 62
     4
440
 16777216
370
     9
100
AcDbBlockReference
  2
_ClosedBlank
 10
-2021.899728154568
 20
-3886.692660159223
 30
0.0
 41
10.0
 42
10.0
 43
10.0
 50
90.0
  0
INSERT
  5
4AF
330
4A9
100
AcDbEntity
  8
标注层
 62
     4
440
 16777216
370
     9
100
AcDbBlockReference
  2
_ClosedBlank
 10
-2021.899728154568
 20
-4286.692660159222
 30
0.0
 41
10.0
 42
10.0
 43
10.0
 50
270.0
  0
MTEXT
  5
4B0
330
4A9
100
AcDbEntity
  8
标注层
 62
     7
440
 16777216
100
AcDbMText
 10
-2044.949719039986
 20
-4086.692660159221
 30
0.0
 40
40.0
 41
0.0
 46
0.0
 71
     5
 72
     1
  1
\A1;400
 11
0.0000000000000001
 21
1.0
 31
0.0
 73
     1
 44
1.0
  0
POINT
  5
4B1
330
4A9
100
AcDbEntity
  8
Defpoints
 62
     0
440
 16777216
100
AcDbPoint
 10
-1861.161724984385
 20
-3886.692660159223
 30
0.0
  0
POINT
  5
4B2
330
4A9
100
AcDbEntity
  8
Defpoints
 62
     0
440
 16777216
100
AcDbPoint
 10
-1861.161724984385
 20
-4286.692660159222
 30
0.0
  0
POINT
  5
4B3
330
4A9
100
AcDbEntity
  8
Defpoints
 62
     0
440
 16777216
100
AcDbPoint
 10
-2021.899728154568
 20
-4286.692660159222
 30
0.0
  0
ENDBLK
  5
4B4
330
4A9
100
AcDbEntity
  8
0
100
AcDbBlockEnd
  0
BLOCK
  5
4B9
330
4B8
100
AcDbEntity
  8
0
100
AcDbBlockBegin
  2
*D90
 70
     1
 10
0.0
 20
0.0
 30
0.0
  3
*D90
  1

  0
LINE
  5
4BA
330
4B8
100
AcDbEntity
  8
标注层
 62
     4
440
 16777216
370
     9
100
AcDbLine
 10
-1861.161724984385
 20
-6026.692660159207
 30
0.0
 11
-2024.399728154568
 21
-6026.692660159207
 31
0.0
  0
LINE
  5
4BB
330
4B8
100
AcDbEntity
  8
标注层
 62
     4
440
 16777216
370
     9
100
AcDbLine
 10
-1936.661724984378
 20
-6306.692660159217
 30
0.0
 11
-2024.399728154568
 21
-6306.692660159217
 31
0.0
  0
LINE
  5
4BC
330
4B8
100
AcDbEntity
  8
标注层
 62
     4
440
 16777216
370
     9
100
AcDbLine
 10
-2021.899728154568
 20
-6036.692660159207
 30
0.0
 11
-2021.899728154568
 21
-6296.692660159218
 31
0.0
  0
INSERT
  5
4BD
330
4B8
100
AcDbEntity
  8
标注层
 62
     4
440
 16777216
370
     9
100
AcDbBlockReference
  2
_ClosedBlank
 10
-2021.899728154568
 20
-6026.692660159207
 30
0.0
 41
10.0
 42
10.0
 43
10.0
 50
90.0
  0
INSERT
  5
4BE
330
4B8
100
AcDbEntity
  8
标注层
 62
     4
440
 16777216
370
     9
100
AcDbBlockReference
  2
_ClosedBlank
 10
-2021.899728154568
 20
-6306.692660159217
 30
0.0
 41
10.0
 42
10.0
 43
10.0
 50
270.0
  0
MTEXT
  5
4BF
330
4B8
100
AcDbEntity
  8
标注层
 62
     7
440
 16777216
100
AcDbMText
 10
-2044.949719039987
 20
-6166.692660159212
 30
0.0
 40
40.0
 41
0.0
 46
0.0
 71
     5
 72
     1
  1
\A1;280
 11
0.0000000000000001
 21
1.0
 31
0.0
 73
     1
 44
1.0
  0
POINT
  5
4C0
330
4B8
100
AcDbEntity
  8
Defpoints
 62
     0
440
 16777216
100
AcDbPoint
 10
-1861.161724984385
 20
-6026.692660159207
 30
0.0
  0
POINT
  5
4C1
330
4B8
100
AcDbEntity
  8
Defpoints
 62
     0
440
 16777216
100
AcDbPoint
 10
-1936.661724984378
 20
-6306.692660159217
 30
0.0
  0
POINT
  5
4C2
330
4B8
100
AcDbEntity
  8
Defpoints
 62
     0
440
 16777216
100
AcDbPoint
 10
-2021.899728154568
 20
-6306.692660159217
 30
0.0
  0
ENDBLK
  5
4C3
330
4B8
100
AcDbEntity
  8
0
100
AcDbBlockEnd
  0
BLOCK
  5
4C8
330
4C7
100
AcDbEntity
  8
0
100
AcDbBlockBegin
  2
*D91
 70
     1
 10
0.0
 20
0.0
 30
0.0
  3
*D91
  1

  0
LINE
  5
4C9
330
4C7
100
AcDbEntity
  8
标注层
 62
     4
440
 16777216
370
     9
100
AcDbLine
 10
-1861.161724984384
 20
-3814.69266015922
 30
0.0
 11
-1861.161724984384
 21
-6175.929210704271
 31
0.0
  0
LINE
  5
4CA
330
4C7
100
AcDbEntity
  8
标注层
 62
     4
440
 16777216
370
     9
100
AcDbLine
 10
-1868.161724984377
 20
-3814.69266015922
 30
0.0
 11
-1868.161724984377
 21
-6175.929210704271
 31
0.0
  0
LINE
  5
4CB
330
4C7
100
AcDbEntity
  8
标注层
 62
     4
440
 16777216
370
     9
100
AcDbLine
 10
-1851.161724984384
 20
-6173.429210704271
 30
0.0
 11
-1841.161724984384
 21
-6173.429210704271
 31
0.0
  0
LINE
  5
4CC
330
4C7
100
AcDbEntity
  8
标注层
 62
     4
440
 16777216
370
     9
100
AcDbLine
 10
-1878.161724984377
 20
-6173.429210704271
 30
0.0
 11
-1915.937684408842
 21
-6173.429210704271
 31
0.0
  0
LINE
  5
4CD
330
4C7
100
AcDbEntity
  8
标注层
 62
     4
440
 16777216
370
     9
100
AcDbLine
 10
-1861.161724984384
 20
-6173.429210704271
 30
0.0
 11
-1868.161724984377
 21
-6173.429210704271
 31
0.0
  0
INSERT
  5
4CE
330
4C7
100
AcDbEntity
  8
标注层
 62
     4
440
 16777216
370
     9
100
AcDbBlockReference
  2
_ClosedBlank
 10
-1861.161724984384
 20
-6173.429210704271
 30
0.0
 41
10.0
 42
10.0
 43
10.0
 50
180.0
  0
INSERT
  5
4CF
330
4C7
100
AcDbEntity
  8
标注层
 62
     4
440
 16777216
370
     9
100
AcDbBlockReference
  2
_ClosedBlank
 10
-1868.161724984377
 20
-6173.429210704271
 30
0.0
 41
10.0
 42
10.0
 43
10.0
  0
MTEXT
  5
4D0
330
4C7
100
AcDbEntity
  8
标注层
 62
     7
440
 16777216
100
AcDbMText
 10
-1902.049704696609
 20
-6150.379219818855
 30
0.0
 40
40.0
 41
0.0
 46
0.0
 71
     5
 72
     1
  1
\A1;7
 73
     1
 44
1.0
  0
POINT
  5
4D1
330
4C7
100
AcDbEntity
  8
Defpoints
 62
     0
440
 16777216
100
AcDbPoint
 10
-1861.161724984384
 20
-3814.69266015922
 30
0.0
  0
POINT
  5
4D2
330
4C7
100
AcDbEntity
  8
Defpoints
 62
     0
440
 16777216
100
AcDbPoint
 10
-1868.161724984377
 20
-3814.69266015922
 30
0.0
  0
POINT
  5
4D3
330
4C7
100
AcDbEntity
  8
Defpoints
 62
     0
440
 16777216
100
AcDbPoint
 10
-1868.161724984377
 20
-6173.429210704271
 30
0.0
  0
ENDBLK
  5
4D4
330
4C7
100
AcDbEntity
  8
0
100
AcDbBlockEnd
  0
BLOCK
  5
4D9
330
4D8
100
AcDbEntity
  8
0
100
AcDbBlockBegin
  2
*D92
 70
     1
 10
0.0
 20
0.0
 30
0.0
  3
*D92
  1

  0
LINE
  5
4DA
330
4D8
100
AcDbEntity
  8
标注层
 62
     4
440
 16777216
370
     9
100
AcDbLine
 10
-1838.161724984385
 20
-3791.692660159223
 30
0.0
 11
-1493.203995318698
 21
-3791.692660159223
 31
0.0
  0
LINE
  5
4DB
330
4D8
100
AcDbEntity
  8
标注层
 62
     4
440
 16777216
370
     9
100
AcDbLine
 10
-1838.161724984385
 20
-3981.692660159222
 30
0.0
 11
-1493.203995318698
 21
-3981.692660159222
 31
0.0
  0
LINE
  5
4DC
330
4D8
100
AcDbEntity
  8
标注层
 62
     4
440
 16777216
370
     9
100
AcDbLine
 10
-1495.703995318698
 20
-3801.692660159222
 30
0.0
 11
-1495.703995318698
 21
-3971.692660159222
 31
0.0
  0
INSERT
  5
4DD
330
4D8
100
AcDbEntity
  8
标注层
 62
     4
440
 16777216
370
     9
100
AcDbBlockReference
  2
_ClosedBlank
 10
-1495.703995318698
 20
-3791.692660159223
 30
0.0
 41
10.0
 42
10.0
 43
10.0
 50
90.0
  0
INSERT
  5
4DE
330
4D8
100
AcDbEntity
  8
标注层
 62
     4
440
 16777216
370
     9
100
AcDbBlockReference
  2
_ClosedBlank
 10
-1495.703995318698
 20
-3981.692660159222
 30
0.0
 41
10.0
 42
10.0
 43
10.0
 50
270.0
  0
MTEXT
  5
4DF
330
4D8
100
AcDbEntity
  8
标注层
 62
     7
440
 16777216
100
AcDbMText
 10
-1518.753986204116
 20
-3886.692660159221
 30
0.0
 40
40.0
 41
0.0
 46
0.0
 71
     5
 72
     1
  1
\A1;190
 11
0.0000000000000001
 21
1.0
 31
0.0
 73
     1
 44
1.0
  0
POINT
  5
4E0
330
4D8
100
AcDbEntity
  8
Defpoints
 62
     0
440
 16777216
100
AcDbPoint
 10
-1838.161724984385
 20
-3791.692660159223
 30
0.0
  0
POINT
  5
4E1
330
4D8
100
AcDbEntity
  8
Defpoints
 62
     0
440
 16777216
100
AcDbPoint
 10
-1838.161724984385
 20
-3981.692660159222
 30
0.0
  0
POINT
  5
4E2
330
4D8
100
AcDbEntity
  8
Defpoints
 62
     0
440
 16777216
100
AcDbPoint
 10
-1495.703995318698
 20
-3981.692660159222
 30
0.0
  0
ENDBLK
  5
4E3
330
4D8
100
AcDbEntity
  8
0
100
AcDbBlockEnd
  0
BLOCK
  5
4E8
330
4E7
100
AcDbEntity
  8
0
100
AcDbBlockBegin
  2
*D93
 70
     1
 10
0.0
 20
0.0
 30
0.0
  3
*D93
  1

  0
LINE
  5
4E9
330
4E7
100
AcDbEntity
  8
标注层
 62
     4
440
 16777216
370
     9
100
AcDbLine
 10
-1838.161724984385
 20
-4191.692660159222
 30
0.0
 11
-1493.203995318699
 21
-4191.692660159222
 31
0.0
  0
LINE
  5
4EA
330
4E7
100
AcDbEntity
  8
标注层
 62
     4
440
 16777216
370
     9
100
AcDbLine
 10
-1838.161724984385
 20
-4381.692660159222
 30
0.0
 11
-1493.203995318699
 21
-4381.692660159222
 31
0.0
  0
LINE
  5
4EB
330
4E7
100
AcDbEntity
  8
标注层
 62
     4
440
 16777216
370
     9
100
AcDbLine
 10
-1495.703995318699
 20
-4201.692660159222
 30
0.0
 11
-1495.703995318699
 21
-4371.692660159221
 31
0.0
  0
INSERT
  5
4EC
330
4E7
100
AcDbEntity
  8
标注层
 62
     4
440
 16777216
370
     9
100
AcDbBlockReference
  2
_ClosedBlank
 10
-1495.703995318699
 20
-4191.692660159222
 30
0.0
 41
10.0
 42
10.0
 43
10.0
 50
90.0
  0
INSERT
  5
4ED
330
4E7
100
AcDbEntity
  8
标注层
 62
     4
440
 16777216
370
     9
100
AcDbBlockReference
  2
_ClosedBlank
 10
-1495.703995318699
 20
-4381.692660159222
 30
0.0
 41
10.0
 42
10.0
 43
10.0
 50
270.0
  0
MTEXT
  5
4EE
330
4E7
100
AcDbEntity
  8
标注层
 62
     7
440
 16777216
100
AcDbMText
 10
-1518.753986204117
 20
-4286.692660159221
 30
0.0
 40
40.0
 41
0.0
 46
0.0
 71
     5
 72
     1
  1
\A1;190
 11
0.0000000000000001
 21
1.0
 31
0.0
 73
     1
 44
1.0
  0
POINT
  5
4EF
330
4E7
100
AcDbEntity
  8
Defpoints
 62
     0
440
 16777216
100
AcDbPoint
 10
-1838.161724984385
 20
-4191.692660159222
 30
0.0
  0
POINT
  5
4F0
330
4E7
100
AcDbEntity
  8
Defpoints
 62
     0
440
 16777216
100
AcDbPoint
 10
-1838.161724984385
 20
-4381.692660159222
 30
0.0
  0
POINT
  5
4F1
330
4E7
100
AcDbEntity
  8
Defpoints
 62
     0
440
 16777216
100
AcDbPoint
 10
-1495.703995318699
 20
-4381.692660159222
 30
0.0
  0
ENDBLK
  5
4F2
330
4E7
100
AcDbEntity
  8
0
100
AcDbBlockEnd
  0
BLOCK
  5
4F7
330
4F6
100
AcDbEntity
  8
0
100
AcDbBlockBegin
  2
*D94
 70
     1
 10
0.0
 20
0.0
 30
0.0
  3
*D94
  1

  0
LINE
  5
4F8
330
4F6
100
AcDbEntity
  8
标注层
 62
     4
440
 16777216
370
     9
100
AcDbLine
 10
-1838.161724984385
 20
-5931.692660159208
 30
0.0
 11
-1493.203995318699
 21
-5931.692660159208
 31
0.0
  0
LINE
  5
4F9
330
4F6
100
AcDbEntity
  8
标注层
 62
     4
440
 16777216
370
     9
100
AcDbLine
 10
-1838.161724984385
 20
-6121.692660159208
 30
0.0
 11
-1493.203995318699
 21
-6121.692660159208
 31
0.0
  0
LINE
  5
4FA
330
4F6
100
AcDbEntity
  8
标注层
 62
     4
440
 16777216
370
     9
100
AcDbLine
 10
-1495.703995318699
 20
-5941.692660159208
 30
0.0
 11
-1495.703995318699
 21
-6111.692660159206
 31
0.0
  0
INSERT
  5
4FB
330
4F6
100
AcDbEntity
  8
标注层
 62
     4
440
 16777216
370
     9
100
AcDbBlockReference
  2
_ClosedBlank
 10
-1495.703995318699
 20
-5931.692660159208
 30
0.0
 41
10.0
 42
10.0
 43
10.0
 50
90.0
  0
INSERT
  5
4FC
330
4F6
100
AcDbEntity
  8
标注层
 62
     4
440
 16777216
370
     9
100
AcDbBlockReference
  2
_ClosedBlank
 10
-1495.703995318699
 20
-6121.692660159208
 30
0.0
 41
10.0
 42
10.0
 43
10.0
 50
270.0
  0
MTEXT
  5
4FD
330
4F6
100
AcDbEntity
  8
标注层
 62
     7
440
 16777216
100
AcDbMText
 10
-1518.753986204117
 20
-6026.692660159207
 30
0.0
 40
40.0
 41
0.0
 46
0.0
 71
     5
 72
     1
  1
\A1;190
 11
0.0000000000000001
 21
1.0
 31
0.0
 73
     1
 44
1.0
  0
POINT
  5
4FE
330
4F6
100
AcDbEntity
  8
Defpoints
 62
     0
440
 16777216
100
AcDbPoint
 10
-1838.161724984385
 20
-5931.692660159208
 30
0.0
  0
POINT
  5
4FF
330
4F6
100
AcDbEntity
  8
Defpoints
 62
     0
440
 16777216
100
AcDbPoint
 10
-1838.161724984385
 20
-6121.692660159208
 30
0.0
  0
POINT
  5
500
330
4F6
100
AcDbEntity
  8
Defpoints
 62
     0
440
 16777216
100
AcDbPoint
 10
-1495.703995318699
 20
-6121.692660159208
 30
0.0
  0
ENDBLK
  5
501
330
4F6
100
AcDbEntity
  8
0
100
AcDbBlockEnd
  0
BLOCK
  5
56A
330
569
100
AcDbEntity
  8
0
100
AcDbBlockBegin
  2
*D95
 70
     1
 10
0.0
 20
0.0
 30
0.0
  3
*D95
  1

  0
LINE
  5
56B
330
569
100
AcDbEntity
  8
标注层
 62
     4
440
 16777216
370
     9
100
AcDbLine
 10
-3429.729861834312
 20
-3561.942353982662
 30
0.0
 11
-3429.729861834312
 21
-3441.905812291
 31
0.0
  0
LINE
  5
56C
330
569
100
AcDbEntity
  8
标注层
 62
     4
440
 16777216
370
     9
100
AcDbLine
 10
-3555.729861834312
 20
-3561.942353982662
 30
0.0
 11
-3555.729861834312
 21
-3441.905812291
 31
0.0
  0
LINE
  5
56D
330
569
100
AcDbEntity
  8
标注层
 62
     4
440
 16777216
370
     9
100
AcDbLine
 10
-3439.729861834312
 20
-3444.405812290999
 30
0.0
 11
-3545.729861834312
 21
-3444.405812290999
 31
0.0
  0
INSERT
  5
56E
330
569
100
AcDbEntity
  8
标注层
 62
     4
440
 16777216
370
     9
100
AcDbBlockReference
  2
_ClosedBlank
 10
-3429.729861834312
 20
-3444.405812290999
 30
0.0
 41
10.0
 42
10.0
 43
10.0
  0
INSERT
  5
56F
330
569
100
AcDbEntity
  8
标注层
 62
     4
440
 16777216
370
     9
100
AcDbBlockReference
  2
_ClosedBlank
 10
-3555.729861834312
 20
-3444.405812290999
 30
0.0
 41
10.0
 42
10.0
 43
10.0
 50
180.0
  0
MTEXT
  5
570
330
569
100
AcDbEntity
  8
标注层
 62
     7
440
 16777216
100
AcDbMText
 10
-3492.729861834312
 20
-3431.355821405583
 30
0.0
 40
20.0
 41
0.0
 46
0.0
 71
     5
 72
     1
  1
\A1;126
 73
     1
 44
1.0
  0
POINT
  5
571
330
569
100
AcDbEntity
  8
Defpoints
 62
     0
440
 16777216
100
AcDbPoint
 10
-3429.729861834312
 20
-3561.942353982662
 30
0.0
  0
POINT
  5
572
330
569
100
AcDbEntity
  8
Defpoints
 62
     0
440
 16777216
100
AcDbPoint
 10
-3555.729861834312
 20
-3561.942353982662
 30
0.0
  0
POINT
  5
573
330
569
100
AcDbEntity
  8
Defpoints
 62
     0
440
 16777216
100
AcDbPoint
 10
-3555.729861834312
 20
-3444.405812290999
 30
0.0
  0
ENDBLK
  5
574
330
569
100
AcDbEntity
  8
0
100
AcDbBlockEnd
  0
BLOCK
  5
579
330
578
100
AcDbEntity
  8
0
100
AcDbBlockBegin
  2
*D96
 70
     1
 10
0.0
 20
0.0
 30
0.0
  3
*D96
  1

  0
LINE
  5
57A
330
578
100
AcDbEntity
  8
标注层
 62
     4
440
 16777216
370
     9
100
AcDbLine
 10
-3555.729861834312
 20
-3561.942353982662
 30
0.0
 11
-3555.729861834312
 21
-3441.905812291
 31
0.0
  0
LINE
  5
57B
330
578
100
AcDbEntity
  8
标注层
 62
     4
440
 16777216
370
     9
100
AcDbLine
 10
-3607.729861834312
 20
-3561.942353982662
 30
0.0
 11
-3607.729861834312
 21
-3441.905812291
 31
0.0
  0
LINE
  5
57C
330
578
100
AcDbEntity
  8
标注层
 62
     4
440
 16777216
370
     9
100
AcDbLine
 10
-3565.729861834312
 20
-3444.405812290999
 30
0.0
 11
-3597.729861834312
 21
-3444.405812290999
 31
0.0
  0
INSERT
  5
57D
330
578
100
AcDbEntity
  8
标注层
 62
     4
440
 16777216
370
     9
100
AcDbBlockReference
  2
_ClosedBlank
 10
-3555.729861834312
 20
-3444.405812290999
 30
0.0
 41
10.0
 42
10.0
 43
10.0
  0
INSERT
  5
57E
330
578
100
AcDbEntity
  8
标注层
 62
     4
440
 16777216
370
     9
100
AcDbBlockReference
  2
_ClosedBlank
 10
-3607.729861834312
 20
-3444.405812290999
 30
0.0
 41
10.0
 42
10.0
 43
10.0
 50
180.0
  0
MTEXT
  5
57F
330
578
100
AcDbEntity
  8
标注层
 62
     7
440
 16777216
100
AcDbMText
 10
-3581.729861834312
 20
-3431.355821405583
 30
0.0
 40
20.0
 41
0.0
 46
0.0
 71
     5
 72
     1
  1
\A1;52
 73
     1
 44
1.0
  0
POINT
  5
580
330
578
100
AcDbEntity
  8
Defpoints
 62
     0
440
 16777216
100
AcDbPoint
 10
-3555.729861834312
 20
-3561.942353982662
 30
0.0
  0
POINT
  5
581
330
578
100
AcDbEntity
  8
Defpoints
 62
     0
440
 16777216
100
AcDbPoint
 10
-3607.729861834312
 20
-3561.942353982662
 30
0.0
  0
POINT
  5
582
330
578
100
AcDbEntity
  8
Defpoints
 62
     0
440
 16777216
100
AcDbPoint
 10
-3607.729861834312
 20
-3444.405812290999
 30
0.0
  0
ENDBLK
  5
583
330
578
100
AcDbEntity
  8
0
100
AcDbBlockEnd
  0
BLOCK
  5
588
330
587
100
AcDbEntity
  8
0
100
AcDbBlockBegin
  2
*D97
 70
     1
 10
0.0
 20
0.0
 30
0.0
  3
*D97
  1

  0
LINE
  5
589
330
587
100
AcDbEntity
  8
标注层
 62
     4
440
 16777216
370
     9
100
AcDbLine
 10
-3442.729861834312
 20
-3561.942353982662
 30
0.0
 11
-3442.729861834312
 21
-3499.42408313683
 31
0.0
  0
LINE
  5
58A
330
587
100
AcDbEntity
  8
标注层
 62
     4
440
 16777216
370
     9
100
AcDbLine
 10
-3429.729861834312
 20
-3561.942353982662
 30
0.0
 11
-3429.729861834312
 21
-3499.42408313683
 31
0.0
  0
LINE
  5
58B
330
587
100
AcDbEntity
  8
标注层
 62
     4
440
 16777216
370
     9
100
AcDbLine
 10
-3452.729861834312
 20
-3501.92408313683
 30
0.0
 11
-3462.729861834312
 21
-3501.92408313683
 31
0.0
  0
LINE
  5
58C
330
587
100
AcDbEntity
  8
标注层
 62
     4
440
 16777216
370
     9
100
AcDbLine
 10
-3419.729861834312
 20
-3501.92408313683
 30
0.0
 11
-3380.054461069067
 21
-3501.92408313683
 31
0.0
  0
LINE
  5
58D
330
587
100
AcDbEntity
  8
标注层
 62
     4
440
 16777216
370
     9
100
AcDbLine
 10
-3442.729861834312
 20
-3501.92408313683
 30
0.0
 11
-3429.729861834312
 21
-3501.92408313683
 31
0.0
  0
INSERT
  5
58E
330
587
100
AcDbEntity
  8
标注层
 62
     4
440
 16777216
370
     9
100
AcDbBlockReference
  2
_ClosedBlank
 10
-3442.729861834312
 20
-3501.92408313683
 30
0.0
 41
10.0
 42
10.0
 43
10.0
  0
INSERT
  5
58F
330
587
100
AcDbEntity
  8
标注层
 62
     4
440
 16777216
370
     9
100
AcDbBlockReference
  2
_ClosedBlank
 10
-3429.729861834312
 20
-3501.92408313683
 30
0.0
 41
10.0
 42
10.0
 43
10.0
 50
180.0
  0
MTEXT
  5
590
330
587
100
AcDbEntity
  8
标注层
 62
     7
440
 16777216
100
AcDbMText
 10
-3394.892161451688
 20
-3488.874092251413
 30
0.0
 40
20.0
 41
0.0
 46
0.0
 71
     5
 72
     1
  1
\A1;13
 73
     1
 44
1.0
  0
POINT
  5
591
330
587
100
AcDbEntity
  8
Defpoints
 62
     0
440
 16777216
100
AcDbPoint
 10
-3442.729861834312
 20
-3561.942353982662
 30
0.0
  0
POINT
  5
592
330
587
100
AcDbEntity
  8
Defpoints
 62
     0
440
 16777216
100
AcDbPoint
 10
-3429.729861834312
 20
-3561.942353982662
 30
0.0
  0
POINT
  5
593
330
587
100
AcDbEntity
  8
Defpoints
 62
     0
440
 16777216
100
AcDbPoint
 10
-3429.729861834312
 20
-3501.92408313683
 30
0.0
  0
ENDBLK
  5
594
330
587
100
AcDbEntity
  8
0
100
AcDbBlockEnd
  0
BLOCK
  5
599
330
598
100
AcDbEntity
  8
0
100
AcDbBlockBegin
  2
*D98
 70
     1
 10
0.0
 20
0.0
 30
0.0
  3
*D98
  1

  0
LINE
  5
59A
330
598
100
AcDbEntity
  8
标注层
 62
     4
440
 16777216
370
     9
100
AcDbLine
 10
-3442.729861834312
 20
-3561.942353982662
 30
0.0
 11
-3442.729861834312
 21
-3499.42408313683
 31
0.0
  0
LINE
  5
59B
330
598
100
AcDbEntity
  8
标注层
 62
     4
440
 16777216
370
     9
100
AcDbLine
 10
-3492.729861834312
 20
-3561.942353982662
 30
0.0
 11
-3492.729861834312
 21
-3499.42408313683
 31
0.0
  0
LINE
  5
59C
330
598
100
AcDbEntity
  8
标注层
 62
     4
440
 16777216
370
     9
100
AcDbLine
 10
-3452.729861834312
 20
-3501.92408313683
 30
0.0
 11
-3482.729861834312
 21
-3501.92408313683
 31
0.0
  0
INSERT
  5
59D
330
598
100
AcDbEntity
  8
标注层
 62
     4
440
 16777216
370
     9
100
AcDbBlockReference
  2
_ClosedBlank
 10
-3442.729861834312
 20
-3501.92408313683
 30
0.0
 41
10.0
 42
10.0
 43
10.0
  0
INSERT
  5
59E
330
598
100
AcDbEntity
  8
标注层
 62
     4
440
 16777216
370
     9
100
AcDbBlockReference
  2
_ClosedBlank
 10
-3492.729861834312
 20
-3501.92408313683
 30
0.0
 41
10.0
 42
10.0
 43
10.0
 50
180.0
  0
MTEXT
  5
59F
330
598
100
AcDbEntity
  8
标注层
 62
     7
440
 16777216
100
AcDbMText
 10
-3467.729861834313
 20
-3488.874092251413
 30
0.0
 40
20.0
 41
0.0
 46
0.0
 71
     5
 72
     1
  1
\A1;50
 73
     1
 44
1.0
  0
POINT
  5
5A0
330
598
100
AcDbEntity
  8
Defpoints
 62
     0
440
 16777216
100
AcDbPoint
 10
-3442.729861834312
 20
-3561.942353982662
 30
0.0
  0
POINT
  5
5A1
330
598
100
AcDbEntity
  8
Defpoints
 62
     0
440
 16777216
100
AcDbPoint
 10
-3492.729861834312
 20
-3561.942353982662
 30
0.0
  0
POINT
  5
5A2
330
598
100
AcDbEntity
  8
Defpoints
 62
     0
440
 16777216
100
AcDbPoint
 10
-3492.729861834312
 20
-3501.92408313683
 30
0.0
  0
ENDBLK
  5
5A3
330
598
100
AcDbEntity
  8
0
100
AcDbBlockEnd
  0
BLOCK
  5
723
330
722
100
AcDbEntity
  8
0
100
AcDbBlockBegin
  2
*D99
 70
     1
 10
0.0
 20
0.0
 30
0.0
  3
*D99
  1

  0
LINE
  5
724
330
722
100
AcDbEntity
  8
标注层
 62
     4
440
 16777216
370
     9
100
AcDbLine
 10
-846.3570843802056
 20
-6306.692660159217
 30
0.0
 11
-911.9044109293099
 21
-6306.692660159217
 31
0.0
  0
LINE
  5
725
330
722
100
AcDbEntity
  8
标注层
 62
     4
440
 16777216
370
     9
100
AcDbLine
 10
-761.3570843802055
 20
-6259.692660159218
 30
0.0
 11
-911.9044109293099
 21
-6259.692660159218
 31
0.0
  0
LINE
  5
726
330
722
100
AcDbEntity
  8
标注层
 62
     4
440
 16777216
370
     9
100
AcDbLine
 10
-909.4044109293102
 20
-6296.692660159218
 30
0.0
 11
-909.4044109293102
 21
-6269.692660159218
 31
0.0
  0
INSERT
  5
727
330
722
100
AcDbEntity
  8
标注层
 62
     4
440
 16777216
370
     9
100
AcDbBlockReference
  2
_ClosedBlank
 10
-909.4044109293102
 20
-6306.692660159217
 30
0.0
 41
10.0
 42
10.0
 43
10.0
 50
270.0
  0
INSERT
  5
728
330
722
100
AcDbEntity
  8
标注层
 62
     4
440
 16777216
370
     9
100
AcDbBlockReference
  2
_ClosedBlank
 10
-909.4044109293102
 20
-6259.692660159218
 30
0.0
 41
10.0
 42
10.0
 43
10.0
 50
90.0
  0
MTEXT
  5
729
330
722
100
AcDbEntity
  8
标注层
 62
     7
440
 16777216
100
AcDbMText
 10
-927.4544018147283
 20
-6283.192660159215
 30
0.0
 40
30.0
 41
0.0
 46
0.0
 71
     5
 72
     1
  1
\A1;47
 11
0.0000000000000001
 21
1.0
 31
0.0
 73
     1
 44
1.0
  0
POINT
  5
72A
330
722
100
AcDbEntity
  8
Defpoints
 62
     0
440
 16777216
100
AcDbPoint
 10
-846.3570843802056
 20
-6306.692660159217
 30
0.0
  0
POINT
  5
72B
330
722
100
AcDbEntity
  8
Defpoints
 62
     0
440
 16777216
100
AcDbPoint
 10
-761.3570843802055
 20
-6259.692660159218
 30
0.0
  0
POINT
  5
72C
330
722
100
AcDbEntity
  8
Defpoints
 62
     0
440
 16777216
100
AcDbPoint
 10
-909.4044109293102
 20
-6259.692660159218
 30
0.0
  0
ENDBLK
  5
72D
330
722
100
AcDbEntity
  8
0
100
AcDbBlockEnd
  0
BLOCK
  5
74A
330
749
100
AcDbEntity
  8
0
100
AcDbBlockBegin
  2
*D100
 70
     1
 10
0.0
 20
0.0
 30
0.0
  3
*D100
  1

  0
LINE
  5
74B
330
749
100
AcDbEntity
  8
标注层
 62
     4
440
 16777216
370
     9
100
AcDbLine
 10
-521.5570843802054
 20
-3606.692660159215
 30
0.0
 11
-433.8190812100144
 21
-3606.692660159215
 31
0.0
  0
LINE
  5
74C
330
749
100
AcDbEntity
  8
标注层
 62
     4
440
 16777216
370
     9
100
AcDbLine
 10
-597.0570843801981
 20
-3886.692660159223
 30
0.0
 11
-433.8190812100143
 21
-3886.692660159223
 31
0.0
  0
LINE
  5
74D
330
749
100
AcDbEntity
  8
标注层
 62
     4
440
 16777216
370
     9
100
AcDbLine
 10
-436.3190812100144
 20
-3616.692660159215
 30
0.0
 11
-436.3190812100143
 21
-3876.692660159223
 31
0.0
  0
INSERT
  5
74E
330
749
100
AcDbEntity
  8
标注层
 62
     4
440
 16777216
370
     9
100
AcDbBlockReference
  2
_ClosedBlank
 10
-436.3190812100144
 20
-3606.692660159215
 30
0.0
 41
10.0
 42
10.0
 43
10.0
 50
90.0
  0
INSERT
  5
74F
330
749
100
AcDbEntity
  8
标注层
 62
     4
440
 16777216
370
     9
100
AcDbBlockReference
  2
_ClosedBlank
 10
-436.3190812100143
 20
-3886.692660159223
 30
0.0
 41
10.0
 42
10.0
 43
10.0
 50
270.0
  0
MTEXT
  5
750
330
749
100
AcDbEntity
  8
标注层
 62
     7
440
 16777216
100
AcDbMText
 10
-459.3690720954319
 20
-3746.692660159219
 30
0.0
 40
40.0
 41
0.0
 46
0.0
 71
     5
 72
     1
  1
\A1;280
 11
0.0000000000000001
 21
1.0
 31
0.0
 73
     1
 44
1.0
  0
POINT
  5
751
330
749
100
AcDbEntity
  8
Defpoints
 62
     0
440
 16777216
100
AcDbPoint
 10
-521.5570843802054
 20
-3606.692660159215
 30
0.0
  0
POINT
  5
752
330
749
100
AcDbEntity
  8
Defpoints
 62
     0
440
 16777216
100
AcDbPoint
 10
-597.0570843801981
 20
-3886.692660159223
 30
0.0
  0
POINT
  5
753
330
749
100
AcDbEntity
  8
Defpoints
 62
     0
440
 16777216
100
AcDbPoint
 10
-436.3190812100143
 20
-3886.692660159223
 30
0.0
  0
ENDBLK
  5
754
330
749
100
AcDbEntity
  8
0
100
AcDbBlockEnd
  0
BLOCK
  5
759
330
758
100
AcDbEntity
  8
0
100
AcDbBlockBegin
  2
*D101
 70
     1
 10
0.0
 20
0.0
 30
0.0
  3
*D101
  1

  0
LINE
  5
75A
330
758
100
AcDbEntity
  8
标注层
 62
     4
440
 16777216
370
     9
100
AcDbLine
 10
-597.0570843801981
 20
-3886.692660159223
 30
0.0
 11
-433.8190812100146
 21
-3886.692660159223
 31
0.0
  0
LINE
  5
75B
330
758
100
AcDbEntity
  8
标注层
 62
     4
440
 16777216
370
     9
100
AcDbLine
 10
-597.0570843801981
 20
-4286.692660159222
 30
0.0
 11
-433.8190812100143
 21
-4286.692660159222
 31
0.0
  0
LINE
  5
75C
330
758
100
AcDbEntity
  8
标注层
 62
     4
440
 16777216
370
     9
100
AcDbLine
 10
-436.3190812100144
 20
-3896.692660159222
 30
0.0
 11
-436.3190812100143
 21
-4276.692660159223
 31
0.0
  0
INSERT
  5
75D
330
758
100
AcDbEntity
  8
标注层
 62
     4
440
 16777216
370
     9
100
AcDbBlockReference
  2
_ClosedBlank
 10
-436.3190812100144
 20
-3886.692660159223
 30
0.0
 41
10.0
 42
10.0
 43
10.0
 50
90.0
  0
INSERT
  5
75E
330
758
100
AcDbEntity
  8
标注层
 62
     4
440
 16777216
370
     9
100
AcDbBlockReference
  2
_ClosedBlank
 10
-436.3190812100143
 20
-4286.692660159222
 30
0.0
 41
10.0
 42
10.0
 43
10.0
 50
270.0
  0
MTEXT
  5
75F
330
758
100
AcDbEntity
  8
标注层
 62
     7
440
 16777216
100
AcDbMText
 10
-459.3690720954322
 20
-4086.692660159221
 30
0.0
 40
40.0
 41
0.0
 46
0.0
 71
     5
 72
     1
  1
\A1;400
 11
0.0000000000000001
 21
1.0
 31
0.0
 73
     1
 44
1.0
  0
POINT
  5
760
330
758
100
AcDbEntity
  8
Defpoints
 62
     0
440
 16777216
100
AcDbPoint
 10
-597.0570843801981
 20
-3886.692660159223
 30
0.0
  0
POINT
  5
761
330
758
100
AcDbEntity
  8
Defpoints
 62
     0
440
 16777216
100
AcDbPoint
 10
-597.0570843801981
 20
-4286.692660159222
 30
0.0
  0
POINT
  5
762
330
758
100
AcDbEntity
  8
Defpoints
 62
     0
440
 16777216
100
AcDbPoint
 10
-436.3190812100143
 20
-4286.692660159222
 30
0.0
  0
ENDBLK
  5
763
330
758
100
AcDbEntity
  8
0
100
AcDbBlockEnd
  0
BLOCK
  5
768
330
767
100
AcDbEntity
  8
0
100
AcDbBlockBegin
  2
*D102
 70
     1
 10
0.0
 20
0.0
 30
0.0
  3
*D102
  1

  0
LINE
  5
769
330
767
100
AcDbEntity
  8
标注层
 62
     4
440
 16777216
370
     9
100
AcDbLine
 10
-597.0570843801981
 20
-6026.692660159207
 30
0.0
 11
-433.8190812100144
 21
-6026.692660159207
 31
0.0
  0
LINE
  5
76A
330
767
100
AcDbEntity
  8
标注层
 62
     4
440
 16777216
370
     9
100
AcDbLine
 10
-521.5570843802054
 20
-6306.692660159217
 30
0.0
 11
-433.8190812100143
 21
-6306.692660159217
 31
0.0
  0
LINE
  5
76B
330
767
100
AcDbEntity
  8
标注层
 62
     4
440
 16777216
370
     9
100
AcDbLine
 10
-436.3190812100144
 20
-6036.692660159207
 30
0.0
 11
-436.3190812100143
 21
-6296.692660159218
 31
0.0
  0
INSERT
  5
76C
330
767
100
AcDbEntity
  8
标注层
 62
     4
440
 16777216
370
     9
100
AcDbBlockReference
  2
_ClosedBlank
 10
-436.3190812100144
 20
-6026.692660159207
 30
0.0
 41
10.0
 42
10.0
 43
10.0
 50
90.0
  0
INSERT
  5
76D
330
767
100
AcDbEntity
  8
标注层
 62
     4
440
 16777216
370
     9
100
AcDbBlockReference
  2
_ClosedBlank
 10
-436.3190812100143
 20
-6306.692660159217
 30
0.0
 41
10.0
 42
10.0
 43
10.0
 50
270.0
  0
MTEXT
  5
76E
330
767
100
AcDbEntity
  8
标注层
 62
     7
440
 16777216
100
AcDbMText
 10
-459.3690720954328
 20
-6166.692660159212
 30
0.0
 40
40.0
 41
0.0
 46
0.0
 71
     5
 72
     1
  1
\A1;280
 11
0.0000000000000001
 21
1.0
 31
0.0
 73
     1
 44
1.0
  0
POINT
  5
76F
330
767
100
AcDbEntity
  8
Defpoints
 62
     0
440
 16777216
100
AcDbPoint
 10
-597.0570843801981
 20
-6026.692660159207
 30
0.0
  0
POINT
  5
770
330
767
100
AcDbEntity
  8
Defpoints
 62
     0
440
 16777216
100
AcDbPoint
 10
-521.5570843802054
 20
-6306.692660159217
 30
0.0
  0
POINT
  5
771
330
767
100
AcDbEntity
  8
Defpoints
 62
     0
440
 16777216
100
AcDbPoint
 10
-436.3190812100143
 20
-6306.692660159217
 30
0.0
  0
ENDBLK
  5
772
330
767
100
AcDbEntity
  8
0
100
AcDbBlockEnd
  0
BLOCK
  5
777
330
776
100
AcDbEntity
  8
0
100
AcDbBlockBegin
  2
*D103
 70
     1
 10
0.0
 20
0.0
 30
0.0
  3
*D103
  1

  0
LINE
  5
778
330
776
100
AcDbEntity
  8
标注层
 62
     4
440
 16777216
370
     9
100
AcDbLine
 10
-597.0570843801978
 20
-3814.69266015922
 30
0.0
 11
-597.057084380198
 21
-6175.929210704271
 31
0.0
  0
LINE
  5
779
330
776
100
AcDbEntity
  8
标注层
 62
     4
440
 16777216
370
     9
100
AcDbLine
 10
-590.0570843802052
 20
-3814.69266015922
 30
0.0
 11
-590.0570843802052
 21
-6175.929210704271
 31
0.0
  0
LINE
  5
77A
330
776
100
AcDbEntity
  8
标注层
 62
     4
440
 16777216
370
     9
100
AcDbLine
 10
-607.057084380198
 20
-6173.429210704271
 30
0.0
 11
-617.057084380198
 21
-6173.429210704271
 31
0.0
  0
LINE
  5
77B
330
776
100
AcDbEntity
  8
标注层
 62
     4
440
 16777216
370
     9
100
AcDbLine
 10
-580.0570843802051
 20
-6173.429210704271
 30
0.0
 11
-542.2811249557407
 21
-6173.429210704271
 31
0.0
  0
LINE
  5
77C
330
776
100
AcDbEntity
  8
标注层
 62
     4
440
 16777216
370
     9
100
AcDbLine
 10
-597.057084380198
 20
-6173.429210704271
 30
0.0
 11
-590.0570843802052
 21
-6173.429210704271
 31
0.0
  0
INSERT
  5
77D
330
776
100
AcDbEntity
  8
标注层
 62
     4
440
 16777216
370
     9
100
AcDbBlockReference
  2
_ClosedBlank
 10
-597.057084380198
 20
-6173.429210704271
 30
0.0
 41
10.0
 42
10.0
 43
10.0
  0
INSERT
  5
77E
330
776
100
AcDbEntity
  8
标注层
 62
     4
440
 16777216
370
     9
100
AcDbBlockReference
  2
_ClosedBlank
 10
-590.0570843802052
 20
-6173.429210704271
 30
0.0
 41
10.0
 42
10.0
 43
10.0
 50
180.0
  0
MTEXT
  5
77F
330
776
100
AcDbEntity
  8
标注层
 62
     7
440
 16777216
100
AcDbMText
 10
-556.169104667973
 20
-6150.379219818855
 30
0.0
 40
40.0
 41
0.0
 46
0.0
 71
     5
 72
     1
  1
\A1;7
 73
     1
 44
1.0
  0
POINT
  5
780
330
776
100
AcDbEntity
  8
Defpoints
 62
     0
440
 16777216
100
AcDbPoint
 10
-597.0570843801978
 20
-3814.69266015922
 30
0.0
  0
POINT
  5
781
330
776
100
AcDbEntity
  8
Defpoints
 62
     0
440
 16777216
100
AcDbPoint
 10
-590.0570843802052
 20
-3814.69266015922
 30
0.0
  0
POINT
  5
782
330
776
100
AcDbEntity
  8
Defpoints
 62
     0
440
 16777216
100
AcDbPoint
 10
-590.0570843802052
 20
-6173.429210704271
 30
0.0
  0
ENDBLK
  5
783
330
776
100
AcDbEntity
  8
0
100
AcDbBlockEnd
  0
BLOCK
  5
788
330
787
100
AcDbEntity
  8
0
100
AcDbBlockBegin
  2
*D104
 70
     1
 10
0.0
 20
0.0
 30
0.0
  3
*D104
  1

  0
LINE
  5
789
330
787
100
AcDbEntity
  8
标注层
 62
     4
440
 16777216
370
     9
100
AcDbLine
 10
-620.0570843801981
 20
-3791.692660159223
 30
0.0
 11
-965.0148140458846
 21
-3791.692660159223
 31
0.0
  0
LINE
  5
78A
330
787
100
AcDbEntity
  8
标注层
 62
     4
440
 16777216
370
     9
100
AcDbLine
 10
-620.0570843801981
 20
-3981.692660159222
 30
0.0
 11
-965.0148140458844
 21
-3981.692660159222
 31
0.0
  0
LINE
  5
78B
330
787
100
AcDbEntity
  8
标注层
 62
     4
440
 16777216
370
     9
100
AcDbLine
 10
-962.5148140458843
 20
-3801.692660159222
 30
0.0
 11
-962.5148140458843
 21
-3971.692660159222
 31
0.0
  0
INSERT
  5
78C
330
787
100
AcDbEntity
  8
标注层
 62
     4
440
 16777216
370
     9
100
AcDbBlockReference
  2
_ClosedBlank
 10
-962.5148140458843
 20
-3791.692660159223
 30
0.0
 41
10.0
 42
10.0
 43
10.0
 50
90.0
  0
INSERT
  5
78D
330
787
100
AcDbEntity
  8
标注层
 62
     4
440
 16777216
370
     9
100
AcDbBlockReference
  2
_ClosedBlank
 10
-962.5148140458843
 20
-3981.692660159222
 30
0.0
 41
10.0
 42
10.0
 43
10.0
 50
270.0
  0
MTEXT
  5
78E
330
787
100
AcDbEntity
  8
标注层
 62
     7
440
 16777216
100
AcDbMText
 10
-985.5648049313019
 20
-3886.692660159221
 30
0.0
 40
40.0
 41
0.0
 46
0.0
 71
     5
 72
     1
  1
\A1;190
 11
0.0000000000000001
 21
1.0
 31
0.0
 73
     1
 44
1.0
  0
POINT
  5
78F
330
787
100
AcDbEntity
  8
Defpoints
 62
     0
440
 16777216
100
AcDbPoint
 10
-620.0570843801981
 20
-3791.692660159223
 30
0.0
  0
POINT
  5
790
330
787
100
AcDbEntity
  8
Defpoints
 62
     0
440
 16777216
100
AcDbPoint
 10
-620.0570843801981
 20
-3981.692660159222
 30
0.0
  0
POINT
  5
791
330
787
100
AcDbEntity
  8
Defpoints
 62
     0
440
 16777216
100
AcDbPoint
 10
-962.5148140458843
 20
-3981.692660159222
 30
0.0
  0
ENDBLK
  5
792
330
787
100
AcDbEntity
  8
0
100
AcDbBlockEnd
  0
BLOCK
  5
797
330
796
100
AcDbEntity
  8
0
100
AcDbBlockBegin
  2
*D105
 70
     1
 10
0.0
 20
0.0
 30
0.0
  3
*D105
  1

  0
LINE
  5
798
330
796
100
AcDbEntity
  8
标注层
 62
     4
440
 16777216
370
     9
100
AcDbLine
 10
-620.0570843801981
 20
-4191.692660159222
 30
0.0
 11
-965.0148140458837
 21
-4191.692660159222
 31
0.0
  0
LINE
  5
799
330
796
100
AcDbEntity
  8
标注层
 62
     4
440
 16777216
370
     9
100
AcDbLine
 10
-620.0570843801981
 20
-4381.692660159222
 30
0.0
 11
-965.0148140458837
 21
-4381.692660159222
 31
0.0
  0
LINE
  5
79A
330
796
100
AcDbEntity
  8
标注层
 62
     4
440
 16777216
370
     9
100
AcDbLine
 10
-962.5148140458836
 20
-4201.692660159222
 30
0.0
 11
-962.5148140458836
 21
-4371.692660159221
 31
0.0
  0
INSERT
  5
79B
330
796
100
AcDbEntity
  8
标注层
 62
     4
440
 16777216
370
     9
100
AcDbBlockReference
  2
_ClosedBlank
 10
-962.5148140458836
 20
-4191.692660159222
 30
0.0
 41
10.0
 42
10.0
 43
10.0
 50
90.0
  0
INSERT
  5
79C
330
796
100
AcDbEntity
  8
标注层
 62
     4
440
 16777216
370
     9
100
AcDbBlockReference
  2
_ClosedBlank
 10
-962.5148140458836
 20
-4381.692660159222
 30
0.0
 41
10.0
 42
10.0
 43
10.0
 50
270.0
  0
MTEXT
  5
79D
330
796
100
AcDbEntity
  8
标注层
 62
     7
440
 16777216
100
AcDbMText
 10
-985.5648049313012
 20
-4286.692660159221
 30
0.0
 40
40.0
 41
0.0
 46
0.0
 71
     5
 72
     1
  1
\A1;190
 11
0.0000000000000001
 21
1.0
 31
0.0
 73
     1
 44
1.0
  0
POINT
  5
79E
330
796
100
AcDbEntity
  8
Defpoints
 62
     0
440
 16777216
100
AcDbPoint
 10
-620.0570843801981
 20
-4191.692660159222
 30
0.0
  0
POINT
  5
79F
330
796
100
AcDbEntity
  8
Defpoints
 62
     0
440
 16777216
100
AcDbPoint
 10
-620.0570843801981
 20
-4381.692660159222
 30
0.0
  0
POINT
  5
7A0
330
796
100
AcDbEntity
  8
Defpoints
 62
     0
440
 16777216
100
AcDbPoint
 10
-962.5148140458836
 20
-4381.692660159222
 30
0.0
  0
ENDBLK
  5
7A1
330
796
100
AcDbEntity
  8
0
100
AcDbBlockEnd
  0
BLOCK
  5
7A6
330
7A5
100
AcDbEntity
  8
0
100
AcDbBlockBegin
  2
*D106
 70
     1
 10
0.0
 20
0.0
 30
0.0
  3
*D106
  1

  0
LINE
  5
7A7
330
7A5
100
AcDbEntity
  8
标注层
 62
     4
440
 16777216
370
     9
100
AcDbLine
 10
-620.0570843801981
 20
-5931.692660159208
 30
0.0
 11
-965.0148140458837
 21
-5931.692660159208
 31
0.0
  0
LINE
  5
7A8
330
7A5
100
AcDbEntity
  8
标注层
 62
     4
440
 16777216
370
     9
100
AcDbLine
 10
-620.0570843801981
 20
-6121.692660159208
 30
0.0
 11
-965.0148140458837
 21
-6121.692660159208
 31
0.0
  0
LINE
  5
7A9
330
7A5
100
AcDbEntity
  8
标注层
 62
     4
440
 16777216
370
     9
100
AcDbLine
 10
-962.5148140458836
 20
-5941.692660159208
 30
0.0
 11
-962.5148140458836
 21
-6111.692660159206
 31
0.0
  0
INSERT
  5
7AA
330
7A5
100
AcDbEntity
  8
标注层
 62
     4
440
 16777216
370
     9
100
AcDbBlockReference
  2
_ClosedBlank
 10
-962.5148140458836
 20
-5931.692660159208
 30
0.0
 41
10.0
 42
10.0
 43
10.0
 50
90.0
  0
INSERT
  5
7AB
330
7A5
100
AcDbEntity
  8
标注层
 62
     4
440
 16777216
370
     9
100
AcDbBlockReference
  2
_ClosedBlank
 10
-962.5148140458836
 20
-6121.692660159208
 30
0.0
 41
10.0
 42
10.0
 43
10.0
 50
270.0
  0
MTEXT
  5
7AC
330
7A5
100
AcDbEntity
  8
标注层
 62
     7
440
 16777216
100
AcDbMText
 10
-985.5648049313018
 20
-6026.692660159207
 30
0.0
 40
40.0
 41
0.0
 46
0.0
 71
     5
 72
     1
  1
\A1;190
 11
0.0000000000000001
 21
1.0
 31
0.0
 73
     1
 44
1.0
  0
POINT
  5
7AD
330
7A5
100
AcDbEntity
  8
Defpoints
 62
     0
440
 16777216
100
AcDbPoint
 10
-620.0570843801981
 20
-5931.692660159208
 30
0.0
  0
POINT
  5
7AE
330
7A5
100
AcDbEntity
  8
Defpoints
 62
     0
440
 16777216
100
AcDbPoint
 10
-620.0570843801981
 20
-6121.692660159208
 30
0.0
  0
POINT
  5
7AF
330
7A5
100
AcDbEntity
  8
Defpoints
 62
     0
440
 16777216
100
AcDbPoint
 10
-962.5148140458836
 20
-6121.692660159208
 30
0.0
  0
ENDBLK
  5
7B0
330
7A5
100
AcDbEntity
  8
0
100
AcDbBlockEnd
  0
ENDSEC
  0
SECTION
  2
ENTITIES
  0
TEXT
  5
57
330
2
100
AcDbEntity
  8
基础信息
100
AcDbText
 10
-4939.725262854299
 20
-6461.94235398266
 30
0.0
 40
30.0
  1
开槽正：126、52
100
AcDbText
  0
TEXT
  5
5B
330
2
100
AcDbEntity
  8
基础信息
100
AcDbText
 10
-4939.725262854299
 20
-6511.94235398266
 30
0.0
 40
30.0
  1
开槽反：13、50、50 、85、21、57
100
AcDbText
  0
TEXT
  5
5C
330
2
100
AcDbEntity
  8
基础信息
100
AcDbText
 10
-2159.295778360909
 20
-6506.692660159213
 30
0.0
 40
30.0
  1
开槽正：139.3、42.6、8.6
100
AcDbText
  0
TEXT
  5
5D
330
2
100
AcDbEntity
  8
基础信息
100
AcDbText
 10
-2159.295778360909
 20
-6556.692660159213
 30
0.0
 40
30.0
  1
开槽反：14.5、54、58 、73.8、11、36、61
100
AcDbText
  0
LINE
  5
5E
330
2
100
AcDbEntity
  8
0
  6
Continuous
 62
     7
370
    15
100
AcDbLine
 10
-4471.729861834312
 20
-6261.942353982661
 30
0.0
 11
-4471.729861834312
 21
-3561.942353982662
 31
0.0
  0
LINE
  5
5F
330
2
100
AcDbEntity
  8
0
  6
Continuous
 62
     7
370
    15
100
AcDbLine
 10
-4760.729861834312
 20
-6261.942353982661
 30
0.0
 11
-4760.729861834312
 21
-3561.942353982662
 31
0.0
  0
LINE
  5
60
330
2
100
AcDbEntity
  8
0
  6
Continuous
 62
     7
370
    15
100
AcDbLine
 10
-4760.729861834312
 20
-3561.942353982662
 30
0.0
 11
-4471.729861834312
 21
-3561.942353982662
 31
0.0
  0
LINE
  5
61
102
{ACAD_REACTORS
330
395
102
}
330
2
100
AcDbEntity
  8
0
  6
Continuous
 62
     7
370
    15
100
AcDbLine
 10
-4760.729861834312
 20
-6261.942353982661
 30
0.0
 11
-4471.729861834312
 21
-6261.942353982661
 31
0.0
  0
INSERT
  5
62
330
2
100
AcDbEntity
  8
Cutting
100
AcDbBlockReference
  2
GK1
 10
-4754.729861834312
 20
-6246.94235398266
 30
0.0
 41
-1.0
  0
INSERT
  5
6B
330
2
100
AcDbEntity
  8
Cutting
100
AcDbBlockReference
  2
GK1
 10
-4754.729861834312
 20
-3576.942353982661
 30
0.0
 41
-1.0
  0
INSERT
  5
6C
330
2
100
AcDbEntity
  8
Cutting
100
AcDbBlockReference
  2
GK1
 10
-4477.729861834312
 20
-6246.94235398266
 30
0.0
  0
INSERT
  5
6D
330
2
100
AcDbEntity
  8
Cutting
100
AcDbBlockReference
  2
GK1
 10
-4477.729861834312
 20
-3576.942353982661
 30
0.0
  0
DIMENSION
  5
6E
330
2
100
AcDbEntity
  8
标注层
100
AcDbDimension
280
     0
  2
*D3
 10
-4928.5705640802
 20
-6261.942353982664
 30
0.0
 11
-4951.620554965619
 21
-4911.94235398266
 31
0.0
 71
     5
 42
2700.000000000001
 73
     0
 74
     0
 75
     0
  3
ISO-25$0
100
AcDbAlignedDimension
 13
-4760.729861834312
 23
-3561.942353982662
 33
0.0
 14
-4760.729861834312
 24
-6261.942353982661
 34
0.0
 50
90.0
100
AcDbRotatedDimension
1001
ACAD
1000
DSTYLE
1002
{
1070
   140
1040
40.0
1070
   340
1005
80
1070
   178
1070
     7
1002
}
  0
LINE
  5
8C
102
{ACAD_REACTORS
330
316
102
}
330
2
100
AcDbEntity
  8
标注层
  6
ACAD_ISO02W100
 62
     5
100
AcDbLine
 10
-4747.729861834312
 20
-6261.942353982661
 30
0.0
 11
-4747.729861834312
 21
-3561.942353982662
 31
0.0
  0
LINE
  5
8E
102
{ACAD_REACTORS
330
327
102
}
330
2
100
AcDbEntity
  8
标注层
  6
ACAD_ISO02W100
 62
     5
100
AcDbLine
 10
-4697.729861834312
 20
-6261.942353982661
 30
0.0
 11
-4697.729861834312
 21
-3561.942353982662
 31
0.0
  0
LINE
  5
8F
102
{ACAD_REACTORS
330
336
102
}
330
2
100
AcDbEntity
  8
标注层
  6
ACAD_ISO02W100
 62
     5
100
AcDbLine
 10
-4647.729861834312
 20
-6261.942353982661
 30
0.0
 11
-4647.729861834312
 21
-3561.942353982662
 31
0.0
  0
LINE
  5
90
102
{ACAD_REACTORS
330
2F8
102
}
330
2
100
AcDbEntity
  8
标注层
  6
ACAD_ISO02W100
 62
     6
100
AcDbLine
 10
-4634.729861834312
 20
-6261.942353982661
 30
0.0
 11
-4634.729861834312
 21
-3561.942353982662
 31
0.0
  0
LINE
  5
91
102
{ACAD_REACTORS
330
307
102
}
330
2
100
AcDbEntity
  8
标注层
  6
ACAD_ISO02W100
 62
     6
100
AcDbLine
 10
-4582.729861834311
 20
-6261.942353982661
 30
0.0
 11
-4582.729861834311
 21
-3561.942353982662
 31
0.0
  0
LINE
  5
92
102
{ACAD_REACTORS
330
345
102
}
330
2
100
AcDbEntity
  8
标注层
  6
ACAD_ISO02W100
 62
     5
100
AcDbLine
 10
-4562.729861834312
 20
-6261.942353982661
 30
0.0
 11
-4562.729861834312
 21
-3561.942353982662
 31
0.0
  0
LINE
  5
93
102
{ACAD_REACTORS
330
354
102
}
330
2
100
AcDbEntity
  8
标注层
  6
ACAD_ISO02W100
 62
     5
100
AcDbLine
 10
-4541.729861834311
 20
-6261.942353982661
 30
0.0
 11
-4541.729861834311
 21
-3561.942353982662
 31
0.0
  0
LINE
  5
94
102
{ACAD_REACTORS
330
365
102
}
330
2
100
AcDbEntity
  8
标注层
  6
ACAD_ISO02W100
 62
     5
100
AcDbLine
 10
-4484.729861834312
 20
-6261.942353982661
 30
0.0
 11
-4484.729861834312
 21
-3561.942353982662
 31
0.0
  0
LINE
  5
95
330
2
100
AcDbEntity
  8
0
  6
Continuous
 62
     7
370
    15
100
AcDbLine
 10
-4560.729861834312
 20
-3633.642353982661
 30
0.0
 11
-4560.729861834312
 21
-3636.142353982661
 31
0.0
  0
LINE
  5
96
330
2
100
AcDbEntity
  8
0
  6
Continuous
 62
     7
370
    15
100
AcDbLine
 10
-4545.729861834312
 20
-3633.642353982661
 30
0.0
 11
-4560.729861834312
 21
-3633.642353982661
 31
0.0
  0
LINE
  5
97
330
2
100
AcDbEntity
  8
0
  6
Continuous
 62
     7
370
    15
100
AcDbLine
 10
-4545.729861834312
 20
-3636.142353982661
 30
0.0
 11
-4545.729861834312
 21
-3633.642353982661
 31
0.0
  0
LINE
  5
98
330
2
100
AcDbEntity
  8
0
  6
Continuous
 62
     7
370
    15
100
AcDbLine
 10
-4560.729861834312
 20
-3636.142353982661
 30
0.0
 11
-4545.729861834312
 21
-3636.142353982661
 31
0.0
  0
LINE
  5
99
330
2
100
AcDbEntity
  8
0
  6
Continuous
 62
     7
370
    15
100
AcDbLine
 10
-4680.229861834312
 20
-3616.142353982661
 30
0.0
 11
-4680.229861834312
 21
-3613.642353982661
 31
0.0
  0
LINE
  5
9A
330
2
100
AcDbEntity
  8
0
  6
Continuous
 62
     7
370
    15
100
AcDbLine
 10
-4680.229861834312
 20
-3613.642353982661
 30
0.0
 11
-4665.229861834312
 21
-3613.642353982661
 31
0.0
  0
LINE
  5
9B
330
2
100
AcDbEntity
  8
0
  6
Continuous
 62
     7
370
    15
100
AcDbLine
 10
-4665.229861834312
 20
-3613.642353982661
 30
0.0
 11
-4665.229861834312
 21
-3616.142353982661
 31
0.0
  0
LINE
  5
9C
330
2
100
AcDbEntity
  8
0
  6
Continuous
 62
     7
370
    15
100
AcDbLine
 10
-4665.229861834312
 20
-3616.142353982661
 30
0.0
 11
-4680.229861834312
 21
-3616.142353982661
 31
0.0
  0
DIMENSION
  5
9D
330
2
100
AcDbEntity
  8
绘图层
100
AcDbDimension
280
     0
  2
*D4
 10
-4223.157001959239
 20
-3184.125737248719
 30
0.0
 11
-4249.157001959239
 21
-3171.075746363301
 31
0.0
 71
     5
 42
52.0
 73
     0
 74
     0
 75
     0
  3
ISO-25$0
100
AcDbAlignedDimension
 13
-4275.157001959239
 23
-3205.053450764
 33
0.0
 14
-4223.157001959239
 24
-3205.053450764
 34
0.0
100
AcDbRotatedDimension
1001
ACAD
1000
DSTYLE
1002
{
1070
   178
1070
     7
1002
}
  0
DIMENSION
  5
AA
330
2
100
AcDbEntity
  8
绘图层
100
AcDbDimension
280
     0
  2
*D5
 10
-4223.157001959239
 20
-3370.988119579184
 30
0.0
 11
-4252.657001959239
 21
-3357.938128693767
 31
0.0
 71
     5
 42
59.0
 73
     0
 74
     0
 75
     0
  3
ISO-25$0
100
AcDbAlignedDimension
 13
-4282.157001959239
 23
-3330.053450764012
 33
0.0
 14
-4223.157001959239
 24
-3330.053450764012
 34
0.0
100
AcDbRotatedDimension
1001
ACAD
1000
DSTYLE
1002
{
1070
   178
1070
     7
1002
}
  0
DIMENSION
  5
B7
330
2
100
AcDbEntity
  8
绘图层
100
AcDbDimension
280
     0
  2
*D6
 10
-1364.970681190047
 20
-3224.076035682275
 30
0.0
 11
-1392.470681190047
 21
-3211.026044796859
 31
0.0
 71
     5
 42
55.0
 73
     0
 74
     0
 75
     0
  3
ISO-25$0
100
AcDbAlignedDimension
 13
-1419.970681190047
 23
-3242.673596718649
 33
0.0
 14
-1364.970681190047
 24
-3242.673596718649
 34
0.0
100
AcDbRotatedDimension
1001
ACAD
1000
DSTYLE
1002
{
1070
   178
1070
     7
1002
}
  0
DIMENSION
  5
C4
330
2
100
AcDbEntity
  8
绘图层
100
AcDbDimension
280
     0
  2
*D7
 10
-1364.970681190047
 20
-3410.493208337506
 30
0.0
 11
-1395.970681190047
 21
-3397.443217452089
 31
0.0
 71
     5
 42
62.0
 73
     0
 74
     0
 75
     0
  3
ISO-25$0
100
AcDbAlignedDimension
 13
-1426.970681190047
 23
-3370.673596718653
 33
0.0
 14
-1364.970681190047
 24
-3370.673596718653
 34
0.0
100
AcDbRotatedDimension
1001
ACAD
1000
DSTYLE
1002
{
1070
   178
1070
     7
1002
}
  0
DIMENSION
  5
D1
330
2
100
AcDbEntity
  8
绘图层
100
AcDbDimension
280
     0
  2
*D8
 10
-1503.288351601858
 20
-3370.673596718654
 30
0.0
 11
-1516.338342487275
 21
-3306.673596718651
 31
0.0
 71
     5
 42
128.0000000000035
 73
     0
 74
     0
 75
     0
  3
ISO-25$0
100
AcDbAlignedDimension
 13
-1419.970681190047
 23
-3242.673596718649
 33
0.0
 14
-1426.970681190047
 24
-3370.673596718653
 34
0.0
 50
90.0
100
AcDbRotatedDimension
1001
ACAD
1000
DSTYLE
1002
{
1070
   178
1070
     7
1002
}
  0
LINE
  5
DE
330
2
100
AcDbEntity
  8
0
  6
Continuous
 62
     7
370
    15
100
AcDbLine
 10
-1936.661724984377
 20
-6306.692660159212
 30
0.0
 11
-1860.661724984376
 21
-6306.692660159212
 31
0.0
  0
LINE
  5
DF
330
2
100
AcDbEntity
  8
0
  6
Continuous
 62
     7
370
    15
100
AcDbLine
 10
-1696.861724984376
 20
-6306.692660159212
 30
0.0
 11
-1611.861724984376
 21
-6306.692660159212
 31
0.0
  0
LINE
  5
E0
102
{ACAD_REACTORS
330
E6
102
}
330
2
100
AcDbEntity
  8
0
  6
Continuous
 62
     7
370
    15
100
AcDbLine
 10
-1936.661724984377
 20
-6306.692660159212
 30
0.0
 11
-1936.661724984377
 21
-3606.692660159213
 31
0.0
  0
LINE
  5
E1
102
{ACAD_REACTORS
330
E6
102
}
330
2
100
AcDbEntity
  8
0
  6
Continuous
 62
     7
370
    15
100
AcDbLine
 10
-1936.661724984377
 20
-3606.692660159213
 30
0.0
 11
-1860.661724984376
 21
-3606.692660159213
 31
0.0
  0
LINE
  5
E2
330
2
100
AcDbEntity
  8
0
  6
Continuous
 62
     7
370
    15
100
AcDbLine
 10
-1696.861724984376
 20
-3606.692660159213
 30
0.0
 11
-1611.861724984376
 21
-3606.692660159213
 31
0.0
  0
LINE
  5
E3
102
{ACAD_REACTORS
330
102
102
}
330
2
100
AcDbEntity
  8
0
  6
Continuous
 62
     7
370
    15
100
AcDbLine
 10
-1611.861724984376
 20
-6306.692660159212
 30
0.0
 11
-1611.861724984376
 21
-3606.692660159213
 31
0.0
  0
DIMENSION
  5
E4
102
{ACAD_XDICTIONARY
360
E5
102
}
102
{ACAD_REACTORS
330
E6
102
}
330
2
100
AcDbEntity
  8
标注层
100
AcDbDimension
280
     0
  2
*D39
 10
-2104.637731324759
 20
-6306.692660159217
 30
0.0
 11
-2127.687722210177
 21
-4956.692660159214
 31
0.0
 71
     5
 42
2700.000000000001
 73
     0
 74
     0
 75
     0
  3
ISO-25$0
100
AcDbAlignedDimension
 13
-1936.661724984377
 23
-3606.692660159213
 33
0.0
 14
-1936.661724984377
 24
-6306.692660159212
 34
0.0
 50
90.0
100
AcDbRotatedDimension
1001
ACAD
1000
DSTYLE
1002
{
1070
   340
1005
80
1070
   178
1070
     7
1070
   140
1040
40.0
1002
}
  0
DIMENSION
  5
F3
330
2
100
AcDbEntity
  8
标注层
100
AcDbDimension
280
     0
  2
*D9
 10
-1797.361724984376
 20
-3472.097290501022
 30
0.0
 11
-1867.011724984376
 21
-3459.047299615605
 31
0.0
 71
     5
 42
139.3000000000002
 73
     0
 74
     0
 75
     0
  3
ISO-25$0
100
AcDbAlignedDimension
 13
-1936.661724984377
 23
-3606.692660159213
 33
0.0
 14
-1797.361724984376
 24
-3606.692660159213
 34
0.0
 50
180.0
100
AcDbRotatedDimension
1001
ACAD
1000
DSTYLE
1002
{
1070
   340
1005
80
1070
   178
1070
     7
1002
}
  0
DIMENSION
  5
100
102
{ACAD_XDICTIONARY
360
101
102
}
102
{ACAD_REACTORS
330
102
102
}
330
2
100
AcDbEntity
  8
标注层
100
AcDbDimension
280
     0
  2
*D40
 10
-1936.661724984377
 20
-3427.449756073038
 30
0.0
 11
-1774.261724984375
 21
-3414.399765187621
 31
0.0
 71
     5
 42
324.8000000000002
 73
     0
 74
     0
 75
     0
  3
ISO-25$0
100
AcDbAlignedDimension
 13
-1611.861724984376
 23
-3606.692660159213
 33
0.0
 14
-1936.661724984377
 24
-3606.692660159213
 34
0.0
 50
180.0
100
AcDbRotatedDimension
1001
ACAD
1000
DSTYLE
1002
{
1070
   340
1005
80
1070
   178
1070
     7
1002
}
  0
DIMENSION
  5
10F
330
2
100
AcDbEntity
  8
标注层
100
AcDbDimension
280
     0
  2
*D10
 10
-1754.761724984377
 20
-3472.097290501022
 30
0.0
 11
-1776.061724984377
 21
-3472.097290501022
 31
0.0
 70
   128
 71
     5
 42
42.59999999999945
 73
     0
 74
     0
 75
     0
  3
ISO-25$0
100
AcDbAlignedDimension
 13
-1797.361724984376
 23
-3606.692660159213
 33
0.0
 14
-1754.761724984377
 24
-3606.692660159213
 34
0.0
 50
180.0
100
AcDbRotatedDimension
1001
ACAD
1000
DSTYLE
1002
{
1070
   340
1005
80
1070
   178
1070
     7
1002
}
  0
DIMENSION
  5
11C
330
2
100
AcDbEntity
  8
标注层
100
AcDbDimension
280
     0
  2
*D11
 10
-1746.161724984377
 20
-3472.097290501022
 30
0.0
 11
-1703.000002255385
 21
-3459.047299615605
 31
0.0
 71
     5
 42
8.599999999999454
 73
     0
 74
     0
 75
     0
  3
ISO-25$0
100
AcDbAlignedDimension
 13
-1754.761724984377
 23
-3606.692660159213
 33
0.0
 14
-1746.161724984377
 24
-3606.692660159213
 34
0.0
 50
180.0
100
AcDbRotatedDimension
1001
ACAD
1000
DSTYLE
1002
{
1070
   340
1005
80
1070
   178
1070
     7
1002
}
  0
DIMENSION
  5
12B
330
2
100
AcDbEntity
  8
标注层
100
AcDbDimension
280
     0
  2
*D12
 10
-1936.661724984377
 20
-3540.716317633218
 30
0.0
 11
-1985.801101344654
 21
-3527.666326747802
 31
0.0
 71
     5
 42
14.5
 73
     0
 74
     0
 75
     0
  3
ISO-25$0
100
AcDbAlignedDimension
 13
-1922.161724984377
 23
-3606.692660159213
 33
0.0
 14
-1936.661724984377
 24
-3606.692660159213
 34
0.0
 50
180.0
100
AcDbRotatedDimension
1001
ACAD
1000
DSTYLE
1002
{
1070
   340
1005
80
1070
   178
1070
     7
1002
}
  0
DIMENSION
  5
13A
330
2
100
AcDbEntity
  8
标注层
100
AcDbDimension
280
     0
  2
*D13
 10
-1868.161724984377
 20
-3540.716317633218
 30
0.0
 11
-1895.161724984377
 21
-3527.666326747802
 31
0.0
 71
     5
 42
54.0
 73
     0
 74
     0
 75
     0
  3
ISO-25$0
100
AcDbAlignedDimension
 13
-1922.161724984377
 23
-3606.692660159213
 33
0.0
 14
-1868.161724984377
 24
-3606.692660159213
 34
0.0
 50
180.0
100
AcDbRotatedDimension
1001
ACAD
1000
DSTYLE
1002
{
1070
   340
1005
80
1070
   178
1070
     7
1002
}
  0
DIMENSION
  5
147
330
2
100
AcDbEntity
  8
标注层
100
AcDbDimension
280
     0
  2
*D14
 10
-1810.161724984378
 20
-3540.716317633218
 30
0.0
 11
-1839.161724984377
 21
-3527.666326747802
 31
0.0
 71
     5
 42
57.99999999999909
 73
     0
 74
     0
 75
     0
  3
ISO-25$0
100
AcDbAlignedDimension
 13
-1868.161724984377
 23
-3606.692660159213
 33
0.0
 14
-1810.161724984378
 24
-3606.692660159213
 34
0.0
 50
180.0
100
AcDbRotatedDimension
1001
ACAD
1000
DSTYLE
1002
{
1070
   340
1005
80
1070
   178
1070
     7
1002
}
  0
DIMENSION
  5
154
330
2
100
AcDbEntity
  8
标注层
100
AcDbDimension
280
     0
  2
*D15
 10
-1736.361724984377
 20
-3540.716317633218
 30
0.0
 11
-1773.261724984377
 21
-3527.666326747802
 31
0.0
 71
     5
 42
73.80000000000109
 73
     0
 74
     0
 75
     0
  3
ISO-25$0
100
AcDbAlignedDimension
 13
-1810.161724984378
 23
-3606.692660159213
 33
0.0
 14
-1736.361724984377
 24
-3606.692660159213
 34
0.0
 50
180.0
100
AcDbRotatedDimension
1001
ACAD
1000
DSTYLE
1002
{
1070
   340
1005
80
1070
   178
1070
     7
1002
}
  0
DIMENSION
  5
161
330
2
100
AcDbEntity
  8
标注层
100
AcDbDimension
280
     0
  2
*D16
 10
-1725.361724984376
 20
-3509.245866806479
 30
0.0
 11
-1730.861724984376
 21
-3509.245866806479
 31
0.0
 70
   128
 71
     5
 42
11.0
 73
     0
 74
     0
 75
     0
  3
ISO-25$0
100
AcDbAlignedDimension
 13
-1736.361724984377
 23
-3606.692660159213
 33
0.0
 14
-1725.361724984376
 24
-3606.692660159213
 34
0.0
 50
180.0
100
AcDbRotatedDimension
1001
ACAD
1000
DSTYLE
1002
{
1070
   340
1005
80
1070
   178
1070
     7
1002
}
  0
DIMENSION
  5
170
330
2
100
AcDbEntity
  8
标注层
100
AcDbDimension
280
     0
  2
*D17
 10
-1689.361724984376
 20
-3540.716317633218
 30
0.0
 11
-1707.361724984376
 21
-3527.666326747802
 31
0.0
 71
     5
 42
36.0
 73
     0
 74
     0
 75
     0
  3
ISO-25$0
100
AcDbAlignedDimension
 13
-1725.361724984376
 23
-3606.692660159213
 33
0.0
 14
-1689.361724984376
 24
-3606.692660159213
 34
0.0
 50
180.0
100
AcDbRotatedDimension
1001
ACAD
1000
DSTYLE
1002
{
1070
   340
1005
80
1070
   178
1070
     7
1002
}
  0
DIMENSION
  5
17D
330
2
100
AcDbEntity
  8
标注层
100
AcDbDimension
280
     0
  2
*D18
 10
-1628.361724984376
 20
-3540.716317633218
 30
0.0
 11
-1658.861724984376
 21
-3527.666326747802
 31
0.0
 71
     5
 42
61.0
 73
     0
 74
     0
 75
     0
  3
ISO-25$0
100
AcDbAlignedDimension
 13
-1689.361724984376
 23
-3606.692660159213
 33
0.0
 14
-1628.361724984376
 24
-3606.692660159213
 34
0.0
 50
180.0
100
AcDbRotatedDimension
1001
ACAD
1000
DSTYLE
1002
{
1070
   340
1005
80
1070
   178
1070
     7
1002
}
  0
INSERT
  5
18A
330
2
100
AcDbEntity
  8
Cutting
100
AcDbBlockReference
  2
DK1
 10
-1930.661724984377
 20
-6291.692660159212
 30
0.0
 41
-1.0
  0
INSERT
  5
192
330
2
100
AcDbEntity
  8
Cutting
100
AcDbBlockReference
  2
DK1
 10
-1930.661724984377
 20
-3621.692660159214
 30
0.0
 41
-1.0
  0
INSERT
  5
193
330
2
100
AcDbEntity
  8
Cutting
100
AcDbBlockReference
  2
DK1
 10
-1617.861724984376
 20
-6291.692660159212
 30
0.0
 41
-1.0
  0
INSERT
  5
194
330
2
100
AcDbEntity
  8
Cutting
100
AcDbBlockReference
  2
DK1
 10
-1617.861724984376
 20
-3621.692660159214
 30
0.0
 41
-1.0
  0
LINE
  5
195
330
2
100
AcDbEntity
  8
标注层
  6
ACAD_ISO02W100
 62
     5
100
AcDbLine
 10
-1922.161724984377
 20
-6306.692660159212
 30
0.0
 11
-1922.161724984377
 21
-3606.692660159213
 31
0.0
  0
LINE
  5
196
330
2
100
AcDbEntity
  8
标注层
 62
     5
100
AcDbLine
 10
-1868.161724984377
 20
-6306.692660159212
 30
0.0
 11
-1868.161724984377
 21
-3606.692660159213
 31
0.0
  0
LINE
  5
197
330
2
100
AcDbEntity
  8
标注层
  6
ACAD_ISO02W100
 62
     5
100
AcDbLine
 10
-1810.161724984376
 20
-6306.692660159212
 30
0.0
 11
-1810.161724984378
 21
-3606.692660159213
 31
0.0
  0
LINE
  5
198
330
2
100
AcDbEntity
  8
标注层
  6
ACAD_ISO02W100
 62
     6
100
AcDbLine
 10
-1797.361724984376
 20
-6306.692660159212
 30
0.0
 11
-1797.361724984376
 21
-3606.692660159213
 31
0.0
  0
LINE
  5
199
330
2
100
AcDbEntity
  8
标注层
  6
ACAD_ISO02W100
 62
     6
100
AcDbLine
 10
-1754.761724984375
 20
-6306.692660159212
 30
0.0
 11
-1754.761724984377
 21
-3606.692660159213
 31
0.0
  0
LINE
  5
19A
330
2
100
AcDbEntity
  8
标注层
  6
ACAD_ISO02W100
 62
     6
100
AcDbLine
 10
-1746.161724984376
 20
-6306.692660159212
 30
0.0
 11
-1746.161724984377
 21
-3606.692660159213
 31
0.0
  0
LINE
  5
19B
330
2
100
AcDbEntity
  8
标注层
  6
ACAD_ISO02W100
 62
     5
100
AcDbLine
 10
-1736.361724984377
 20
-6306.692660159212
 30
0.0
 11
-1736.361724984377
 21
-3606.692660159213
 31
0.0
  0
LINE
  5
19C
330
2
100
AcDbEntity
  8
标注层
  6
ACAD_ISO02W100
 62
     5
100
AcDbLine
 10
-1725.361724984376
 20
-6306.692660159212
 30
0.0
 11
-1725.361724984376
 21
-3606.692660159213
 31
0.0
  0
LINE
  5
19D
330
2
100
AcDbEntity
  8
标注层
  6
ACAD_ISO02W100
 62
     5
100
AcDbLine
 10
-1689.361724984376
 20
-6306.692660159212
 30
0.0
 11
-1689.361724984376
 21
-3606.692660159213
 31
0.0
  0
LINE
  5
19E
330
2
100
AcDbEntity
  8
标注层
  6
ACAD_ISO02W100
 62
     5
100
AcDbLine
 10
-1628.361724984376
 20
-6306.692660159212
 30
0.0
 11
-1628.361724984376
 21
-3606.692660159213
 31
0.0
  0
LINE
  5
19F
330
2
100
AcDbEntity
  8
0
  6
Continuous
 62
     7
370
    15
100
AcDbLine
 10
-1851.161724984376
 20
-3660.892660159214
 30
0.0
 11
-1851.161724984376
 21
-3657.142660159214
 31
0.0
  0
LINE
  5
1A0
330
2
100
AcDbEntity
  8
0
  6
Continuous
 62
     7
370
    15
100
AcDbLine
 10
-1851.161724984376
 20
-3657.142660159214
 30
0.0
 11
-1831.161724984377
 21
-3657.142660159214
 31
0.0
  0
LINE
  5
1A1
330
2
100
AcDbEntity
  8
0
  6
Continuous
 62
     7
370
    15
100
AcDbLine
 10
-1831.161724984377
 20
-3657.142660159214
 30
0.0
 11
-1831.161724984377
 21
-3660.892660159214
 31
0.0
  0
LINE
  5
1A2
330
2
100
AcDbEntity
  8
0
  6
Continuous
 62
     7
370
    15
100
AcDbLine
 10
-1831.161724984377
 20
-3660.892660159214
 30
0.0
 11
-1851.161724984376
 21
-3660.892660159214
 31
0.0
  0
LINE
  5
1A3
330
2
100
AcDbEntity
  8
0
  6
Continuous
 62
     7
370
    15
100
AcDbLine
 10
-1713.861724984376
 20
-3677.142660159214
 30
0.0
 11
-1713.861724984376
 21
-3680.892660159214
 31
0.0
  0
LINE
  5
1A4
330
2
100
AcDbEntity
  8
0
  6
Continuous
 62
     7
370
    15
100
AcDbLine
 10
-1693.861724984376
 20
-3677.142660159214
 30
0.0
 11
-1713.861724984376
 21
-3677.142660159214
 31
0.0
  0
LINE
  5
1A5
330
2
100
AcDbEntity
  8
0
  6
Continuous
 62
     7
370
    15
100
AcDbLine
 10
-1693.861724984376
 20
-3680.892660159214
 30
0.0
 11
-1693.861724984376
 21
-3677.142660159214
 31
0.0
  0
LINE
  5
1A6
330
2
100
AcDbEntity
  8
0
  6
Continuous
 62
     7
370
    15
100
AcDbLine
 10
-1713.861724984376
 20
-3680.892660159214
 30
0.0
 11
-1693.861724984376
 21
-3680.892660159214
 31
0.0
  0
CIRCLE
  5
1A7
330
2
100
AcDbEntity
  8
绘图层
100
AcDbCircle
 10
-4672.729861834311
 20
-3591.642353982661
 30
0.0
 40
4.5
  0
CIRCLE
  5
1A8
330
2
100
AcDbEntity
  8
绘图层
100
AcDbCircle
 10
-4609.729861834312
 20
-3591.642353982661
 30
0.0
 40
4.5
  0
CIRCLE
  5
1A9
330
2
100
AcDbEntity
  8
绘图层
100
AcDbCircle
 10
-4553.229861834312
 20
-3591.642353982661
 30
0.0
 40
4.5
  0
LINE
  5
1AA
330
2
100
AcDbEntity
  8
绘图层
100
AcDbLine
 10
-1860.661724984376
 20
-3606.692660159213
 30
0.0
 11
-1860.661724984376
 21
-3653.692660159214
 31
0.0
  0
LINE
  5
1AB
330
2
100
AcDbEntity
  8
绘图层
100
AcDbLine
 10
-1860.661724984377
 20
-3653.692660159214
 30
0.0
 11
-1696.861724984376
 21
-3653.692660159214
 31
0.0
  0
LINE
  5
1AC
102
{ACAD_REACTORS
330
1AF
102
}
330
2
100
AcDbEntity
  8
绘图层
100
AcDbLine
 10
-1696.861724984376
 20
-3653.692660159214
 30
0.0
 11
-1696.861724984376
 21
-3606.692660159213
 31
0.0
  0
DIMENSION
  5
1AD
102
{ACAD_XDICTIONARY
360
1AE
102
}
102
{ACAD_REACTORS
330
1AF
102
}
330
2
100
AcDbEntity
  8
标注层
100
AcDbDimension
280
     0
  2
*D41
 10
-1548.814398435273
 20
-3653.692660159215
 30
0.0
 11
-1566.86438932069
 21
-3630.192660159214
 31
0.0
 71
     5
 42
47.0
 73
     0
 74
     0
 75
     0
  3
ISO-25$0
100
AcDbAlignedDimension
 13
-1611.861724984376
 23
-3606.692660159213
 33
0.0
 14
-1696.861724984376
 24
-3653.692660159214
 34
0.0
 50
90.0
100
AcDbRotatedDimension
1001
ACAD
1000
DSTYLE
1002
{
1070
   140
1040
30.0
1070
   178
1070
     7
1002
}
  0
LINE
  5
1BC
330
2
100
AcDbEntity
  8
0
  6
Continuous
 62
     7
370
    15
100
AcDbLine
 10
-1851.161724984376
 20
-6252.492660159211
 30
0.0
 11
-1851.161724984376
 21
-6256.242660159212
 31
0.0
  0
LINE
  5
1BD
330
2
100
AcDbEntity
  8
0
  6
Continuous
 62
     7
370
    15
100
AcDbLine
 10
-1851.161724984376
 20
-6256.242660159212
 30
0.0
 11
-1831.161724984377
 21
-6256.242660159212
 31
0.0
  0
LINE
  5
1BE
330
2
100
AcDbEntity
  8
0
  6
Continuous
 62
     7
370
    15
100
AcDbLine
 10
-1831.161724984377
 20
-6256.242660159212
 30
0.0
 11
-1831.161724984377
 21
-6252.492660159211
 31
0.0
  0
LINE
  5
1BF
330
2
100
AcDbEntity
  8
0
  6
Continuous
 62
     7
370
    15
100
AcDbLine
 10
-1831.161724984377
 20
-6252.492660159211
 30
0.0
 11
-1851.161724984376
 21
-6252.492660159211
 31
0.0
  0
LINE
  5
1C0
330
2
100
AcDbEntity
  8
0
  6
Continuous
 62
     7
370
    15
100
AcDbLine
 10
-1713.861724984376
 20
-6236.242660159213
 30
0.0
 11
-1713.861724984376
 21
-6232.492660159213
 31
0.0
  0
LINE
  5
1C1
330
2
100
AcDbEntity
  8
0
  6
Continuous
 62
     7
370
    15
100
AcDbLine
 10
-1693.861724984376
 20
-6236.242660159213
 30
0.0
 11
-1713.861724984376
 21
-6236.242660159213
 31
0.0
  0
LINE
  5
1C2
330
2
100
AcDbEntity
  8
0
  6
Continuous
 62
     7
370
    15
100
AcDbLine
 10
-1693.861724984376
 20
-6232.492660159213
 30
0.0
 11
-1693.861724984376
 21
-6236.242660159213
 31
0.0
  0
LINE
  5
1C3
330
2
100
AcDbEntity
  8
0
  6
Continuous
 62
     7
370
    15
100
AcDbLine
 10
-1713.861724984376
 20
-6232.492660159213
 30
0.0
 11
-1693.861724984376
 21
-6232.492660159213
 31
0.0
  0
LINE
  5
1C4
330
2
100
AcDbEntity
  8
绘图层
100
AcDbLine
 10
-1860.661724984376
 20
-6306.692660159212
 30
0.0
 11
-1860.661724984376
 21
-6259.692660159212
 31
0.0
  0
LINE
  5
1C5
330
2
100
AcDbEntity
  8
绘图层
100
AcDbLine
 10
-1860.661724984377
 20
-6259.692660159212
 30
0.0
 11
-1696.861724984376
 21
-6259.692660159212
 31
0.0
  0
LINE
  5
1C6
102
{ACAD_REACTORS
330
1C9
102
}
330
2
100
AcDbEntity
  8
绘图层
100
AcDbLine
 10
-1696.861724984376
 20
-6259.692660159212
 30
0.0
 11
-1696.861724984376
 21
-6306.692660159212
 31
0.0
  0
DIMENSION
  5
1C7
102
{ACAD_XDICTIONARY
360
1C8
102
}
102
{ACAD_REACTORS
330
1C9
102
}
330
2
100
AcDbEntity
  8
标注层
100
AcDbDimension
280
     0
  2
*D42
 10
-1548.814398435273
 20
-6259.692660159218
 30
0.0
 11
-1566.864389320691
 21
-6283.192660159215
 31
0.0
 71
     5
 42
47.0
 73
     0
 74
     0
 75
     0
  3
ISO-25$0
100
AcDbAlignedDimension
 13
-1611.861724984376
 23
-6306.692660159212
 33
0.0
 14
-1696.861724984376
 24
-6259.692660159212
 34
0.0
 50
270.0
100
AcDbRotatedDimension
1001
ACAD
1000
DSTYLE
1002
{
1070
   140
1040
30.0
1070
   178
1070
     7
1002
}
  0
MTEXT
  5
1D6
330
2
100
AcDbEntity
  8
绘图层
100
AcDbMText
 10
-5115.229861834312
 20
-2991.94235398266
 30
0.0
 40
50.0
 41
1244.026546453642
 46
0.0
 71
     1
 72
     5
  1
2.0的骨架
 73
     1
 44
1.0
  0
MTEXT
  5
1D7
330
2
100
AcDbEntity
  8
绘图层
100
AcDbMText
 10
-2249.109404682291
 20
-3036.692660159213
 30
0.0
 40
50.0
 41
1244.026546453642
 46
0.0
 71
     1
 72
     5
  1
 0.8的外皮
 73
     1
 44
1.0
  0
LWPOLYLINE
  5
1D8
102
{ACAD_REACTORS
330
1DE
330
1ED
102
}
330
2
100
AcDbEntity
  8
绘图层
100
AcDbPolyline
 90
       12
 70
     0
 43
0.0
 10
-1364.970681190047
 20
-3257.67359671865
 10
-1364.970681190047
 20
-3242.673596718649
 10
-1419.970681190047
 20
-3242.673596718649
 10
-1419.970681190047
 20
-3301.673596718649
 10
-1406.970681190047
 20
-3301.673596718649
 10
-1406.970681190047
 20
-3343.673596718652
 10
-1414.970681190047
 20
-3343.673596718652
 10
-1414.970681190047
 20
-3333.673596718653
 10
-1426.970681190047
 20
-3333.673596718653
 10
-1426.970681190047
 20
-3370.673596718653
 10
-1364.970681190047
 20
-3370.673596718653
 10
-1364.970681190047
 20
-3353.673596718652
  0
LWPOLYLINE
  5
1D9
330
2
100
AcDbEntity
  8
绘图层
 62
   250
100
AcDbPolyline
 90
       12
 70
     0
 43
0.0
 10
-1365.270681190047
 20
-3257.67359671865
 10
-1365.270681190047
 20
-3242.973596718648
 10
-1419.670681190047
 20
-3242.973596718648
 10
-1419.670681190047
 20
-3301.373596718649
 10
-1406.670681190046
 20
-3301.373596718649
 10
-1406.670681190046
 20
-3343.973596718651
 10
-1415.270681190047
 20
-3343.973596718651
 10
-1415.270681190047
 20
-3333.973596718652
 10
-1426.670681190047
 20
-3333.973596718652
 10
-1426.670681190047
 20
-3370.373596718651
 10
-1365.270681190047
 20
-3370.373596718651
 10
-1365.270681190047
 20
-3353.673596718652
  0
LWPOLYLINE
  5
1DA
330
2
100
AcDbEntity
  8
绘图层
100
AcDbPolyline
 90
       12
 70
     0
 43
0.0
 10
-1365.770681190047
 20
-3257.67359671865
 10
-1365.770681190047
 20
-3243.473596718648
 10
-1419.170681190047
 20
-3243.473596718648
 10
-1419.170681190047
 20
-3300.873596718647
 10
-1406.170681190047
 20
-3300.873596718647
 10
-1406.170681190047
 20
-3344.473596718652
 10
-1415.770681190047
 20
-3344.473596718652
 10
-1415.770681190047
 20
-3334.473596718652
 10
-1426.170681190046
 20
-3334.473596718652
 10
-1426.170681190046
 20
-3369.873596718651
 10
-1365.770681190047
 20
-3369.873596718651
 10
-1365.770681190047
 20
-3353.673596718652
  0
LWPOLYLINE
  5
1DB
330
2
100
AcDbEntity
  8
绘图层
 62
   250
100
AcDbPolyline
 90
       12
 70
     0
 43
0.0
 10
-1365.470681190047
 20
-3257.67359671865
 10
-1365.470681190047
 20
-3243.173596718649
 10
-1419.470681190047
 20
-3243.173596718649
 10
-1419.470681190047
 20
-3301.173596718649
 10
-1406.470681190047
 20
-3301.173596718649
 10
-1406.470681190047
 20
-3344.173596718653
 10
-1415.470681190047
 20
-3344.173596718653
 10
-1415.470681190047
 20
-3334.173596718652
 10
-1426.470681190047
 20
-3334.173596718652
 10
-1426.470681190047
 20
-3370.173596718653
 10
-1365.470681190047
 20
-3370.173596718653
 10
-1365.470681190047
 20
-3353.673596718652
  0
DIMENSION
  5
1DC
102
{ACAD_XDICTIONARY
360
1DD
102
}
102
{ACAD_REACTORS
330
1DE
102
}
330
2
100
AcDbEntity
  8
绘图层
100
AcDbDimension
280
     0
  2
*D43
 10
-1435.965207087993
 20
-3301.673596718651
 30
0.0
 11
-1449.015197973411
 21
-3272.173596718649
 31
0.0
 71
     5
 42
59.0
 73
     0
 74
     0
 75
     0
  3
ISO-25$0
100
AcDbAlignedDimension
 13
-1419.970681190047
 23
-3242.673596718649
 33
0.0
 14
-1419.970681190047
 24
-3301.673596718649
 34
0.0
 50
90.0
100
AcDbRotatedDimension
1001
ACAD
1000
DSTYLE
1002
{
1070
   178
1070
     7
1002
}
  0
DIMENSION
  5
1EB
102
{ACAD_XDICTIONARY
360
1EC
102
}
102
{ACAD_REACTORS
330
1ED
102
}
330
2
100
AcDbEntity
  8
绘图层
100
AcDbDimension
280
     0
  2
*D44
 10
-1468.627847904685
 20
-3370.673596718654
 30
0.0
 11
-1481.677838790103
 21
-3352.173596718653
 31
0.0
 71
     5
 42
37.0
 73
     0
 74
     0
 75
     0
  3
ISO-25$0
100
AcDbAlignedDimension
 13
-1426.970681190047
 23
-3333.673596718653
 33
0.0
 14
-1426.970681190047
 24
-3370.673596718653
 34
0.0
 50
90.0
100
AcDbRotatedDimension
1001
ACAD
1000
DSTYLE
1002
{
1070
   178
1070
     7
1002
}
  0
DIMENSION
  5
1FA
330
2
100
AcDbEntity
  8
绘图层
100
AcDbDimension
280
     0
  2
*D19
 10
-1468.627847904684
 20
-3242.67359671865
 30
0.0
 11
-1481.677838790101
 21
-3288.173596718651
 31
0.0
 71
     5
 42
91.00000000000363
 73
     0
 74
     0
 75
     0
  3
ISO-25$0
100
AcDbAlignedDimension
 13
-1426.970681190047
 23
-3333.673596718653
 33
0.0
 14
-1419.970681190047
 24
-3242.673596718649
 34
0.0
 50
90.0
100
AcDbRotatedDimension
1001
ACAD
1000
DSTYLE
1002
{
1070
   178
1070
     7
1002
}
  0
DIMENSION
  5
207
330
2
100
AcDbEntity
  8
绘图层
100
AcDbDimension
280
     0
  2
*D20
 10
-1435.965207087991
 20
-3333.673596718654
 30
0.0
 11
-1449.015197973409
 21
-3317.673596718651
 31
0.0
 71
     5
 42
32.00000000000364
 73
     0
 74
     0
 75
     0
  3
ISO-25$0
100
AcDbAlignedDimension
 13
-1419.970681190047
 23
-3301.673596718649
 33
0.0
 14
-1426.970681190047
 24
-3333.673596718653
 34
0.0
 50
90.0
100
AcDbRotatedDimension
1001
ACAD
1000
DSTYLE
1002
{
1070
   178
1070
     7
1002
}
  0
LWPOLYLINE
  5
214
102
{ACAD_REACTORS
330
218
330
227
102
}
330
2
100
AcDbEntity
  8
绘图层
100
AcDbPolyline
 90
       10
 70
     0
 43
0.0
 10
-4223.157001959239
 20
-3219.053450764
 10
-4223.157001959239
 20
-3205.053450764
 10
-4275.157001959239
 20
-3205.053450764
 10
-4275.157001959239
 20
-3257.053450764001
 10
-4262.157001959239
 20
-3257.053450764001
 10
-4262.157001959239
 20
-3307.053450764009
 10
-4282.157001959239
 20
-3307.053450764009
 10
-4282.157001959239
 20
-3330.053450764012
 10
-4223.157001959239
 20
-3330.053450764012
 10
-4223.157001959239
 20
-3316.053450764012
  0
LWPOLYLINE
  5
215
330
2
100
AcDbEntity
  8
绘图层
100
AcDbPolyline
 90
       10
 70
     0
 43
0.0
 10
-4225.157001959239
 20
-3219.053450764
 10
-4225.157001959239
 20
-3207.053450764
 10
-4273.157001959239
 20
-3207.053450764
 10
-4273.157001959239
 20
-3255.053450764
 10
-4260.157001959239
 20
-3255.053450764
 10
-4260.157001959239
 20
-3309.053450764008
 10
-4280.157001959238
 20
-3309.053450764008
 10
-4280.157001959238
 20
-3328.053450764012
 10
-4225.157001959239
 20
-3328.053450764012
 10
-4225.157001959239
 20
-3316.053450764012
  0
DIMENSION
  5
216
102
{ACAD_XDICTIONARY
360
217
102
}
102
{ACAD_REACTORS
330
218
102
}
330
2
100
AcDbEntity
  8
绘图层
100
AcDbDimension
280
     0
  2
*D45
 10
-4352.350660757636
 20
-3330.053450764013
 30
0.0
 11
-4365.400651643052
 21
-3267.553450764005
 31
0.0
 71
     5
 42
125.0000000000109
 73
     0
 74
     0
 75
     0
  3
ISO-25$0
100
AcDbAlignedDimension
 13
-4275.157001959239
 23
-3205.053450764
 33
0.0
 14
-4282.157001959239
 24
-3330.053450764012
 34
0.0
 50
90.0
100
AcDbRotatedDimension
1001
ACAD
1000
DSTYLE
1002
{
1070
   178
1070
     7
1002
}
  0
DIMENSION
  5
225
102
{ACAD_XDICTIONARY
360
226
102
}
102
{ACAD_REACTORS
330
227
102
}
330
2
100
AcDbEntity
  8
绘图层
100
AcDbDimension
280
     0
  2
*D46
 10
-4307.110637850761
 20
-3330.053450764013
 30
0.0
 11
-4307.110637850761
 21
-3318.553450764009
 31
0.0
 70
   128
 71
     5
 42
23.00000000000364
 73
     0
 74
     0
 75
     0
  3
ISO-25$0
100
AcDbAlignedDimension
 13
-4282.157001959239
 23
-3307.053450764009
 33
0.0
 14
-4282.157001959239
 24
-3330.053450764012
 34
0.0
 50
90.0
100
AcDbRotatedDimension
1001
ACAD
1000
DSTYLE
1002
{
1070
   178
1070
     7
1002
}
  0
DIMENSION
  5
236
330
2
100
AcDbEntity
  8
绘图层
100
AcDbDimension
280
     0
  2
*D21
 10
-4307.110637850762
 20
-3205.053450764002
 30
0.0
 11
-4320.160628736178
 21
-3256.053450764003
 31
0.0
 71
     5
 42
102.0000000000073
 73
     0
 74
     0
 75
     0
  3
ISO-25$0
100
AcDbAlignedDimension
 13
-4282.157001959239
 23
-3307.053450764009
 33
0.0
 14
-4275.157001959239
 24
-3205.053450764
 34
0.0
 50
90.0
100
AcDbRotatedDimension
1001
ACAD
1000
DSTYLE
1002
{
1070
   178
1070
     7
1002
}
  0
LINE
  5
243
102
{ACAD_REACTORS
330
260
102
}
330
2
100
AcDbEntity
  8
绘图层
100
AcDbLine
 10
-3836.072269606758
 20
-3319.67225926668
 30
0.0
 11
-3850.072269606758
 21
-3319.67225926668
 31
0.0
  0
LINE
  5
244
330
2
100
AcDbEntity
  8
绘图层
100
AcDbLine
 10
-3848.072269606758
 20
-3319.67225926668
 30
0.0
 11
-3900.072269606758
 21
-3319.67225926668
 31
0.0
  0
LINE
  5
245
330
2
100
AcDbEntity
  8
绘图层
100
AcDbLine
 10
-3898.072269606758
 20
-3319.67225926668
 30
0.0
 11
-3950.072269606758
 21
-3319.67225926668
 31
0.0
  0
LINE
  5
246
330
2
100
AcDbEntity
  8
绘图层
100
AcDbLine
 10
-3948.072269606758
 20
-3319.67225926668
 30
0.0
 11
-3961.072269606758
 21
-3319.67225926668
 31
0.0
  0
LINE
  5
247
330
2
100
AcDbEntity
  8
绘图层
100
AcDbLine
 10
-3963.072269606758
 20
-3319.67225926668
 30
0.0
 11
-4013.072269606762
 21
-3319.67225926668
 31
0.0
  0
LINE
  5
248
330
2
100
AcDbEntity
  8
绘图层
100
AcDbLine
 10
-4015.072269606764
 20
-3319.67225926668
 30
0.0
 11
-4035.072269606764
 21
-3319.67225926668
 31
0.0
  0
LINE
  5
249
330
2
100
AcDbEntity
  8
绘图层
100
AcDbLine
 10
-4033.072269606764
 20
-3319.67225926668
 30
0.0
 11
-4056.072269606767
 21
-3319.67225926668
 31
0.0
  0
LINE
  5
24A
330
2
100
AcDbEntity
  8
绘图层
100
AcDbLine
 10
-4054.072269606768
 20
-3319.67225926668
 30
0.0
 11
-4113.072269606766
 21
-3319.67225926668
 31
0.0
  0
LINE
  5
24B
102
{ACAD_REACTORS
330
260
102
}
330
2
100
AcDbEntity
  8
绘图层
100
AcDbLine
 10
-4111.072269606768
 20
-3319.67225926668
 30
0.0
 11
-4125.072269606767
 21
-3319.67225926668
 31
0.0
  0
LINE
  5
24C
330
2
100
AcDbEntity
  8
绘图层
 62
     6
100
AcDbLine
 10
-3836.072269606758
 20
-3320.672259266679
 30
0.0
 11
-3849.072269606758
 21
-3320.672259266679
 31
0.0
  0
LINE
  5
24D
102
{ACAD_REACTORS
330
28D
102
}
330
2
100
AcDbEntity
  8
绘图层
 62
     6
100
AcDbLine
 10
-3849.072269606758
 20
-3320.672259266679
 30
0.0
 11
-3899.072269606758
 21
-3320.672259266679
 31
0.0
  0
LINE
  5
24E
102
{ACAD_REACTORS
330
29E
330
2AD
102
}
330
2
100
AcDbEntity
  8
绘图层
 62
     6
100
AcDbLine
 10
-3899.072269606758
 20
-3320.672259266679
 30
0.0
 11
-3949.072269606758
 21
-3320.672259266679
 31
0.0
  0
LINE
  5
24F
330
2
100
AcDbEntity
  8
绘图层
 62
     6
100
AcDbLine
 10
-3949.072269606759
 20
-3320.672259266679
 30
0.0
 11
-3962.072269606758
 21
-3320.672259266679
 31
0.0
  0
LINE
  5
250
102
{ACAD_REACTORS
330
26F
102
}
330
2
100
AcDbEntity
  8
绘图层
 62
     6
100
AcDbLine
 10
-3962.072269606758
 20
-3320.672259266679
 30
0.0
 11
-4014.072269606764
 21
-3320.672259266679
 31
0.0
  0
LINE
  5
251
102
{ACAD_REACTORS
330
27E
102
}
330
2
100
AcDbEntity
  8
绘图层
 62
     6
100
AcDbLine
 10
-4014.072269606764
 20
-3320.672259266679
 30
0.0
 11
-4034.072269606762
 21
-3320.672259266679
 31
0.0
  0
LINE
  5
252
102
{ACAD_REACTORS
330
2BC
330
2CB
102
}
330
2
100
AcDbEntity
  8
绘图层
 62
     6
100
AcDbLine
 10
-4034.072269606762
 20
-3320.672259266679
 30
0.0
 11
-4055.072269606767
 21
-3320.672259266679
 31
0.0
  0
LINE
  5
253
102
{ACAD_REACTORS
330
2DC
102
}
330
2
100
AcDbEntity
  8
绘图层
 62
     6
100
AcDbLine
 10
-4055.072269606768
 20
-3320.672259266679
 30
0.0
 11
-4112.072269606768
 21
-3320.672259266679
 31
0.0
  0
LINE
  5
254
102
{ACAD_REACTORS
330
2DC
102
}
330
2
100
AcDbEntity
  8
绘图层
 62
     6
100
AcDbLine
 10
-4112.072269606768
 20
-3320.672259266679
 30
0.0
 11
-4125.072269606767
 21
-3320.672259266679
 31
0.0
  0
LINE
  5
255
102
{ACAD_REACTORS
330
28D
102
}
330
2
100
AcDbEntity
  8
绘图层
100
AcDbLine
 10
-3836.072269606758
 20
-3321.672259266679
 30
0.0
 11
-3848.072269606758
 21
-3321.672259266679
 31
0.0
  0
LINE
  5
256
330
2
100
AcDbEntity
  8
绘图层
100
AcDbLine
 10
-3850.072269606758
 20
-3321.672259266679
 30
0.0
 11
-3898.072269606758
 21
-3321.672259266679
 31
0.0
  0
LINE
  5
257
330
2
100
AcDbEntity
  8
绘图层
100
AcDbLine
 10
-3900.072269606758
 20
-3321.672259266679
 30
0.0
 11
-3948.072269606758
 21
-3321.672259266679
 31
0.0
  0
LINE
  5
258
330
2
100
AcDbEntity
  8
绘图层
100
AcDbLine
 10
-3950.072269606759
 20
-3321.672259266679
 30
0.0
 11
-3963.072269606758
 21
-3321.672259266679
 31
0.0
  0
LINE
  5
259
330
2
100
AcDbEntity
  8
绘图层
100
AcDbLine
 10
-3961.072269606758
 20
-3321.672259266679
 30
0.0
 11
-4015.072269606764
 21
-3321.672259266679
 31
0.0
  0
LINE
  5
25A
330
2
100
AcDbEntity
  8
绘图层
100
AcDbLine
 10
-4013.072269606762
 20
-3321.672259266679
 30
0.0
 11
-4033.072269606764
 21
-3321.672259266679
 31
0.0
  0
LINE
  5
25B
330
2
100
AcDbEntity
  8
绘图层
100
AcDbLine
 10
-4035.072269606764
 20
-3321.672259266679
 30
0.0
 11
-4054.072269606766
 21
-3321.672259266679
 31
0.0
  0
LINE
  5
25C
330
2
100
AcDbEntity
  8
绘图层
100
AcDbLine
 10
-4056.072269606768
 20
-3321.672259266679
 30
0.0
 11
-4111.072269606768
 21
-3321.672259266679
 31
0.0
  0
LINE
  5
25D
330
2
100
AcDbEntity
  8
绘图层
100
AcDbLine
 10
-4113.072269606766
 20
-3321.672259266679
 30
0.0
 11
-4125.072269606767
 21
-3321.672259266679
 31
0.0
  0
DIMENSION
  5
25E
102
{ACAD_XDICTIONARY
360
25F
102
}
102
{ACAD_REACTORS
330
260
102
}
330
2
100
AcDbEntity
  8
绘图层
100
AcDbDimension
280
     0
  2
*D47
 10
-3836.072269606758
 20
-3200.504273440616
 30
0.0
 11
-3980.572269606763
 21
-3187.454282555199
 31
0.0
 71
     5
 42
289.00000000001
 73
     0
 74
     0
 75
     0
  3
ISO-25$0
100
AcDbAlignedDimension
 13
-4125.072269606767
 23
-3319.67225926668
 33
0.0
 14
-3836.072269606758
 24
-3319.67225926668
 34
0.0
100
AcDbRotatedDimension
1001
ACAD
1000
DSTYLE
1002
{
1070
   178
1070
     7
1002
}
  0
DIMENSION
  5
26D
102
{ACAD_XDICTIONARY
360
26E
102
}
102
{ACAD_REACTORS
330
26F
102
}
330
2
100
AcDbEntity
  8
绘图层
100
AcDbDimension
280
     0
  2
*D48
 10
-3836.072269606758
 20
-3258.838266353647
 30
0.0
 11
-3899.072269606758
 21
-3245.788275468232
 31
0.0
 71
     5
 42
126.0000000000004
 73
     0
 74
     0
 75
     0
  3
ISO-25$0
100
AcDbAlignedDimension
 13
-3962.072269606758
 23
-3320.672259266679
 33
0.0
 14
-3836.072269606758
 24
-3319.67225926668
 34
0.0
100
AcDbRotatedDimension
1001
ACAD
1000
DSTYLE
1002
{
1070
   178
1070
     7
1002
}
  0
DIMENSION
  5
27C
102
{ACAD_XDICTIONARY
360
27D
102
}
102
{ACAD_REACTORS
330
27E
102
}
330
2
100
AcDbEntity
  8
绘图层
100
AcDbDimension
280
     0
  2
*D49
 10
-4014.072269606764
 20
-3258.838266353647
 30
0.0
 11
-3988.072269606761
 21
-3245.788275468232
 31
0.0
 71
     5
 42
52.00000000000546
 73
     0
 74
     0
 75
     0
  3
ISO-25$0
100
AcDbAlignedDimension
 13
-3962.072269606758
 23
-3320.672259266679
 33
0.0
 14
-4014.072269606764
 24
-3320.672259266679
 34
0.0
100
AcDbRotatedDimension
1001
ACAD
1000
DSTYLE
1002
{
1070
   178
1070
     7
1002
}
  0
DIMENSION
  5
28B
102
{ACAD_XDICTIONARY
360
28C
102
}
102
{ACAD_REACTORS
330
28D
102
}
330
2
100
AcDbEntity
  8
绘图层
100
AcDbDimension
280
     0
  2
*D50
 10
-3836.072269606758
 20
-3394.220096777667
 30
0.0
 11
-3801.234569224135
 21
-3381.17010589225
 31
0.0
 71
     5
 42
13.0
 73
     0
 74
     0
 75
     0
  3
ISO-25$0
100
AcDbAlignedDimension
 13
-3849.072269606758
 23
-3320.672259266679
 33
0.0
 14
-3836.072269606758
 24
-3321.672259266679
 34
0.0
100
AcDbRotatedDimension
1001
ACAD
1000
DSTYLE
1002
{
1070
   178
1070
     7
1002
}
  0
DIMENSION
  5
29C
102
{ACAD_XDICTIONARY
360
29D
102
}
102
{ACAD_REACTORS
330
29E
102
}
330
2
100
AcDbEntity
  8
绘图层
100
AcDbDimension
280
     0
  2
*D51
 10
-3899.072269606758
 20
-3394.220096777667
 30
0.0
 11
-3874.072269606758
 21
-3381.17010589225
 31
0.0
 71
     5
 42
50.0
 73
     0
 74
     0
 75
     0
  3
ISO-25$0
100
AcDbAlignedDimension
 13
-3849.072269606758
 23
-3320.672259266679
 33
0.0
 14
-3899.072269606758
 24
-3320.672259266679
 34
0.0
100
AcDbRotatedDimension
1001
ACAD
1000
DSTYLE
1002
{
1070
   178
1070
     7
1002
}
  0
DIMENSION
  5
2AB
102
{ACAD_XDICTIONARY
360
2AC
102
}
102
{ACAD_REACTORS
330
2AD
102
}
330
2
100
AcDbEntity
  8
绘图层
100
AcDbDimension
280
     0
  2
*D52
 10
-3949.072269606758
 20
-3394.220096777667
 30
0.0
 11
-3924.072269606758
 21
-3381.17010589225
 31
0.0
 71
     5
 42
50.0
 73
     0
 74
     0
 75
     0
  3
ISO-25$0
100
AcDbAlignedDimension
 13
-3899.072269606758
 23
-3320.672259266679
 33
0.0
 14
-3949.072269606758
 24
-3320.672259266679
 34
0.0
100
AcDbRotatedDimension
1001
ACAD
1000
DSTYLE
1002
{
1070
   178
1070
     7
1002
}
  0
DIMENSION
  5
2BA
102
{ACAD_XDICTIONARY
360
2BB
102
}
102
{ACAD_REACTORS
330
2BC
102
}
330
2
100
AcDbEntity
  8
绘图层
100
AcDbDimension
280
     0
  2
*D53
 10
-4034.072269606762
 20
-3394.220096777667
 30
0.0
 11
-3991.572269606761
 21
-3381.17010589225
 31
0.0
 71
     5
 42
85.00000000000589
 73
     0
 74
     0
 75
     0
  3
ISO-25$0
100
AcDbAlignedDimension
 13
-3949.072269606758
 23
-3320.672259266679
 33
0.0
 14
-4034.072269606762
 24
-3320.672259266679
 34
0.0
100
AcDbRotatedDimension
1001
ACAD
1000
DSTYLE
1002
{
1070
   178
1070
     7
1002
}
  0
DIMENSION
  5
2C9
102
{ACAD_XDICTIONARY
360
2CA
102
}
102
{ACAD_REACTORS
330
2CB
102
}
330
2
100
AcDbEntity
  8
绘图层
100
AcDbDimension
280
     0
  2
*D54
 10
-4055.072269606767
 20
-3394.220096777667
 30
0.0
 11
-4044.572269606765
 21
-3394.220096777667
 31
0.0
 70
   128
 71
     5
 42
21.00000000000364
 73
     0
 74
     0
 75
     0
  3
ISO-25$0
100
AcDbAlignedDimension
 13
-4034.072269606762
 23
-3320.672259266679
 33
0.0
 14
-4055.072269606767
 24
-3320.672259266679
 34
0.0
100
AcDbRotatedDimension
1001
ACAD
1000
DSTYLE
1002
{
1070
   178
1070
     7
1002
}
  0
DIMENSION
  5
2DA
102
{ACAD_XDICTIONARY
360
2DB
102
}
102
{ACAD_REACTORS
330
2DC
102
}
330
2
100
AcDbEntity
  8
绘图层
100
AcDbDimension
280
     0
  2
*D55
 10
-4112.072269606768
 20
-3394.220096777667
 30
0.0
 11
-4083.572269606768
 21
-3381.17010589225
 31
0.0
 71
     5
 42
57.0
 73
     0
 74
     0
 75
     0
  3
ISO-25$0
100
AcDbAlignedDimension
 13
-4055.072269606768
 23
-3320.672259266679
 33
0.0
 14
-4112.072269606768
 24
-3320.672259266679
 34
0.0
100
AcDbRotatedDimension
1001
ACAD
1000
DSTYLE
1002
{
1070
   178
1070
     7
1002
}
  0
DIMENSION
  5
2E9
330
2
100
AcDbEntity
  8
标注层
100
AcDbDimension
280
     0
  2
*D22
 10
-4471.729861834312
 20
-3387.452161363923
 30
0.0
 11
-4616.229861834312
 21
-3374.402170478506
 31
0.0
 71
     5
 42
289.0
 73
     0
 74
     0
 75
     0
  3
ISO-25$0
100
AcDbAlignedDimension
 13
-4760.729861834312
 23
-3561.942353982662
 33
0.0
 14
-4471.729861834312
 24
-3561.942353982662
 34
0.0
100
AcDbRotatedDimension
1001
ACAD
1000
DSTYLE
1002
{
1070
   178
1070
     7
1002
}
  0
DIMENSION
  5
2F6
102
{ACAD_XDICTIONARY
360
2F7
102
}
102
{ACAD_REACTORS
330
2F8
102
}
330
2
100
AcDbEntity
  8
标注层
100
AcDbDimension
280
     0
  2
*D56
 10
-4634.729861834312
 20
-3444.405812290999
 30
0.0
 11
-4697.729861834312
 21
-3431.355821405583
 31
0.0
 71
     5
 42
126.0
 73
     0
 74
     0
 75
     0
  3
ISO-25$0
100
AcDbAlignedDimension
 13
-4760.729861834312
 23
-3561.942353982662
 33
0.0
 14
-4634.729861834312
 24
-3561.942353982662
 34
0.0
100
AcDbRotatedDimension
1001
ACAD
1000
DSTYLE
1002
{
1070
   178
1070
     7
1002
}
  0
DIMENSION
  5
305
102
{ACAD_XDICTIONARY
360
306
102
}
102
{ACAD_REACTORS
330
307
102
}
330
2
100
AcDbEntity
  8
标注层
100
AcDbDimension
280
     0
  2
*D57
 10
-4582.729861834311
 20
-3444.405812290999
 30
0.0
 11
-4608.729861834311
 21
-3431.355821405583
 31
0.0
 71
     5
 42
52.0
 73
     0
 74
     0
 75
     0
  3
ISO-25$0
100
AcDbAlignedDimension
 13
-4634.729861834312
 23
-3561.942353982662
 33
0.0
 14
-4582.729861834311
 24
-3561.942353982662
 34
0.0
100
AcDbRotatedDimension
1001
ACAD
1000
DSTYLE
1002
{
1070
   178
1070
     7
1002
}
  0
DIMENSION
  5
314
102
{ACAD_XDICTIONARY
360
315
102
}
102
{ACAD_REACTORS
330
316
102
}
330
2
100
AcDbEntity
  8
标注层
100
AcDbDimension
280
     0
  2
*D58
 10
-4760.729861834312
 20
-3501.92408313683
 30
0.0
 11
-4795.567562216936
 21
-3488.874092251413
 31
0.0
 71
     5
 42
13.0
 73
     0
 74
     0
 75
     0
  3
ISO-25$0
100
AcDbAlignedDimension
 13
-4747.729861834312
 23
-3561.942353982662
 33
0.0
 14
-4760.729861834312
 24
-3561.942353982662
 34
0.0
100
AcDbRotatedDimension
1001
ACAD
1000
DSTYLE
1002
{
1070
   178
1070
     7
1002
}
  0
DIMENSION
  5
325
102
{ACAD_XDICTIONARY
360
326
102
}
102
{ACAD_REACTORS
330
327
102
}
330
2
100
AcDbEntity
  8
标注层
100
AcDbDimension
280
     0
  2
*D59
 10
-4697.729861834312
 20
-3501.92408313683
 30
0.0
 11
-4722.729861834312
 21
-3488.874092251413
 31
0.0
 71
     5
 42
50.0
 73
     0
 74
     0
 75
     0
  3
ISO-25$0
100
AcDbAlignedDimension
 13
-4747.729861834312
 23
-3561.942353982662
 33
0.0
 14
-4697.729861834312
 24
-3561.942353982662
 34
0.0
100
AcDbRotatedDimension
1001
ACAD
1000
DSTYLE
1002
{
1070
   178
1070
     7
1002
}
  0
DIMENSION
  5
334
102
{ACAD_XDICTIONARY
360
335
102
}
102
{ACAD_REACTORS
330
336
102
}
330
2
100
AcDbEntity
  8
标注层
100
AcDbDimension
280
     0
  2
*D60
 10
-4647.729861834312
 20
-3501.92408313683
 30
0.0
 11
-4672.729861834311
 21
-3488.874092251413
 31
0.0
 71
     5
 42
50.0
 73
     0
 74
     0
 75
     0
  3
ISO-25$0
100
AcDbAlignedDimension
 13
-4697.729861834312
 23
-3561.942353982662
 33
0.0
 14
-4647.729861834312
 24
-3561.942353982662
 34
0.0
100
AcDbRotatedDimension
1001
ACAD
1000
DSTYLE
1002
{
1070
   178
1070
     7
1002
}
  0
DIMENSION
  5
343
102
{ACAD_XDICTIONARY
360
344
102
}
102
{ACAD_REACTORS
330
345
102
}
330
2
100
AcDbEntity
  8
标注层
100
AcDbDimension
280
     0
  2
*D61
 10
-4562.729861834312
 20
-3501.92408313683
 30
0.0
 11
-4605.229861834312
 21
-3488.874092251413
 31
0.0
 71
     5
 42
85.0
 73
     0
 74
     0
 75
     0
  3
ISO-25$0
100
AcDbAlignedDimension
 13
-4647.729861834312
 23
-3561.942353982662
 33
0.0
 14
-4562.729861834312
 24
-3561.942353982662
 34
0.0
100
AcDbRotatedDimension
1001
ACAD
1000
DSTYLE
1002
{
1070
   178
1070
     7
1002
}
  0
DIMENSION
  5
352
102
{ACAD_XDICTIONARY
360
353
102
}
102
{ACAD_REACTORS
330
354
102
}
330
2
100
AcDbEntity
  8
标注层
100
AcDbDimension
280
     0
  2
*D62
 10
-4541.729861834311
 20
-3501.92408313683
 30
0.0
 11
-4552.229861834311
 21
-3501.92408313683
 31
0.0
 70
   128
 71
     5
 42
21.0
 73
     0
 74
     0
 75
     0
  3
ISO-25$0
100
AcDbAlignedDimension
 13
-4562.729861834312
 23
-3561.942353982662
 33
0.0
 14
-4541.729861834311
 24
-3561.942353982662
 34
0.0
100
AcDbRotatedDimension
1001
ACAD
1000
DSTYLE
1002
{
1070
   178
1070
     7
1002
}
  0
DIMENSION
  5
363
102
{ACAD_XDICTIONARY
360
364
102
}
102
{ACAD_REACTORS
330
365
102
}
330
2
100
AcDbEntity
  8
标注层
100
AcDbDimension
280
     0
  2
*D63
 10
-4484.729861834312
 20
-3501.92408313683
 30
0.0
 11
-4513.229861834312
 21
-3488.874092251413
 31
0.0
 71
     5
 42
57.0
 73
     0
 74
     0
 75
     0
  3
ISO-25$0
100
AcDbAlignedDimension
 13
-4541.729861834311
 23
-3561.942353982662
 33
0.0
 14
-4484.729861834312
 24
-3561.942353982662
 34
0.0
100
AcDbRotatedDimension
1001
ACAD
1000
DSTYLE
1002
{
1070
   178
1070
     7
1002
}
  0
LWPOLYLINE
  5
372
102
{ACAD_REACTORS
330
377
102
}
330
2
100
AcDbEntity
  8
绘图层
 62
     1
100
AcDbPolyline
 90
        4
 70
     1
 43
0.0
 10
-4697.729861834312
 20
-3745.942353982667
 10
-4629.729861834312
 20
-3745.942353982667
 10
-4629.729861834312
 20
-3937.942353982668
 10
-4697.729861834312
 20
-3937.942353982668
  0
LWPOLYLINE
  5
373
102
{ACAD_REACTORS
330
386
102
}
330
2
100
AcDbEntity
  8
绘图层
 62
     1
100
AcDbPolyline
 90
        4
 70
     1
 43
0.0
 10
-4697.729861834312
 20
-4145.942353982667
 10
-4629.729861834312
 20
-4145.942353982667
 10
-4629.729861834312
 20
-4337.942353982668
 10
-4697.729861834312
 20
-4337.942353982668
  0
LWPOLYLINE
  5
374
102
{ACAD_REACTORS
330
395
102
}
330
2
100
AcDbEntity
  8
绘图层
 62
     1
100
AcDbPolyline
 90
        4
 70
     1
 43
0.0
 10
-4697.729861834312
 20
-6077.942353982653
 10
-4629.729861834312
 20
-6077.942353982653
 10
-4629.729861834312
 20
-5885.942353982652
 10
-4697.729861834312
 20
-5885.942353982652
  0
DIMENSION
  5
375
102
{ACAD_XDICTIONARY
360
376
102
}
102
{ACAD_REACTORS
330
377
102
}
330
2
100
AcDbEntity
  8
标注层
100
AcDbDimension
280
     0
  2
*D64
 10
-4845.900212957257
 20
-3841.94235398267
 30
0.0
 11
-4868.950203842674
 21
-3701.942353982663
 31
0.0
 71
     5
 42
280.0000000000073
 73
     0
 74
     0
 75
     0
  3
ISO-25$0
100
AcDbAlignedDimension
 13
-4760.729861834312
 23
-3561.942353982662
 33
0.0
 14
-4697.729861834312
 24
-3841.942353982668
 34
0.0
 50
90.0
100
AcDbRotatedDimension
1001
ACAD
1000
DSTYLE
1002
{
1070
   140
1040
40.0
1070
   178
1070
     7
1002
}
  0
DIMENSION
  5
384
102
{ACAD_XDICTIONARY
360
385
102
}
102
{ACAD_REACTORS
330
386
102
}
330
2
100
AcDbEntity
  8
标注层
100
AcDbDimension
280
     0
  2
*D65
 10
-4845.900212957258
 20
-4241.942353982669
 30
0.0
 11
-4868.950203842675
 21
-4041.942353982667
 31
0.0
 71
     5
 42
400.0
 73
     0
 74
     0
 75
     0
  3
ISO-25$0
100
AcDbAlignedDimension
 13
-4697.729861834312
 23
-3841.942353982668
 33
0.0
 14
-4697.729861834312
 24
-4241.942353982667
 34
0.0
 50
90.0
100
AcDbRotatedDimension
1001
ACAD
1000
DSTYLE
1002
{
1070
   140
1040
40.0
1070
   178
1070
     7
1002
}
  0
DIMENSION
  5
393
102
{ACAD_XDICTIONARY
360
394
102
}
102
{ACAD_REACTORS
330
395
102
}
330
2
100
AcDbEntity
  8
标注层
100
AcDbDimension
280
     0
  2
*D66
 10
-4845.900212957257
 20
-6261.942353982664
 30
0.0
 11
-4868.950203842675
 21
-6121.942353982658
 31
0.0
 71
     5
 42
280.0000000000082
 73
     0
 74
     0
 75
     0
  3
ISO-25$0
100
AcDbAlignedDimension
 13
-4697.729861834312
 23
-5981.942353982653
 33
0.0
 14
-4760.729861834312
 24
-6261.942353982661
 34
0.0
 50
90.0
100
AcDbRotatedDimension
1001
ACAD
1000
DSTYLE
1002
{
1070
   140
1040
40.0
1070
   178
1070
     7
1002
}
  0
LINE
  5
3A2
330
2
100
AcDbEntity
  8
绘图层
100
AcDbLine
 10
-1838.161724984384
 20
-3791.69266015922
 30
0.0
 11
-1838.161724984384
 21
-3791.69266015922
 31
0.0
  0
ARC
  5
3A3
330
2
100
AcDbEntity
  8
绘图层
100
AcDbCircle
 10
-1838.161724984384
 20
-3814.69266015922
 30
0.0
 40
23.0
100
AcDbArc
 50
0.0
 51
90.0
  0
LINE
  5
3A4
330
2
100
AcDbEntity
  8
绘图层
100
AcDbLine
 10
-1815.161724984384
 20
-3814.69266015922
 30
0.0
 11
-1815.161724984384
 21
-3958.692660159221
 31
0.0
  0
ARC
  5
3A5
330
2
100
AcDbEntity
  8
绘图层
100
AcDbCircle
 10
-1838.161724984384
 20
-3958.692660159221
 30
0.0
 40
23.0
100
AcDbArc
 50
270.0
 51
0.0
  0
LINE
  5
3A6
330
2
100
AcDbEntity
  8
绘图层
100
AcDbLine
 10
-1838.161724984384
 20
-3981.692660159222
 30
0.0
 11
-1838.161724984384
 21
-3981.692660159222
 31
0.0
  0
ARC
  5
3A7
102
{ACAD_REACTORS
330
4D7
102
}
330
2
100
AcDbEntity
  8
绘图层
100
AcDbCircle
 10
-1838.161724984384
 20
-3958.692660159221
 30
0.0
 40
23.0
100
AcDbArc
 50
180.0
 51
270.0
  0
LINE
  5
3A8
102
{ACAD_REACTORS
330
499
102
}
330
2
100
AcDbEntity
  8
绘图层
100
AcDbLine
 10
-1861.161724984384
 20
-3958.692660159221
 30
0.0
 11
-1861.161724984384
 21
-3814.69266015922
 31
0.0
  0
ARC
  5
3A9
102
{ACAD_REACTORS
330
4C6
330
4D7
102
}
330
2
100
AcDbEntity
  8
绘图层
100
AcDbCircle
 10
-1838.161724984384
 20
-3814.69266015922
 30
0.0
 40
23.0
100
AcDbArc
 50
90.0
 51
180.0
  0
LINE
  5
3AA
330
2
100
AcDbEntity
  8
绘图层
100
AcDbLine
 10
-1838.161724984384
 20
-4191.69266015922
 30
0.0
 11
-1838.161724984384
 21
-4191.69266015922
 31
0.0
  0
ARC
  5
3AB
330
2
100
AcDbEntity
  8
绘图层
100
AcDbCircle
 10
-1838.161724984384
 20
-4214.69266015922
 30
0.0
 40
23.0
100
AcDbArc
 50
0.0
 51
90.0
  0
LINE
  5
3AC
330
2
100
AcDbEntity
  8
绘图层
100
AcDbLine
 10
-1815.161724984384
 20
-4214.69266015922
 30
0.0
 11
-1815.161724984384
 21
-4358.69266015922
 31
0.0
  0
ARC
  5
3AD
330
2
100
AcDbEntity
  8
绘图层
100
AcDbCircle
 10
-1838.161724984384
 20
-4358.69266015922
 30
0.0
 40
23.0
100
AcDbArc
 50
270.0
 51
0.0
  0
LINE
  5
3AE
330
2
100
AcDbEntity
  8
绘图层
100
AcDbLine
 10
-1838.161724984384
 20
-4381.69266015922
 30
0.0
 11
-1838.161724984384
 21
-4381.69266015922
 31
0.0
  0
ARC
  5
3AF
102
{ACAD_REACTORS
330
4E6
102
}
330
2
100
AcDbEntity
  8
绘图层
100
AcDbCircle
 10
-1838.161724984384
 20
-4358.69266015922
 30
0.0
 40
23.0
100
AcDbArc
 50
180.0
 51
270.0
  0
LINE
  5
3B0
102
{ACAD_REACTORS
330
4A8
102
}
330
2
100
AcDbEntity
  8
绘图层
100
AcDbLine
 10
-1861.161724984384
 20
-4358.69266015922
 30
0.0
 11
-1861.161724984384
 21
-4214.69266015922
 31
0.0
  0
ARC
  5
3B1
102
{ACAD_REACTORS
330
4E6
102
}
330
2
100
AcDbEntity
  8
绘图层
100
AcDbCircle
 10
-1838.161724984384
 20
-4214.69266015922
 30
0.0
 40
23.0
100
AcDbArc
 50
90.0
 51
180.0
  0
LINE
  5
3B2
330
2
100
AcDbEntity
  8
绘图层
100
AcDbLine
 10
-1838.161724984384
 20
-6121.692660159204
 30
0.0
 11
-1838.161724984384
 21
-6121.692660159204
 31
0.0
  0
ARC
  5
3B3
330
2
100
AcDbEntity
  8
绘图层
100
AcDbCircle
 10
-1838.161724984384
 20
-6098.692660159207
 30
0.0
 40
23.0
100
AcDbArc
 50
270.0
 51
0.0
  0
LINE
  5
3B4
330
2
100
AcDbEntity
  8
绘图层
100
AcDbLine
 10
-1815.161724984384
 20
-6098.692660159207
 30
0.0
 11
-1815.161724984384
 21
-5954.692660159206
 31
0.0
  0
ARC
  5
3B5
330
2
100
AcDbEntity
  8
绘图层
100
AcDbCircle
 10
-1838.161724984384
 20
-5954.692660159206
 30
0.0
 40
23.0
100
AcDbArc
 50
0.0
 51
90.0
  0
LINE
  5
3B6
330
2
100
AcDbEntity
  8
绘图层
100
AcDbLine
 10
-1838.161724984384
 20
-5931.692660159207
 30
0.0
 11
-1838.161724984384
 21
-5931.692660159207
 31
0.0
  0
ARC
  5
3B7
102
{ACAD_REACTORS
330
4F5
102
}
330
2
100
AcDbEntity
  8
绘图层
100
AcDbCircle
 10
-1838.161724984384
 20
-5954.692660159206
 30
0.0
 40
23.0
100
AcDbArc
 50
90.0
 51
180.0
  0
LINE
  5
3B8
102
{ACAD_REACTORS
330
4B7
102
}
330
2
100
AcDbEntity
  8
绘图层
100
AcDbLine
 10
-1861.161724984384
 20
-5954.692660159206
 30
0.0
 11
-1861.161724984384
 21
-6098.692660159207
 31
0.0
  0
ARC
  5
3B9
102
{ACAD_REACTORS
330
4F5
102
}
330
2
100
AcDbEntity
  8
绘图层
100
AcDbCircle
 10
-1838.161724984384
 20
-6098.692660159207
 30
0.0
 40
23.0
100
AcDbArc
 50
180.0
 51
270.0
  0
LINE
  5
3BA
102
{ACAD_REACTORS
330
3E8
102
}
330
2
100
AcDbEntity
  8
绘图层
100
AcDbLine
 10
-907.9953423923052
 20
-3333.673596718651
 30
0.0
 11
-922.9953423923053
 21
-3333.673596718651
 31
0.0
  0
LINE
  5
3BB
330
2
100
AcDbEntity
  8
绘图层
100
AcDbLine
 10
-921.9953423923053
 20
-3333.673596718654
 30
0.0
 11
-976.9953423923052
 21
-3333.673596718654
 31
0.0
  0
LINE
  5
3BC
330
2
100
AcDbEntity
  8
绘图层
100
AcDbLine
 10
-975.9953423923088
 20
-3333.673596718654
 30
0.0
 11
-1034.995342392309
 21
-3333.673596718654
 31
0.0
  0
LINE
  5
3BD
330
2
100
AcDbEntity
  8
绘图层
100
AcDbLine
 10
-1033.995342392309
 20
-3333.673596718651
 30
0.0
 11
-1046.995342392309
 21
-3333.673596718651
 31
0.0
  0
LINE
  5
3BE
330
2
100
AcDbEntity
  8
绘图层
100
AcDbLine
 10
-1047.595342392307
 20
-3333.673596718651
 30
0.0
 11
-1089.595342392311
 21
-3333.673596718651
 31
0.0
  0
LINE
  5
3BF
330
2
100
AcDbEntity
  8
绘图层
100
AcDbLine
 10
-1090.195342392309
 20
-3333.673596718651
 30
0.0
 11
-1098.195342392309
 21
-3333.673596718651
 31
0.0
  0
LINE
  5
3C0
330
2
100
AcDbEntity
  8
绘图层
100
AcDbLine
 10
-1098.79534239231
 20
-3333.673596718651
 30
0.0
 11
-1108.79534239231
 21
-3333.673596718651
 31
0.0
  0
LINE
  5
3C1
330
2
100
AcDbEntity
  8
绘图层
100
AcDbLine
 10
-1107.79534239231
 20
-3333.673596718653
 30
0.0
 11
-1119.79534239231
 21
-3333.673596718653
 31
0.0
  0
LINE
  5
3C2
330
2
100
AcDbEntity
  8
绘图层
100
AcDbLine
 10
-1118.79534239231
 20
-3333.673596718653
 30
0.0
 11
-1155.79534239231
 21
-3333.673596718653
 31
0.0
  0
LINE
  5
3C3
330
2
100
AcDbEntity
  8
绘图层
100
AcDbLine
 10
-1154.79534239231
 20
-3333.673596718653
 30
0.0
 11
-1216.79534239231
 21
-3333.673596718653
 31
0.0
  0
LINE
  5
3C4
102
{ACAD_REACTORS
330
3E8
102
}
330
2
100
AcDbEntity
  8
绘图层
100
AcDbLine
 10
-1215.79534239231
 20
-3333.673596718653
 30
0.0
 11
-1232.79534239231
 21
-3333.673596718653
 31
0.0
  0
LINE
  5
3C5
330
2
100
AcDbEntity
  8
绘图层
 62
   250
100
AcDbLine
 10
-907.9953423923052
 20
-3333.973596718653
 30
0.0
 11
-922.6953423923061
 21
-3333.973596718653
 31
0.0
  0
LINE
  5
3C6
330
2
100
AcDbEntity
  8
绘图层
 62
   250
100
AcDbLine
 10
-922.295342392308
 20
-3333.973596718653
 30
0.0
 11
-976.6953423923061
 21
-3333.973596718653
 31
0.0
  0
LINE
  5
3C7
330
2
100
AcDbEntity
  8
绘图层
 62
   250
100
AcDbLine
 10
-976.2953423923081
 20
-3333.973596718653
 30
0.0
 11
-1034.695342392306
 21
-3333.973596718653
 31
0.0
  0
LINE
  5
3C8
102
{ACAD_REACTORS
330
484
102
}
330
2
100
AcDbEntity
  8
绘图层
 62
   250
100
AcDbLine
 10
-1034.295342392308
 20
-3333.973596718653
 30
0.0
 11
-1047.295342392308
 21
-3333.973596718653
 31
0.0
  0
LINE
  5
3C9
102
{ACAD_REACTORS
330
475
102
}
330
2
100
AcDbEntity
  8
绘图层
 62
   250
100
AcDbLine
 10
-1047.295342392308
 20
-3333.97359671865
 30
0.0
 11
-1089.89534239231
 21
-3333.97359671865
 31
0.0
  0
LINE
  5
3CA
330
2
100
AcDbEntity
  8
绘图层
 62
   250
100
AcDbLine
 10
-1089.89534239231
 20
-3333.97359671865
 30
0.0
 11
-1098.49534239231
 21
-3333.97359671865
 31
0.0
  0
LINE
  5
3CB
102
{ACAD_REACTORS
330
3F7
102
}
330
2
100
AcDbEntity
  8
绘图层
 62
   250
100
AcDbLine
 10
-1098.49534239231
 20
-3333.973596718652
 30
0.0
 11
-1108.49534239231
 21
-3333.973596718652
 31
0.0
  0
LINE
  5
3CC
330
2
100
AcDbEntity
  8
绘图层
 62
   250
100
AcDbLine
 10
-1108.09534239231
 20
-3333.973596718652
 30
0.0
 11
-1119.495342392309
 21
-3333.973596718652
 31
0.0
  0
LINE
  5
3CD
330
2
100
AcDbEntity
  8
绘图层
 62
   250
100
AcDbLine
 10
-1119.095342392309
 20
-3333.973596718653
 30
0.0
 11
-1155.495342392309
 21
-3333.973596718653
 31
0.0
  0
LINE
  5
3CE
330
2
100
AcDbEntity
  8
绘图层
 62
   250
100
AcDbLine
 10
-1155.095342392311
 20
-3333.973596718653
 30
0.0
 11
-1216.495342392309
 21
-3333.973596718653
 31
0.0
  0
LINE
  5
3CF
330
2
100
AcDbEntity
  8
绘图层
 62
   250
100
AcDbLine
 10
-1216.095342392311
 20
-3333.973596718653
 30
0.0
 11
-1232.79534239231
 21
-3333.973596718653
 31
0.0
  0
LINE
  5
3D0
102
{ACAD_REACTORS
330
408
102
}
330
2
100
AcDbEntity
  8
绘图层
100
AcDbLine
 10
-907.9953423923052
 20
-3334.473596718654
 30
0.0
 11
-922.1953423923061
 21
-3334.473596718654
 31
0.0
  0
LINE
  5
3D1
330
2
100
AcDbEntity
  8
绘图层
100
AcDbLine
 10
-922.795342392308
 20
-3334.473596718654
 30
0.0
 11
-976.195342392306
 21
-3334.473596718654
 31
0.0
  0
LINE
  5
3D2
330
2
100
AcDbEntity
  8
绘图层
100
AcDbLine
 10
-976.795342392308
 20
-3334.473596718654
 30
0.0
 11
-1034.195342392306
 21
-3334.473596718654
 31
0.0
  0
LINE
  5
3D3
330
2
100
AcDbEntity
  8
绘图层
100
AcDbLine
 10
-1034.795342392308
 20
-3334.473596718654
 30
0.0
 11
-1047.795342392308
 21
-3334.473596718654
 31
0.0
  0
LINE
  5
3D4
330
2
100
AcDbEntity
  8
绘图层
100
AcDbLine
 10
-1046.795342392308
 20
-3334.47359671865
 30
0.0
 11
-1090.39534239231
 21
-3334.47359671865
 31
0.0
  0
LINE
  5
3D5
330
2
100
AcDbEntity
  8
绘图层
100
AcDbLine
 10
-1089.39534239231
 20
-3334.47359671865
 30
0.0
 11
-1098.995342392311
 21
-3334.47359671865
 31
0.0
  0
LINE
  5
3D6
330
2
100
AcDbEntity
  8
绘图层
100
AcDbLine
 10
-1097.995342392311
 20
-3334.473596718652
 30
0.0
 11
-1107.995342392311
 21
-3334.473596718652
 31
0.0
  0
LINE
  5
3D7
330
2
100
AcDbEntity
  8
绘图层
100
AcDbLine
 10
-1108.59534239231
 20
-3334.473596718652
 30
0.0
 11
-1118.99534239231
 21
-3334.473596718652
 31
0.0
  0
LINE
  5
3D8
330
2
100
AcDbEntity
  8
绘图层
100
AcDbLine
 10
-1119.595342392309
 20
-3334.473596718654
 30
0.0
 11
-1154.995342392309
 21
-3334.473596718654
 31
0.0
  0
LINE
  5
3D9
330
2
100
AcDbEntity
  8
绘图层
100
AcDbLine
 10
-1155.595342392311
 20
-3334.473596718654
 30
0.0
 11
-1215.995342392309
 21
-3334.473596718654
 31
0.0
  0
LINE
  5
3DA
330
2
100
AcDbEntity
  8
绘图层
100
AcDbLine
 10
-1216.595342392311
 20
-3334.473596718654
 30
0.0
 11
-1232.79534239231
 21
-3334.473596718654
 31
0.0
  0
LINE
  5
3DB
330
2
100
AcDbEntity
  8
绘图层
 62
   250
100
AcDbLine
 10
-907.9953423923052
 20
-3334.173596718651
 30
0.0
 11
-922.4953423923052
 21
-3334.173596718651
 31
0.0
  0
LINE
  5
3DC
102
{ACAD_REACTORS
330
408
330
428
102
}
330
2
100
AcDbEntity
  8
绘图层
 62
   250
100
AcDbLine
 10
-922.4953423923052
 20
-3334.173596718655
 30
0.0
 11
-976.4953423923053
 21
-3334.173596718655
 31
0.0
  0
LINE
  5
3DD
102
{ACAD_REACTORS
330
419
330
428
102
}
330
2
100
AcDbEntity
  8
绘图层
 62
   250
100
AcDbLine
 10
-976.4953423923087
 20
-3334.173596718655
 30
0.0
 11
-1034.495342392309
 21
-3334.173596718655
 31
0.0
  0
LINE
  5
3DE
330
2
100
AcDbEntity
  8
绘图层
 62
   250
100
AcDbLine
 10
-1034.495342392309
 20
-3334.173596718651
 30
0.0
 11
-1047.495342392309
 21
-3334.173596718651
 31
0.0
  0
LINE
  5
3DF
330
2
100
AcDbEntity
  8
绘图层
 62
   250
100
AcDbLine
 10
-1047.095342392307
 20
-3334.173596718651
 30
0.0
 11
-1090.095342392311
 21
-3334.173596718651
 31
0.0
  0
LINE
  5
3E0
330
2
100
AcDbEntity
  8
绘图层
 62
   250
100
AcDbLine
 10
-1089.695342392309
 20
-3334.173596718651
 30
0.0
 11
-1098.695342392309
 21
-3334.173596718651
 31
0.0
  0
LINE
  5
3E1
330
2
100
AcDbEntity
  8
绘图层
 62
   250
100
AcDbLine
 10
-1098.29534239231
 20
-3334.173596718651
 30
0.0
 11
-1108.29534239231
 21
-3334.173596718651
 31
0.0
  0
LINE
  5
3E2
102
{ACAD_REACTORS
330
437
102
}
330
2
100
AcDbEntity
  8
绘图层
 62
   250
100
AcDbLine
 10
-1108.29534239231
 20
-3334.173596718652
 30
0.0
 11
-1119.29534239231
 21
-3334.173596718652
 31
0.0
  0
LINE
  5
3E3
102
{ACAD_REACTORS
330
446
102
}
330
2
100
AcDbEntity
  8
绘图层
 62
   250
100
AcDbLine
 10
-1119.29534239231
 20
-3334.173596718652
 30
0.0
 11
-1155.29534239231
 21
-3334.173596718652
 31
0.0
  0
LINE
  5
3E4
102
{ACAD_REACTORS
330
457
102
}
330
2
100
AcDbEntity
  8
绘图层
 62
   250
100
AcDbLine
 10
-1155.29534239231
 20
-3334.173596718652
 30
0.0
 11
-1216.29534239231
 21
-3334.173596718652
 31
0.0
  0
LINE
  5
3E5
102
{ACAD_REACTORS
330
466
102
}
330
2
100
AcDbEntity
  8
绘图层
 62
   250
100
AcDbLine
 10
-1216.29534239231
 20
-3334.173596718652
 30
0.0
 11
-1232.79534239231
 21
-3334.173596718652
 31
0.0
  0
DIMENSION
  5
3E6
102
{ACAD_XDICTIONARY
360
3E7
102
}
102
{ACAD_REACTORS
330
3E8
102
}
330
2
100
AcDbEntity
  8
绘图层
100
AcDbDimension
280
     0
  2
*D67
 10
-907.9953423923052
 20
-3242.725113093031
 30
0.0
 11
-1070.395342392307
 21
-3229.675122207614
 31
0.0
 71
     5
 42
324.8000000000047
 73
     0
 74
     0
 75
     0
  3
ISO-25$0
100
AcDbAlignedDimension
 13
-1232.79534239231
 23
-3333.673596718653
 33
0.0
 14
-907.9953423923052
 24
-3333.673596718651
 34
0.0
100
AcDbRotatedDimension
1001
ACAD
1000
DSTYLE
1002
{
1070
   178
1070
     7
1002
}
  0
DIMENSION
  5
3F5
102
{ACAD_XDICTIONARY
360
3F6
102
}
102
{ACAD_REACTORS
330
3F7
102
}
330
2
100
AcDbEntity
  8
绘图层
100
AcDbDimension
280
     0
  2
*D78
 10
-1098.49534239231
 20
-3286.949354905841
 30
0.0
 11
-1141.657065121303
 21
-3273.899364020425
 31
0.0
 71
     5
 42
8.600000000000362
 73
     0
 74
     0
 75
     0
  3
ISO-25$0
100
AcDbAlignedDimension
 13
-1089.89534239231
 23
-3333.97359671865
 33
0.0
 14
-1098.49534239231
 24
-3333.973596718652
 34
0.0
100
AcDbRotatedDimension
1001
ACAD
1000
DSTYLE
1002
{
1070
   178
1070
     7
1002
}
  0
DIMENSION
  5
406
102
{ACAD_XDICTIONARY
360
407
102
}
102
{ACAD_REACTORS
330
408
102
}
330
2
100
AcDbEntity
  8
绘图层
100
AcDbDimension
280
     0
  2
*D79
 10
-907.9953423923052
 20
-3396.272977220113
 30
0.0
 11
-858.8559660320282
 21
-3383.222986334696
 31
0.0
 71
     5
 42
14.5
 73
     0
 74
     0
 75
     0
  3
ISO-25$0
100
AcDbAlignedDimension
 13
-922.4953423923052
 23
-3334.173596718655
 33
0.0
 14
-907.9953423923052
 24
-3334.473596718654
 34
0.0
100
AcDbRotatedDimension
1001
ACAD
1000
DSTYLE
1002
{
1070
   178
1070
     7
1002
}
  0
DIMENSION
  5
417
102
{ACAD_XDICTIONARY
360
418
102
}
102
{ACAD_REACTORS
330
419
102
}
330
2
100
AcDbEntity
  8
绘图层
100
AcDbDimension
280
     0
  2
*D80
 10
-976.4953423923087
 20
-3396.272977220113
 30
0.0
 11
-949.4953423923073
 21
-3383.222986334696
 31
0.0
 71
     5
 42
54.00000000000364
 73
     0
 74
     0
 75
     0
  3
ISO-25$0
100
AcDbAlignedDimension
 13
-922.4953423923052
 23
-3334.173596718655
 33
0.0
 14
-976.4953423923087
 24
-3334.173596718655
 34
0.0
100
AcDbRotatedDimension
1001
ACAD
1000
DSTYLE
1002
{
1070
   178
1070
     7
1002
}
  0
DIMENSION
  5
426
102
{ACAD_XDICTIONARY
360
427
102
}
102
{ACAD_REACTORS
330
428
102
}
330
2
100
AcDbEntity
  8
绘图层
100
AcDbDimension
280
     0
  2
*D81
 10
-1034.495342392309
 20
-3396.272977220113
 30
0.0
 11
-1005.495342392307
 21
-3383.222986334696
 31
0.0
 71
     5
 42
58.00000000000363
 73
     0
 74
     0
 75
     0
  3
ISO-25$0
100
AcDbAlignedDimension
 13
-976.4953423923053
 23
-3334.173596718655
 33
0.0
 14
-1034.495342392309
 24
-3334.173596718655
 34
0.0
100
AcDbRotatedDimension
1001
ACAD
1000
DSTYLE
1002
{
1070
   178
1070
     7
1002
}
  0
DIMENSION
  5
435
102
{ACAD_XDICTIONARY
360
436
102
}
102
{ACAD_REACTORS
330
437
102
}
330
2
100
AcDbEntity
  8
绘图层
100
AcDbDimension
280
     0
  2
*D82
 10
-1108.29534239231
 20
-3396.272977220113
 30
0.0
 11
-1071.395342392309
 21
-3383.222986334696
 31
0.0
 71
     5
 42
73.80000000000109
 73
     0
 74
     0
 75
     0
  3
ISO-25$0
100
AcDbAlignedDimension
 13
-1034.495342392309
 23
-3334.173596718655
 33
0.0
 14
-1108.29534239231
 24
-3334.173596718652
 34
0.0
100
AcDbRotatedDimension
1001
ACAD
1000
DSTYLE
1002
{
1070
   178
1070
     7
1002
}
  0
DIMENSION
  5
444
102
{ACAD_XDICTIONARY
360
445
102
}
102
{ACAD_REACTORS
330
446
102
}
330
2
100
AcDbEntity
  8
绘图层
100
AcDbDimension
280
     0
  2
*D83
 10
-1119.29534239231
 20
-3429.554371096805
 30
0.0
 11
-1113.79534239231
 21
-3429.554371096805
 31
0.0
 70
   128
 71
     5
 42
11.0
 73
     0
 74
     0
 75
     0
  3
ISO-25$0
100
AcDbAlignedDimension
 13
-1108.29534239231
 23
-3334.173596718652
 33
0.0
 14
-1119.29534239231
 24
-3334.173596718652
 34
0.0
100
AcDbRotatedDimension
1001
ACAD
1000
DSTYLE
1002
{
1070
   178
1070
     7
1002
}
  0
DIMENSION
  5
455
102
{ACAD_XDICTIONARY
360
456
102
}
102
{ACAD_REACTORS
330
457
102
}
330
2
100
AcDbEntity
  8
绘图层
100
AcDbDimension
280
     0
  2
*D84
 10
-1155.29534239231
 20
-3396.272977220113
 30
0.0
 11
-1137.29534239231
 21
-3383.222986334696
 31
0.0
 71
     5
 42
36.0
 73
     0
 74
     0
 75
     0
  3
ISO-25$0
100
AcDbAlignedDimension
 13
-1119.29534239231
 23
-3334.173596718652
 33
0.0
 14
-1155.29534239231
 24
-3334.173596718652
 34
0.0
100
AcDbRotatedDimension
1001
ACAD
1000
DSTYLE
1002
{
1070
   178
1070
     7
1002
}
  0
DIMENSION
  5
464
102
{ACAD_XDICTIONARY
360
465
102
}
102
{ACAD_REACTORS
330
466
102
}
330
2
100
AcDbEntity
  8
绘图层
100
AcDbDimension
280
     0
  2
*D85
 10
-1216.29534239231
 20
-3396.272977220113
 30
0.0
 11
-1185.79534239231
 21
-3383.222986334696
 31
0.0
 71
     5
 42
61.0
 73
     0
 74
     0
 75
     0
  3
ISO-25$0
100
AcDbAlignedDimension
 13
-1155.29534239231
 23
-3334.173596718652
 33
0.0
 14
-1216.29534239231
 24
-3334.173596718652
 34
0.0
100
AcDbRotatedDimension
1001
ACAD
1000
DSTYLE
1002
{
1070
   178
1070
     7
1002
}
  0
DIMENSION
  5
473
102
{ACAD_XDICTIONARY
360
474
102
}
102
{ACAD_REACTORS
330
475
102
}
330
2
100
AcDbEntity
  8
绘图层
100
AcDbDimension
280
     0
  2
*D86
 10
-907.9953423923052
 20
-3286.949354905841
 30
0.0
 11
-977.6453423923069
 21
-3273.899364020425
 31
0.0
 71
     5
 42
139.3000000000029
 73
     0
 74
     0
 75
     0
  3
ISO-25$0
100
AcDbAlignedDimension
 13
-1047.295342392308
 23
-3333.97359671865
 33
0.0
 14
-907.9953423923052
 24
-3333.673596718651
 34
0.0
100
AcDbRotatedDimension
1001
ACAD
1000
DSTYLE
1002
{
1070
   178
1070
     7
1002
}
  0
DIMENSION
  5
482
102
{ACAD_XDICTIONARY
360
483
102
}
102
{ACAD_REACTORS
330
484
102
}
330
2
100
AcDbEntity
  8
绘图层
100
AcDbDimension
280
     0
  2
*D87
 10
-1089.89534239231
 20
-3286.949354905841
 30
0.0
 11
-1068.595342392309
 21
-3286.949354905841
 31
0.0
 70
   128
 71
     5
 42
42.60000000000217
 73
     0
 74
     0
 75
     0
  3
ISO-25$0
100
AcDbAlignedDimension
 13
-1047.295342392308
 23
-3333.973596718653
 33
0.0
 14
-1089.89534239231
 24
-3333.97359671865
 34
0.0
100
AcDbRotatedDimension
1001
ACAD
1000
DSTYLE
1002
{
1070
   178
1070
     7
1002
}
  0
CIRCLE
  5
491
330
2
100
AcDbEntity
  8
绘图层
100
AcDbCircle
 10
-4663.729861834312
 20
-3758.942353982668
 30
0.0
 40
3.0
  0
CIRCLE
  5
492
330
2
100
AcDbEntity
  8
绘图层
100
AcDbCircle
 10
-4663.729861834312
 20
-3919.942353982668
 30
0.0
 40
8.0
  0
CIRCLE
  5
493
330
2
100
AcDbEntity
  8
绘图层
100
AcDbCircle
 10
-4663.729861834312
 20
-4158.942353982667
 30
0.0
 40
3.0
  0
CIRCLE
  5
494
330
2
100
AcDbEntity
  8
绘图层
100
AcDbCircle
 10
-4663.729861834312
 20
-4319.942353982667
 30
0.0
 40
8.0
  0
CIRCLE
  5
495
330
2
100
AcDbEntity
  8
绘图层
100
AcDbCircle
 10
-4663.729861834312
 20
-5898.942353982653
 30
0.0
 40
3.0
  0
CIRCLE
  5
496
330
2
100
AcDbEntity
  8
绘图层
100
AcDbCircle
 10
-4663.729861834312
 20
-6059.942353982653
 30
0.0
 40
8.0
  0
DIMENSION
  5
497
102
{ACAD_XDICTIONARY
360
498
102
}
102
{ACAD_REACTORS
330
499
102
}
330
2
100
AcDbEntity
  8
标注层
100
AcDbDimension
280
     0
  2
*D88
 10
-2021.899728154568
 20
-3886.692660159223
 30
0.0
 11
-2044.949719039986
 21
-3746.692660159217
 31
0.0
 71
     5
 42
280.0000000000073
 73
     0
 74
     0
 75
     0
  3
ISO-25$0
100
AcDbAlignedDimension
 13
-1936.661724984377
 23
-3606.692660159213
 33
0.0
 14
-1861.161724984384
 24
-3886.692660159221
 34
0.0
 50
90.0
100
AcDbRotatedDimension
1001
ACAD
1000
DSTYLE
1002
{
1070
   140
1040
40.0
1070
   178
1070
     7
1002
}
  0
DIMENSION
  5
4A6
102
{ACAD_XDICTIONARY
360
4A7
102
}
102
{ACAD_REACTORS
330
4A8
102
}
330
2
100
AcDbEntity
  8
标注层
100
AcDbDimension
280
     0
  2
*D89
 10
-2021.899728154568
 20
-4286.692660159222
 30
0.0
 11
-2044.949719039986
 21
-4086.692660159221
 31
0.0
 71
     5
 42
400.0000000000004
 73
     0
 74
     0
 75
     0
  3
ISO-25$0
100
AcDbAlignedDimension
 13
-1861.161724984384
 23
-3886.692660159221
 33
0.0
 14
-1861.161724984384
 24
-4286.692660159221
 34
0.0
 50
90.0
100
AcDbRotatedDimension
1001
ACAD
1000
DSTYLE
1002
{
1070
   140
1040
40.0
1070
   178
1070
     7
1002
}
  0
DIMENSION
  5
4B5
102
{ACAD_XDICTIONARY
360
4B6
102
}
102
{ACAD_REACTORS
330
4B7
102
}
330
2
100
AcDbEntity
  8
标注层
100
AcDbDimension
280
     0
  2
*D90
 10
-2021.899728154568
 20
-6306.692660159217
 30
0.0
 11
-2044.949719039987
 21
-6166.692660159212
 31
0.0
 71
     5
 42
280.0000000000082
 73
     0
 74
     0
 75
     0
  3
ISO-25$0
100
AcDbAlignedDimension
 13
-1861.161724984384
 23
-6026.692660159207
 33
0.0
 14
-1936.661724984377
 24
-6306.692660159212
 34
0.0
 50
90.0
100
AcDbRotatedDimension
1001
ACAD
1000
DSTYLE
1002
{
1070
   140
1040
40.0
1070
   178
1070
     7
1002
}
  0
DIMENSION
  5
4C4
102
{ACAD_XDICTIONARY
360
4C5
102
}
102
{ACAD_REACTORS
330
4C6
102
}
330
2
100
AcDbEntity
  8
标注层
100
AcDbDimension
280
     0
  2
*D91
 10
-1868.161724984377
 20
-6173.429210704271
 30
0.0
 11
-1902.049704696609
 21
-6150.379219818855
 31
0.0
 71
     5
 42
6.999999999992723
 73
     0
 74
     0
 75
     0
  3
ISO-25$0
100
AcDbAlignedDimension
 13
-1861.161724984384
 23
-3814.69266015922
 33
0.0
 14
-1868.161724984377
 24
-3814.69266015922
 34
0.0
100
AcDbRotatedDimension
1001
ACAD
1000
DSTYLE
1002
{
1070
   140
1040
40.0
1070
   178
1070
     7
1002
}
  0
DIMENSION
  5
4D5
102
{ACAD_XDICTIONARY
360
4D6
102
}
102
{ACAD_REACTORS
330
4D7
102
}
330
2
100
AcDbEntity
  8
标注层
100
AcDbDimension
280
     0
  2
*D92
 10
-1495.703995318698
 20
-3981.692660159222
 30
0.0
 11
-1518.753986204116
 21
-3886.692660159221
 31
0.0
 71
     5
 42
190.0
 73
     0
 74
     0
 75
     0
  3
ISO-25$0
100
AcDbAlignedDimension
 13
-1838.161724984384
 23
-3791.69266015922
 33
0.0
 14
-1838.161724984384
 24
-3981.692660159222
 34
0.0
 50
90.0
100
AcDbRotatedDimension
1001
ACAD
1000
DSTYLE
1002
{
1070
   140
1040
40.0
1070
   178
1070
     7
1002
}
  0
DIMENSION
  5
4E4
102
{ACAD_XDICTIONARY
360
4E5
102
}
102
{ACAD_REACTORS
330
4E6
102
}
330
2
100
AcDbEntity
  8
标注层
100
AcDbDimension
280
     0
  2
*D93
 10
-1495.703995318699
 20
-4381.692660159222
 30
0.0
 11
-1518.753986204117
 21
-4286.692660159221
 31
0.0
 71
     5
 42
190.0
 73
     0
 74
     0
 75
     0
  3
ISO-25$0
100
AcDbAlignedDimension
 13
-1838.161724984384
 23
-4191.69266015922
 33
0.0
 14
-1838.161724984384
 24
-4381.69266015922
 34
0.0
 50
90.0
100
AcDbRotatedDimension
1001
ACAD
1000
DSTYLE
1002
{
1070
   140
1040
40.0
1070
   178
1070
     7
1002
}
  0
DIMENSION
  5
4F3
102
{ACAD_XDICTIONARY
360
4F4
102
}
102
{ACAD_REACTORS
330
4F5
102
}
330
2
100
AcDbEntity
  8
标注层
100
AcDbDimension
280
     0
  2
*D94
 10
-1495.703995318699
 20
-6121.692660159208
 30
0.0
 11
-1518.753986204117
 21
-6026.692660159207
 31
0.0
 71
     5
 42
190.0
 73
     0
 74
     0
 75
     0
  3
ISO-25$0
100
AcDbAlignedDimension
 13
-1838.161724984384
 23
-5931.692660159207
 33
0.0
 14
-1838.161724984384
 24
-6121.692660159204
 34
0.0
 50
90.0
100
AcDbRotatedDimension
1001
ACAD
1000
DSTYLE
1002
{
1070
   140
1040
40.0
1070
   178
1070
     7
1002
}
  0
DIMENSION
  5
502
330
2
100
AcDbEntity
  8
标注层
100
AcDbDimension
280
     0
  2
*D34
 10
-4845.900212957257
 20
-4241.942353982669
 30
0.0
 11
-4868.950203842674
 21
-5111.94235398266
 31
0.0
 71
     5
 42
1739.999999999986
 73
     0
 74
     0
 75
     0
  3
ISO-25$0
100
AcDbAlignedDimension
 13
-4697.729861834312
 23
-5981.942353982653
 33
0.0
 14
-4697.729861834312
 24
-4241.942353982667
 34
0.0
 50
270.0
100
AcDbRotatedDimension
1001
ACAD
1000
DSTYLE
1002
{
1070
   140
1040
40.0
1070
   178
1070
     7
1002
}
  0
DIMENSION
  5
50F
330
2
100
AcDbEntity
  8
标注层
100
AcDbDimension
280
     0
  2
*D35
 10
-2021.899728154567
 20
-4286.692660159222
 30
0.0
 11
-2044.949719039984
 21
-5156.692660159214
 31
0.0
 71
     5
 42
1739.999999999986
 73
     0
 74
     0
 75
     0
  3
ISO-25$0
100
AcDbAlignedDimension
 13
-1861.161724984384
 23
-6026.692660159207
 33
0.0
 14
-1861.161724984384
 24
-4286.692660159221
 34
0.0
 50
270.0
100
AcDbRotatedDimension
1001
ACAD
1000
DSTYLE
1002
{
1070
   140
1040
40.0
1070
   178
1070
     7
1002
}
  0
LWPOLYLINE
  5
51C
330
2
100
AcDbEntity
  8
绘图层
 62
     5
100
AcDbPolyline
 90
        4
 70
     1
 43
0.0
 10
-5145.229861834312
 20
-2961.94235398266
 10
-3045.229861834312
 20
-2961.94235398266
 10
-3045.229861834312
 20
-6661.942353982658
 10
-5145.229861834312
 20
-6661.942353982658
  0
LWPOLYLINE
  5
51D
330
2
100
AcDbEntity
  8
绘图层
 62
     5
100
AcDbPolyline
 90
        4
 70
     1
 43
0.0
 10
-2279.109404682291
 20
-3006.692660159214
 10
-179.1094046822909
 20
-3006.692660159214
 10
-179.1094046822909
 20
-6706.692660159212
 10
-2279.109404682291
 20
-6706.692660159212
  0
LINE
  5
51E
330
2
100
AcDbEntity
  8
0
  6
Continuous
 62
     7
370
    15
100
AcDbLine
 10
-4560.729861834312
 20
-6190.24235398266
 30
0.0
 11
-4560.729861834312
 21
-6187.74235398266
 31
0.0
  0
LINE
  5
51F
330
2
100
AcDbEntity
  8
0
  6
Continuous
 62
     7
370
    15
100
AcDbLine
 10
-4545.729861834312
 20
-6190.24235398266
 30
0.0
 11
-4560.729861834312
 21
-6190.24235398266
 31
0.0
  0
LINE
  5
520
330
2
100
AcDbEntity
  8
0
  6
Continuous
 62
     7
370
    15
100
AcDbLine
 10
-4545.729861834312
 20
-6187.74235398266
 30
0.0
 11
-4545.729861834312
 21
-6190.24235398266
 31
0.0
  0
LINE
  5
521
330
2
100
AcDbEntity
  8
0
  6
Continuous
 62
     7
370
    15
100
AcDbLine
 10
-4560.729861834312
 20
-6187.74235398266
 30
0.0
 11
-4545.729861834312
 21
-6187.74235398266
 31
0.0
  0
LINE
  5
522
330
2
100
AcDbEntity
  8
0
  6
Continuous
 62
     7
370
    15
100
AcDbLine
 10
-4680.229861834312
 20
-6207.742353982659
 30
0.0
 11
-4680.229861834312
 21
-6210.24235398266
 31
0.0
  0
LINE
  5
523
330
2
100
AcDbEntity
  8
0
  6
Continuous
 62
     7
370
    15
100
AcDbLine
 10
-4680.229861834312
 20
-6210.24235398266
 30
0.0
 11
-4665.229861834312
 21
-6210.24235398266
 31
0.0
  0
LINE
  5
524
330
2
100
AcDbEntity
  8
0
  6
Continuous
 62
     7
370
    15
100
AcDbLine
 10
-4665.229861834312
 20
-6210.24235398266
 30
0.0
 11
-4665.229861834312
 21
-6207.742353982659
 31
0.0
  0
LINE
  5
525
330
2
100
AcDbEntity
  8
0
  6
Continuous
 62
     7
370
    15
100
AcDbLine
 10
-4665.229861834312
 20
-6207.742353982659
 30
0.0
 11
-4680.229861834312
 21
-6207.742353982659
 31
0.0
  0
CIRCLE
  5
526
330
2
100
AcDbEntity
  8
绘图层
100
AcDbCircle
 10
-4672.729861834311
 20
-6232.242353982659
 30
0.0
 40
4.5
  0
CIRCLE
  5
527
330
2
100
AcDbEntity
  8
绘图层
100
AcDbCircle
 10
-4609.729861834312
 20
-6232.242353982659
 30
0.0
 40
4.5
  0
CIRCLE
  5
528
330
2
100
AcDbEntity
  8
绘图层
100
AcDbCircle
 10
-4553.229861834312
 20
-6232.242353982659
 30
0.0
 40
4.5
  0
INSERT
  5
529
330
2
100
AcDbEntity
  8
Cutting
100
AcDbBlockReference
  2
GK1
 10
-4754.729861834312
 20
-5712.94235398266
 30
0.0
 41
-1.0
  0
INSERT
  5
52A
330
2
100
AcDbEntity
  8
Cutting
100
AcDbBlockReference
  2
GK1
 10
-4477.729861834312
 20
-5712.94235398266
 30
0.0
  0
INSERT
  5
52B
330
2
100
AcDbEntity
  8
Cutting
100
AcDbBlockReference
  2
GK1
 10
-4754.729861834312
 20
-5178.94235398266
 30
0.0
 41
-1.0
  0
INSERT
  5
52C
330
2
100
AcDbEntity
  8
Cutting
100
AcDbBlockReference
  2
GK1
 10
-4477.729861834312
 20
-5178.94235398266
 30
0.0
  0
INSERT
  5
52D
330
2
100
AcDbEntity
  8
Cutting
100
AcDbBlockReference
  2
GK1
 10
-4754.729861834312
 20
-4110.94235398266
 30
0.0
 50
180.0
  0
INSERT
  5
52E
330
2
100
AcDbEntity
  8
Cutting
100
AcDbBlockReference
  2
GK1
 10
-4477.729861834312
 20
-4110.94235398266
 30
0.0
 41
-1.0
 50
180.0
  0
INSERT
  5
52F
330
2
100
AcDbEntity
  8
Cutting
100
AcDbBlockReference
  2
GK1
 10
-4754.729861834312
 20
-4644.94235398266
 30
0.0
 50
180.0
  0
INSERT
  5
530
330
2
100
AcDbEntity
  8
Cutting
100
AcDbBlockReference
  2
GK1
 10
-4477.729861834312
 20
-4644.94235398266
 30
0.0
 41
-1.0
 50
180.0
  0
LINE
  5
531
330
2
100
AcDbEntity
  8
0
  6
Continuous
 62
     7
370
    15
100
AcDbLine
 10
-3718.729861834312
 20
-6261.942353982661
 30
0.0
 11
-3718.729861834312
 21
-3561.942353982662
 31
0.0
  0
LINE
  5
532
330
2
100
AcDbEntity
  8
0
  6
Continuous
 62
     7
370
    15
100
AcDbLine
 10
-3429.729861834312
 20
-6261.942353982661
 30
0.0
 11
-3429.729861834312
 21
-3561.942353982662
 31
0.0
  0
LINE
  5
533
330
2
100
AcDbEntity
  8
0
  6
Continuous
 62
     7
370
    15
100
AcDbLine
 10
-3429.729861834312
 20
-3561.942353982662
 30
0.0
 11
-3718.729861834312
 21
-3561.942353982662
 31
0.0
  0
LINE
  5
534
102
{ACAD_REACTORS
330
605
102
}
330
2
100
AcDbEntity
  8
0
  6
Continuous
 62
     7
370
    15
100
AcDbLine
 10
-3429.729861834312
 20
-6261.942353982661
 30
0.0
 11
-3718.729861834312
 21
-6261.942353982661
 31
0.0
  0
INSERT
  5
535
330
2
100
AcDbEntity
  8
Cutting
100
AcDbBlockReference
  2
GK1
 10
-3435.729861834313
 20
-6246.94235398266
 30
0.0
  0
INSERT
  5
536
330
2
100
AcDbEntity
  8
Cutting
100
AcDbBlockReference
  2
GK1
 10
-3435.729861834313
 20
-3576.942353982661
 30
0.0
  0
INSERT
  5
537
330
2
100
AcDbEntity
  8
Cutting
100
AcDbBlockReference
  2
GK1
 10
-3712.729861834312
 20
-6246.94235398266
 30
0.0
 41
-1.0
  0
INSERT
  5
538
330
2
100
AcDbEntity
  8
Cutting
100
AcDbBlockReference
  2
GK1
 10
-3712.729861834312
 20
-3576.942353982661
 30
0.0
 41
-1.0
  0
DIMENSION
  5
539
330
2
100
AcDbEntity
  8
标注层
100
AcDbDimension
280
     0
  2
*D36
 10
-3261.889159588425
 20
-6261.942353982664
 30
0.0
 11
-3284.939150473843
 21
-4911.94235398266
 31
0.0
 71
     5
 42
2700.000000000001
 73
     0
 74
     0
 75
     0
  3
ISO-25$0
100
AcDbAlignedDimension
 13
-3429.729861834312
 23
-3561.942353982662
 33
0.0
 14
-3429.729861834313
 24
-6261.942353982661
 34
0.0
 50
90.0
100
AcDbRotatedDimension
1001
ACAD
1000
DSTYLE
1002
{
1070
   140
1040
40.0
1070
   340
1005
80
1070
   178
1070
     7
1002
}
  0
LINE
  5
546
102
{ACAD_REACTORS
330
586
102
}
330
2
100
AcDbEntity
  8
标注层
  6
ACAD_ISO02W100
 62
     5
100
AcDbLine
 10
-3442.729861834312
 20
-6261.942353982661
 30
0.0
 11
-3442.729861834312
 21
-3561.942353982662
 31
0.0
  0
LINE
  5
547
102
{ACAD_REACTORS
330
597
102
}
330
2
100
AcDbEntity
  8
标注层
  6
ACAD_ISO02W100
 62
     5
100
AcDbLine
 10
-3492.729861834312
 20
-6261.942353982661
 30
0.0
 11
-3492.729861834312
 21
-3561.942353982662
 31
0.0
  0
LINE
  5
548
102
{ACAD_REACTORS
330
5A6
102
}
330
2
100
AcDbEntity
  8
标注层
  6
ACAD_ISO02W100
 62
     5
100
AcDbLine
 10
-3542.729861834312
 20
-6261.942353982661
 30
0.0
 11
-3542.729861834312
 21
-3561.942353982662
 31
0.0
  0
LINE
  5
549
102
{ACAD_REACTORS
330
568
102
}
330
2
100
AcDbEntity
  8
标注层
  6
ACAD_ISO02W100
 62
     6
100
AcDbLine
 10
-3555.729861834312
 20
-6261.942353982661
 30
0.0
 11
-3555.729861834312
 21
-3561.942353982662
 31
0.0
  0
LINE
  5
54A
102
{ACAD_REACTORS
330
577
102
}
330
2
100
AcDbEntity
  8
标注层
  6
ACAD_ISO02W100
 62
     6
100
AcDbLine
 10
-3607.729861834312
 20
-6261.942353982661
 30
0.0
 11
-3607.729861834312
 21
-3561.942353982662
 31
0.0
  0
LINE
  5
54B
102
{ACAD_REACTORS
330
5B5
102
}
330
2
100
AcDbEntity
  8
标注层
  6
ACAD_ISO02W100
 62
     5
100
AcDbLine
 10
-3627.729861834313
 20
-6261.942353982661
 30
0.0
 11
-3627.729861834313
 21
-3561.942353982662
 31
0.0
  0
LINE
  5
54C
102
{ACAD_REACTORS
330
5C4
102
}
330
2
100
AcDbEntity
  8
标注层
  6
ACAD_ISO02W100
 62
     5
100
AcDbLine
 10
-3648.729861834312
 20
-6261.942353982661
 30
0.0
 11
-3648.729861834312
 21
-3561.942353982662
 31
0.0
  0
LINE
  5
54D
102
{ACAD_REACTORS
330
5D5
102
}
330
2
100
AcDbEntity
  8
标注层
  6
ACAD_ISO02W100
 62
     5
100
AcDbLine
 10
-3705.729861834312
 20
-6261.942353982661
 30
0.0
 11
-3705.729861834312
 21
-3561.942353982662
 31
0.0
  0
LINE
  5
54E
330
2
100
AcDbEntity
  8
0
  6
Continuous
 62
     7
370
    15
100
AcDbLine
 10
-3629.729861834312
 20
-3633.642353982661
 30
0.0
 11
-3629.729861834312
 21
-3636.142353982661
 31
0.0
  0
LINE
  5
54F
330
2
100
AcDbEntity
  8
0
  6
Continuous
 62
     7
370
    15
100
AcDbLine
 10
-3644.729861834312
 20
-3633.642353982661
 30
0.0
 11
-3629.729861834312
 21
-3633.642353982661
 31
0.0
  0
LINE
  5
550
330
2
100
AcDbEntity
  8
0
  6
Continuous
 62
     7
370
    15
100
AcDbLine
 10
-3644.729861834312
 20
-3636.142353982661
 30
0.0
 11
-3644.729861834312
 21
-3633.642353982661
 31
0.0
  0
LINE
  5
551
330
2
100
AcDbEntity
  8
0
  6
Continuous
 62
     7
370
    15
100
AcDbLine
 10
-3629.729861834312
 20
-3636.142353982661
 30
0.0
 11
-3644.729861834312
 21
-3636.142353982661
 31
0.0
  0
LINE
  5
552
330
2
100
AcDbEntity
  8
0
  6
Continuous
 62
     7
370
    15
100
AcDbLine
 10
-3510.229861834312
 20
-3616.142353982661
 30
0.0
 11
-3510.229861834312
 21
-3613.642353982661
 31
0.0
  0
LINE
  5
553
330
2
100
AcDbEntity
  8
0
  6
Continuous
 62
     7
370
    15
100
AcDbLine
 10
-3510.229861834312
 20
-3613.642353982661
 30
0.0
 11
-3525.229861834312
 21
-3613.642353982661
 31
0.0
  0
LINE
  5
554
330
2
100
AcDbEntity
  8
0
  6
Continuous
 62
     7
370
    15
100
AcDbLine
 10
-3525.229861834312
 20
-3613.642353982661
 30
0.0
 11
-3525.229861834312
 21
-3616.142353982661
 31
0.0
  0
LINE
  5
555
330
2
100
AcDbEntity
  8
0
  6
Continuous
 62
     7
370
    15
100
AcDbLine
 10
-3525.229861834312
 20
-3616.142353982661
 30
0.0
 11
-3510.229861834312
 21
-3616.142353982661
 31
0.0
  0
CIRCLE
  5
556
330
2
100
AcDbEntity
  8
绘图层
100
AcDbCircle
 10
-3517.729861834312
 20
-3591.642353982661
 30
0.0
 40
4.5
  0
CIRCLE
  5
557
330
2
100
AcDbEntity
  8
绘图层
100
AcDbCircle
 10
-3580.729861834312
 20
-3591.642353982661
 30
0.0
 40
4.5
  0
CIRCLE
  5
558
330
2
100
AcDbEntity
  8
绘图层
100
AcDbCircle
 10
-3637.229861834312
 20
-3591.642353982661
 30
0.0
 40
4.5
  0
DIMENSION
  5
559
330
2
100
AcDbEntity
  8
标注层
100
AcDbDimension
280
     0
  2
*D37
 10
-3718.729861834312
 20
-3387.452161363923
 30
0.0
 11
-3574.229861834312
 21
-3374.402170478506
 31
0.0
 71
     5
 42
289.0
 73
     0
 74
     0
 75
     0
  3
ISO-25$0
100
AcDbAlignedDimension
 13
-3429.729861834312
 23
-3561.942353982662
 33
0.0
 14
-3718.729861834312
 24
-3561.942353982662
 34
0.0
 50
180.0
100
AcDbRotatedDimension
1001
ACAD
1000
DSTYLE
1002
{
1070
   178
1070
     7
1002
}
  0
DIMENSION
  5
566
102
{ACAD_XDICTIONARY
360
567
102
}
102
{ACAD_REACTORS
330
568
102
}
330
2
100
AcDbEntity
  8
标注层
100
AcDbDimension
280
     0
  2
*D95
 10
-3555.729861834312
 20
-3444.405812290999
 30
0.0
 11
-3492.729861834312
 21
-3431.355821405583
 31
0.0
 71
     5
 42
126.0
 73
     0
 74
     0
 75
     0
  3
ISO-25$0
100
AcDbAlignedDimension
 13
-3429.729861834312
 23
-3561.942353982662
 33
0.0
 14
-3555.729861834312
 24
-3561.942353982662
 34
0.0
 50
180.0
100
AcDbRotatedDimension
1001
ACAD
1000
DSTYLE
1002
{
1070
   178
1070
     7
1002
}
  0
DIMENSION
  5
575
102
{ACAD_XDICTIONARY
360
576
102
}
102
{ACAD_REACTORS
330
577
102
}
330
2
100
AcDbEntity
  8
标注层
100
AcDbDimension
280
     0
  2
*D96
 10
-3607.729861834312
 20
-3444.405812290999
 30
0.0
 11
-3581.729861834312
 21
-3431.355821405583
 31
0.0
 71
     5
 42
52.0
 73
     0
 74
     0
 75
     0
  3
ISO-25$0
100
AcDbAlignedDimension
 13
-3555.729861834312
 23
-3561.942353982662
 33
0.0
 14
-3607.729861834312
 24
-3561.942353982662
 34
0.0
 50
180.0
100
AcDbRotatedDimension
1001
ACAD
1000
DSTYLE
1002
{
1070
   178
1070
     7
1002
}
  0
DIMENSION
  5
584
102
{ACAD_XDICTIONARY
360
585
102
}
102
{ACAD_REACTORS
330
586
102
}
330
2
100
AcDbEntity
  8
标注层
100
AcDbDimension
280
     0
  2
*D97
 10
-3429.729861834312
 20
-3501.92408313683
 30
0.0
 11
-3394.892161451688
 21
-3488.874092251413
 31
0.0
 71
     5
 42
13.0
 73
     0
 74
     0
 75
     0
  3
ISO-25$0
100
AcDbAlignedDimension
 13
-3442.729861834312
 23
-3561.942353982662
 33
0.0
 14
-3429.729861834312
 24
-3561.942353982662
 34
0.0
 50
180.0
100
AcDbRotatedDimension
1001
ACAD
1000
DSTYLE
1002
{
1070
   178
1070
     7
1002
}
  0
DIMENSION
  5
595
102
{ACAD_XDICTIONARY
360
596
102
}
102
{ACAD_REACTORS
330
597
102
}
330
2
100
AcDbEntity
  8
标注层
100
AcDbDimension
280
     0
  2
*D98
 10
-3492.729861834312
 20
-3501.92408313683
 30
0.0
 11
-3467.729861834313
 21
-3488.874092251413
 31
0.0
 71
     5
 42
50.0
 73
     0
 74
     0
 75
     0
  3
ISO-25$0
100
AcDbAlignedDimension
 13
-3442.729861834312
 23
-3561.942353982662
 33
0.0
 14
-3492.729861834312
 24
-3561.942353982662
 34
0.0
 50
180.0
100
AcDbRotatedDimension
1001
ACAD
1000
DSTYLE
1002
{
1070
   178
1070
     7
1002
}
  0
DIMENSION
  5
5A4
102
{ACAD_XDICTIONARY
360
5A5
102
}
102
{ACAD_REACTORS
330
5A6
102
}
330
2
100
AcDbEntity
  8
标注层
100
AcDbDimension
280
     0
  2
*D68
 10
-3542.729861834312
 20
-3501.92408313683
 30
0.0
 11
-3517.729861834312
 21
-3488.874092251413
 31
0.0
 71
     5
 42
50.0
 73
     0
 74
     0
 75
     0
  3
ISO-25$0
100
AcDbAlignedDimension
 13
-3492.729861834312
 23
-3561.942353982662
 33
0.0
 14
-3542.729861834312
 24
-3561.942353982662
 34
0.0
 50
180.0
100
AcDbRotatedDimension
1001
ACAD
1000
DSTYLE
1002
{
1070
   178
1070
     7
1002
}
  0
DIMENSION
  5
5B3
102
{ACAD_XDICTIONARY
360
5B4
102
}
102
{ACAD_REACTORS
330
5B5
102
}
330
2
100
AcDbEntity
  8
标注层
100
AcDbDimension
280
     0
  2
*D69
 10
-3627.729861834313
 20
-3501.92408313683
 30
0.0
 11
-3585.229861834312
 21
-3488.874092251413
 31
0.0
 71
     5
 42
85.0
 73
     0
 74
     0
 75
     0
  3
ISO-25$0
100
AcDbAlignedDimension
 13
-3542.729861834312
 23
-3561.942353982662
 33
0.0
 14
-3627.729861834313
 24
-3561.942353982662
 34
0.0
 50
180.0
100
AcDbRotatedDimension
1001
ACAD
1000
DSTYLE
1002
{
1070
   178
1070
     7
1002
}
  0
DIMENSION
  5
5C2
102
{ACAD_XDICTIONARY
360
5C3
102
}
102
{ACAD_REACTORS
330
5C4
102
}
330
2
100
AcDbEntity
  8
标注层
100
AcDbDimension
280
     0
  2
*D70
 10
-3648.729861834312
 20
-3501.92408313683
 30
0.0
 11
-3638.229861834312
 21
-3501.92408313683
 31
0.0
 70
   128
 71
     5
 42
21.0
 73
     0
 74
     0
 75
     0
  3
ISO-25$0
100
AcDbAlignedDimension
 13
-3627.729861834313
 23
-3561.942353982662
 33
0.0
 14
-3648.729861834312
 24
-3561.942353982662
 34
0.0
 50
180.0
100
AcDbRotatedDimension
1001
ACAD
1000
DSTYLE
1002
{
1070
   178
1070
     7
1002
}
  0
DIMENSION
  5
5D3
102
{ACAD_XDICTIONARY
360
5D4
102
}
102
{ACAD_REACTORS
330
5D5
102
}
330
2
100
AcDbEntity
  8
标注层
100
AcDbDimension
280
     0
  2
*D71
 10
-3705.729861834312
 20
-3501.92408313683
 30
0.0
 11
-3677.229861834312
 21
-3488.874092251413
 31
0.0
 71
     5
 42
57.0
 73
     0
 74
     0
 75
     0
  3
ISO-25$0
100
AcDbAlignedDimension
 13
-3648.729861834312
 23
-3561.942353982662
 33
0.0
 14
-3705.729861834312
 24
-3561.942353982662
 34
0.0
 50
180.0
100
AcDbRotatedDimension
1001
ACAD
1000
DSTYLE
1002
{
1070
   178
1070
     7
1002
}
  0
LWPOLYLINE
  5
5E2
102
{ACAD_REACTORS
330
5E7
102
}
330
2
100
AcDbEntity
  8
绘图层
 62
     1
100
AcDbPolyline
 90
        4
 70
     1
 43
0.0
 10
-3492.729861834312
 20
-3745.942353982667
 10
-3560.729861834313
 20
-3745.942353982667
 10
-3560.729861834313
 20
-3937.942353982668
 10
-3492.729861834312
 20
-3937.942353982668
  0
LWPOLYLINE
  5
5E3
102
{ACAD_REACTORS
330
5F6
102
}
330
2
100
AcDbEntity
  8
绘图层
 62
     1
100
AcDbPolyline
 90
        4
 70
     1
 43
0.0
 10
-3492.729861834312
 20
-4145.942353982667
 10
-3560.729861834313
 20
-4145.942353982667
 10
-3560.729861834313
 20
-4337.942353982668
 10
-3492.729861834312
 20
-4337.942353982668
  0
LWPOLYLINE
  5
5E4
102
{ACAD_REACTORS
330
605
102
}
330
2
100
AcDbEntity
  8
绘图层
 62
     1
100
AcDbPolyline
 90
        4
 70
     1
 43
0.0
 10
-3492.729861834312
 20
-6077.942353982653
 10
-3560.729861834313
 20
-6077.942353982653
 10
-3560.729861834313
 20
-5885.942353982652
 10
-3492.729861834312
 20
-5885.942353982652
  0
DIMENSION
  5
5E5
102
{ACAD_XDICTIONARY
360
5E6
102
}
102
{ACAD_REACTORS
330
5E7
102
}
330
2
100
AcDbEntity
  8
标注层
100
AcDbDimension
280
     0
  2
*D72
 10
-3344.55951071137
 20
-3841.94235398267
 30
0.0
 11
-3367.609501596787
 21
-3701.942353982665
 31
0.0
 71
     5
 42
280.0000000000073
 73
     0
 74
     0
 75
     0
  3
ISO-25$0
100
AcDbAlignedDimension
 13
-3429.729861834312
 23
-3561.942353982662
 33
0.0
 14
-3492.729861834312
 24
-3841.942353982668
 34
0.0
 50
90.0
100
AcDbRotatedDimension
1001
ACAD
1000
DSTYLE
1002
{
1070
   140
1040
40.0
1070
   178
1070
     7
1002
}
  0
DIMENSION
  5
5F4
102
{ACAD_XDICTIONARY
360
5F5
102
}
102
{ACAD_REACTORS
330
5F6
102
}
330
2
100
AcDbEntity
  8
标注层
100
AcDbDimension
280
     0
  2
*D73
 10
-3344.55951071137
 20
-4241.942353982669
 30
0.0
 11
-3367.609501596787
 21
-4041.942353982667
 31
0.0
 71
     5
 42
400.0
 73
     0
 74
     0
 75
     0
  3
ISO-25$0
100
AcDbAlignedDimension
 13
-3492.729861834312
 23
-3841.942353982668
 33
0.0
 14
-3492.729861834312
 24
-4241.942353982667
 34
0.0
 50
90.0
100
AcDbRotatedDimension
1001
ACAD
1000
DSTYLE
1002
{
1070
   140
1040
40.0
1070
   178
1070
     7
1002
}
  0
DIMENSION
  5
603
102
{ACAD_XDICTIONARY
360
604
102
}
102
{ACAD_REACTORS
330
605
102
}
330
2
100
AcDbEntity
  8
标注层
100
AcDbDimension
280
     0
  2
*D74
 10
-3344.55951071137
 20
-6261.942353982664
 30
0.0
 11
-3367.609501596787
 21
-6121.942353982658
 31
0.0
 71
     5
 42
280.0000000000082
 73
     0
 74
     0
 75
     0
  3
ISO-25$0
100
AcDbAlignedDimension
 13
-3492.729861834312
 23
-5981.942353982653
 33
0.0
 14
-3429.729861834312
 24
-6261.942353982661
 34
0.0
 50
90.0
100
AcDbRotatedDimension
1001
ACAD
1000
DSTYLE
1002
{
1070
   140
1040
40.0
1070
   178
1070
     7
1002
}
  0
CIRCLE
  5
612
330
2
100
AcDbEntity
  8
绘图层
100
AcDbCircle
 10
-3526.729861834312
 20
-3758.942353982668
 30
0.0
 40
3.0
  0
CIRCLE
  5
613
330
2
100
AcDbEntity
  8
绘图层
100
AcDbCircle
 10
-3526.729861834312
 20
-3919.942353982668
 30
0.0
 40
8.0
  0
CIRCLE
  5
614
330
2
100
AcDbEntity
  8
绘图层
100
AcDbCircle
 10
-3526.729861834312
 20
-4158.942353982667
 30
0.0
 40
3.0
  0
CIRCLE
  5
615
330
2
100
AcDbEntity
  8
绘图层
100
AcDbCircle
 10
-3526.729861834312
 20
-4319.942353982667
 30
0.0
 40
8.0
  0
CIRCLE
  5
616
330
2
100
AcDbEntity
  8
绘图层
100
AcDbCircle
 10
-3526.729861834312
 20
-5898.942353982653
 30
0.0
 40
3.0
  0
CIRCLE
  5
617
330
2
100
AcDbEntity
  8
绘图层
100
AcDbCircle
 10
-3526.729861834312
 20
-6059.942353982653
 30
0.0
 40
8.0
  0
DIMENSION
  5
618
330
2
100
AcDbEntity
  8
标注层
100
AcDbDimension
280
     0
  2
*D23
 10
-3344.559510711369
 20
-4241.942353982669
 30
0.0
 11
-3367.609501596786
 21
-5111.94235398266
 31
0.0
 71
     5
 42
1739.999999999986
 73
     0
 74
     0
 75
     0
  3
ISO-25$0
100
AcDbAlignedDimension
 13
-3492.729861834312
 23
-5981.942353982653
 33
0.0
 14
-3492.729861834312
 24
-4241.942353982667
 34
0.0
 50
270.0
100
AcDbRotatedDimension
1001
ACAD
1000
DSTYLE
1002
{
1070
   140
1040
40.0
1070
   178
1070
     7
1002
}
  0
LINE
  5
625
330
2
100
AcDbEntity
  8
0
  6
Continuous
 62
     7
370
    15
100
AcDbLine
 10
-3629.729861834312
 20
-6190.24235398266
 30
0.0
 11
-3629.729861834312
 21
-6187.74235398266
 31
0.0
  0
LINE
  5
626
330
2
100
AcDbEntity
  8
0
  6
Continuous
 62
     7
370
    15
100
AcDbLine
 10
-3644.729861834312
 20
-6190.24235398266
 30
0.0
 11
-3629.729861834312
 21
-6190.24235398266
 31
0.0
  0
LINE
  5
627
330
2
100
AcDbEntity
  8
0
  6
Continuous
 62
     7
370
    15
100
AcDbLine
 10
-3644.729861834312
 20
-6187.74235398266
 30
0.0
 11
-3644.729861834312
 21
-6190.24235398266
 31
0.0
  0
LINE
  5
628
330
2
100
AcDbEntity
  8
0
  6
Continuous
 62
     7
370
    15
100
AcDbLine
 10
-3629.729861834312
 20
-6187.74235398266
 30
0.0
 11
-3644.729861834312
 21
-6187.74235398266
 31
0.0
  0
LINE
  5
629
330
2
100
AcDbEntity
  8
0
  6
Continuous
 62
     7
370
    15
100
AcDbLine
 10
-3510.229861834312
 20
-6207.742353982659
 30
0.0
 11
-3510.229861834312
 21
-6210.24235398266
 31
0.0
  0
LINE
  5
62A
330
2
100
AcDbEntity
  8
0
  6
Continuous
 62
     7
370
    15
100
AcDbLine
 10
-3510.229861834312
 20
-6210.24235398266
 30
0.0
 11
-3525.229861834312
 21
-6210.24235398266
 31
0.0
  0
LINE
  5
62B
330
2
100
AcDbEntity
  8
0
  6
Continuous
 62
     7
370
    15
100
AcDbLine
 10
-3525.229861834312
 20
-6210.24235398266
 30
0.0
 11
-3525.229861834312
 21
-6207.742353982659
 31
0.0
  0
LINE
  5
62C
330
2
100
AcDbEntity
  8
0
  6
Continuous
 62
     7
370
    15
100
AcDbLine
 10
-3525.229861834312
 20
-6207.742353982659
 30
0.0
 11
-3510.229861834312
 21
-6207.742353982659
 31
0.0
  0
CIRCLE
  5
62D
330
2
100
AcDbEntity
  8
绘图层
100
AcDbCircle
 10
-3517.729861834312
 20
-6232.242353982659
 30
0.0
 40
4.5
  0
CIRCLE
  5
62E
330
2
100
AcDbEntity
  8
绘图层
100
AcDbCircle
 10
-3580.729861834312
 20
-6232.242353982659
 30
0.0
 40
4.5
  0
CIRCLE
  5
62F
330
2
100
AcDbEntity
  8
绘图层
100
AcDbCircle
 10
-3637.229861834312
 20
-6232.242353982659
 30
0.0
 40
4.5
  0
INSERT
  5
630
330
2
100
AcDbEntity
  8
Cutting
100
AcDbBlockReference
  2
GK1
 10
-3435.729861834313
 20
-5712.94235398266
 30
0.0
  0
INSERT
  5
631
330
2
100
AcDbEntity
  8
Cutting
100
AcDbBlockReference
  2
GK1
 10
-3712.729861834312
 20
-5712.94235398266
 30
0.0
 41
-1.0
  0
INSERT
  5
632
330
2
100
AcDbEntity
  8
Cutting
100
AcDbBlockReference
  2
GK1
 10
-3435.729861834313
 20
-5178.94235398266
 30
0.0
  0
INSERT
  5
633
330
2
100
AcDbEntity
  8
Cutting
100
AcDbBlockReference
  2
GK1
 10
-3712.729861834312
 20
-5178.94235398266
 30
0.0
 41
-1.0
  0
INSERT
  5
634
330
2
100
AcDbEntity
  8
Cutting
100
AcDbBlockReference
  2
GK1
 10
-3435.729861834313
 20
-4110.94235398266
 30
0.0
 41
-1.0
 50
180.0
  0
INSERT
  5
635
330
2
100
AcDbEntity
  8
Cutting
100
AcDbBlockReference
  2
GK1
 10
-3712.729861834312
 20
-4110.94235398266
 30
0.0
 50
180.0
  0
INSERT
  5
636
330
2
100
AcDbEntity
  8
Cutting
100
AcDbBlockReference
  2
GK1
 10
-3435.729861834313
 20
-4644.94235398266
 30
0.0
 41
-1.0
 50
180.0
  0
INSERT
  5
637
330
2
100
AcDbEntity
  8
Cutting
100
AcDbBlockReference
  2
GK1
 10
-3712.729861834312
 20
-4644.94235398266
 30
0.0
 50
180.0
  0
INSERT
  5
638
330
2
100
AcDbEntity
  8
Cutting
100
AcDbBlockReference
  2
DK1
 10
-1930.661724984377
 20
-5757.692660159212
 30
0.0
 41
-1.0
  0
INSERT
  5
639
330
2
100
AcDbEntity
  8
Cutting
100
AcDbBlockReference
  2
DK1
 10
-1617.861724984376
 20
-5757.692660159212
 30
0.0
 41
-1.0
  0
INSERT
  5
63A
330
2
100
AcDbEntity
  8
Cutting
100
AcDbBlockReference
  2
DK1
 10
-1930.661724984377
 20
-5223.692660159213
 30
0.0
 41
-1.0
  0
INSERT
  5
63B
330
2
100
AcDbEntity
  8
Cutting
100
AcDbBlockReference
  2
DK1
 10
-1617.861724984376
 20
-5223.692660159213
 30
0.0
 41
-1.0
  0
INSERT
  5
63C
330
2
100
AcDbEntity
  8
Cutting
100
AcDbBlockReference
  2
DK1
 10
-1930.661724984377
 20
-4155.692660159213
 30
0.0
 50
180.0
  0
INSERT
  5
63D
330
2
100
AcDbEntity
  8
Cutting
100
AcDbBlockReference
  2
DK1
 10
-1617.861724984376
 20
-4155.692660159213
 30
0.0
 50
180.0
  0
INSERT
  5
63E
330
2
100
AcDbEntity
  8
Cutting
100
AcDbBlockReference
  2
DK1
 10
-1930.661724984377
 20
-4689.692660159213
 30
0.0
 50
180.0
  0
INSERT
  5
63F
330
2
100
AcDbEntity
  8
Cutting
100
AcDbBlockReference
  2
DK1
 10
-1617.861724984376
 20
-4689.692660159213
 30
0.0
 50
180.0
  0
LINE
  5
640
330
2
100
AcDbEntity
  8
0
  6
Continuous
 62
     7
370
    15
100
AcDbLine
 10
-521.5570843802051
 20
-6306.692660159212
 30
0.0
 11
-597.5570843802052
 21
-6306.692660159212
 31
0.0
  0
LINE
  5
641
330
2
100
AcDbEntity
  8
0
  6
Continuous
 62
     7
370
    15
100
AcDbLine
 10
-761.3570843802054
 20
-6306.692660159212
 30
0.0
 11
-846.3570843802054
 21
-6306.692660159212
 31
0.0
  0
LINE
  5
642
102
{ACAD_REACTORS
330
648
102
}
330
2
100
AcDbEntity
  8
0
  6
Continuous
 62
     7
370
    15
100
AcDbLine
 10
-521.5570843802051
 20
-6306.692660159212
 30
0.0
 11
-521.5570843802051
 21
-3606.692660159213
 31
0.0
  0
LINE
  5
643
102
{ACAD_REACTORS
330
648
102
}
330
2
100
AcDbEntity
  8
0
  6
Continuous
 62
     7
370
    15
100
AcDbLine
 10
-521.5570843802051
 20
-3606.692660159213
 30
0.0
 11
-597.5570843802052
 21
-3606.692660159213
 31
0.0
  0
LINE
  5
644
330
2
100
AcDbEntity
  8
0
  6
Continuous
 62
     7
370
    15
100
AcDbLine
 10
-761.3570843802054
 20
-3606.692660159213
 30
0.0
 11
-846.3570843802054
 21
-3606.692660159213
 31
0.0
  0
LINE
  5
645
102
{ACAD_REACTORS
330
664
102
}
330
2
100
AcDbEntity
  8
0
  6
Continuous
 62
     7
370
    15
100
AcDbLine
 10
-846.3570843802054
 20
-6306.692660159212
 30
0.0
 11
-846.3570843802054
 21
-3606.692660159213
 31
0.0
  0
DIMENSION
  5
646
102
{ACAD_XDICTIONARY
360
647
102
}
102
{ACAD_REACTORS
330
648
102
}
330
2
100
AcDbEntity
  8
标注层
100
AcDbDimension
280
     0
  2
*D75
 10
-353.5810780398239
 20
-6306.692660159217
 30
0.0
 11
-376.6310689252422
 21
-4956.692660159215
 31
0.0
 71
     5
 42
2700.000000000001
 73
     0
 74
     0
 75
     0
  3
ISO-25$0
100
AcDbAlignedDimension
 13
-521.5570843802051
 23
-3606.692660159213
 33
0.0
 14
-521.5570843802051
 24
-6306.692660159212
 34
0.0
 50
90.0
100
AcDbRotatedDimension
1001
ACAD
1000
DSTYLE
1002
{
1070
   340
1005
80
1070
   178
1070
     7
1070
   140
1040
40.0
1002
}
  0
DIMENSION
  5
655
330
2
100
AcDbEntity
  8
标注层
100
AcDbDimension
280
     0
  2
*D24
 10
-660.8570843802054
 20
-3472.097290501022
 30
0.0
 11
-591.2070843802052
 21
-3459.047299615605
 31
0.0
 71
     5
 42
139.3000000000002
 73
     0
 74
     0
 75
     0
  3
ISO-25$0
100
AcDbAlignedDimension
 13
-521.5570843802051
 23
-3606.692660159213
 33
0.0
 14
-660.8570843802054
 24
-3606.692660159213
 34
0.0
100
AcDbRotatedDimension
1001
ACAD
1000
DSTYLE
1002
{
1070
   340
1005
80
1070
   178
1070
     7
1002
}
  0
DIMENSION
  5
662
102
{ACAD_XDICTIONARY
360
663
102
}
102
{ACAD_REACTORS
330
664
102
}
330
2
100
AcDbEntity
  8
标注层
100
AcDbDimension
280
     0
  2
*D76
 10
-521.5570843802051
 20
-3427.449756073038
 30
0.0
 11
-683.9570843802051
 21
-3414.399765187621
 31
0.0
 71
     5
 42
324.8000000000002
 73
     0
 74
     0
 75
     0
  3
ISO-25$0
100
AcDbAlignedDimension
 13
-846.3570843802054
 23
-3606.692660159213
 33
0.0
 14
-521.5570843802051
 24
-3606.692660159213
 34
0.0
100
AcDbRotatedDimension
1001
ACAD
1000
DSTYLE
1002
{
1070
   340
1005
80
1070
   178
1070
     7
1002
}
  0
DIMENSION
  5
671
330
2
100
AcDbEntity
  8
标注层
100
AcDbDimension
280
     0
  2
*D25
 10
-703.4570843802047
 20
-3472.097290501022
 30
0.0
 11
-682.1570843802049
 21
-3472.097290501022
 31
0.0
 70
   128
 71
     5
 42
42.59999999999945
 73
     0
 74
     0
 75
     0
  3
ISO-25$0
100
AcDbAlignedDimension
 13
-660.8570843802054
 23
-3606.692660159213
 33
0.0
 14
-703.4570843802047
 24
-3606.692660159213
 34
0.0
100
AcDbRotatedDimension
1001
ACAD
1000
DSTYLE
1002
{
1070
   340
1005
80
1070
   178
1070
     7
1002
}
  0
DIMENSION
  5
67E
330
2
100
AcDbEntity
  8
标注层
100
AcDbDimension
280
     0
  2
*D26
 10
-712.0570843802043
 20
-3472.097290501022
 30
0.0
 11
-755.2188071091962
 21
-3459.047299615605
 31
0.0
 71
     5
 42
8.599999999999454
 73
     0
 74
     0
 75
     0
  3
ISO-25$0
100
AcDbAlignedDimension
 13
-703.4570843802047
 23
-3606.692660159213
 33
0.0
 14
-712.0570843802043
 24
-3606.692660159213
 34
0.0
100
AcDbRotatedDimension
1001
ACAD
1000
DSTYLE
1002
{
1070
   340
1005
80
1070
   178
1070
     7
1002
}
  0
DIMENSION
  5
68D
330
2
100
AcDbEntity
  8
标注层
100
AcDbDimension
280
     0
  2
*D27
 10
-521.5570843802051
 20
-3540.716317633218
 30
0.0
 11
-472.4177080199281
 21
-3527.666326747802
 31
0.0
 71
     5
 42
14.5
 73
     0
 74
     0
 75
     0
  3
ISO-25$0
100
AcDbAlignedDimension
 13
-536.0570843802052
 23
-3606.692660159213
 33
0.0
 14
-521.5570843802051
 24
-3606.692660159213
 34
0.0
100
AcDbRotatedDimension
1001
ACAD
1000
DSTYLE
1002
{
1070
   340
1005
80
1070
   178
1070
     7
1002
}
  0
DIMENSION
  5
69C
330
2
100
AcDbEntity
  8
标注层
100
AcDbDimension
280
     0
  2
*D28
 10
-590.0570843802052
 20
-3540.716317633218
 30
0.0
 11
-563.0570843802051
 21
-3527.666326747802
 31
0.0
 71
     5
 42
54.0
 73
     0
 74
     0
 75
     0
  3
ISO-25$0
100
AcDbAlignedDimension
 13
-536.0570843802052
 23
-3606.692660159213
 33
0.0
 14
-590.0570843802052
 24
-3606.692660159213
 34
0.0
100
AcDbRotatedDimension
1001
ACAD
1000
DSTYLE
1002
{
1070
   340
1005
80
1070
   178
1070
     7
1002
}
  0
DIMENSION
  5
6A9
330
2
100
AcDbEntity
  8
标注层
100
AcDbDimension
280
     0
  2
*D29
 10
-648.0570843802042
 20
-3540.716317633218
 30
0.0
 11
-619.0570843802047
 21
-3527.666326747802
 31
0.0
 71
     5
 42
57.99999999999909
 73
     0
 74
     0
 75
     0
  3
ISO-25$0
100
AcDbAlignedDimension
 13
-590.0570843802052
 23
-3606.692660159213
 33
0.0
 14
-648.0570843802042
 24
-3606.692660159213
 34
0.0
100
AcDbRotatedDimension
1001
ACAD
1000
DSTYLE
1002
{
1070
   340
1005
80
1070
   178
1070
     7
1002
}
  0
DIMENSION
  5
6B6
330
2
100
AcDbEntity
  8
标注层
100
AcDbDimension
280
     0
  2
*D30
 10
-721.8570843802052
 20
-3540.716317633218
 30
0.0
 11
-684.9570843802047
 21
-3527.666326747802
 31
0.0
 71
     5
 42
73.80000000000109
 73
     0
 74
     0
 75
     0
  3
ISO-25$0
100
AcDbAlignedDimension
 13
-648.0570843802042
 23
-3606.692660159213
 33
0.0
 14
-721.8570843802052
 24
-3606.692660159213
 34
0.0
100
AcDbRotatedDimension
1001
ACAD
1000
DSTYLE
1002
{
1070
   340
1005
80
1070
   178
1070
     7
1002
}
  0
DIMENSION
  5
6C3
330
2
100
AcDbEntity
  8
标注层
100
AcDbDimension
280
     0
  2
*D31
 10
-732.8570843802054
 20
-3509.245866806479
 30
0.0
 11
-727.3570843802054
 21
-3509.245866806479
 31
0.0
 70
   128
 71
     5
 42
11.0
 73
     0
 74
     0
 75
     0
  3
ISO-25$0
100
AcDbAlignedDimension
 13
-721.8570843802052
 23
-3606.692660159213
 33
0.0
 14
-732.8570843802054
 24
-3606.692660159213
 34
0.0
100
AcDbRotatedDimension
1001
ACAD
1000
DSTYLE
1002
{
1070
   340
1005
80
1070
   178
1070
     7
1002
}
  0
DIMENSION
  5
6D2
330
2
100
AcDbEntity
  8
标注层
100
AcDbDimension
280
     0
  2
*D32
 10
-768.8570843802054
 20
-3540.716317633218
 30
0.0
 11
-750.8570843802052
 21
-3527.666326747802
 31
0.0
 71
     5
 42
36.0
 73
     0
 74
     0
 75
     0
  3
ISO-25$0
100
AcDbAlignedDimension
 13
-732.8570843802054
 23
-3606.692660159213
 33
0.0
 14
-768.8570843802054
 24
-3606.692660159213
 34
0.0
100
AcDbRotatedDimension
1001
ACAD
1000
DSTYLE
1002
{
1070
   340
1005
80
1070
   178
1070
     7
1002
}
  0
DIMENSION
  5
6DF
330
2
100
AcDbEntity
  8
标注层
100
AcDbDimension
280
     0
  2
*D33
 10
-829.8570843802052
 20
-3540.716317633218
 30
0.0
 11
-799.3570843802054
 21
-3527.666326747802
 31
0.0
 71
     5
 42
61.0
 73
     0
 74
     0
 75
     0
  3
ISO-25$0
100
AcDbAlignedDimension
 13
-768.8570843802054
 23
-3606.692660159213
 33
0.0
 14
-829.8570843802052
 24
-3606.692660159213
 34
0.0
100
AcDbRotatedDimension
1001
ACAD
1000
DSTYLE
1002
{
1070
   340
1005
80
1070
   178
1070
     7
1002
}
  0
INSERT
  5
6EC
330
2
100
AcDbEntity
  8
Cutting
100
AcDbBlockReference
  2
DK1
 10
-527.5570843802052
 20
-6291.692660159212
 30
0.0
  0
INSERT
  5
6ED
330
2
100
AcDbEntity
  8
Cutting
100
AcDbBlockReference
  2
DK1
 10
-527.5570843802052
 20
-3621.692660159214
 30
0.0
  0
INSERT
  5
6EE
330
2
100
AcDbEntity
  8
Cutting
100
AcDbBlockReference
  2
DK1
 10
-840.3570843802054
 20
-6291.692660159212
 30
0.0
  0
INSERT
  5
6EF
330
2
100
AcDbEntity
  8
Cutting
100
AcDbBlockReference
  2
DK1
 10
-840.3570843802054
 20
-3621.692660159214
 30
0.0
  0
LINE
  5
6F0
330
2
100
AcDbEntity
  8
标注层
  6
ACAD_ISO02W100
 62
     5
100
AcDbLine
 10
-536.0570843802052
 20
-6306.692660159212
 30
0.0
 11
-536.0570843802052
 21
-3606.692660159213
 31
0.0
  0
LINE
  5
6F1
330
2
100
AcDbEntity
  8
标注层
 62
     5
100
AcDbLine
 10
-590.0570843802052
 20
-6306.692660159212
 30
0.0
 11
-590.0570843802052
 21
-3606.692660159213
 31
0.0
  0
LINE
  5
6F2
330
2
100
AcDbEntity
  8
标注层
  6
ACAD_ISO02W100
 62
     5
100
AcDbLine
 10
-648.0570843802052
 20
-6306.692660159212
 30
0.0
 11
-648.0570843802042
 21
-3606.692660159213
 31
0.0
  0
LINE
  5
6F3
330
2
100
AcDbEntity
  8
标注层
  6
ACAD_ISO02W100
 62
     6
100
AcDbLine
 10
-660.8570843802054
 20
-6306.692660159212
 30
0.0
 11
-660.8570843802054
 21
-3606.692660159213
 31
0.0
  0
LINE
  5
6F4
330
2
100
AcDbEntity
  8
标注层
  6
ACAD_ISO02W100
 62
     6
100
AcDbLine
 10
-703.4570843802066
 20
-6306.692660159212
 30
0.0
 11
-703.4570843802047
 21
-3606.692660159213
 31
0.0
  0
LINE
  5
6F5
330
2
100
AcDbEntity
  8
标注层
  6
ACAD_ISO02W100
 62
     6
100
AcDbLine
 10
-712.0570843802052
 20
-6306.692660159212
 30
0.0
 11
-712.0570843802043
 21
-3606.692660159213
 31
0.0
  0
LINE
  5
6F6
330
2
100
AcDbEntity
  8
标注层
  6
ACAD_ISO02W100
 62
     5
100
AcDbLine
 10
-721.8570843802052
 20
-6306.692660159212
 30
0.0
 11
-721.8570843802052
 21
-3606.692660159213
 31
0.0
  0
LINE
  5
6F7
330
2
100
AcDbEntity
  8
标注层
  6
ACAD_ISO02W100
 62
     5
100
AcDbLine
 10
-732.8570843802054
 20
-6306.692660159212
 30
0.0
 11
-732.8570843802054
 21
-3606.692660159213
 31
0.0
  0
LINE
  5
6F8
330
2
100
AcDbEntity
  8
标注层
  6
ACAD_ISO02W100
 62
     5
100
AcDbLine
 10
-768.8570843802054
 20
-6306.692660159212
 30
0.0
 11
-768.8570843802054
 21
-3606.692660159213
 31
0.0
  0
LINE
  5
6F9
330
2
100
AcDbEntity
  8
标注层
  6
ACAD_ISO02W100
 62
     5
100
AcDbLine
 10
-829.8570843802052
 20
-6306.692660159212
 30
0.0
 11
-829.8570843802052
 21
-3606.692660159213
 31
0.0
  0
LINE
  5
6FA
330
2
100
AcDbEntity
  8
0
  6
Continuous
 62
     7
370
    15
100
AcDbLine
 10
-607.0570843802052
 20
-3660.892660159214
 30
0.0
 11
-607.0570843802052
 21
-3657.142660159214
 31
0.0
  0
LINE
  5
6FB
330
2
100
AcDbEntity
  8
0
  6
Continuous
 62
     7
370
    15
100
AcDbLine
 10
-607.0570843802052
 20
-3657.142660159214
 30
0.0
 11
-627.0570843802052
 21
-3657.142660159214
 31
0.0
  0
LINE
  5
6FC
330
2
100
AcDbEntity
  8
0
  6
Continuous
 62
     7
370
    15
100
AcDbLine
 10
-627.0570843802052
 20
-3657.142660159214
 30
0.0
 11
-627.0570843802052
 21
-3660.892660159214
 31
0.0
  0
LINE
  5
6FD
330
2
100
AcDbEntity
  8
0
  6
Continuous
 62
     7
370
    15
100
AcDbLine
 10
-627.0570843802052
 20
-3660.892660159214
 30
0.0
 11
-607.0570843802052
 21
-3660.892660159214
 31
0.0
  0
LINE
  5
6FE
330
2
100
AcDbEntity
  8
0
  6
Continuous
 62
     7
370
    15
100
AcDbLine
 10
-744.3570843802054
 20
-3677.142660159214
 30
0.0
 11
-744.3570843802054
 21
-3680.892660159214
 31
0.0
  0
LINE
  5
6FF
330
2
100
AcDbEntity
  8
0
  6
Continuous
 62
     7
370
    15
100
AcDbLine
 10
-764.3570843802052
 20
-3677.142660159214
 30
0.0
 11
-744.3570843802054
 21
-3677.142660159214
 31
0.0
  0
LINE
  5
700
330
2
100
AcDbEntity
  8
0
  6
Continuous
 62
     7
370
    15
100
AcDbLine
 10
-764.3570843802052
 20
-3680.892660159214
 30
0.0
 11
-764.3570843802052
 21
-3677.142660159214
 31
0.0
  0
LINE
  5
701
330
2
100
AcDbEntity
  8
0
  6
Continuous
 62
     7
370
    15
100
AcDbLine
 10
-744.3570843802054
 20
-3680.892660159214
 30
0.0
 11
-764.3570843802052
 21
-3680.892660159214
 31
0.0
  0
LINE
  5
702
330
2
100
AcDbEntity
  8
绘图层
100
AcDbLine
 10
-597.5570843802052
 20
-3606.692660159213
 30
0.0
 11
-597.5570843802052
 21
-3653.692660159214
 31
0.0
  0
LINE
  5
703
330
2
100
AcDbEntity
  8
绘图层
100
AcDbLine
 10
-597.5570843802042
 20
-3653.692660159214
 30
0.0
 11
-761.3570843802054
 21
-3653.692660159214
 31
0.0
  0
LINE
  5
704
102
{ACAD_REACTORS
330
707
102
}
330
2
100
AcDbEntity
  8
绘图层
100
AcDbLine
 10
-761.3570843802054
 20
-3653.692660159214
 30
0.0
 11
-761.3570843802054
 21
-3606.692660159213
 31
0.0
  0
DIMENSION
  5
705
102
{ACAD_XDICTIONARY
360
706
102
}
102
{ACAD_REACTORS
330
707
102
}
330
2
100
AcDbEntity
  8
标注层
100
AcDbDimension
280
     0
  2
*D77
 10
-909.4044109293102
 20
-3653.692660159215
 30
0.0
 11
-927.4544018147278
 21
-3630.192660159214
 31
0.0
 71
     5
 42
47.0
 73
     0
 74
     0
 75
     0
  3
ISO-25$0
100
AcDbAlignedDimension
 13
-846.3570843802054
 23
-3606.692660159213
 33
0.0
 14
-761.3570843802054
 24
-3653.692660159214
 34
0.0
 50
90.0
100
AcDbRotatedDimension
1001
ACAD
1000
DSTYLE
1002
{
1070
   140
1040
30.0
1070
   178
1070
     7
1002
}
  0
LINE
  5
714
330
2
100
AcDbEntity
  8
0
  6
Continuous
 62
     7
370
    15
100
AcDbLine
 10
-607.0570843802052
 20
-6252.492660159211
 30
0.0
 11
-607.0570843802052
 21
-6256.242660159212
 31
0.0
  0
LINE
  5
715
330
2
100
AcDbEntity
  8
0
  6
Continuous
 62
     7
370
    15
100
AcDbLine
 10
-607.0570843802052
 20
-6256.242660159212
 30
0.0
 11
-627.0570843802052
 21
-6256.242660159212
 31
0.0
  0
LINE
  5
716
330
2
100
AcDbEntity
  8
0
  6
Continuous
 62
     7
370
    15
100
AcDbLine
 10
-627.0570843802052
 20
-6256.242660159212
 30
0.0
 11
-627.0570843802052
 21
-6252.492660159211
 31
0.0
  0
LINE
  5
717
330
2
100
AcDbEntity
  8
0
  6
Continuous
 62
     7
370
    15
100
AcDbLine
 10
-627.0570843802052
 20
-6252.492660159211
 30
0.0
 11
-607.0570843802052
 21
-6252.492660159211
 31
0.0
  0
LINE
  5
718
330
2
100
AcDbEntity
  8
0
  6
Continuous
 62
     7
370
    15
100
AcDbLine
 10
-744.3570843802054
 20
-6236.242660159213
 30
0.0
 11
-744.3570843802054
 21
-6232.492660159213
 31
0.0
  0
LINE
  5
719
330
2
100
AcDbEntity
  8
0
  6
Continuous
 62
     7
370
    15
100
AcDbLine
 10
-764.3570843802052
 20
-6236.242660159213
 30
0.0
 11
-744.3570843802054
 21
-6236.242660159213
 31
0.0
  0
LINE
  5
71A
330
2
100
AcDbEntity
  8
0
  6
Continuous
 62
     7
370
    15
100
AcDbLine
 10
-764.3570843802052
 20
-6232.492660159213
 30
0.0
 11
-764.3570843802052
 21
-6236.242660159213
 31
0.0
  0
LINE
  5
71B
330
2
100
AcDbEntity
  8
0
  6
Continuous
 62
     7
370
    15
100
AcDbLine
 10
-744.3570843802054
 20
-6232.492660159213
 30
0.0
 11
-764.3570843802052
 21
-6232.492660159213
 31
0.0
  0
LINE
  5
71C
330
2
100
AcDbEntity
  8
绘图层
100
AcDbLine
 10
-597.5570843802052
 20
-6306.692660159212
 30
0.0
 11
-597.5570843802052
 21
-6259.692660159212
 31
0.0
  0
LINE
  5
71D
330
2
100
AcDbEntity
  8
绘图层
100
AcDbLine
 10
-597.5570843802042
 20
-6259.692660159212
 30
0.0
 11
-761.3570843802054
 21
-6259.692660159212
 31
0.0
  0
LINE
  5
71E
102
{ACAD_REACTORS
330
721
102
}
330
2
100
AcDbEntity
  8
绘图层
100
AcDbLine
 10
-761.3570843802054
 20
-6259.692660159212
 30
0.0
 11
-761.3570843802054
 21
-6306.692660159212
 31
0.0
  0
DIMENSION
  5
71F
102
{ACAD_XDICTIONARY
360
720
102
}
102
{ACAD_REACTORS
330
721
102
}
330
2
100
AcDbEntity
  8
标注层
100
AcDbDimension
280
     0
  2
*D99
 10
-909.4044109293102
 20
-6259.692660159218
 30
0.0
 11
-927.4544018147283
 21
-6283.192660159215
 31
0.0
 71
     5
 42
47.0
 73
     0
 74
     0
 75
     0
  3
ISO-25$0
100
AcDbAlignedDimension
 13
-846.3570843802054
 23
-6306.692660159212
 33
0.0
 14
-761.3570843802054
 24
-6259.692660159212
 34
0.0
 50
270.0
100
AcDbRotatedDimension
1001
ACAD
1000
DSTYLE
1002
{
1070
   140
1040
30.0
1070
   178
1070
     7
1002
}
  0
LINE
  5
72E
330
2
100
AcDbEntity
  8
绘图层
100
AcDbLine
 10
-620.0570843801979
 20
-3791.69266015922
 30
0.0
 11
-620.0570843801979
 21
-3791.69266015922
 31
0.0
  0
ARC
  5
72F
330
2
100
AcDbEntity
  8
绘图层
100
AcDbCircle
 10
-620.0570843801979
 20
-3814.69266015922
 30
0.0
 40
23.0
100
AcDbArc
 50
90.0
 51
180.0
  0
LINE
  5
730
330
2
100
AcDbEntity
  8
绘图层
100
AcDbLine
 10
-643.0570843801979
 20
-3814.69266015922
 30
0.0
 11
-643.0570843801979
 21
-3958.692660159221
 31
0.0
  0
ARC
  5
731
330
2
100
AcDbEntity
  8
绘图层
100
AcDbCircle
 10
-620.0570843801979
 20
-3958.692660159221
 30
0.0
 40
23.0
100
AcDbArc
 50
180.0
 51
270.0
  0
LINE
  5
732
330
2
100
AcDbEntity
  8
绘图层
100
AcDbLine
 10
-620.0570843801979
 20
-3981.692660159222
 30
0.0
 11
-620.0570843801979
 21
-3981.692660159222
 31
0.0
  0
ARC
  5
733
102
{ACAD_REACTORS
330
786
102
}
330
2
100
AcDbEntity
  8
绘图层
100
AcDbCircle
 10
-620.0570843801979
 20
-3958.692660159221
 30
0.0
 40
23.0
100
AcDbArc
 50
270.0
 51
0.0
  0
LINE
  5
734
102
{ACAD_REACTORS
330
748
102
}
330
2
100
AcDbEntity
  8
绘图层
100
AcDbLine
 10
-597.0570843801978
 20
-3958.692660159221
 30
0.0
 11
-597.0570843801978
 21
-3814.69266015922
 31
0.0
  0
ARC
  5
735
102
{ACAD_REACTORS
330
775
330
786
102
}
330
2
100
AcDbEntity
  8
绘图层
100
AcDbCircle
 10
-620.0570843801979
 20
-3814.69266015922
 30
0.0
 40
23.0
100
AcDbArc
 50
0.0
 51
90.0
  0
LINE
  5
736
330
2
100
AcDbEntity
  8
绘图层
100
AcDbLine
 10
-620.0570843801979
 20
-4191.69266015922
 30
0.0
 11
-620.0570843801979
 21
-4191.69266015922
 31
0.0
  0
ARC
  5
737
330
2
100
AcDbEntity
  8
绘图层
100
AcDbCircle
 10
-620.0570843801979
 20
-4214.69266015922
 30
0.0
 40
23.0
100
AcDbArc
 50
90.0
 51
180.0
  0
LINE
  5
738
330
2
100
AcDbEntity
  8
绘图层
100
AcDbLine
 10
-643.0570843801979
 20
-4214.69266015922
 30
0.0
 11
-643.0570843801979
 21
-4358.69266015922
 31
0.0
  0
ARC
  5
739
330
2
100
AcDbEntity
  8
绘图层
100
AcDbCircle
 10
-620.0570843801979
 20
-4358.69266015922
 30
0.0
 40
23.0
100
AcDbArc
 50
180.0
 51
270.0
  0
LINE
  5
73A
330
2
100
AcDbEntity
  8
绘图层
100
AcDbLine
 10
-620.0570843801979
 20
-4381.69266015922
 30
0.0
 11
-620.0570843801979
 21
-4381.69266015922
 31
0.0
  0
ARC
  5
73B
102
{ACAD_REACTORS
330
795
102
}
330
2
100
AcDbEntity
  8
绘图层
100
AcDbCircle
 10
-620.0570843801979
 20
-4358.69266015922
 30
0.0
 40
23.0
100
AcDbArc
 50
270.0
 51
0.0
  0
LINE
  5
73C
102
{ACAD_REACTORS
330
757
102
}
330
2
100
AcDbEntity
  8
绘图层
100
AcDbLine
 10
-597.0570843801978
 20
-4358.69266015922
 30
0.0
 11
-597.0570843801978
 21
-4214.69266015922
 31
0.0
  0
ARC
  5
73D
102
{ACAD_REACTORS
330
795
102
}
330
2
100
AcDbEntity
  8
绘图层
100
AcDbCircle
 10
-620.0570843801979
 20
-4214.69266015922
 30
0.0
 40
23.0
100
AcDbArc
 50
0.0
 51
90.0
  0
LINE
  5
73E
330
2
100
AcDbEntity
  8
绘图层
100
AcDbLine
 10
-620.0570843801979
 20
-6121.692660159204
 30
0.0
 11
-620.0570843801979
 21
-6121.692660159204
 31
0.0
  0
ARC
  5
73F
330
2
100
AcDbEntity
  8
绘图层
100
AcDbCircle
 10
-620.0570843801979
 20
-6098.692660159207
 30
0.0
 40
23.0
100
AcDbArc
 50
180.0
 51
270.0
  0
LINE
  5
740
330
2
100
AcDbEntity
  8
绘图层
100
AcDbLine
 10
-643.0570843801979
 20
-6098.692660159207
 30
0.0
 11
-643.0570843801979
 21
-5954.692660159206
 31
0.0
  0
ARC
  5
741
330
2
100
AcDbEntity
  8
绘图层
100
AcDbCircle
 10
-620.0570843801979
 20
-5954.692660159206
 30
0.0
 40
23.0
100
AcDbArc
 50
90.0
 51
180.0
  0
LINE
  5
742
330
2
100
AcDbEntity
  8
绘图层
100
AcDbLine
 10
-620.0570843801979
 20
-5931.692660159207
 30
0.0
 11
-620.0570843801979
 21
-5931.692660159207
 31
0.0
  0
ARC
  5
743
102
{ACAD_REACTORS
330
7A4
102
}
330
2
100
AcDbEntity
  8
绘图层
100
AcDbCircle
 10
-620.0570843801979
 20
-5954.692660159206
 30
0.0
 40
23.0
100
AcDbArc
 50
0.0
 51
90.0
  0
LINE
  5
744
102
{ACAD_REACTORS
330
766
102
}
330
2
100
AcDbEntity
  8
绘图层
100
AcDbLine
 10
-597.0570843801978
 20
-5954.692660159206
 30
0.0
 11
-597.0570843801978
 21
-6098.692660159207
 31
0.0
  0
ARC
  5
745
102
{ACAD_REACTORS
330
7A4
102
}
330
2
100
AcDbEntity
  8
绘图层
100
AcDbCircle
 10
-620.0570843801979
 20
-6098.692660159207
 30
0.0
 40
23.0
100
AcDbArc
 50
270.0
 51
0.0
  0
DIMENSION
  5
746
102
{ACAD_XDICTIONARY
360
747
102
}
102
{ACAD_REACTORS
330
748
102
}
330
2
100
AcDbEntity
  8
标注层
100
AcDbDimension
280
     0
  2
*D100
 10
-436.3190812100143
 20
-3886.692660159223
 30
0.0
 11
-459.3690720954319
 21
-3746.692660159219
 31
0.0
 71
     5
 42
280.0000000000073
 73
     0
 74
     0
 75
     0
  3
ISO-25$0
100
AcDbAlignedDimension
 13
-521.5570843802051
 23
-3606.692660159213
 33
0.0
 14
-597.0570843801978
 24
-3886.692660159221
 34
0.0
 50
90.0
100
AcDbRotatedDimension
1001
ACAD
1000
DSTYLE
1002
{
1070
   140
1040
40.0
1070
   178
1070
     7
1002
}
  0
DIMENSION
  5
755
102
{ACAD_XDICTIONARY
360
756
102
}
102
{ACAD_REACTORS
330
757
102
}
330
2
100
AcDbEntity
  8
标注层
100
AcDbDimension
280
     0
  2
*D101
 10
-436.3190812100143
 20
-4286.692660159222
 30
0.0
 11
-459.3690720954322
 21
-4086.692660159221
 31
0.0
 71
     5
 42
400.0
 73
     0
 74
     0
 75
     0
  3
ISO-25$0
100
AcDbAlignedDimension
 13
-597.0570843801978
 23
-3886.692660159221
 33
0.0
 14
-597.0570843801978
 24
-4286.692660159221
 34
0.0
 50
90.0
100
AcDbRotatedDimension
1001
ACAD
1000
DSTYLE
1002
{
1070
   140
1040
40.0
1070
   178
1070
     7
1002
}
  0
DIMENSION
  5
764
102
{ACAD_XDICTIONARY
360
765
102
}
102
{ACAD_REACTORS
330
766
102
}
330
2
100
AcDbEntity
  8
标注层
100
AcDbDimension
280
     0
  2
*D102
 10
-436.3190812100143
 20
-6306.692660159217
 30
0.0
 11
-459.3690720954328
 21
-6166.692660159212
 31
0.0
 71
     5
 42
280.0000000000082
 73
     0
 74
     0
 75
     0
  3
ISO-25$0
100
AcDbAlignedDimension
 13
-597.0570843801978
 23
-6026.692660159207
 33
0.0
 14
-521.5570843802051
 24
-6306.692660159212
 34
0.0
 50
90.0
100
AcDbRotatedDimension
1001
ACAD
1000
DSTYLE
1002
{
1070
   140
1040
40.0
1070
   178
1070
     7
1002
}
  0
DIMENSION
  5
773
102
{ACAD_XDICTIONARY
360
774
102
}
102
{ACAD_REACTORS
330
775
102
}
330
2
100
AcDbEntity
  8
标注层
100
AcDbDimension
280
     0
  2
*D103
 10
-590.0570843802052
 20
-6173.429210704271
 30
0.0
 11
-556.169104667973
 21
-6150.379219818855
 31
0.0
 71
     5
 42
6.999999999992723
 73
     0
 74
     0
 75
     0
  3
ISO-25$0
100
AcDbAlignedDimension
 13
-597.0570843801978
 23
-3814.69266015922
 33
0.0
 14
-590.0570843802052
 24
-3814.69266015922
 34
0.0
 50
180.0
100
AcDbRotatedDimension
1001
ACAD
1000
DSTYLE
1002
{
1070
   140
1040
40.0
1070
   178
1070
     7
1002
}
  0
DIMENSION
  5
784
102
{ACAD_XDICTIONARY
360
785
102
}
102
{ACAD_REACTORS
330
786
102
}
330
2
100
AcDbEntity
  8
标注层
100
AcDbDimension
280
     0
  2
*D104
 10
-962.5148140458843
 20
-3981.692660159222
 30
0.0
 11
-985.5648049313019
 21
-3886.692660159221
 31
0.0
 71
     5
 42
190.0
 73
     0
 74
     0
 75
     0
  3
ISO-25$0
100
AcDbAlignedDimension
 13
-620.0570843801979
 23
-3791.69266015922
 33
0.0
 14
-620.0570843801979
 24
-3981.692660159222
 34
0.0
 50
90.0
100
AcDbRotatedDimension
1001
ACAD
1000
DSTYLE
1002
{
1070
   140
1040
40.0
1070
   178
1070
     7
1002
}
  0
DIMENSION
  5
793
102
{ACAD_XDICTIONARY
360
794
102
}
102
{ACAD_REACTORS
330
795
102
}
330
2
100
AcDbEntity
  8
标注层
100
AcDbDimension
280
     0
  2
*D105
 10
-962.5148140458836
 20
-4381.692660159222
 30
0.0
 11
-985.5648049313012
 21
-4286.692660159221
 31
0.0
 71
     5
 42
190.0
 73
     0
 74
     0
 75
     0
  3
ISO-25$0
100
AcDbAlignedDimension
 13
-620.0570843801979
 23
-4191.69266015922
 33
0.0
 14
-620.0570843801979
 24
-4381.69266015922
 34
0.0
 50
90.0
100
AcDbRotatedDimension
1001
ACAD
1000
DSTYLE
1002
{
1070
   140
1040
40.0
1070
   178
1070
     7
1002
}
  0
DIMENSION
  5
7A2
102
{ACAD_XDICTIONARY
360
7A3
102
}
102
{ACAD_REACTORS
330
7A4
102
}
330
2
100
AcDbEntity
  8
标注层
100
AcDbDimension
280
     0
  2
*D106
 10
-962.5148140458836
 20
-6121.692660159208
 30
0.0
 11
-985.5648049313018
 21
-6026.692660159207
 31
0.0
 71
     5
 42
190.0
 73
     0
 74
     0
 75
     0
  3
ISO-25$0
100
AcDbAlignedDimension
 13
-620.0570843801979
 23
-5931.692660159207
 33
0.0
 14
-620.0570843801979
 24
-6121.692660159204
 34
0.0
 50
90.0
100
AcDbRotatedDimension
1001
ACAD
1000
DSTYLE
1002
{
1070
   140
1040
40.0
1070
   178
1070
     7
1002
}
  0
DIMENSION
  5
7B1
330
2
100
AcDbEntity
  8
标注层
100
AcDbDimension
280
     0
  2
*D38
 10
-436.3190812100127
 20
-4286.692660159222
 30
0.0
 11
-459.3690720954305
 21
-5156.692660159214
 31
0.0
 71
     5
 42
1739.999999999986
 73
     0
 74
     0
 75
     0
  3
ISO-25$0
100
AcDbAlignedDimension
 13
-597.0570843801978
 23
-6026.692660159207
 33
0.0
 14
-597.0570843801978
 24
-4286.692660159221
 34
0.0
 50
270.0
100
AcDbRotatedDimension
1001
ACAD
1000
DSTYLE
1002
{
1070
   140
1040
40.0
1070
   178
1070
     7
1002
}
  0
INSERT
  5
7BE
330
2
100
AcDbEntity
  8
Cutting
100
AcDbBlockReference
  2
DK1
 10
-527.5570843802052
 20
-5757.692660159212
 30
0.0
  0
INSERT
  5
7BF
330
2
100
AcDbEntity
  8
Cutting
100
AcDbBlockReference
  2
DK1
 10
-840.3570843802054
 20
-5757.692660159212
 30
0.0
  0
INSERT
  5
7C0
330
2
100
AcDbEntity
  8
Cutting
100
AcDbBlockReference
  2
DK1
 10
-527.5570843802052
 20
-5223.692660159213
 30
0.0
  0
INSERT
  5
7C1
330
2
100
AcDbEntity
  8
Cutting
100
AcDbBlockReference
  2
DK1
 10
-840.3570843802054
 20
-5223.692660159213
 30
0.0
  0
INSERT
  5
7C2
330
2
100
AcDbEntity
  8
Cutting
100
AcDbBlockReference
  2
DK1
 10
-527.5570843802052
 20
-4155.692660159213
 30
0.0
 41
-1.0
 50
180.0
  0
INSERT
  5
7C3
330
2
100
AcDbEntity
  8
Cutting
100
AcDbBlockReference
  2
DK1
 10
-840.3570843802054
 20
-4155.692660159213
 30
0.0
 41
-1.0
 50
180.0
  0
INSERT
  5
7C4
330
2
100
AcDbEntity
  8
Cutting
100
AcDbBlockReference
  2
DK1
 10
-527.5570843802052
 20
-4689.692660159213
 30
0.0
 41
-1.0
 50
180.0
  0
INSERT
  5
7C5
330
2
100
AcDbEntity
  8
Cutting
100
AcDbBlockReference
  2
DK1
 10
-840.3570843802054
 20
-4689.692660159213
 30
0.0
 41
-1.0
 50
180.0
  0
ENDSEC
  0
SECTION
  2
OBJECTS
  0
DICTIONARY
  5
B
330
0
100
AcDbDictionary
281
     1
  3
ACAD_CIP_PREVIOUS_PRODUCT_INFO
350
7ED
  3
ACAD_COLOR
350
31
  3
ACAD_DETAILVIEWSTYLE
350
7E8
  3
ACAD_GROUP
350
2C
  3
ACAD_LAYOUT
350
11
  3
ACAD_MATERIAL
350
D
  3
ACAD_MLEADERSTYLE
350
34
  3
ACAD_MLINESTYLE
350
2D
  3
ACAD_PLOTSETTINGS
350
2E
  3
ACAD_PLOTSTYLENAME
350
A
  3
ACAD_SCALELIST
350
32
  3
ACAD_SECTIONVIEWSTYLE
350
7E6
  3
ACAD_TABLESTYLE
350
33
  3
ACAD_VISUALSTYLE
350
26
  3
ACDB_RECOMPOSE_DATA
350
83A
  3
AcDbVariableDictionary
350
35
  3
AcDsDecomposeData
350
840
  0
DICTIONARY
  5
18
330
17
100
AcDbDictionary
280
     1
281
     1
  3
ACAD_LAYERSTATES
360
19
  0
DICTIONARY
  5
7
330
6
100
AcDbDictionary
280
     1
281
     1
  3
ADSK_XREC_LAYER_RECONCILED
360
8
  0
DICTIONARY
  5
64
330
63
100
AcDbDictionary
280
     1
281
     1
  3
ADSK_XREC_LAYER_RECONCILED
360
65
  0
DICTIONARY
  5
40
330
3F
100
AcDbDictionary
280
     1
281
     1
  3
ADSK_XREC_LAYER_RECONCILED
360
41
  0
DICTIONARY
  5
59
330
58
100
AcDbDictionary
280
     1
281
     1
  3
ADSK_XREC_LAYER_RECONCILED
360
5A
  0
DICTIONARY
  5
70
330
6F
100
AcDbDictionary
280
     1
281
     1
  3
ADSK_XREC_LAYER_RECONCILED
360
71
  0
DICTIONARY
  5
3
330
2
100
AcDbDictionary
280
     1
281
     1
  3
ACAD_SORTENTS
360
7C6
  0
DICTIONARY
  5
67
330
66
100
AcDbDictionary
280
     1
281
     1
  0
DICTIONARY
  5
E5
330
E4
100
AcDbDictionary
280
     1
281
     1
  3
ACAD_DIMASSOC
360
E6
  0
DICTIONARY
  5
101
330
100
100
AcDbDictionary
280
     1
281
     1
  3
ACAD_DIMASSOC
360
102
  0
DICTIONARY
  5
1AE
330
1AD
100
AcDbDictionary
280
     1
281
     1
  3
ACAD_DIMASSOC
360
1AF
  0
DICTIONARY
  5
1C8
330
1C7
100
AcDbDictionary
280
     1
281
     1
  3
ACAD_DIMASSOC
360
1C9
  0
DICTIONARY
  5
1DD
330
1DC
100
AcDbDictionary
280
     1
281
     1
  3
ACAD_DIMASSOC
360
1DE
  0
DICTIONARY
  5
1EC
330
1EB
100
AcDbDictionary
280
     1
281
     1
  3
ACAD_DIMASSOC
360
1ED
  0
DICTIONARY
  5
217
330
216
100
AcDbDictionary
280
     1
281
     1
  3
ACAD_DIMASSOC
360
218
  0
DICTIONARY
  5
226
330
225
100
AcDbDictionary
280
     1
281
     1
  3
ACAD_DIMASSOC
360
227
  0
DICTIONARY
  5
25F
330
25E
100
AcDbDictionary
280
     1
281
     1
  3
ACAD_DIMASSOC
360
260
  0
DICTIONARY
  5
26E
330
26D
100
AcDbDictionary
280
     1
281
     1
  3
ACAD_DIMASSOC
360
26F
  0
DICTIONARY
  5
27D
330
27C
100
AcDbDictionary
280
     1
281
     1
  3
ACAD_DIMASSOC
360
27E
  0
DICTIONARY
  5
28C
330
28B
100
AcDbDictionary
280
     1
281
     1
  3
ACAD_DIMASSOC
360
28D
  0
DICTIONARY
  5
29D
330
29C
100
AcDbDictionary
280
     1
281
     1
  3
ACAD_DIMASSOC
360
29E
  0
DICTIONARY
  5
2AC
330
2AB
100
AcDbDictionary
280
     1
281
     1
  3
ACAD_DIMASSOC
360
2AD
  0
DICTIONARY
  5
2BB
330
2BA
100
AcDbDictionary
280
     1
281
     1
  3
ACAD_DIMASSOC
360
2BC
  0
DICTIONARY
  5
2CA
330
2C9
100
AcDbDictionary
280
     1
281
     1
  3
ACAD_DIMASSOC
360
2CB
  0
DICTIONARY
  5
2DB
330
2DA
100
AcDbDictionary
280
     1
281
     1
  3
ACAD_DIMASSOC
360
2DC
  0
DICTIONARY
  5
2F7
330
2F6
100
AcDbDictionary
280
     1
281
     1
  3
ACAD_DIMASSOC
360
2F8
  0
DICTIONARY
  5
306
330
305
100
AcDbDictionary
280
     1
281
     1
  3
ACAD_DIMASSOC
360
307
  0
DICTIONARY
  5
315
330
314
100
AcDbDictionary
280
     1
281
     1
  3
ACAD_DIMASSOC
360
316
  0
DICTIONARY
  5
326
330
325
100
AcDbDictionary
280
     1
281
     1
  3
ACAD_DIMASSOC
360
327
  0
DICTIONARY
  5
335
330
334
100
AcDbDictionary
280
     1
281
     1
  3
ACAD_DIMASSOC
360
336
  0
DICTIONARY
  5
344
330
343
100
AcDbDictionary
280
     1
281
     1
  3
ACAD_DIMASSOC
360
345
  0
DICTIONARY
  5
353
330
352
100
AcDbDictionary
280
     1
281
     1
  3
ACAD_DIMASSOC
360
354
  0
DICTIONARY
  5
364
330
363
100
AcDbDictionary
280
     1
281
     1
  3
ACAD_DIMASSOC
360
365
  0
DICTIONARY
  5
376
330
375
100
AcDbDictionary
280
     1
281
     1
  3
ACAD_DIMASSOC
360
377
  0
DICTIONARY
  5
385
330
384
100
AcDbDictionary
280
     1
281
     1
  3
ACAD_DIMASSOC
360
386
  0
DICTIONARY
  5
394
330
393
100
AcDbDictionary
280
     1
281
     1
  3
ACAD_DIMASSOC
360
395
  0
DICTIONARY
  5
3E7
330
3E6
100
AcDbDictionary
280
     1
281
     1
  3
ACAD_DIMASSOC
360
3E8
  0
DICTIONARY
  5
3F6
330
3F5
100
AcDbDictionary
280
     1
281
     1
  3
ACAD_DIMASSOC
360
3F7
  0
DICTIONARY
  5
407
330
406
100
AcDbDictionary
280
     1
281
     1
  3
ACAD_DIMASSOC
360
408
  0
DICTIONARY
  5
418
330
417
100
AcDbDictionary
280
     1
281
     1
  3
ACAD_DIMASSOC
360
419
  0
DICTIONARY
  5
427
330
426
100
AcDbDictionary
280
     1
281
     1
  3
ACAD_DIMASSOC
360
428
  0
DICTIONARY
  5
436
330
435
100
AcDbDictionary
280
     1
281
     1
  3
ACAD_DIMASSOC
360
437
  0
DICTIONARY
  5
445
330
444
100
AcDbDictionary
280
     1
281
     1
  3
ACAD_DIMASSOC
360
446
  0
DICTIONARY
  5
456
330
455
100
AcDbDictionary
280
     1
281
     1
  3
ACAD_DIMASSOC
360
457
  0
DICTIONARY
  5
465
330
464
100
AcDbDictionary
280
     1
281
     1
  3
ACAD_DIMASSOC
360
466
  0
DICTIONARY
  5
474
330
473
100
AcDbDictionary
280
     1
281
     1
  3
ACAD_DIMASSOC
360
475
  0
DICTIONARY
  5
483
330
482
100
AcDbDictionary
280
     1
281
     1
  3
ACAD_DIMASSOC
360
484
  0
DICTIONARY
  5
498
330
497
100
AcDbDictionary
280
     1
281
     1
  3
ACAD_DIMASSOC
360
499
  0
DICTIONARY
  5
4A7
330
4A6
100
AcDbDictionary
280
     1
281
     1
  3
ACAD_DIMASSOC
360
4A8
  0
DICTIONARY
  5
4B6
330
4B5
100
AcDbDictionary
280
     1
281
     1
  3
ACAD_DIMASSOC
360
4B7
  0
DICTIONARY
  5
4C5
330
4C4
100
AcDbDictionary
280
     1
281
     1
  3
ACAD_DIMASSOC
360
4C6
  0
DICTIONARY
  5
4D6
330
4D5
100
AcDbDictionary
280
     1
281
     1
  3
ACAD_DIMASSOC
360
4D7
  0
DICTIONARY
  5
4E5
330
4E4
100
AcDbDictionary
280
     1
281
     1
  3
ACAD_DIMASSOC
360
4E6
  0
DICTIONARY
  5
4F4
330
4F3
100
AcDbDictionary
280
     1
281
     1
  3
ACAD_DIMASSOC
360
4F5
  0
DICTIONARY
  5
567
330
566
100
AcDbDictionary
280
     1
281
     1
  3
ACAD_DIMASSOC
360
568
  0
DICTIONARY
  5
576
330
575
100
AcDbDictionary
280
     1
281
     1
  3
ACAD_DIMASSOC
360
577
  0
DICTIONARY
  5
585
330
584
100
AcDbDictionary
280
     1
281
     1
  3
ACAD_DIMASSOC
360
586
  0
DICTIONARY
  5
596
330
595
100
AcDbDictionary
280
     1
281
     1
  3
ACAD_DIMASSOC
360
597
  0
DICTIONARY
  5
5A5
330
5A4
100
AcDbDictionary
280
     1
281
     1
  3
ACAD_DIMASSOC
360
5A6
  0
DICTIONARY
  5
5B4
330
5B3
100
AcDbDictionary
280
     1
281
     1
  3
ACAD_DIMASSOC
360
5B5
  0
DICTIONARY
  5
5C3
330
5C2
100
AcDbDictionary
280
     1
281
     1
  3
ACAD_DIMASSOC
360
5C4
  0
DICTIONARY
  5
5D4
330
5D3
100
AcDbDictionary
280
     1
281
     1
  3
ACAD_DIMASSOC
360
5D5
  0
DICTIONARY
  5
5E6
330
5E5
100
AcDbDictionary
280
     1
281
     1
  3
ACAD_DIMASSOC
360
5E7
  0
DICTIONARY
  5
5F5
330
5F4
100
AcDbDictionary
280
     1
281
     1
  3
ACAD_DIMASSOC
360
5F6
  0
DICTIONARY
  5
604
330
603
100
AcDbDictionary
280
     1
281
     1
  3
ACAD_DIMASSOC
360
605
  0
DICTIONARY
  5
647
330
646
100
AcDbDictionary
280
     1
281
     1
  3
ACAD_DIMASSOC
360
648
  0
DICTIONARY
  5
663
330
662
100
AcDbDictionary
280
     1
281
     1
  3
ACAD_DIMASSOC
360
664
  0
DICTIONARY
  5
706
330
705
100
AcDbDictionary
280
     1
281
     1
  3
ACAD_DIMASSOC
360
707
  0
DICTIONARY
  5
720
330
71F
100
AcDbDictionary
280
     1
281
     1
  3
ACAD_DIMASSOC
360
721
  0
DICTIONARY
  5
747
330
746
100
AcDbDictionary
280
     1
281
     1
  3
ACAD_DIMASSOC
360
748
  0
DICTIONARY
  5
756
330
755
100
AcDbDictionary
280
     1
281
     1
  3
ACAD_DIMASSOC
360
757
  0
DICTIONARY
  5
765
330
764
100
AcDbDictionary
280
     1
281
     1
  3
ACAD_DIMASSOC
360
766
  0
DICTIONARY
  5
774
330
773
100
AcDbDictionary
280
     1
281
     1
  3
ACAD_DIMASSOC
360
775
  0
DICTIONARY
  5
785
330
784
100
AcDbDictionary
280
     1
281
     1
  3
ACAD_DIMASSOC
360
786
  0
DICTIONARY
  5
794
330
793
100
AcDbDictionary
280
     1
281
     1
  3
ACAD_DIMASSOC
360
795
  0
DICTIONARY
  5
7A3
330
7A2
100
AcDbDictionary
280
     1
281
     1
  3
ACAD_DIMASSOC
360
7A4
  0
XRECORD
  5
7ED
102
{ACAD_REACTORS
330
B
102
}
330
B
100
AcDbXrecord
280
     1
300
ACD
300
2021
300

  0
DICTIONARY
  5
31
102
{ACAD_REACTORS
330
B
102
}
330
B
100
AcDbDictionary
281
     1
  0
DICTIONARY
  5
7E8
102
{ACAD_REACTORS
330
B
102
}
330
B
100
AcDbDictionary
281
     1
  3
Metric50
350
7E9
  0
DICTIONARY
  5
2C
102
{ACAD_REACTORS
330
B
102
}
330
B
100
AcDbDictionary
281
     1
  0
DICTIONARY
  5
11
102
{ACAD_REACTORS
330
B
102
}
330
B
100
AcDbDictionary
281
     1
  3
Model
350
10
  3
布局1
350
16
  0
DICTIONARY
  5
D
102
{ACAD_REACTORS
330
B
102
}
330
B
100
AcDbDictionary
281
     1
  3
ByBlock
350
30
  3
ByLayer
350
2F
  3
Global
350
C
  0
DICTIONARY
  5
34
102
{ACAD_REACTORS
330
B
102
}
330
B
100
AcDbDictionary
281
     1
  3
Standard
350
7E5
  0
DICTIONARY
  5
2D
102
{ACAD_REACTORS
330
B
102
}
330
B
100
AcDbDictionary
281
     1
  3
Standard
350
42
  0
DICTIONARY
  5
2E
102
{ACAD_REACTORS
330
B
102
}
330
B
100
AcDbDictionary
281
     1
  0
ACDBDICTIONARYWDFLT
  5
A
102
{ACAD_REACTORS
330
B
102
}
330
B
100
AcDbDictionary
281
     1
  3
Normal
350
9
100
AcDbDictionaryWithDefault
340
9
  0
DICTIONARY
  5
32
102
{ACAD_REACTORS
330
B
102
}
330
B
100
AcDbDictionary
281
     1
  3
A0
350
46
  3
A1
350
47
  3
A2
350
48
  3
A3
350
49
  3
A4
350
4A
  3
A5
350
4B
  3
A6
350
4C
  3
A7
350
4D
  3
A8
350
4E
  3
A9
350
4F
  3
B0
350
50
  3
B1
350
51
  3
B2
350
52
  3
B3
350
53
  3
B4
350
54
  3
B5
350
55
  3
B6
350
56
  0
DICTIONARY
  5
7E6
102
{ACAD_REACTORS
330
B
102
}
330
B
100
AcDbDictionary
281
     1
  3
Metric50
350
7E7
  0
DICTIONARY
  5
33
102
{ACAD_REACTORS
330
B
102
}
330
B
100
AcDbDictionary
281
     1
  3
Standard
350
43
  0
DICTIONARY
  5
26
102
{ACAD_REACTORS
330
B
102
}
330
B
100
AcDbDictionary
281
     1
  3
2dWireframe
350
25
  3
3dWireframe
350
45
  3
Basic
350
7D3
  3
Brighten
350
7D8
  3
ColorChange
350
7DC
  3
Conceptual
350
7D6
  3
Dim
350
7D7
  3
EdgeColorOff
350
7E4
  3
Facepattern
350
7DB
  3
Flat
350
7CF
  3
FlatWithEdges
350
7D0
  3
Gouraud
350
7D1
  3
GouraudWithEdges
350
7D2
  3
Hidden
350
7D5
  3
JitterOff
350
7E2
  3
Linepattern
350
7DA
  3
OverhangOff
350
7E3
  3
Realistic
350
44
  3
Shaded
350
7E1
  3
Shaded with edges
350
7E0
  3
Shades of Gray
350
7DD
  3
Sketchy
350
7DE
  3
Thicken
350
7D9
  3
Wireframe
350
7D4
  3
X-Ray
350
7DF
  0
XRECORD
  5
83A
102
{ACAD_REACTORS
330
B
102
}
330
B
100
AcDbXrecord
280
     1
 90
        1
330
43
  0
DICTIONARY
  5
35
102
{ACAD_REACTORS
330
B
102
}
330
B
100
AcDbDictionary
281
     1
  3
CANNOSCALE
350
36
  3
CMLEADERSTYLE
350
37
  3
CTABLESTYLE
350
38
  3
CVIEWDETAILSTYLE
350
39
  3
CVIEWSECTIONSTYLE
350
3A
  3
LAYEREVAL
350
3B
  3
LAYERNOTIFY
350
3C
  3
LIGHTINGUNITS
350
3D
  3
MSLTSCALE
350
3E
  0
DICTIONARY
  5
840
102
{ACAD_REACTORS
330
B
102
}
330
B
100
AcDbDictionary
281
     1
  3
AcDsRecords
350
842
  3
AcDsSchemas
350
841
1001
ACAD
1070
     2
  0
DICTIONARY
  5
19
102
{ACAD_REACTORS
330
18
102
}
330
18
100
AcDbDictionary
281
     1
  0
XRECORD
  5
8
102
{ACAD_REACTORS
330
7
102
}
330
7
100
AcDbXrecord
280
     1
290
     1
  0
XRECORD
  5
65
102
{ACAD_REACTORS
330
64
102
}
330
64
100
AcDbXrecord
280
     1
290
     1
  0
XRECORD
  5
41
102
{ACAD_REACTORS
330
40
102
}
330
40
100
AcDbXrecord
280
     1
290
     1
  0
XRECORD
  5
5A
102
{ACAD_REACTORS
330
59
102
}
330
59
100
AcDbXrecord
280
     1
290
     1
  0
XRECORD
  5
71
102
{ACAD_REACTORS
330
70
102
}
330
70
100
AcDbXrecord
280
     1
290
     1
  0
SORTENTSTABLE
  5
7C6
102
{ACAD_REACTORS
330
3
102
}
330
3
100
AcDbSortentsTable
330
2
  0
DIMASSOC
  5
E6
102
{ACAD_REACTORS
330
E5
102
}
330
E5
100
AcDbDimAssoc
330
E4
 90
        3
 70
     0
 71
     0
  1
AcDbOsnapPointRef
 72
    13
331
E1
 73
     2
 91
        0
 40
0.0
 10
0.0
 20
0.0
 30
2.000000000000000E+50
 75
     0
  1
AcDbOsnapPointRef
 72
    13
331
E0
 73
     2
 91
        0
 40
0.0
 10
0.0
 20
0.0
 30
2.000000000000000E+50
 75
     0
  0
DIMASSOC
  5
102
102
{ACAD_REACTORS
330
101
102
}
330
101
100
AcDbDimAssoc
330
100
 90
        1
 70
     0
 71
     0
  1
AcDbOsnapPointRef
 72
     1
331
E3
 73
     2
 91
        0
 40
1.0
 10
0.0
 20
0.0
 30
2.000000000000000E+50
 75
     0
  0
DIMASSOC
  5
1AF
102
{ACAD_REACTORS
330
1AE
102
}
330
1AE
100
AcDbDimAssoc
330
1AD
 90
        2
 70
     0
 71
     0
  1
AcDbOsnapPointRef
 72
    13
331
1AC
 73
     2
 91
        0
 40
0.0
 10
0.0
 20
0.0
 30
2.000000000000000E+50
 75
     0
  0
DIMASSOC
  5
1C9
102
{ACAD_REACTORS
330
1C8
102
}
330
1C8
100
AcDbDimAssoc
330
1C7
 90
        2
 70
     0
 71
     0
  1
AcDbOsnapPointRef
 72
    13
331
1C6
 73
     2
 91
        0
 40
0.0
 10
0.0
 20
0.0
 30
2.000000000000000E+50
 75
     0
  0
DIMASSOC
  5
1DE
102
{ACAD_REACTORS
330
1DD
102
}
330
1DD
100
AcDbDimAssoc
330
1DC
 90
        3
 70
     0
 71
     0
  1
AcDbOsnapPointRef
 72
     1
331
1D8
 73
     2
 91
        2
 40
1.0
 10
0.0
 20
0.0
 30
2.000000000000000E+50
 75
     0
  1
AcDbOsnapPointRef
 72
     1
331
1D8
 73
     2
 91
        3
 40
1.0
 10
0.0
 20
0.0
 30
2.000000000000000E+50
 75
     0
  0
DIMASSOC
  5
1ED
102
{ACAD_REACTORS
330
1EC
102
}
330
1EC
100
AcDbDimAssoc
330
1EB
 90
        3
 70
     0
 71
     0
  1
AcDbOsnapPointRef
 72
     1
331
1D8
 73
     2
 91
        8
 40
1.0
 10
0.0
 20
0.0
 30
2.000000000000000E+50
 75
     0
  1
AcDbOsnapPointRef
 72
     1
331
1D8
 73
     2
 91
        9
 40
1.0
 10
0.0
 20
0.0
 30
2.000000000000000E+50
 75
     0
  0
DIMASSOC
  5
218
102
{ACAD_REACTORS
330
217
102
}
330
217
100
AcDbDimAssoc
330
216
 90
        3
 70
     0
 71
     0
  1
AcDbOsnapPointRef
 72
     1
331
214
 73
     2
 91
        2
 40
1.0
 10
0.0
 20
0.0
 30
2.000000000000000E+50
 75
     0
  1
AcDbOsnapPointRef
 72
     1
331
214
 73
     2
 91
        7
 40
1.0
 10
0.0
 20
0.0
 30
2.000000000000000E+50
 75
     0
  0
DIMASSOC
  5
227
102
{ACAD_REACTORS
330
226
102
}
330
226
100
AcDbDimAssoc
330
225
 90
        1
 70
     0
 71
     0
  1
AcDbOsnapPointRef
 72
     1
331
214
 73
     2
 91
        6
 40
1.0
 10
0.0
 20
0.0
 30
2.000000000000000E+50
 75
     0
  0
DIMASSOC
  5
260
102
{ACAD_REACTORS
330
25F
102
}
330
25F
100
AcDbDimAssoc
330
25E
 90
        3
 70
     0
 71
     0
  1
AcDbOsnapPointRef
 72
     1
331
24B
 73
     2
 91
        0
 40
1.0
 10
0.0
 20
0.0
 30
2.000000000000000E+50
 75
     0
  1
AcDbOsnapPointRef
 72
    13
331
243
 73
     2
 91
        0
 40
0.0
 10
0.0
 20
0.0
 30
2.000000000000000E+50
 75
     0
  0
DIMASSOC
  5
26F
102
{ACAD_REACTORS
330
26E
102
}
330
26E
100
AcDbDimAssoc
330
26D
 90
        1
 70
     0
 71
     0
  1
AcDbOsnapPointRef
 72
    13
331
250
 73
     2
 91
        0
 40
0.0
 10
0.0
 20
0.0
 30
2.000000000000000E+50
 75
     0
  0
DIMASSOC
  5
27E
102
{ACAD_REACTORS
330
27D
102
}
330
27D
100
AcDbDimAssoc
330
27C
 90
        2
 70
     0
 71
     0
  1
AcDbOsnapPointRef
 72
    13
331
251
 73
     2
 91
        0
 40
0.0
 10
0.0
 20
0.0
 30
2.000000000000000E+50
 75
     0
  0
DIMASSOC
  5
28D
102
{ACAD_REACTORS
330
28C
102
}
330
28C
100
AcDbDimAssoc
330
28B
 90
        3
 70
     0
 71
     0
  1
AcDbOsnapPointRef
 72
    13
331
24D
 73
     2
 91
        0
 40
0.0
 10
0.0
 20
0.0
 30
2.000000000000000E+50
 75
     0
  1
AcDbOsnapPointRef
 72
    13
331
255
 73
     2
 91
        0
 40
0.0
 10
0.0
 20
0.0
 30
2.000000000000000E+50
 75
     0
  0
DIMASSOC
  5
29E
102
{ACAD_REACTORS
330
29D
102
}
330
29D
100
AcDbDimAssoc
330
29C
 90
        2
 70
     0
 71
     0
  1
AcDbOsnapPointRef
 72
    13
331
24E
 73
     2
 91
        0
 40
0.0
 10
0.0
 20
0.0
 30
2.000000000000000E+50
 75
     0
  0
DIMASSOC
  5
2AD
102
{ACAD_REACTORS
330
2AC
102
}
330
2AC
100
AcDbDimAssoc
330
2AB
 90
        2
 70
     0
 71
     0
  1
AcDbOsnapPointRef
 72
     1
331
24E
 73
     2
 91
        0
 40
1.0
 10
0.0
 20
0.0
 30
2.000000000000000E+50
 75
     0
  0
DIMASSOC
  5
2BC
102
{ACAD_REACTORS
330
2BB
102
}
330
2BB
100
AcDbDimAssoc
330
2BA
 90
        2
 70
     0
 71
     0
  1
AcDbOsnapPointRef
 72
    13
331
252
 73
     2
 91
        0
 40
0.0
 10
0.0
 20
0.0
 30
2.000000000000000E+50
 75
     0
  0
DIMASSOC
  5
2CB
102
{ACAD_REACTORS
330
2CA
102
}
330
2CA
100
AcDbDimAssoc
330
2C9
 90
        2
 70
     0
 71
     0
  1
AcDbOsnapPointRef
 72
     1
331
252
 73
     2
 91
        0
 40
1.0
 10
0.0
 20
0.0
 30
2.000000000000000E+50
 75
     0
  0
DIMASSOC
  5
2DC
102
{ACAD_REACTORS
330
2DB
102
}
330
2DB
100
AcDbDimAssoc
330
2DA
 90
        3
 70
     0
 71
     0
  1
AcDbOsnapPointRef
 72
    13
331
253
 73
     2
 91
        0
 40
0.0
 10
0.0
 20
0.0
 30
2.000000000000000E+50
 75
     0
  1
AcDbOsnapPointRef
 72
    13
331
254
 73
     2
 91
        0
 40
0.0
 10
0.0
 20
0.0
 30
2.000000000000000E+50
 75
     0
  0
DIMASSOC
  5
2F8
102
{ACAD_REACTORS
330
2F7
102
}
330
2F7
100
AcDbDimAssoc
330
2F6
 90
        2
 70
     0
 71
     0
  1
AcDbOsnapPointRef
 72
     1
331
90
 73
     2
 91
        0
 40
1.0
 10
0.0
 20
0.0
 30
2.000000000000000E+50
 75
     0
  0
DIMASSOC
  5
307
102
{ACAD_REACTORS
330
306
102
}
330
306
100
AcDbDimAssoc
330
305
 90
        2
 70
     0
 71
     0
  1
AcDbOsnapPointRef
 72
     1
331
91
 73
     2
 91
        0
 40
1.0
 10
0.0
 20
0.0
 30
2.000000000000000E+50
 75
     0
  0
DIMASSOC
  5
316
102
{ACAD_REACTORS
330
315
102
}
330
315
100
AcDbDimAssoc
330
314
 90
        1
 70
     0
 71
     0
  1
AcDbOsnapPointRef
 72
     1
331
8C
 73
     2
 91
        0
 40
1.0
 10
0.0
 20
0.0
 30
2.000000000000000E+50
 75
     0
  0
DIMASSOC
  5
327
102
{ACAD_REACTORS
330
326
102
}
330
326
100
AcDbDimAssoc
330
325
 90
        2
 70
     0
 71
     0
  1
AcDbOsnapPointRef
 72
     1
331
8E
 73
     2
 91
        0
 40
1.0
 10
0.0
 20
0.0
 30
2.000000000000000E+50
 75
     0
  0
DIMASSOC
  5
336
102
{ACAD_REACTORS
330
335
102
}
330
335
100
AcDbDimAssoc
330
334
 90
        2
 70
     0
 71
     0
  1
AcDbOsnapPointRef
 72
     1
331
8F
 73
     2
 91
        0
 40
1.0
 10
0.0
 20
0.0
 30
2.000000000000000E+50
 75
     0
  0
DIMASSOC
  5
345
102
{ACAD_REACTORS
330
344
102
}
330
344
100
AcDbDimAssoc
330
343
 90
        2
 70
     0
 71
     0
  1
AcDbOsnapPointRef
 72
     1
331
92
 73
     2
 91
        0
 40
1.0
 10
0.0
 20
0.0
 30
2.000000000000000E+50
 75
     0
  0
DIMASSOC
  5
354
102
{ACAD_REACTORS
330
353
102
}
330
353
100
AcDbDimAssoc
330
352
 90
        2
 70
     0
 71
     0
  1
AcDbOsnapPointRef
 72
     1
331
93
 73
     2
 91
        0
 40
1.0
 10
0.0
 20
0.0
 30
2.000000000000000E+50
 75
     0
  0
DIMASSOC
  5
365
102
{ACAD_REACTORS
330
364
102
}
330
364
100
AcDbDimAssoc
330
363
 90
        2
 70
     0
 71
     0
  1
AcDbOsnapPointRef
 72
     1
331
94
 73
     2
 91
        0
 40
1.0
 10
0.0
 20
0.0
 30
2.000000000000000E+50
 75
     0
  0
DIMASSOC
  5
377
102
{ACAD_REACTORS
330
376
102
}
330
376
100
AcDbDimAssoc
330
375
 90
        2
 70
     0
 71
     0
  1
AcDbOsnapPointRef
 72
     2
331
372
 73
     2
 91
        4
 40
0.5
 10
0.0
 20
0.0
 30
0.0
 75
     0
  0
DIMASSOC
  5
386
102
{ACAD_REACTORS
330
385
102
}
330
385
100
AcDbDimAssoc
330
384
 90
        2
 70
     0
 71
     0
  1
AcDbOsnapPointRef
 72
     2
331
373
 73
     2
 91
        4
 40
0.5
 10
0.0
 20
0.0
 30
0.0
 75
     0
  0
DIMASSOC
  5
395
102
{ACAD_REACTORS
330
394
102
}
330
394
100
AcDbDimAssoc
330
393
 90
        3
 70
     0
 71
     0
  1
AcDbOsnapPointRef
 72
     2
331
374
 73
     2
 91
        4
 40
0.5
 10
0.0
 20
0.0
 30
0.0
 75
     0
  1
AcDbOsnapPointRef
 72
    13
331
61
 73
     2
 91
        0
 40
0.0
 10
0.0
 20
0.0
 30
2.000000000000000E+50
 75
     0
  0
DIMASSOC
  5
3E8
102
{ACAD_REACTORS
330
3E7
102
}
330
3E7
100
AcDbDimAssoc
330
3E6
 90
        3
 70
     0
 71
     0
  1
AcDbOsnapPointRef
 72
     1
331
3C4
 73
     2
 91
        0
 40
1.0
 10
0.0
 20
0.0
 30
2.000000000000000E+50
 75
     0
  1
AcDbOsnapPointRef
 72
    13
331
3BA
 73
     2
 91
        0
 40
0.0
 10
0.0
 20
0.0
 30
2.000000000000000E+50
 75
     0
  0
DIMASSOC
  5
3F7
102
{ACAD_REACTORS
330
3F6
102
}
330
3F6
100
AcDbDimAssoc
330
3F5
 90
        2
 70
     0
 71
     0
  1
AcDbOsnapPointRef
 72
    13
331
3CB
 73
     2
 91
        0
 40
0.0
 10
0.0
 20
0.0
 30
2.000000000000000E+50
 75
     0
  0
DIMASSOC
  5
408
102
{ACAD_REACTORS
330
407
102
}
330
407
100
AcDbDimAssoc
330
406
 90
        3
 70
     0
 71
     0
  1
AcDbOsnapPointRef
 72
    13
331
3DC
 73
     2
 91
        0
 40
0.0
 10
0.0
 20
0.0
 30
2.000000000000000E+50
 75
     0
  1
AcDbOsnapPointRef
 72
    13
331
3D0
 73
     2
 91
        0
 40
0.0
 10
0.0
 20
0.0
 30
2.000000000000000E+50
 75
     0
  0
DIMASSOC
  5
419
102
{ACAD_REACTORS
330
418
102
}
330
418
100
AcDbDimAssoc
330
417
 90
        2
 70
     0
 71
     0
  1
AcDbOsnapPointRef
 72
    13
331
3DD
 73
     2
 91
        0
 40
0.0
 10
0.0
 20
0.0
 30
2.000000000000000E+50
 75
     0
  0
DIMASSOC
  5
428
102
{ACAD_REACTORS
330
427
102
}
330
427
100
AcDbDimAssoc
330
426
 90
        3
 70
     0
 71
     0
  1
AcDbOsnapPointRef
 72
     1
331
3DC
 73
     2
 91
        0
 40
1.0
 10
0.0
 20
0.0
 30
2.000000000000000E+50
 75
     0
  1
AcDbOsnapPointRef
 72
     1
331
3DD
 73
     2
 91
        0
 40
1.0
 10
0.0
 20
0.0
 30
2.000000000000000E+50
 75
     0
  0
DIMASSOC
  5
437
102
{ACAD_REACTORS
330
436
102
}
330
436
100
AcDbDimAssoc
330
435
 90
        2
 70
     0
 71
     0
  1
AcDbOsnapPointRef
 72
    13
331
3E2
 73
     2
 91
        0
 40
0.0
 10
0.0
 20
0.0
 30
2.000000000000000E+50
 75
     0
  0
DIMASSOC
  5
446
102
{ACAD_REACTORS
330
445
102
}
330
445
100
AcDbDimAssoc
330
444
 90
        2
 70
     0
 71
     0
  1
AcDbOsnapPointRef
 72
    13
331
3E3
 73
     2
 91
        0
 40
0.0
 10
0.0
 20
0.0
 30
2.000000000000000E+50
 75
     0
  0
DIMASSOC
  5
457
102
{ACAD_REACTORS
330
456
102
}
330
456
100
AcDbDimAssoc
330
455
 90
        2
 70
     0
 71
     0
  1
AcDbOsnapPointRef
 72
    13
331
3E4
 73
     2
 91
        0
 40
0.0
 10
0.0
 20
0.0
 30
2.000000000000000E+50
 75
     0
  0
DIMASSOC
  5
466
102
{ACAD_REACTORS
330
465
102
}
330
465
100
AcDbDimAssoc
330
464
 90
        2
 70
     0
 71
     0
  1
AcDbOsnapPointRef
 72
    13
331
3E5
 73
     2
 91
        0
 40
0.0
 10
0.0
 20
0.0
 30
2.000000000000000E+50
 75
     0
  0
DIMASSOC
  5
475
102
{ACAD_REACTORS
330
474
102
}
330
474
100
AcDbDimAssoc
330
473
 90
        1
 70
     0
 71
     0
  1
AcDbOsnapPointRef
 72
    13
331
3C9
 73
     2
 91
        0
 40
0.0
 10
0.0
 20
0.0
 30
2.000000000000000E+50
 75
     0
  0
DIMASSOC
  5
484
102
{ACAD_REACTORS
330
483
102
}
330
483
100
AcDbDimAssoc
330
482
 90
        1
 70
     0
 71
     0
  1
AcDbOsnapPointRef
 72
     1
331
3C8
 73
     2
 91
        0
 40
1.0
 10
0.0
 20
0.0
 30
2.000000000000000E+50
 75
     0
  0
DIMASSOC
  5
499
102
{ACAD_REACTORS
330
498
102
}
330
498
100
AcDbDimAssoc
330
497
 90
        2
 70
     0
 71
     0
  1
AcDbOsnapPointRef
 72
     2
331
3A8
 73
     2
 91
        0
 40
0.5
 10
0.0
 20
0.0
 30
0.0
 75
     0
  0
DIMASSOC
  5
4A8
102
{ACAD_REACTORS
330
4A7
102
}
330
4A7
100
AcDbDimAssoc
330
4A6
 90
        2
 70
     0
 71
     0
  1
AcDbOsnapPointRef
 72
     2
331
3B0
 73
     2
 91
        0
 40
0.5
 10
0.0
 20
0.0
 30
0.0
 75
     0
  0
DIMASSOC
  5
4B7
102
{ACAD_REACTORS
330
4B6
102
}
330
4B6
100
AcDbDimAssoc
330
4B5
 90
        1
 70
     0
 71
     0
  1
AcDbOsnapPointRef
 72
     2
331
3B8
 73
     2
 91
        0
 40
0.5
 10
0.0
 20
0.0
 30
0.0
 75
     0
  0
DIMASSOC
  5
4C6
102
{ACAD_REACTORS
330
4C5
102
}
330
4C5
100
AcDbDimAssoc
330
4C4
 90
        1
 70
     0
 71
     0
  1
AcDbOsnapPointRef
 72
     1
331
3A9
 73
     2
 91
        0
 40
3.141592653589792
 10
0.0
 20
0.0
 30
2.000000000000000E+50
 75
     0
  0
DIMASSOC
  5
4D7
102
{ACAD_REACTORS
330
4D6
102
}
330
4D6
100
AcDbDimAssoc
330
4D5
 90
        3
 70
     0
 71
     0
  1
AcDbOsnapPointRef
 72
    13
331
3A9
 73
     2
 91
        0
 40
1.570796326794896
 10
0.0
 20
0.0
 30
2.000000000000000E+50
 75
     0
  1
AcDbOsnapPointRef
 72
     1
331
3A7
 73
     2
 91
        0
 40
4.712388980384688
 10
0.0
 20
0.0
 30
2.000000000000000E+50
 75
     0
  0
DIMASSOC
  5
4E6
102
{ACAD_REACTORS
330
4E5
102
}
330
4E5
100
AcDbDimAssoc
330
4E4
 90
        3
 70
     0
 71
     0
  1
AcDbOsnapPointRef
 72
    13
331
3B1
 73
     2
 91
        0
 40
1.570796326794896
 10
0.0
 20
0.0
 30
2.000000000000000E+50
 75
     0
  1
AcDbOsnapPointRef
 72
     1
331
3AF
 73
     2
 91
        0
 40
4.712388980384688
 10
0.0
 20
0.0
 30
2.000000000000000E+50
 75
     0
  0
DIMASSOC
  5
4F5
102
{ACAD_REACTORS
330
4F4
102
}
330
4F4
100
AcDbDimAssoc
330
4F3
 90
        3
 70
     0
 71
     0
  1
AcDbOsnapPointRef
 72
    13
331
3B7
 73
     2
 91
        0
 40
1.570796326794896
 10
0.0
 20
0.0
 30
2.000000000000000E+50
 75
     0
  1
AcDbOsnapPointRef
 72
     1
331
3B9
 73
     2
 91
        0
 40
4.712388980384688
 10
0.0
 20
0.0
 30
2.000000000000000E+50
 75
     0
  0
DIMASSOC
  5
568
102
{ACAD_REACTORS
330
567
102
}
330
567
100
AcDbDimAssoc
330
566
 90
        2
 70
     0
 71
     0
  1
AcDbOsnapPointRef
 72
     1
331
549
 73
     2
 91
        0
 40
1.0
 10
0.0
 20
0.0
 30
2.000000000000000E+50
 75
     0
  0
DIMASSOC
  5
577
102
{ACAD_REACTORS
330
576
102
}
330
576
100
AcDbDimAssoc
330
575
 90
        2
 70
     0
 71
     0
  1
AcDbOsnapPointRef
 72
     1
331
54A
 73
     2
 91
        0
 40
1.0
 10
0.0
 20
0.0
 30
2.000000000000000E+50
 75
     0
  0
DIMASSOC
  5
586
102
{ACAD_REACTORS
330
585
102
}
330
585
100
AcDbDimAssoc
330
584
 90
        1
 70
     0
 71
     0
  1
AcDbOsnapPointRef
 72
     1
331
546
 73
     2
 91
        0
 40
1.0
 10
0.0
 20
0.0
 30
2.000000000000000E+50
 75
     0
  0
DIMASSOC
  5
597
102
{ACAD_REACTORS
330
596
102
}
330
596
100
AcDbDimAssoc
330
595
 90
        2
 70
     0
 71
     0
  1
AcDbOsnapPointRef
 72
     1
331
547
 73
     2
 91
        0
 40
1.0
 10
0.0
 20
0.0
 30
2.000000000000000E+50
 75
     0
  0
DIMASSOC
  5
5A6
102
{ACAD_REACTORS
330
5A5
102
}
330
5A5
100
AcDbDimAssoc
330
5A4
 90
        2
 70
     0
 71
     0
  1
AcDbOsnapPointRef
 72
     1
331
548
 73
     2
 91
        0
 40
1.0
 10
0.0
 20
0.0
 30
2.000000000000000E+50
 75
     0
  0
DIMASSOC
  5
5B5
102
{ACAD_REACTORS
330
5B4
102
}
330
5B4
100
AcDbDimAssoc
330
5B3
 90
        2
 70
     0
 71
     0
  1
AcDbOsnapPointRef
 72
     1
331
54B
 73
     2
 91
        0
 40
1.0
 10
0.0
 20
0.0
 30
2.000000000000000E+50
 75
     0
  0
DIMASSOC
  5
5C4
102
{ACAD_REACTORS
330
5C3
102
}
330
5C3
100
AcDbDimAssoc
330
5C2
 90
        2
 70
     0
 71
     0
  1
AcDbOsnapPointRef
 72
     1
331
54C
 73
     2
 91
        0
 40
1.0
 10
0.0
 20
0.0
 30
2.000000000000000E+50
 75
     0
  0
DIMASSOC
  5
5D5
102
{ACAD_REACTORS
330
5D4
102
}
330
5D4
100
AcDbDimAssoc
330
5D3
 90
        2
 70
     0
 71
     0
  1
AcDbOsnapPointRef
 72
     1
331
54D
 73
     2
 91
        0
 40
1.0
 10
0.0
 20
0.0
 30
2.000000000000000E+50
 75
     0
  0
DIMASSOC
  5
5E7
102
{ACAD_REACTORS
330
5E6
102
}
330
5E6
100
AcDbDimAssoc
330
5E5
 90
        2
 70
     0
 71
     0
  1
AcDbOsnapPointRef
 72
     2
331
5E2
 73
     2
 91
        4
 40
0.5
 10
0.0
 20
0.0
 30
0.0
 75
     0
  0
DIMASSOC
  5
5F6
102
{ACAD_REACTORS
330
5F5
102
}
330
5F5
100
AcDbDimAssoc
330
5F4
 90
        2
 70
     0
 71
     0
  1
AcDbOsnapPointRef
 72
     2
331
5E3
 73
     2
 91
        4
 40
0.5
 10
0.0
 20
0.0
 30
0.0
 75
     0
  0
DIMASSOC
  5
605
102
{ACAD_REACTORS
330
604
102
}
330
604
100
AcDbDimAssoc
330
603
 90
        3
 70
     0
 71
     0
  1
AcDbOsnapPointRef
 72
     2
331
5E4
 73
     2
 91
        4
 40
0.5
 10
0.0
 20
0.0
 30
0.0
 75
     0
  1
AcDbOsnapPointRef
 72
    13
331
534
 73
     2
 91
        0
 40
0.0
 10
0.0
 20
0.0
 30
2.000000000000000E+50
 75
     0
  0
DIMASSOC
  5
648
102
{ACAD_REACTORS
330
647
102
}
330
647
100
AcDbDimAssoc
330
646
 90
        3
 70
     0
 71
     0
  1
AcDbOsnapPointRef
 72
    13
331
643
 73
     2
 91
        0
 40
0.0
 10
0.0
 20
0.0
 30
2.000000000000000E+50
 75
     0
  1
AcDbOsnapPointRef
 72
    13
331
642
 73
     2
 91
        0
 40
0.0
 10
0.0
 20
0.0
 30
2.000000000000000E+50
 75
     0
  0
DIMASSOC
  5
664
102
{ACAD_REACTORS
330
663
102
}
330
663
100
AcDbDimAssoc
330
662
 90
        1
 70
     0
 71
     0
  1
AcDbOsnapPointRef
 72
     1
331
645
 73
     2
 91
        0
 40
1.0
 10
0.0
 20
0.0
 30
2.000000000000000E+50
 75
     0
  0
DIMASSOC
  5
707
102
{ACAD_REACTORS
330
706
102
}
330
706
100
AcDbDimAssoc
330
705
 90
        2
 70
     0
 71
     0
  1
AcDbOsnapPointRef
 72
    13
331
704
 73
     2
 91
        0
 40
0.0
 10
0.0
 20
0.0
 30
2.000000000000000E+50
 75
     0
  0
DIMASSOC
  5
721
102
{ACAD_REACTORS
330
720
102
}
330
720
100
AcDbDimAssoc
330
71F
 90
        2
 70
     0
 71
     0
  1
AcDbOsnapPointRef
 72
    13
331
71E
 73
     2
 91
        0
 40
0.0
 10
0.0
 20
0.0
 30
2.000000000000000E+50
 75
     0
  0
DIMASSOC
  5
748
102
{ACAD_REACTORS
330
747
102
}
330
747
100
AcDbDimAssoc
330
746
 90
        2
 70
     0
 71
     0
  1
AcDbOsnapPointRef
 72
     2
331
734
 73
     2
 91
        0
 40
0.5
 10
0.0
 20
0.0
 30
0.0
 75
     0
  0
DIMASSOC
  5
757
102
{ACAD_REACTORS
330
756
102
}
330
756
100
AcDbDimAssoc
330
755
 90
        2
 70
     0
 71
     0
  1
AcDbOsnapPointRef
 72
     2
331
73C
 73
     2
 91
        0
 40
0.5
 10
0.0
 20
0.0
 30
0.0
 75
     0
  0
DIMASSOC
  5
766
102
{ACAD_REACTORS
330
765
102
}
330
765
100
AcDbDimAssoc
330
764
 90
        1
 70
     0
 71
     0
  1
AcDbOsnapPointRef
 72
     2
331
744
 73
     2
 91
        0
 40
0.5
 10
0.0
 20
0.0
 30
0.0
 75
     0
  0
DIMASSOC
  5
775
102
{ACAD_REACTORS
330
774
102
}
330
774
100
AcDbDimAssoc
330
773
 90
        1
 70
     0
 71
     0
  1
AcDbOsnapPointRef
 72
    13
331
735
 73
     2
 91
        0
 40
3.141592653589792
 10
0.0
 20
0.0
 30
2.000000000000000E+50
 75
     0
  0
DIMASSOC
  5
786
102
{ACAD_REACTORS
330
785
102
}
330
785
100
AcDbDimAssoc
330
784
 90
        3
 70
     0
 71
     0
  1
AcDbOsnapPointRef
 72
     1
331
735
 73
     2
 91
        0
 40
1.570796326794896
 10
0.0
 20
0.0
 30
2.000000000000000E+50
 75
     0
  1
AcDbOsnapPointRef
 72
    13
331
733
 73
     2
 91
        0
 40
4.712388980384688
 10
0.0
 20
0.0
 30
2.000000000000000E+50
 75
     0
  0
DIMASSOC
  5
795
102
{ACAD_REACTORS
330
794
102
}
330
794
100
AcDbDimAssoc
330
793
 90
        3
 70
     0
 71
     0
  1
AcDbOsnapPointRef
 72
     1
331
73D
 73
     2
 91
        0
 40
1.570796326794896
 10
0.0
 20
0.0
 30
2.000000000000000E+50
 75
     0
  1
AcDbOsnapPointRef
 72
    13
331
73B
 73
     2
 91
        0
 40
4.712388980384688
 10
0.0
 20
0.0
 30
2.000000000000000E+50
 75
     0
  0
DIMASSOC
  5
7A4
102
{ACAD_REACTORS
330
7A3
102
}
330
7A3
100
AcDbDimAssoc
330
7A2
 90
        3
 70
     0
 71
     0
  1
AcDbOsnapPointRef
 72
     1
331
743
 73
     2
 91
        0
 40
1.570796326794896
 10
0.0
 20
0.0
 30
2.000000000000000E+50
 75
     0
  1
AcDbOsnapPointRef
 72
    13
331
745
 73
     2
 91
        0
 40
4.712388980384688
 10
0.0
 20
0.0
 30
2.000000000000000E+50
 75
     0
  0
ACDBDETAILVIEWSTYLE
  5
7E9
102
{ACAD_XDICTIONARY
360
879
102
}
102
{ACAD_REACTORS
330
7E8
102
}
330
7E8
100
AcDbModelDocViewStyle
 70
     0
  3
Metric50
290
     0
100
AcDbDetailViewStyle
 70
     0
 71
     0
 90
        3
 71
     1
340
1B
 62
   256
 40
5.0
340
0
 62
   256
 40
5.0
300

 40
0.0
280
     1
 71
     2
340
E
 90
       25
 62
   256
 71
     3
340
1B
 62
   256
 40
5.0
 90
        0
 40
15.0
 90
        1
300
%<\AcVar ViewDetailId>% (%<\AcVar ViewScale \f "%sn">%)
 71
     4
340
E
 90
       25
 62
   256
340
E
 90
       25
 62
   256
280
     0
  0
LAYOUT
  5
10
102
{ACAD_REACTORS
330
11
102
}
330
11
100
AcDbPlotSettings
  1

  2
NPI73AAA9 (HP LaserJet MFP M437-M443)
  4
A4
  6

 40
5.027082920074462
 41
5.027085781097412
 42
5.027069091796875
 43
5.027069091796875
 44
209.9733276367186
 45
296.9259948730469
 46
18.5500115961642
 47
0.0
 48
0.0
 49
-400.0
140
2100.0
141
3300.0
142
1.0
143
12.8977455577307
 70
 11956
 72
     1
 73
     0
 74
     4
  7

 75
     0
147
0.077532929729771
 76
     0
 77
     2
 78
   300
148
0.0
149
400.0
100
AcDbLayout
  1
Model
 70
     1
 71
     0
 10
0.0
 20
0.0
 11
12.0
 21
9.0
 12
0.0
 22
0.0
 32
0.0
 14
0.0
 24
0.0
 34
0.0
 15
0.0
 25
0.0
 35
0.0
146
0.0
 13
0.0
 23
0.0
 33
0.0
 16
1.0
 26
0.0
 36
0.0
 17
0.0
 27
1.0
 37
0.0
 76
     0
330
2
331
24
1001
ACAD_PSEXT
1000
NPI73AAA9 (HP LaserJet MFP M437-M443)
1000
HP LaserJet MFP M437-M443 PCL6
1000
WSD-377bc33d-bd32-4f23-a01c-21cdc0f767f2.003f
1000

1070
     0
  0
LAYOUT
  5
16
102
{ACAD_REACTORS
330
11
102
}
330
11
100
AcDbPlotSettings
  1

  2
C:\Users\YuanJian\AppData\Roaming\Autodesk\AutoCAD 2007\R17.0\chs\plotters\konica minolta 185-8.pc3
  4

  6

 40
0.0
 41
0.0
 42
0.0
 43
0.0
 44
0.0
 45
0.0
 46
0.0
 47
0.0
 48
0.0
 49
0.0
140
0.0
141
0.0
142
1.0
143
1.0
 70
   688
 72
     0
 73
     0
 74
     5
  7

 75
    16
147
1.0
 76
     0
 77
     2
 78
   300
148
0.0
149
0.0
100
AcDbLayout
  1
布局1
 70
     1
 71
     1
 10
0.0
 20
0.0
 11
420.0
 21
297.0
 12
0.0
 22
0.0
 32
0.0
 14
1.000000000000000E+20
 24
1.000000000000000E+20
 34
1.000000000000000E+20
 15
-1.000000000000000E+20
 25
-1.000000000000000E+20
 35
-1.000000000000000E+20
146
0.0
 13
0.0
 23
0.0
 33
0.0
 16
1.0
 26
0.0
 36
0.0
 17
0.0
 27
1.0
 37
0.0
 76
     0
330
13
  0
MATERIAL
  5
30
102
{ACAD_REACTORS
330
D
102
}
330
D
100
AcDbMaterial
  1
ByBlock
 73
     1
 78
     1
172
     1
176
     1
270
     1
274
     1
 94
       63
  0
MATERIAL
  5
2F
102
{ACAD_REACTORS
330
D
102
}
330
D
100
AcDbMaterial
  1
ByLayer
 73
     1
 78
     1
172
     1
176
     1
270
     1
274
     1
 94
       63
  0
MATERIAL
  5
C
102
{ACAD_REACTORS
330
D
102
}
330
D
100
AcDbMaterial
  1
Global
 73
     1
 78
     1
172
     1
176
     1
270
     1
274
     1
 94
       63
  0
MLEADERSTYLE
  5
7E5
102
{ACAD_XDICTIONARY
360
875
102
}
102
{ACAD_REACTORS
330
34
102
}
330
34
100
AcDbMLeaderStyle
179
     2
170
     2
171
     1
172
     0
 90
        2
 40
0.0
 41
0.0
173
     1
 91
-1056964608
340
1F
 92
       -2
290
     1
 42
2.0
291
     1
 43
0.36
  3
Standard
 44
4.0
300

342
1B
174
     1
178
     6
175
     1
176
     0
 93
-1056964608
 45
4.0
292
     0
297
     0
 46
4.0
 94
-1056964608
 47
1.0
 49
1.0
140
1.0
293
     1
141
0.0
294
     1
177
     0
142
1.0
295
     0
296
     0
143
0.125
271
     0
272
     9
273
     9
  0
MLINESTYLE
  5
42
102
{ACAD_REACTORS
330
2D
102
}
330
2D
100
AcDbMlineStyle
  2
STANDARD
 70
     0
  3

 62
   256
 51
90.0
 52
90.0
 71
     2
 49
0.5
 62
   256
  6
BYLAYER
 49
-0.5
 62
   256
  6
BYLAYER
  0
ACDBPLACEHOLDER
  5
9
102
{ACAD_REACTORS
330
A
102
}
330
A
  0
SCALE
  5
46
102
{ACAD_REACTORS
330
32
102
}
330
32
100
AcDbScale
 70
     0
300
1:1
140
1.0
141
1.0
290
     1
  0
SCALE
  5
47
102
{ACAD_REACTORS
330
32
102
}
330
32
100
AcDbScale
 70
     0
300
1:2
140
1.0
141
2.0
290
     0
  0
SCALE
  5
48
102
{ACAD_REACTORS
330
32
102
}
330
32
100
AcDbScale
 70
     0
300
1:4
140
1.0
141
4.0
290
     0
  0
SCALE
  5
49
102
{ACAD_REACTORS
330
32
102
}
330
32
100
AcDbScale
 70
     0
300
1:5
140
1.0
141
5.0
290
     0
  0
SCALE
  5
4A
102
{ACAD_REACTORS
330
32
102
}
330
32
100
AcDbScale
 70
     0
300
1:8
140
1.0
141
8.0
290
     0
  0
SCALE
  5
4B
102
{ACAD_REACTORS
330
32
102
}
330
32
100
AcDbScale
 70
     0
300
1:10
140
1.0
141
10.0
290
     0
  0
SCALE
  5
4C
102
{ACAD_REACTORS
330
32
102
}
330
32
100
AcDbScale
 70
     0
300
1:16
140
1.0
141
16.0
290
     0
  0
SCALE
  5
4D
102
{ACAD_REACTORS
330
32
102
}
330
32
100
AcDbScale
 70
     0
300
1:20
140
1.0
141
20.0
290
     0
  0
SCALE
  5
4E
102
{ACAD_REACTORS
330
32
102
}
330
32
100
AcDbScale
 70
     0
300
1:30
140
1.0
141
30.0
290
     0
  0
SCALE
  5
4F
102
{ACAD_REACTORS
330
32
102
}
330
32
100
AcDbScale
 70
     0
300
1:40
140
1.0
141
40.0
290
     0
  0
SCALE
  5
50
102
{ACAD_REACTORS
330
32
102
}
330
32
100
AcDbScale
 70
     0
300
1:50
140
1.0
141
50.0
290
     0
  0
SCALE
  5
51
102
{ACAD_REACTORS
330
32
102
}
330
32
100
AcDbScale
 70
     0
300
1:100
140
1.0
141
100.0
290
     0
  0
SCALE
  5
52
102
{ACAD_REACTORS
330
32
102
}
330
32
100
AcDbScale
 70
     0
300
2:1
140
2.0
141
1.0
290
     0
  0
SCALE
  5
53
102
{ACAD_REACTORS
330
32
102
}
330
32
100
AcDbScale
 70
     0
300
4:1
140
4.0
141
1.0
290
     0
  0
SCALE
  5
54
102
{ACAD_REACTORS
330
32
102
}
330
32
100
AcDbScale
 70
     0
300
8:1
140
8.0
141
1.0
290
     0
  0
SCALE
  5
55
102
{ACAD_REACTORS
330
32
102
}
330
32
100
AcDbScale
 70
     0
300
10:1
140
10.0
141
1.0
290
     0
  0
SCALE
  5
56
102
{ACAD_REACTORS
330
32
102
}
330
32
100
AcDbScale
 70
     0
300
100:1
140
100.0
141
1.0
290
     0
  0
ACDBSECTIONVIEWSTYLE
  5
7E7
102
{ACAD_XDICTIONARY
360
877
102
}
102
{ACAD_REACTORS
330
7E6
102
}
330
7E6
100
AcDbModelDocViewStyle
 70
     0
  3
Metric50
290
     0
100
AcDbSectionViewStyle
 70
     0
 71
     0
 90
      102
 71
     1
340
1B
 62
   256
 40
5.0
340
0
340
0
 62
   256
 40
5.0
300
I, O, Q, S, X, Z
 40
10.0
 90
        0
 40
2.5
 90
        0
 71
     2
340
E
 90
       25
 62
   256
340
E
 90
       50
 62
   256
 40
5.0
 40
2.5
 40
5.0
 71
     3
340
1B
 62
   256
 40
5.0
 90
        0
 40
15.0
 90
        1
300
%<\AcVar ViewSectionStartId>%-%<\AcVar ViewSectionEndId>% (%<\AcVar ViewScale \f "%sn">%)
 71
     4
 62
   256
 62
   257
300
ANSI31
 40
1.0
 90
        0
290
     0
290
     0
 90
        6
 40
0.0
 40
1.570796326794896
 40
0.2617993877991494
 40
1.308996938995747
 40
-0.2617993877991494
 40
1.832595714594046
  0
TABLESTYLE
  5
43
102
{ACAD_XDICTIONARY
360
7C9
102
}
102
{ACAD_REACTORS
330
33
102
}
330
33
100
AcDbTableStyle
280
     0
  3
Standard
 70
     0
 71
     0
 40
1.5
 41
1.5
280
     0
281
     0
  7
Standard
140
4.5
170
     2
 62
     0
 63
     7
283
     0
 90
      512
 91
        0
  1

274
    -2
284
     1
 64
     0
275
    -2
285
     1
 65
     0
276
    -2
286
     1
 66
     0
277
    -2
287
     1
 67
     0
278
    -2
288
     1
 68
     0
279
    -2
289
     1
 69
     0
  7
Standard
140
6.0
170
     5
 62
     0
 63
     7
283
     0
 90
      512
 91
        0
  1

274
    -2
284
     1
 64
     0
275
    -2
285
     1
 65
     0
276
    -2
286
     1
 66
     0
277
    -2
287
     1
 67
     0
278
    -2
288
     1
 68
     0
279
    -2
289
     1
 69
     0
  7
Standard
140
4.5
170
     5
 62
     0
 63
     7
283
     0
 90
      512
 91
        0
  1

274
    -2
284
     1
 64
     0
275
    -2
285
     1
 65
     0
276
    -2
286
     1
 66
     0
277
    -2
287
     1
 67
     0
278
    -2
288
     1
 68
     0
279
    -2
289
     1
 69
     0
  0
VISUALSTYLE
  5
25
102
{ACAD_XDICTIONARY
360
843
102
}
102
{ACAD_REACTORS
330
26
102
}
330
26
100
AcDbVisualStyle
  2
2dWireframe
 70
     4
177
     2
291
     0
 71
     0
176
     1
 72
     2
176
     1
 73
     0
176
     1
 90
        0
176
     1
 40
0.6
176
     1
 41
30.0
176
     1
 63
     7
421
 16777215
176
     1
 74
     1
176
     1
 91
        4
176
     1
 64
     7
176
     1
 65
   257
176
     1
 75
     1
176
     1
175
     1
176
     1
 42
1.0
176
     1
 92
        0
176
     1
 66
   257
176
     1
 43
1.0
176
     1
 76
     1
176
     1
 77
     6
176
     1
 78
     2
176
     1
 67
     7
176
     1
 79
     5
176
     1
170
     0
176
     1
171
     0
176
     1
290
     0
176
     1
 93
        1
176
     1
 44
0.0
176
     1
173
     0
176
     1
1001
ACAD
1000
AcDbSavedByObjectVersion
1070
     0
  0
VISUALSTYLE
  5
45
102
{ACAD_XDICTIONARY
360
847
102
}
102
{ACAD_REACTORS
330
26
102
}
330
26
100
AcDbVisualStyle
  2
3dWireframe
 70
     5
177
     2
291
     0
 71
     0
176
     1
 72
     2
176
     1
 73
     0
176
     1
 90
        0
176
     1
 40
0.6
176
     1
 41
30.0
176
     1
 63
     7
421
 16777215
176
     1
 74
     1
176
     1
 91
        4
176
     1
 64
     7
176
     1
 65
   257
176
     1
 75
     1
176
     1
175
     1
176
     1
 42
1.0
176
     1
 92
        0
176
     1
 66
   257
176
     1
 43
1.0
176
     1
 76
     1
176
     1
 77
     6
176
     1
 78
     2
176
     1
 67
     7
176
     1
 79
     5
176
     1
170
     0
176
     1
171
     0
176
     1
290
     0
176
     1
 93
        1
176
     1
 44
0.0
176
     1
173
     0
176
     1
1001
ACAD
1000
AcDbSavedByObjectVersion
1070
     0
  0
VISUALSTYLE
  5
7D3
102
{ACAD_XDICTIONARY
360
851
102
}
102
{ACAD_REACTORS
330
26
102
}
330
26
100
AcDbVisualStyle
  2
Basic
 70
     7
177
     2
291
     1
 71
     1
176
     1
 72
     0
176
     1
 73
     1
176
     1
 90
        0
176
     1
 40
0.6
176
     1
 41
30.0
176
     1
 63
     7
421
 16777215
176
     1
 74
     0
176
     1
 91
        4
176
     1
 64
     7
176
     1
 65
   257
176
     1
 75
     1
176
     1
175
     1
176
     1
 42
1.0
176
     1
 92
        8
176
     1
 66
     7
176
     1
 43
1.0
176
     1
 76
     1
176
     1
 77
     6
176
     1
 78
     2
176
     1
 67
     7
176
     1
 79
     5
176
     1
170
     0
176
     1
171
     0
176
     1
290
     0
176
     1
 93
        1
176
     1
 44
0.0
176
     1
173
     0
176
     1
1001
ACAD
1000
AcDbSavedByObjectVersion
1070
     0
  0
VISUALSTYLE
  5
7D8
102
{ACAD_XDICTIONARY
360
85B
102
}
102
{ACAD_REACTORS
330
26
102
}
330
26
100
AcDbVisualStyle
  2
Brighten
 70
    12
177
     2
291
     1
 71
     2
176
     1
 72
     2
176
     1
 73
     0
176
     1
 90
        0
176
     1
 40
0.6
176
     1
 41
30.0
176
     1
 63
     7
421
 16777215
176
     1
 74
     1
176
     1
 91
        4
176
     1
 64
     7
176
     1
 65
   257
176
     1
 75
     1
176
     1
175
     1
176
     1
 42
1.0
176
     1
 92
        8
176
     1
 66
     7
176
     1
 43
1.0
176
     1
 76
     1
176
     1
 77
     6
176
     1
 78
     2
176
     1
 67
     7
176
     1
 79
     5
176
     1
170
     0
176
     1
171
     0
176
     1
290
     0
176
     1
 93
        1
176
     1
 44
50.0
176
     1
173
     0
176
     1
1001
ACAD
1000
AcDbSavedByObjectVersion
1070
     0
  0
VISUALSTYLE
  5
7DC
102
{ACAD_XDICTIONARY
360
863
102
}
102
{ACAD_REACTORS
330
26
102
}
330
26
100
AcDbVisualStyle
  2
ColorChange
 70
    16
177
     2
291
     1
 71
     2
176
     1
 72
     2
176
     1
 73
     3
176
     1
 90
        0
176
     1
 40
0.6
176
     1
 41
30.0
176
     1
 63
     8
421
  8421504
176
     1
 74
     1
176
     1
 91
        4
176
     1
 64
     7
176
     1
 65
   257
176
     1
 75
     1
176
     1
175
     1
176
     1
 42
1.0
176
     1
 92
        8
176
     1
 66
     8
424
  8421504
176
     1
 43
1.0
176
     1
 76
     1
176
     1
 77
     6
176
     1
 78
     2
176
     1
 67
     7
176
     1
 79
     5
176
     1
170
     0
176
     1
171
     0
176
     1
290
     0
176
     1
 93
        1
176
     1
 44
0.0
176
     1
173
     0
176
     1
1001
ACAD
1000
AcDbSavedByObjectVersion
1070
     0
  0
VISUALSTYLE
  5
7D6
102
{ACAD_XDICTIONARY
360
857
102
}
102
{ACAD_REACTORS
330
26
102
}
330
26
100
AcDbVisualStyle
  2
Conceptual
 70
     9
177
     2
291
     0
 71
     3
176
     1
 72
     2
176
     1
 73
     0
176
     1
 90
        0
176
     1
 40
0.6
176
     1
 41
30.0
176
     1
 63
     7
421
 16777215
176
     1
 74
     2
176
     1
 91
        2
176
     1
 64
     7
176
     1
 65
   257
176
     1
 75
     1
176
     1
175
     1
176
     1
 42
179.0
176
     1
 92
        8
176
     1
 66
     7
176
     1
 43
1.0
176
     1
 76
     1
176
     1
 77
     6
176
     1
 78
     2
176
     1
 67
     7
176
     1
 79
     3
176
     1
170
     0
176
     1
171
     0
176
     1
290
     0
176
     1
 93
        1
176
     1
 44
0.0
176
     1
173
     0
176
     1
1001
ACAD
1000
AcDbSavedByObjectVersion
1070
     0
  0
VISUALSTYLE
  5
7D7
102
{ACAD_XDICTIONARY
360
859
102
}
102
{ACAD_REACTORS
330
26
102
}
330
26
100
AcDbVisualStyle
  2
Dim
 70
    11
177
     2
291
     1
 71
     2
176
     1
 72
     2
176
     1
 73
     0
176
     1
 90
        0
176
     1
 40
0.6
176
     1
 41
30.0
176
     1
 63
     7
421
 16777215
176
     1
 74
     1
176
     1
 91
        4
176
     1
 64
     7
176
     1
 65
   257
176
     1
 75
     1
176
     1
175
     1
176
     1
 42
1.0
176
     1
 92
        8
176
     1
 66
     7
176
     1
 43
1.0
176
     1
 76
     1
176
     1
 77
     6
176
     1
 78
     2
176
     1
 67
     7
176
     1
 79
     5
176
     1
170
     0
176
     1
171
     0
176
     1
290
     0
176
     1
 93
        1
176
     1
 44
-50.0
176
     1
173
     0
176
     1
1001
ACAD
1000
AcDbSavedByObjectVersion
1070
     0
  0
VISUALSTYLE
  5
7E4
102
{ACAD_XDICTIONARY
360
873
102
}
102
{ACAD_REACTORS
330
26
102
}
330
26
100
AcDbVisualStyle
  2
EdgeColorOff
 70
    22
177
     2
291
     1
 71
     2
176
     0
 72
     2
176
     0
 73
     0
176
     0
 90
        0
176
     0
 40
0.6
176
     0
 41
30.0
176
     0
 63
     7
421
 16777215
176
     0
 74
     1
176
     0
 91
        4
176
     0
 64
     7
176
     0
 65
   257
176
     0
 75
     1
176
     0
175
     1
176
     0
 42
1.0
176
     0
 92
        8
176
     2
 66
     7
176
     0
 43
1.0
176
     0
 76
     1
176
     0
 77
     6
176
     0
 78
     2
176
     0
 67
     7
176
     0
 79
     5
176
     0
170
     0
176
     0
171
     0
176
     0
290
     0
176
     0
 93
        1
176
     0
 44
0.0
176
     0
173
     0
176
     0
1001
ACAD
1000
AcDbSavedByObjectVersion
1070
     0
  0
VISUALSTYLE
  5
7DB
102
{ACAD_XDICTIONARY
360
861
102
}
102
{ACAD_REACTORS
330
26
102
}
330
26
100
AcDbVisualStyle
  2
Facepattern
 70
    15
177
     2
291
     1
 71
     2
176
     1
 72
     2
176
     1
 73
     0
176
     1
 90
        0
176
     1
 40
0.6
176
     1
 41
30.0
176
     1
 63
     7
421
 16777215
176
     1
 74
     1
176
     1
 91
        4
176
     1
 64
     7
176
     1
 65
   257
176
     1
 75
     1
176
     1
175
     1
176
     1
 42
1.0
176
     1
 92
        8
176
     1
 66
     7
176
     1
 43
1.0
176
     1
 76
     1
176
     1
 77
     6
176
     1
 78
     2
176
     1
 67
     7
176
     1
 79
     5
176
     1
170
     0
176
     1
171
     0
176
     1
290
     0
176
     1
 93
        1
176
     1
 44
0.0
176
     1
173
     0
176
     1
1001
ACAD
1000
AcDbSavedByObjectVersion
1070
     0
  0
VISUALSTYLE
  5
7CF
102
{ACAD_XDICTIONARY
360
849
102
}
102
{ACAD_REACTORS
330
26
102
}
330
26
100
AcDbVisualStyle
  2
Flat
 70
     0
177
     2
291
     1
 71
     2
176
     1
 72
     1
176
     1
 73
     1
176
     1
 90
        2
176
     1
 40
0.6
176
     1
 41
30.0
176
     1
 63
     7
421
 16777215
176
     1
 74
     0
176
     1
 91
        0
176
     1
 64
     7
176
     1
 65
   257
176
     1
 75
     1
176
     1
175
     1
176
     1
 42
1.0
176
     1
 92
        8
176
     1
 66
     7
176
     1
 43
1.0
176
     1
 76
     1
176
     1
 77
     6
176
     1
 78
     2
176
     1
 67
     7
176
     1
 79
     5
176
     1
170
     0
176
     1
171
     0
176
     1
290
     0
176
     1
 93
       13
176
     1
 44
0.0
176
     1
173
     0
176
     1
1001
ACAD
1000
AcDbSavedByObjectVersion
1070
     0
  0
VISUALSTYLE
  5
7D0
102
{ACAD_XDICTIONARY
360
84B
102
}
102
{ACAD_REACTORS
330
26
102
}
330
26
100
AcDbVisualStyle
  2
FlatWithEdges
 70
     1
177
     2
291
     1
 71
     2
176
     1
 72
     1
176
     1
 73
     1
176
     1
 90
        2
176
     1
 40
0.6
176
     1
 41
30.0
176
     1
 63
     7
421
 16777215
176
     1
 74
     1
176
     1
 91
        0
176
     1
 64
     7
176
     1
 65
   257
176
     1
 75
     1
176
     1
175
     1
176
     1
 42
1.0
176
     1
 92
        0
176
     1
 66
   257
176
     1
 43
1.0
176
     1
 76
     1
176
     1
 77
     6
176
     1
 78
     2
176
     1
 67
     7
176
     1
 79
     5
176
     1
170
     0
176
     1
171
     0
176
     1
290
     0
176
     1
 93
       13
176
     1
 44
0.0
176
     1
173
     0
176
     1
1001
ACAD
1000
AcDbSavedByObjectVersion
1070
     0
  0
VISUALSTYLE
  5
7D1
102
{ACAD_XDICTIONARY
360
84D
102
}
102
{ACAD_REACTORS
330
26
102
}
330
26
100
AcDbVisualStyle
  2
Gouraud
 70
     2
177
     2
291
     1
 71
     2
176
     1
 72
     2
176
     1
 73
     1
176
     1
 90
        2
176
     1
 40
0.6
176
     1
 41
30.0
176
     1
 63
     7
421
 16777215
176
     1
 74
     0
176
     1
 91
        0
176
     1
 64
     7
176
     1
 65
   257
176
     1
 75
     1
176
     1
175
     1
176
     1
 42
1.0
176
     1
 92
        0
176
     1
 66
     7
176
     1
 43
1.0
176
     1
 76
     1
176
     1
 77
     6
176
     1
 78
     2
176
     1
 67
     7
176
     1
 79
     5
176
     1
170
     0
176
     1
171
     0
176
     1
290
     0
176
     1
 93
       13
176
     1
 44
0.0
176
     1
173
     0
176
     1
1001
ACAD
1000
AcDbSavedByObjectVersion
1070
     0
  0
VISUALSTYLE
  5
7D2
102
{ACAD_XDICTIONARY
360
84F
102
}
102
{ACAD_REACTORS
330
26
102
}
330
26
100
AcDbVisualStyle
  2
GouraudWithEdges
 70
     3
177
     2
291
     1
 71
     2
176
     1
 72
     2
176
     1
 73
     1
176
     1
 90
        2
176
     1
 40
0.6
176
     1
 41
30.0
176
     1
 63
     7
421
 16777215
176
     1
 74
     1
176
     1
 91
        0
176
     1
 64
     7
176
     1
 65
   257
176
     1
 75
     1
176
     1
175
     1
176
     1
 42
1.0
176
     1
 92
        0
176
     1
 66
   257
176
     1
 43
1.0
176
     1
 76
     1
176
     1
 77
     6
176
     1
 78
     2
176
     1
 67
     7
176
     1
 79
     5
176
     1
170
     0
176
     1
171
     0
176
     1
290
     0
176
     1
 93
       13
176
     1
 44
0.0
176
     1
173
     0
176
     1
1001
ACAD
1000
AcDbSavedByObjectVersion
1070
     0
  0
VISUALSTYLE
  5
7D5
102
{ACAD_XDICTIONARY
360
855
102
}
102
{ACAD_REACTORS
330
26
102
}
330
26
100
AcDbVisualStyle
  2
Hidden
 70
     6
177
     2
291
     0
 71
     1
176
     1
 72
     2
176
     1
 73
     2
176
     1
 90
        0
176
     1
 40
0.6
176
     1
 41
30.0
176
     1
 63
     7
421
 16777215
176
     1
 74
     2
176
     1
 91
        2
176
     1
 64
     7
176
     1
 65
   257
176
     1
 75
     2
176
     1
175
     1
176
     1
 42
40.0
176
     1
 92
        0
176
     1
 66
   257
176
     1
 43
1.0
176
     1
 76
     1
176
     1
 77
     6
176
     1
 78
     2
176
     1
 67
     7
176
     1
 79
     3
176
     1
170
     0
176
     1
171
     0
176
     1
290
     0
176
     1
 93
        1
176
     1
 44
0.0
176
     1
173
     0
176
     1
1001
ACAD
1000
AcDbSavedByObjectVersion
1070
     0
  0
VISUALSTYLE
  5
7E2
102
{ACAD_XDICTIONARY
360
86F
102
}
102
{ACAD_REACTORS
330
26
102
}
330
26
100
AcDbVisualStyle
  2
JitterOff
 70
    20
177
     2
291
     1
 71
     2
176
     0
 72
     2
176
     0
 73
     0
176
     0
 90
        0
176
     0
 40
0.6
176
     0
 41
30.0
176
     0
 63
     7
421
 16777215
176
     0
 74
     1
176
     0
 91
        4
176
     0
 64
     7
176
     0
 65
   257
176
     0
 75
     1
176
     0
175
     1
176
     0
 42
1.0
176
     0
 92
       10
176
     2
 66
     7
176
     0
 43
1.0
176
     0
 76
     1
176
     0
 77
     6
176
     0
 78
     2
176
     0
 67
     7
176
     0
 79
     5
176
     0
170
     0
176
     0
171
     0
176
     0
290
     0
176
     0
 93
        1
176
     0
 44
0.0
176
     0
173
     0
176
     0
1001
ACAD
1000
AcDbSavedByObjectVersion
1070
     0
  0
VISUALSTYLE
  5
7DA
102
{ACAD_XDICTIONARY
360
85F
102
}
102
{ACAD_REACTORS
330
26
102
}
330
26
100
AcDbVisualStyle
  2
Linepattern
 70
    14
177
     2
291
     1
 71
     2
176
     1
 72
     2
176
     1
 73
     0
176
     1
 90
        0
176
     1
 40
0.6
176
     1
 41
30.0
176
     1
 63
     7
421
 16777215
176
     1
 74
     1
176
     1
 91
        4
176
     1
 64
     7
176
     1
 65
   257
176
     1
 75
     7
176
     1
175
     7
176
     1
 42
1.0
176
     1
 92
        8
176
     1
 66
     7
176
     1
 43
1.0
176
     1
 76
     1
176
     1
 77
     6
176
     1
 78
     2
176
     1
 67
     7
176
     1
 79
     5
176
     1
170
     0
176
     1
171
     0
176
     1
290
     0
176
     1
 93
        1
176
     1
 44
0.0
176
     1
173
     0
176
     1
1001
ACAD
1000
AcDbSavedByObjectVersion
1070
     0
  0
VISUALSTYLE
  5
7E3
102
{ACAD_XDICTIONARY
360
871
102
}
102
{ACAD_REACTORS
330
26
102
}
330
26
100
AcDbVisualStyle
  2
OverhangOff
 70
    21
177
     2
291
     1
 71
     2
176
     0
 72
     2
176
     0
 73
     0
176
     0
 90
        0
176
     0
 40
0.6
176
     0
 41
30.0
176
     0
 63
     7
421
 16777215
176
     0
 74
     1
176
     0
 91
        4
176
     0
 64
     7
176
     0
 65
   257
176
     0
 75
     1
176
     0
175
     1
176
     0
 42
1.0
176
     0
 92
        9
176
     2
 66
     7
176
     0
 43
1.0
176
     0
 76
     1
176
     0
 77
     6
176
     0
 78
     2
176
     0
 67
     7
176
     0
 79
     5
176
     0
170
     0
176
     0
171
     0
176
     0
290
     0
176
     0
 93
        1
176
     0
 44
0.0
176
     0
173
     0
176
     0
1001
ACAD
1000
AcDbSavedByObjectVersion
1070
     0
  0
VISUALSTYLE
  5
44
102
{ACAD_XDICTIONARY
360
845
102
}
102
{ACAD_REACTORS
330
26
102
}
330
26
100
AcDbVisualStyle
  2
Realistic
 70
     8
177
     2
291
     0
 71
     2
176
     1
 72
     2
176
     1
 73
     0
176
     1
 90
        0
176
     1
 40
0.6
176
     1
 41
30.0
176
     1
 63
     7
421
 16777215
176
     1
 74
     1
176
     1
 91
        0
176
     1
 64
     7
176
     1
 65
   257
176
     1
 75
     1
176
     1
175
     1
176
     1
 42
1.0
176
     1
 92
        8
176
     1
 66
     8
424
  7895160
176
     1
 43
1.0
176
     1
 76
     1
176
     1
 77
     6
176
     1
 78
     2
176
     1
 67
     7
176
     1
 79
     5
176
     1
170
     0
176
     1
171
     0
176
     1
290
     0
176
     1
 93
       13
176
     1
 44
0.0
176
     1
173
     0
176
     1
1001
ACAD
1000
AcDbSavedByObjectVersion
1070
     0
  0
VISUALSTYLE
  5
7E1
102
{ACAD_XDICTIONARY
360
86D
102
}
102
{ACAD_REACTORS
330
26
102
}
330
26
100
AcDbVisualStyle
  2
Shaded
 70
    27
177
     2
291
     0
 71
     2
176
     1
 72
     2
176
     1
 73
     1
176
     1
 90
        2
176
     1
 40
0.6
176
     1
 41
30.0
176
     1
 63
     7
421
 16777215
176
     1
 74
     0
176
     1
 91
        4
176
     1
 64
     7
176
     1
 65
   257
176
     1
 75
     1
176
     1
175
     1
176
     1
 42
1.0
176
     1
 92
        8
176
     1
 66
   257
176
     1
 43
1.0
176
     1
 76
     1
176
     1
 77
     6
176
     1
 78
     2
176
     1
 67
     8
425
  7895160
176
     1
 79
     3
176
     1
170
     0
176
     1
171
     0
176
     1
290
     0
176
     1
 93
        5
176
     1
 44
0.0
176
     1
173
     0
176
     1
1001
ACAD
1000
AcDbSavedByObjectVersion
1070
     0
  0
VISUALSTYLE
  5
7E0
102
{ACAD_XDICTIONARY
360
86B
102
}
102
{ACAD_REACTORS
330
26
102
}
330
26
100
AcDbVisualStyle
  2
Shaded with edges
 70
    26
177
     2
291
     0
 71
     2
176
     1
 72
     2
176
     1
 73
     1
176
     1
 90
        2
176
     1
 40
0.6
176
     1
 41
30.0
176
     1
 63
     7
421
 16777215
176
     1
 74
     1
176
     1
 91
        2
176
     1
 64
     7
176
     1
 65
   257
176
     1
 75
     2
176
     1
175
     1
176
     1
 42
1.0
176
     1
 92
        8
176
     1
 66
   257
176
     1
 43
1.0
176
     1
 76
     1
176
     1
 77
     6
176
     1
 78
     2
176
     1
 67
     7
176
     1
 79
     3
176
     1
170
     0
176
     1
171
     0
176
     1
290
     0
176
     1
 93
        5
176
     1
 44
0.0
176
     1
173
     0
176
     1
1001
ACAD
1000
AcDbSavedByObjectVersion
1070
     0
  0
VISUALSTYLE
  5
7DD
102
{ACAD_XDICTIONARY
360
865
102
}
102
{ACAD_REACTORS
330
26
102
}
330
26
100
AcDbVisualStyle
  2
Shades of Gray
 70
    23
177
     2
291
     0
 71
     2
176
     1
 72
     2
176
     1
 73
     3
176
     1
 90
        0
176
     1
 40
0.6
176
     1
 41
30.0
176
     1
 63
     7
421
 16777215
176
     1
 74
     2
176
     1
 91
        2
176
     1
 64
     7
176
     1
 65
     7
176
     1
 75
     1
176
     1
175
     1
176
     1
 42
40.0
176
     1
 92
        8
176
     1
 66
     7
176
     1
 43
1.0
176
     1
 76
     1
176
     1
 77
     6
176
     1
 78
     2
176
     1
 67
     7
176
     1
 79
     3
176
     1
170
     0
176
     1
171
     0
176
     1
290
     0
176
     1
 93
        1
176
     1
 44
0.0
176
     1
173
     0
176
     1
1001
ACAD
1000
AcDbSavedByObjectVersion
1070
     0
  0
VISUALSTYLE
  5
7DE
102
{ACAD_XDICTIONARY
360
867
102
}
102
{ACAD_REACTORS
330
26
102
}
330
26
100
AcDbVisualStyle
  2
Sketchy
 70
    24
177
     2
291
     0
 71
     1
176
     1
 72
     2
176
     1
 73
     2
176
     1
 90
        0
176
     1
 40
0.6
176
     1
 41
30.0
176
     1
 63
     7
421
 16777215
176
     1
 74
     2
176
     1
 91
        2
176
     1
 64
     7
176
     1
 65
     7
176
     1
 75
     1
176
     1
175
     1
176
     1
 42
40.0
176
     1
 92
       11
176
     1
 66
     7
176
     1
 43
1.0
176
     1
 76
     1
176
     1
 77
     6
176
     1
 78
     2
176
     1
 67
     7
176
     1
 79
     6
176
     1
170
     0
176
     1
171
     0
176
     1
290
     0
176
     1
 93
        1
176
     1
 44
0.0
176
     1
173
     0
176
     1
1001
ACAD
1000
AcDbSavedByObjectVersion
1070
     0
  0
VISUALSTYLE
  5
7D9
102
{ACAD_XDICTIONARY
360
85D
102
}
102
{ACAD_REACTORS
330
26
102
}
330
26
100
AcDbVisualStyle
  2
Thicken
 70
    13
177
     2
291
     1
 71
     2
176
     1
 72
     2
176
     1
 73
     0
176
     1
 90
        0
176
     1
 40
0.6
176
     1
 41
30.0
176
     1
 63
     7
421
 16777215
176
     1
 74
     1
176
     1
 91
        4
176
     1
 64
     7
176
     1
 65
   257
176
     1
 75
     1
176
     1
175
     1
176
     1
 42
1.0
176
     1
 92
       12
176
     1
 66
     7
176
     1
 43
1.0
176
     1
 76
     1
176
     1
 77
     6
176
     1
 78
     2
176
     1
 67
     7
176
     1
 79
     5
176
     1
170
     0
176
     1
171
     0
176
     1
290
     0
176
     1
 93
        1
176
     1
 44
0.0
176
     1
173
     0
176
     1
1001
ACAD
1000
AcDbSavedByObjectVersion
1070
     0
  0
VISUALSTYLE
  5
7D4
102
{ACAD_XDICTIONARY
360
853
102
}
102
{ACAD_REACTORS
330
26
102
}
330
26
100
AcDbVisualStyle
  2
Wireframe
 70
     5
177
     2
291
     0
 71
     0
176
     1
 72
     2
176
     1
 73
     0
176
     1
 90
        0
176
     1
 40
0.6
176
     1
 41
30.0
176
     1
 63
     7
421
 16777215
176
     1
 74
     1
176
     1
 91
        4
176
     1
 64
     7
176
     1
 65
   257
176
     1
 75
     1
176
     1
175
     1
176
     1
 42
1.0
176
     1
 92
        0
176
     1
 66
   257
176
     1
 43
1.0
176
     1
 76
     1
176
     1
 77
     6
176
     1
 78
     2
176
     1
 67
     7
176
     1
 79
     3
176
     1
170
     0
176
     1
171
     0
176
     1
290
     0
176
     1
 93
        1
176
     1
 44
0.0
176
     1
173
     0
176
     1
1001
ACAD
1000
AcDbSavedByObjectVersion
1070
     0
  0
VISUALSTYLE
  5
7DF
102
{ACAD_XDICTIONARY
360
869
102
}
102
{ACAD_REACTORS
330
26
102
}
330
26
100
AcDbVisualStyle
  2
X-Ray
 70
    25
177
     2
291
     0
 71
     2
176
     1
 72
     2
176
     1
 73
     1
176
     1
 90
        1
176
     1
 40
0.5
176
     1
 41
30.0
176
     1
 63
     7
421
 16777215
176
     1
 74
     1
176
     1
 91
        0
176
     1
 64
     7
176
     1
 65
   257
176
     1
 75
     1
176
     1
175
     1
176
     1
 42
1.0
176
     1
 92
        8
176
     1
 66
     7
176
     1
 43
1.0
176
     1
 76
     1
176
     1
 77
     6
176
     1
 78
     2
176
     1
 67
     7
176
     1
 79
     3
176
     1
170
     0
176
     1
171
     0
176
     1
290
     0
176
     1
 93
       13
176
     1
 44
0.0
176
     1
173
     0
176
     1
1001
ACAD
1000
AcDbSavedByObjectVersion
1070
     0
  0
DICTIONARYVAR
  5
36
102
{ACAD_REACTORS
330
35
102
}
330
35
100
DictionaryVariables
280
     0
  1
1:1
  0
DICTIONARYVAR
  5
37
102
{ACAD_REACTORS
330
35
102
}
330
35
100
DictionaryVariables
280
     0
  1
STANDARD
  0
DICTIONARYVAR
  5
38
102
{ACAD_REACTORS
330
35
102
}
330
35
100
DictionaryVariables
280
     0
  1
STANDARD
  0
DICTIONARYVAR
  5
39
102
{ACAD_REACTORS
330
35
102
}
330
35
100
DictionaryVariables
280
     0
  1
Metric50
  0
DICTIONARYVAR
  5
3A
102
{ACAD_REACTORS
330
35
102
}
330
35
100
DictionaryVariables
280
     0
  1
Metric50
  0
DICTIONARYVAR
  5
3B
102
{ACAD_REACTORS
330
35
102
}
330
35
100
DictionaryVariables
280
     0
  1
1
  0
DICTIONARYVAR
  5
3C
102
{ACAD_REACTORS
330
35
102
}
330
35
100
DictionaryVariables
280
     0
  1
15
  0
DICTIONARYVAR
  5
3D
102
{ACAD_REACTORS
330
35
102
}
330
35
100
DictionaryVariables
280
     0
  1
0
  0
DICTIONARYVAR
  5
3E
102
{ACAD_REACTORS
330
35
102
}
330
35
100
DictionaryVariables
280
     0
  1
0
  0
DICTIONARY
  5
842
102
{ACAD_REACTORS
330
840
102
}
330
840
100
AcDbDictionary
281
     1
  0
DICTIONARY
  5
841
102
{ACAD_REACTORS
330
840
102
}
330
840
100
AcDbDictionary
281
     1
  3
2187815513136
350
83B
  3
2187815513152
350
83C
  3
2187815513168
350
83D
  3
2187815513184
350
83E
  3
2187815513200
350
83F
  0
DICTIONARY
  5
879
330
7E9
100
AcDbDictionary
280
     1
281
     1
  3
ACAD_XREC_ROUNDTRIP
360
87A
  0
DICTIONARY
  5
875
330
7E5
100
AcDbDictionary
280
     1
281
     1
  3
ACAD_XREC_ROUNDTRIP
360
876
  0
DICTIONARY
  5
877
330
7E7
100
AcDbDictionary
280
     1
281
     1
  3
ACAD_XREC_ROUNDTRIP
360
878
  0
DICTIONARY
  5
7C9
330
43
100
AcDbDictionary
280
     1
281
     1
  3
ACAD_ROUNDTRIP_2008_TABLESTYLE_CELLSTYLEMAP
360
839
  0
DICTIONARY
  5
843
330
25
100
AcDbDictionary
280
     1
281
     1
  3
ACAD_XREC_ROUNDTRIP
360
844
  0
DICTIONARY
  5
847
330
45
100
AcDbDictionary
280
     1
281
     1
  3
ACAD_XREC_ROUNDTRIP
360
848
  0
DICTIONARY
  5
851
330
7D3
100
AcDbDictionary
280
     1
281
     1
  3
ACAD_XREC_ROUNDTRIP
360
852
  0
DICTIONARY
  5
85B
330
7D8
100
AcDbDictionary
280
     1
281
     1
  3
ACAD_XREC_ROUNDTRIP
360
85C
  0
DICTIONARY
  5
863
330
7DC
100
AcDbDictionary
280
     1
281
     1
  3
ACAD_XREC_ROUNDTRIP
360
864
  0
DICTIONARY
  5
857
330
7D6
100
AcDbDictionary
280
     1
281
     1
  3
ACAD_XREC_ROUNDTRIP
360
858
  0
DICTIONARY
  5
859
330
7D7
100
AcDbDictionary
280
     1
281
     1
  3
ACAD_XREC_ROUNDTRIP
360
85A
  0
DICTIONARY
  5
873
330
7E4
100
AcDbDictionary
280
     1
281
     1
  3
ACAD_XREC_ROUNDTRIP
360
874
  0
DICTIONARY
  5
861
330
7DB
100
AcDbDictionary
280
     1
281
     1
  3
ACAD_XREC_ROUNDTRIP
360
862
  0
DICTIONARY
  5
849
330
7CF
100
AcDbDictionary
280
     1
281
     1
  3
ACAD_XREC_ROUNDTRIP
360
84A
  0
DICTIONARY
  5
84B
330
7D0
100
AcDbDictionary
280
     1
281
     1
  3
ACAD_XREC_ROUNDTRIP
360
84C
  0
DICTIONARY
  5
84D
330
7D1
100
AcDbDictionary
280
     1
281
     1
  3
ACAD_XREC_ROUNDTRIP
360
84E
  0
DICTIONARY
  5
84F
330
7D2
100
AcDbDictionary
280
     1
281
     1
  3
ACAD_XREC_ROUNDTRIP
360
850
  0
DICTIONARY
  5
855
330
7D5
100
AcDbDictionary
280
     1
281
     1
  3
ACAD_XREC_ROUNDTRIP
360
856
  0
DICTIONARY
  5
86F
330
7E2
100
AcDbDictionary
280
     1
281
     1
  3
ACAD_XREC_ROUNDTRIP
360
870
  0
DICTIONARY
  5
85F
330
7DA
100
AcDbDictionary
280
     1
281
     1
  3
ACAD_XREC_ROUNDTRIP
360
860
  0
DICTIONARY
  5
871
330
7E3
100
AcDbDictionary
280
     1
281
     1
  3
ACAD_XREC_ROUNDTRIP
360
872
  0
DICTIONARY
  5
845
330
44
100
AcDbDictionary
280
     1
281
     1
  3
ACAD_XREC_ROUNDTRIP
360
846
  0
DICTIONARY
  5
86D
330
7E1
100
AcDbDictionary
280
     1
281
     1
  3
ACAD_XREC_ROUNDTRIP
360
86E
  0
DICTIONARY
  5
86B
330
7E0
100
AcDbDictionary
280
     1
281
     1
  3
ACAD_XREC_ROUNDTRIP
360
86C
  0
DICTIONARY
  5
865
330
7DD
100
AcDbDictionary
280
     1
281
     1
  3
ACAD_XREC_ROUNDTRIP
360
866
  0
DICTIONARY
  5
867
330
7DE
100
AcDbDictionary
280
     1
281
     1
  3
ACAD_XREC_ROUNDTRIP
360
868
  0
DICTIONARY
  5
85D
330
7D9
100
AcDbDictionary
280
     1
281
     1
  3
ACAD_XREC_ROUNDTRIP
360
85E
  0
DICTIONARY
  5
853
330
7D4
100
AcDbDictionary
280
     1
281
     1
  3
ACAD_XREC_ROUNDTRIP
360
854
  0
DICTIONARY
  5
869
330
7DF
100
AcDbDictionary
280
     1
281
     1
  3
ACAD_XREC_ROUNDTRIP
360
86A
  0
XRECORD
  5
83B
102
{ACAD_REACTORS
330
841
102
}
330
841
100
AcDbXrecord
280
     1
  1
AcDb_Thumbnail_Schema
102
{ATTRRECORD
341
83C
  2
AcDbDs::TreatedAsObjectData
280
     1
291
     1
102
ATTRRECORD}
102
{ATTRRECORD
341
83D
  2
AcDbDs::Legacy
280
     1
291
     1
102
ATTRRECORD}
  2
AcDbDs::ID
280
    10
 91
        8
102
{ATTRRECORD
341
83E
  2
AcDs:Indexable
280
     1
291
     1
102
ATTRRECORD}
102
{ATTRRECORD
341
83F
  2
AcDbDs::HandleAttribute
280
     7
282
     1
102
ATTRRECORD}
  2
Thumbnail_Data
280
    15
 91
        0
  0
XRECORD
  5
83C
102
{ACAD_REACTORS
330
841
102
}
330
841
100
AcDbXrecord
280
     1
  1
AcDbDs::TreatedAsObjectDataSchema
  2
AcDbDs::TreatedAsObjectData
280
     1
 91
        0
  0
XRECORD
  5
83D
102
{ACAD_REACTORS
330
841
102
}
330
841
100
AcDbXrecord
280
     1
  1
AcDbDs::LegacySchema
  2
AcDbDs::Legacy
280
     1
 91
        0
  0
XRECORD
  5
83E
102
{ACAD_REACTORS
330
841
102
}
330
841
100
AcDbXrecord
280
     1
  1
AcDbDs::IndexedPropertySchema
  2
AcDs:Indexable
280
     1
 91
        0
  0
XRECORD
  5
83F
102
{ACAD_REACTORS
330
841
102
}
330
841
100
AcDbXrecord
280
     1
  1
AcDbDs::HandleAttributeSchema
  2
AcDbDs::HandleAttribute
280
     7
 91
        1
284
     1
  0
XRECORD
  5
87A
102
{ACAD_REACTORS
330
879
102
}
330
879
100
AcDbXrecord
280
     1
102
DISPLAYNAME
  1
Metric50
102
FLAGS
 90
        0
  0
XRECORD
  5
876
102
{ACAD_REACTORS
330
875
102
}
330
875
100
AcDbXrecord
280
     1
102
ACAD_ROUNDTRIP_2012_MLEADER_STYLE
298
     1
  0
XRECORD
  5
878
102
{ACAD_REACTORS
330
877
102
}
330
877
100
AcDbXrecord
280
     1
102
DISPLAYNAME
  1
Metric50
102
FLAGS
 90
        0
  0
CELLSTYLEMAP
  5
839
102
{ACAD_REACTORS
330
7C9
102
}
330
7C9
100
AcDbCellStyleMap
 90
        3
300
CELLSTYLE
  1
TABLEFORMAT_BEGIN
 90
        5
170
     1
 91
        0
 92
    32768
 62
   257
 93
        1
300
CONTENTFORMAT
  1
CONTENTFORMAT_BEGIN
 90
        0
 91
        0
 92
      512
 93
        0
300

 40
0.0
140
1.0
 94
        5
 62
     0
340
1B
144
6.0
309
CONTENTFORMAT_END
171
     1
301
MARGIN
  1
CELLMARGIN_BEGIN
 40
1.5
 40
1.5
 40
1.5
 40
1.5
 40
0.18
 40
0.18
309
CELLMARGIN_END
 94
        6
 95
        1
302
GRIDFORMAT
  1
GRIDFORMAT_BEGIN
 90
        0
 91
        1
 62
     0
 92
       -2
340
0
 93
        0
 40
0.045
309
GRIDFORMAT_END
 95
        2
302
GRIDFORMAT
  1
GRIDFORMAT_BEGIN
 90
        0
 91
        1
 62
     0
 92
       -2
340
0
 93
        0
 40
0.045
309
GRIDFORMAT_END
 95
        4
302
GRIDFORMAT
  1
GRIDFORMAT_BEGIN
 90
        0
 91
        1
 62
     0
 92
       -2
340
0
 93
        0
 40
0.045
309
GRIDFORMAT_END
 95
        8
302
GRIDFORMAT
  1
GRIDFORMAT_BEGIN
 90
        0
 91
        1
 62
     0
 92
       -2
340
0
 93
        0
 40
0.045
309
GRIDFORMAT_END
 95
       16
302
GRIDFORMAT
  1
GRIDFORMAT_BEGIN
 90
        0
 91
        1
 62
     0
 92
       -2
340
0
 93
        0
 40
0.045
309
GRIDFORMAT_END
 95
       32
302
GRIDFORMAT
  1
GRIDFORMAT_BEGIN
 90
        0
 91
        1
 62
     0
 92
       -2
340
0
 93
        0
 40
0.045
309
GRIDFORMAT_END
309
TABLEFORMAT_END
  1
CELLSTYLE_BEGIN
 90
        1
 91
        1
300
_TITLE
309
CELLSTYLE_END
300
CELLSTYLE
  1
TABLEFORMAT_BEGIN
 90
        5
170
     1
 91
        0
 92
        0
 62
   257
 93
        1
300
CONTENTFORMAT
  1
CONTENTFORMAT_BEGIN
 90
        0
 91
        0
 92
      512
 93
        0
300

 40
0.0
140
1.0
 94
        5
 62
     0
340
1B
144
4.5
309
CONTENTFORMAT_END
171
     1
301
MARGIN
  1
CELLMARGIN_BEGIN
 40
1.5
 40
1.5
 40
1.5
 40
1.5
 40
0.18
 40
0.18
309
CELLMARGIN_END
 94
        6
 95
        1
302
GRIDFORMAT
  1
GRIDFORMAT_BEGIN
 90
        0
 91
        1
 62
     0
 92
       -2
340
0
 93
        0
 40
0.045
309
GRIDFORMAT_END
 95
        2
302
GRIDFORMAT
  1
GRIDFORMAT_BEGIN
 90
        0
 91
        1
 62
     0
 92
       -2
340
0
 93
        0
 40
0.045
309
GRIDFORMAT_END
 95
        4
302
GRIDFORMAT
  1
GRIDFORMAT_BEGIN
 90
        0
 91
        1
 62
     0
 92
       -2
340
0
 93
        0
 40
0.045
309
GRIDFORMAT_END
 95
        8
302
GRIDFORMAT
  1
GRIDFORMAT_BEGIN
 90
        0
 91
        1
 62
     0
 92
       -2
340
0
 93
        0
 40
0.045
309
GRIDFORMAT_END
 95
       16
302
GRIDFORMAT
  1
GRIDFORMAT_BEGIN
 90
        0
 91
        1
 62
     0
 92
       -2
340
0
 93
        0
 40
0.045
309
GRIDFORMAT_END
 95
       32
302
GRIDFORMAT
  1
GRIDFORMAT_BEGIN
 90
        0
 91
        1
 62
     0
 92
       -2
340
0
 93
        0
 40
0.045
309
GRIDFORMAT_END
309
TABLEFORMAT_END
  1
CELLSTYLE_BEGIN
 90
        2
 91
        1
300
_HEADER
309
CELLSTYLE_END
300
CELLSTYLE
  1
TABLEFORMAT_BEGIN
 90
        5
170
     1
 91
        0
 92
        0
 62
   257
 93
        1
300
CONTENTFORMAT
  1
CONTENTFORMAT_BEGIN
 90
        0
 91
        0
 92
      512
 93
        0
300

 40
0.0
140
1.0
 94
        2
 62
     0
340
1B
144
4.5
309
CONTENTFORMAT_END
171
     1
301
MARGIN
  1
CELLMARGIN_BEGIN
 40
1.5
 40
1.5
 40
1.5
 40
1.5
 40
0.18
 40
0.18
309
CELLMARGIN_END
 94
        6
 95
        1
302
GRIDFORMAT
  1
GRIDFORMAT_BEGIN
 90
        0
 91
        1
 62
     0
 92
       -2
340
0
 93
        0
 40
0.045
309
GRIDFORMAT_END
 95
        2
302
GRIDFORMAT
  1
GRIDFORMAT_BEGIN
 90
        0
 91
        1
 62
     0
 92
       -2
340
0
 93
        0
 40
0.045
309
GRIDFORMAT_END
 95
        4
302
GRIDFORMAT
  1
GRIDFORMAT_BEGIN
 90
        0
 91
        1
 62
     0
 92
       -2
340
0
 93
        0
 40
0.045
309
GRIDFORMAT_END
 95
        8
302
GRIDFORMAT
  1
GRIDFORMAT_BEGIN
 90
        0
 91
        1
 62
     0
 92
       -2
340
0
 93
        0
 40
0.045
309
GRIDFORMAT_END
 95
       16
302
GRIDFORMAT
  1
GRIDFORMAT_BEGIN
 90
        0
 91
        1
 62
     0
 92
       -2
340
0
 93
        0
 40
0.045
309
GRIDFORMAT_END
 95
       32
302
GRIDFORMAT
  1
GRIDFORMAT_BEGIN
 90
        0
 91
        1
 62
     0
 92
       -2
340
0
 93
        0
 40
0.045
309
GRIDFORMAT_END
309
TABLEFORMAT_END
  1
CELLSTYLE_BEGIN
 90
        3
 91
        2
300
_DATA
309
CELLSTYLE_END
  0
XRECORD
  5
844
102
{ACAD_REACTORS
330
843
102
}
330
843
100
AcDbXrecord
280
     1
102
RTVSPost2010Prop28
280
     1
102
RTVSPost2010PropOp28
 70
     1
102
RTVSPost2010Prop29
280
     1
102
RTVSPost2010PropOp29
 70
     1
102
RTVSPost2010Prop30
280
     0
102
RTVSPost2010PropOp30
 70
     1
102
RTVSPost2010Prop31
280
     0
102
RTVSPost2010PropOp31
 70
     1
102
RTVSPost2010Prop32
280
     0
102
RTVSPost2010PropOp32
 70
     1
102
RTVSPost2010Prop33
280
     0
102
RTVSPost2010PropOp33
 70
     1
102
RTVSPost2010Prop34
280
     0
102
RTVSPost2010PropOp34
 70
     1
102
RTVSPost2010Prop35
280
     0
102
RTVSPost2010PropOp35
 70
     1
102
RTVSPost2010Prop36
280
     0
102
RTVSPost2010PropOp36
 70
     1
102
RTVSPost2010Prop37
 90
       50
102
RTVSPost2010PropOp37
 70
     1
102
RTVSPost2010Prop38
140
0.0
102
RTVSPost2010PropOp38
 70
     1
102
RTVSPost2010Prop39
140
1.0
102
RTVSPost2010PropOp39
 70
     1
102
RTVSPost2010Prop40
 90
        0
102
RTVSPost2010PropOp40
 70
     1
102
RTVSPost2010Prop41ColorIndex
 90
       18
102
RTVSPost2010Prop41ColorRGB
 90
-16777216
102
RTVSPost2010PropOp41
 70
     1
102
RTVSPost2010Prop42
 90
       50
102
RTVSPost2010PropOp42
 70
     1
102
RTVSPost2010Prop43
 90
        3
102
RTVSPost2010PropOp43
 70
     1
102
RTVSPost2010Prop44ColorIndex
 90
        5
102
RTVSPost2010Prop44ColorRGB
 90
      255
102
RTVSPost2010PropOp44
 70
     1
102
RTVSPost2010Prop45
280
     0
102
RTVSPost2010PropOp45
 70
     1
102
RTVSPost2010Prop46
 90
       50
102
RTVSPost2010PropOp46
 70
     1
102
RTVSPost2010Prop47
 90
       50
102
RTVSPost2010PropOp47
 70
     1
102
RTVSPost2010Prop48
 90
       50
102
RTVSPost2010PropOp48
 70
     1
102
RTVSPost2010Prop49
280
     0
102
RTVSPost2010PropOp49
 70
     1
102
RTVSPost2010Prop50
 90
       50
102
RTVSPost2010PropOp50
 70
     1
102
RTVSPost2010Prop51ColorIndex
 90
      256
102
RTVSPost2010Prop51ColorRGB
 90
-16777216
102
RTVSPost2010PropOp51
 70
     0
102
RTVSPost2010Prop52
140
1.0
102
RTVSPost2010PropOp52
 70
     0
102
RTVSPost2010Prop53
 90
        2
102
RTVSPost2010PropOp53
 70
     1
102
RTVSPost2010Prop54
  1
strokes_ogs.tif
102
RTVSPost2010PropOp54
 70
     1
102
RTVSPost2010Prop55
280
     0
102
RTVSPost2010PropOp55
 70
     1
102
RTVSPost2010Prop56
140
1.0
102
RTVSPost2010PropOp56
 70
     1
102
RTVSPost2010Prop57
140
1.0
102
RTVSPost2010PropOp57
 70
     1
  0
XRECORD
  5
848
102
{ACAD_REACTORS
330
847
102
}
330
847
100
AcDbXrecord
280
     1
102
RTVSPost2010Prop28
280
     0
102
RTVSPost2010PropOp28
 70
     1
102
RTVSPost2010Prop29
280
     1
102
RTVSPost2010PropOp29
 70
     1
102
RTVSPost2010Prop30
280
     1
102
RTVSPost2010PropOp30
 70
     1
102
RTVSPost2010Prop31
280
     0
102
RTVSPost2010PropOp31
 70
     1
102
RTVSPost2010Prop32
280
     0
102
RTVSPost2010PropOp32
 70
     1
102
RTVSPost2010Prop33
280
     0
102
RTVSPost2010PropOp33
 70
     1
102
RTVSPost2010Prop34
280
     0
102
RTVSPost2010PropOp34
 70
     1
102
RTVSPost2010Prop35
280
     0
102
RTVSPost2010PropOp35
 70
     1
102
RTVSPost2010Prop36
280
     0
102
RTVSPost2010PropOp36
 70
     1
102
RTVSPost2010Prop37
 90
       50
102
RTVSPost2010PropOp37
 70
     1
102
RTVSPost2010Prop38
140
0.0
102
RTVSPost2010PropOp38
 70
     1
102
RTVSPost2010Prop39
140
1.0
102
RTVSPost2010PropOp39
 70
     1
102
RTVSPost2010Prop40
 90
        0
102
RTVSPost2010PropOp40
 70
     1
102
RTVSPost2010Prop41ColorIndex
 90
       18
102
RTVSPost2010Prop41ColorRGB
 90
-16777216
102
RTVSPost2010PropOp41
 70
     1
102
RTVSPost2010Prop42
 90
       50
102
RTVSPost2010PropOp42
 70
     1
102
RTVSPost2010Prop43
 90
        3
102
RTVSPost2010PropOp43
 70
     1
102
RTVSPost2010Prop44ColorIndex
 90
        5
102
RTVSPost2010Prop44ColorRGB
 90
      255
102
RTVSPost2010PropOp44
 70
     1
102
RTVSPost2010Prop45
280
     0
102
RTVSPost2010PropOp45
 70
     1
102
RTVSPost2010Prop46
 90
       50
102
RTVSPost2010PropOp46
 70
     1
102
RTVSPost2010Prop47
 90
       50
102
RTVSPost2010PropOp47
 70
     1
102
RTVSPost2010Prop48
 90
       50
102
RTVSPost2010PropOp48
 70
     1
102
RTVSPost2010Prop49
280
     0
102
RTVSPost2010PropOp49
 70
     1
102
RTVSPost2010Prop50
 90
       50
102
RTVSPost2010PropOp50
 70
     1
102
RTVSPost2010Prop51ColorIndex
 90
      256
102
RTVSPost2010Prop51ColorRGB
 90
-16777216
102
RTVSPost2010PropOp51
 70
     0
102
RTVSPost2010Prop52
140
1.0
102
RTVSPost2010PropOp52
 70
     0
102
RTVSPost2010Prop53
 90
        2
102
RTVSPost2010PropOp53
 70
     1
102
RTVSPost2010Prop54
  1
strokes_ogs.tif
102
RTVSPost2010PropOp54
 70
     1
102
RTVSPost2010Prop55
280
     0
102
RTVSPost2010PropOp55
 70
     1
102
RTVSPost2010Prop56
140
1.0
102
RTVSPost2010PropOp56
 70
     1
102
RTVSPost2010Prop57
140
1.0
102
RTVSPost2010PropOp57
 70
     1
  0
XRECORD
  5
852
102
{ACAD_REACTORS
330
851
102
}
330
851
100
AcDbXrecord
280
     1
102
RTVSPost2010Prop28
280
     0
102
RTVSPost2010PropOp28
 70
     1
102
RTVSPost2010Prop29
280
     1
102
RTVSPost2010PropOp29
 70
     1
102
RTVSPost2010Prop30
280
     1
102
RTVSPost2010PropOp30
 70
     1
102
RTVSPost2010Prop31
280
     0
102
RTVSPost2010PropOp31
 70
     1
102
RTVSPost2010Prop32
280
     0
102
RTVSPost2010PropOp32
 70
     1
102
RTVSPost2010Prop33
280
     0
102
RTVSPost2010PropOp33
 70
     1
102
RTVSPost2010Prop34
280
     0
102
RTVSPost2010PropOp34
 70
     1
102
RTVSPost2010Prop35
280
     0
102
RTVSPost2010PropOp35
 70
     1
102
RTVSPost2010Prop36
280
     0
102
RTVSPost2010PropOp36
 70
     1
102
RTVSPost2010Prop37
 90
       50
102
RTVSPost2010PropOp37
 70
     1
102
RTVSPost2010Prop38
140
0.0
102
RTVSPost2010PropOp38
 70
     1
102
RTVSPost2010Prop39
140
1.0
102
RTVSPost2010PropOp39
 70
     1
102
RTVSPost2010Prop40
 90
        0
102
RTVSPost2010PropOp40
 70
     1
102
RTVSPost2010Prop41ColorIndex
 90
       18
102
RTVSPost2010Prop41ColorRGB
 90
        0
102
RTVSPost2010PropOp41
 70
     1
102
RTVSPost2010Prop42
 90
       50
102
RTVSPost2010PropOp42
 70
     1
102
RTVSPost2010Prop43
 90
        3
102
RTVSPost2010PropOp43
 70
     1
102
RTVSPost2010Prop44ColorIndex
 90
        5
102
RTVSPost2010Prop44ColorRGB
 90
      255
102
RTVSPost2010PropOp44
 70
     1
102
RTVSPost2010Prop45
280
     0
102
RTVSPost2010PropOp45
 70
     1
102
RTVSPost2010Prop46
 90
       50
102
RTVSPost2010PropOp46
 70
     1
102
RTVSPost2010Prop47
 90
       50
102
RTVSPost2010PropOp47
 70
     1
102
RTVSPost2010Prop48
 90
       50
102
RTVSPost2010PropOp48
 70
     1
102
RTVSPost2010Prop49
280
     0
102
RTVSPost2010PropOp49
 70
     1
102
RTVSPost2010Prop50
 90
       50
102
RTVSPost2010PropOp50
 70
     1
102
RTVSPost2010Prop51ColorIndex
 90
      256
102
RTVSPost2010Prop51ColorRGB
 90
-16777216
102
RTVSPost2010PropOp51
 70
     0
102
RTVSPost2010Prop52
140
1.0
102
RTVSPost2010PropOp52
 70
     0
102
RTVSPost2010Prop53
 90
        2
102
RTVSPost2010PropOp53
 70
     1
102
RTVSPost2010Prop54
  1
strokes_ogs.tif
102
RTVSPost2010PropOp54
 70
     1
102
RTVSPost2010Prop55
280
     0
102
RTVSPost2010PropOp55
 70
     1
102
RTVSPost2010Prop56
140
1.0
102
RTVSPost2010PropOp56
 70
     1
102
RTVSPost2010Prop57
140
1.0
102
RTVSPost2010PropOp57
 70
     1
  0
XRECORD
  5
85C
102
{ACAD_REACTORS
330
85B
102
}
330
85B
100
AcDbXrecord
280
     1
102
RTVSPost2010Prop28
280
     0
102
RTVSPost2010PropOp28
 70
     1
102
RTVSPost2010Prop29
280
     1
102
RTVSPost2010PropOp29
 70
     1
102
RTVSPost2010Prop30
280
     1
102
RTVSPost2010PropOp30
 70
     1
102
RTVSPost2010Prop31
280
     0
102
RTVSPost2010PropOp31
 70
     1
102
RTVSPost2010Prop32
280
     0
102
RTVSPost2010PropOp32
 70
     1
102
RTVSPost2010Prop33
280
     0
102
RTVSPost2010PropOp33
 70
     1
102
RTVSPost2010Prop34
280
     0
102
RTVSPost2010PropOp34
 70
     1
102
RTVSPost2010Prop35
280
     0
102
RTVSPost2010PropOp35
 70
     1
102
RTVSPost2010Prop36
280
     0
102
RTVSPost2010PropOp36
 70
     1
102
RTVSPost2010Prop37
 90
       50
102
RTVSPost2010PropOp37
 70
     1
102
RTVSPost2010Prop38
140
0.0
102
RTVSPost2010PropOp38
 70
     1
102
RTVSPost2010Prop39
140
1.0
102
RTVSPost2010PropOp39
 70
     1
102
RTVSPost2010Prop40
 90
        0
102
RTVSPost2010PropOp40
 70
     1
102
RTVSPost2010Prop41ColorIndex
 90
       18
102
RTVSPost2010Prop41ColorRGB
 90
        0
102
RTVSPost2010PropOp41
 70
     1
102
RTVSPost2010Prop42
 90
       50
102
RTVSPost2010PropOp42
 70
     1
102
RTVSPost2010Prop43
 90
        3
102
RTVSPost2010PropOp43
 70
     1
102
RTVSPost2010Prop44ColorIndex
 90
        5
102
RTVSPost2010Prop44ColorRGB
 90
      255
102
RTVSPost2010PropOp44
 70
     1
102
RTVSPost2010Prop45
280
     0
102
RTVSPost2010PropOp45
 70
     1
102
RTVSPost2010Prop46
 90
       50
102
RTVSPost2010PropOp46
 70
     1
102
RTVSPost2010Prop47
 90
       50
102
RTVSPost2010PropOp47
 70
     1
102
RTVSPost2010Prop48
 90
       50
102
RTVSPost2010PropOp48
 70
     1
102
RTVSPost2010Prop49
280
     0
102
RTVSPost2010PropOp49
 70
     1
102
RTVSPost2010Prop50
 90
       50
102
RTVSPost2010PropOp50
 70
     1
102
RTVSPost2010Prop51ColorIndex
 90
      256
102
RTVSPost2010Prop51ColorRGB
 90
-16777216
102
RTVSPost2010PropOp51
 70
     0
102
RTVSPost2010Prop52
140
1.0
102
RTVSPost2010PropOp52
 70
     0
102
RTVSPost2010Prop53
 90
        2
102
RTVSPost2010PropOp53
 70
     1
102
RTVSPost2010Prop54
  1
strokes_ogs.tif
102
RTVSPost2010PropOp54
 70
     1
102
RTVSPost2010Prop55
280
     0
102
RTVSPost2010PropOp55
 70
     1
102
RTVSPost2010Prop56
140
1.0
102
RTVSPost2010PropOp56
 70
     1
102
RTVSPost2010Prop57
140
1.0
102
RTVSPost2010PropOp57
 70
     1
  0
XRECORD
  5
864
102
{ACAD_REACTORS
330
863
102
}
330
863
100
AcDbXrecord
280
     1
102
RTVSPost2010Prop28
280
     0
102
RTVSPost2010PropOp28
 70
     1
102
RTVSPost2010Prop29
280
     1
102
RTVSPost2010PropOp29
 70
     1
102
RTVSPost2010Prop30
280
     1
102
RTVSPost2010PropOp30
 70
     1
102
RTVSPost2010Prop31
280
     0
102
RTVSPost2010PropOp31
 70
     1
102
RTVSPost2010Prop32
280
     0
102
RTVSPost2010PropOp32
 70
     1
102
RTVSPost2010Prop33
280
     0
102
RTVSPost2010PropOp33
 70
     1
102
RTVSPost2010Prop34
280
     0
102
RTVSPost2010PropOp34
 70
     1
102
RTVSPost2010Prop35
280
     0
102
RTVSPost2010PropOp35
 70
     1
102
RTVSPost2010Prop36
280
     0
102
RTVSPost2010PropOp36
 70
     1
102
RTVSPost2010Prop37
 90
       50
102
RTVSPost2010PropOp37
 70
     1
102
RTVSPost2010Prop38
140
0.0
102
RTVSPost2010PropOp38
 70
     1
102
RTVSPost2010Prop39
140
1.0
102
RTVSPost2010PropOp39
 70
     1
102
RTVSPost2010Prop40
 90
        0
102
RTVSPost2010PropOp40
 70
     1
102
RTVSPost2010Prop41ColorIndex
 90
       18
102
RTVSPost2010Prop41ColorRGB
 90
        0
102
RTVSPost2010PropOp41
 70
     1
102
RTVSPost2010Prop42
 90
       50
102
RTVSPost2010PropOp42
 70
     1
102
RTVSPost2010Prop43
 90
        3
102
RTVSPost2010PropOp43
 70
     1
102
RTVSPost2010Prop44ColorIndex
 90
        5
102
RTVSPost2010Prop44ColorRGB
 90
      255
102
RTVSPost2010PropOp44
 70
     1
102
RTVSPost2010Prop45
280
     0
102
RTVSPost2010PropOp45
 70
     1
102
RTVSPost2010Prop46
 90
       50
102
RTVSPost2010PropOp46
 70
     1
102
RTVSPost2010Prop47
 90
       50
102
RTVSPost2010PropOp47
 70
     1
102
RTVSPost2010Prop48
 90
       50
102
RTVSPost2010PropOp48
 70
     1
102
RTVSPost2010Prop49
280
     0
102
RTVSPost2010PropOp49
 70
     1
102
RTVSPost2010Prop50
 90
       50
102
RTVSPost2010PropOp50
 70
     1
102
RTVSPost2010Prop51ColorIndex
 90
      256
102
RTVSPost2010Prop51ColorRGB
 90
-16777216
102
RTVSPost2010PropOp51
 70
     0
102
RTVSPost2010Prop52
140
1.0
102
RTVSPost2010PropOp52
 70
     0
102
RTVSPost2010Prop53
 90
        2
102
RTVSPost2010PropOp53
 70
     1
102
RTVSPost2010Prop54
  1
strokes_ogs.tif
102
RTVSPost2010PropOp54
 70
     1
102
RTVSPost2010Prop55
280
     0
102
RTVSPost2010PropOp55
 70
     1
102
RTVSPost2010Prop56
140
1.0
102
RTVSPost2010PropOp56
 70
     1
102
RTVSPost2010Prop57
140
1.0
102
RTVSPost2010PropOp57
 70
     1
  0
XRECORD
  5
858
102
{ACAD_REACTORS
330
857
102
}
330
857
100
AcDbXrecord
280
     1
102
RTVSPost2010Prop28
280
     0
102
RTVSPost2010PropOp28
 70
     1
102
RTVSPost2010Prop29
280
     1
102
RTVSPost2010PropOp29
 70
     1
102
RTVSPost2010Prop30
280
     1
102
RTVSPost2010PropOp30
 70
     1
102
RTVSPost2010Prop31
280
     0
102
RTVSPost2010PropOp31
 70
     1
102
RTVSPost2010Prop32
280
     0
102
RTVSPost2010PropOp32
 70
     1
102
RTVSPost2010Prop33
280
     0
102
RTVSPost2010PropOp33
 70
     1
102
RTVSPost2010Prop34
280
     0
102
RTVSPost2010PropOp34
 70
     1
102
RTVSPost2010Prop35
280
     0
102
RTVSPost2010PropOp35
 70
     1
102
RTVSPost2010Prop36
280
     0
102
RTVSPost2010PropOp36
 70
     1
102
RTVSPost2010Prop37
 90
       50
102
RTVSPost2010PropOp37
 70
     1
102
RTVSPost2010Prop38
140
0.0
102
RTVSPost2010PropOp38
 70
     1
102
RTVSPost2010Prop39
140
1.0
102
RTVSPost2010PropOp39
 70
     1
102
RTVSPost2010Prop40
 90
        0
102
RTVSPost2010PropOp40
 70
     1
102
RTVSPost2010Prop41ColorIndex
 90
       18
102
RTVSPost2010Prop41ColorRGB
 90
        0
102
RTVSPost2010PropOp41
 70
     1
102
RTVSPost2010Prop42
 90
       50
102
RTVSPost2010PropOp42
 70
     1
102
RTVSPost2010Prop43
 90
        3
102
RTVSPost2010PropOp43
 70
     1
102
RTVSPost2010Prop44ColorIndex
 90
        5
102
RTVSPost2010Prop44ColorRGB
 90
      255
102
RTVSPost2010PropOp44
 70
     1
102
RTVSPost2010Prop45
280
     0
102
RTVSPost2010PropOp45
 70
     1
102
RTVSPost2010Prop46
 90
       50
102
RTVSPost2010PropOp46
 70
     1
102
RTVSPost2010Prop47
 90
       50
102
RTVSPost2010PropOp47
 70
     1
102
RTVSPost2010Prop48
 90
       50
102
RTVSPost2010PropOp48
 70
     1
102
RTVSPost2010Prop49
280
     0
102
RTVSPost2010PropOp49
 70
     1
102
RTVSPost2010Prop50
 90
       50
102
RTVSPost2010PropOp50
 70
     1
102
RTVSPost2010Prop51ColorIndex
 90
      256
102
RTVSPost2010Prop51ColorRGB
 90
-16777216
102
RTVSPost2010PropOp51
 70
     0
102
RTVSPost2010Prop52
140
1.0
102
RTVSPost2010PropOp52
 70
     0
102
RTVSPost2010Prop53
 90
        2
102
RTVSPost2010PropOp53
 70
     1
102
RTVSPost2010Prop54
  1
strokes_ogs.tif
102
RTVSPost2010PropOp54
 70
     1
102
RTVSPost2010Prop55
280
     0
102
RTVSPost2010PropOp55
 70
     1
102
RTVSPost2010Prop56
140
1.0
102
RTVSPost2010PropOp56
 70
     1
102
RTVSPost2010Prop57
140
1.0
102
RTVSPost2010PropOp57
 70
     1
  0
XRECORD
  5
85A
102
{ACAD_REACTORS
330
859
102
}
330
859
100
AcDbXrecord
280
     1
102
RTVSPost2010Prop28
280
     0
102
RTVSPost2010PropOp28
 70
     1
102
RTVSPost2010Prop29
280
     1
102
RTVSPost2010PropOp29
 70
     1
102
RTVSPost2010Prop30
280
     1
102
RTVSPost2010PropOp30
 70
     1
102
RTVSPost2010Prop31
280
     0
102
RTVSPost2010PropOp31
 70
     1
102
RTVSPost2010Prop32
280
     0
102
RTVSPost2010PropOp32
 70
     1
102
RTVSPost2010Prop33
280
     0
102
RTVSPost2010PropOp33
 70
     1
102
RTVSPost2010Prop34
280
     0
102
RTVSPost2010PropOp34
 70
     1
102
RTVSPost2010Prop35
280
     0
102
RTVSPost2010PropOp35
 70
     1
102
RTVSPost2010Prop36
280
     0
102
RTVSPost2010PropOp36
 70
     1
102
RTVSPost2010Prop37
 90
       50
102
RTVSPost2010PropOp37
 70
     1
102
RTVSPost2010Prop38
140
0.0
102
RTVSPost2010PropOp38
 70
     1
102
RTVSPost2010Prop39
140
1.0
102
RTVSPost2010PropOp39
 70
     1
102
RTVSPost2010Prop40
 90
        0
102
RTVSPost2010PropOp40
 70
     1
102
RTVSPost2010Prop41ColorIndex
 90
       18
102
RTVSPost2010Prop41ColorRGB
 90
        0
102
RTVSPost2010PropOp41
 70
     1
102
RTVSPost2010Prop42
 90
       50
102
RTVSPost2010PropOp42
 70
     1
102
RTVSPost2010Prop43
 90
        3
102
RTVSPost2010PropOp43
 70
     1
102
RTVSPost2010Prop44ColorIndex
 90
        5
102
RTVSPost2010Prop44ColorRGB
 90
      255
102
RTVSPost2010PropOp44
 70
     1
102
RTVSPost2010Prop45
280
     0
102
RTVSPost2010PropOp45
 70
     1
102
RTVSPost2010Prop46
 90
       50
102
RTVSPost2010PropOp46
 70
     1
102
RTVSPost2010Prop47
 90
       50
102
RTVSPost2010PropOp47
 70
     1
102
RTVSPost2010Prop48
 90
       50
102
RTVSPost2010PropOp48
 70
     1
102
RTVSPost2010Prop49
280
     0
102
RTVSPost2010PropOp49
 70
     1
102
RTVSPost2010Prop50
 90
       50
102
RTVSPost2010PropOp50
 70
     1
102
RTVSPost2010Prop51ColorIndex
 90
      256
102
RTVSPost2010Prop51ColorRGB
 90
-16777216
102
RTVSPost2010PropOp51
 70
     0
102
RTVSPost2010Prop52
140
1.0
102
RTVSPost2010PropOp52
 70
     0
102
RTVSPost2010Prop53
 90
        2
102
RTVSPost2010PropOp53
 70
     1
102
RTVSPost2010Prop54
  1
strokes_ogs.tif
102
RTVSPost2010PropOp54
 70
     1
102
RTVSPost2010Prop55
280
     0
102
RTVSPost2010PropOp55
 70
     1
102
RTVSPost2010Prop56
140
1.0
102
RTVSPost2010PropOp56
 70
     1
102
RTVSPost2010Prop57
140
1.0
102
RTVSPost2010PropOp57
 70
     1
  0
XRECORD
  5
874
102
{ACAD_REACTORS
330
873
102
}
330
873
100
AcDbXrecord
280
     1
102
RTVSPost2010Prop28
280
     0
102
RTVSPost2010PropOp28
 70
     0
102
RTVSPost2010Prop29
280
     1
102
RTVSPost2010PropOp29
 70
     0
102
RTVSPost2010Prop30
280
     1
102
RTVSPost2010PropOp30
 70
     0
102
RTVSPost2010Prop31
280
     0
102
RTVSPost2010PropOp31
 70
     0
102
RTVSPost2010Prop32
280
     0
102
RTVSPost2010PropOp32
 70
     0
102
RTVSPost2010Prop33
280
     0
102
RTVSPost2010PropOp33
 70
     0
102
RTVSPost2010Prop34
280
     0
102
RTVSPost2010PropOp34
 70
     0
102
RTVSPost2010Prop35
280
     0
102
RTVSPost2010PropOp35
 70
     0
102
RTVSPost2010Prop36
280
     0
102
RTVSPost2010PropOp36
 70
     0
102
RTVSPost2010Prop37
 90
       50
102
RTVSPost2010PropOp37
 70
     0
102
RTVSPost2010Prop38
140
0.0
102
RTVSPost2010PropOp38
 70
     0
102
RTVSPost2010Prop39
140
1.0
102
RTVSPost2010PropOp39
 70
     0
102
RTVSPost2010Prop40
 90
        0
102
RTVSPost2010PropOp40
 70
     0
102
RTVSPost2010Prop41ColorIndex
 90
       18
102
RTVSPost2010Prop41ColorRGB
 90
        0
102
RTVSPost2010PropOp41
 70
     0
102
RTVSPost2010Prop42
 90
       50
102
RTVSPost2010PropOp42
 70
     0
102
RTVSPost2010Prop43
 90
        3
102
RTVSPost2010PropOp43
 70
     0
102
RTVSPost2010Prop44ColorIndex
 90
        5
102
RTVSPost2010Prop44ColorRGB
 90
      255
102
RTVSPost2010PropOp44
 70
     0
102
RTVSPost2010Prop45
280
     0
102
RTVSPost2010PropOp45
 70
     0
102
RTVSPost2010Prop46
 90
       50
102
RTVSPost2010PropOp46
 70
     0
102
RTVSPost2010Prop47
 90
       50
102
RTVSPost2010PropOp47
 70
     0
102
RTVSPost2010Prop48
 90
       50
102
RTVSPost2010PropOp48
 70
     0
102
RTVSPost2010Prop49
280
     0
102
RTVSPost2010PropOp49
 70
     0
102
RTVSPost2010Prop50
 90
       50
102
RTVSPost2010PropOp50
 70
     0
102
RTVSPost2010Prop51ColorIndex
 90
      256
102
RTVSPost2010Prop51ColorRGB
 90
-16777216
102
RTVSPost2010PropOp51
 70
     0
102
RTVSPost2010Prop52
140
1.0
102
RTVSPost2010PropOp52
 70
     0
102
RTVSPost2010Prop53
 90
        2
102
RTVSPost2010PropOp53
 70
     0
102
RTVSPost2010Prop54
  1
strokes_ogs.tif
102
RTVSPost2010PropOp54
 70
     0
102
RTVSPost2010Prop55
280
     0
102
RTVSPost2010PropOp55
 70
     0
102
RTVSPost2010Prop56
140
1.0
102
RTVSPost2010PropOp56
 70
     0
102
RTVSPost2010Prop57
140
1.0
102
RTVSPost2010PropOp57
 70
     0
  0
XRECORD
  5
862
102
{ACAD_REACTORS
330
861
102
}
330
861
100
AcDbXrecord
280
     1
102
RTVSPost2010Prop28
280
     0
102
RTVSPost2010PropOp28
 70
     1
102
RTVSPost2010Prop29
280
     1
102
RTVSPost2010PropOp29
 70
     1
102
RTVSPost2010Prop30
280
     1
102
RTVSPost2010PropOp30
 70
     1
102
RTVSPost2010Prop31
280
     0
102
RTVSPost2010PropOp31
 70
     1
102
RTVSPost2010Prop32
280
     0
102
RTVSPost2010PropOp32
 70
     1
102
RTVSPost2010Prop33
280
     0
102
RTVSPost2010PropOp33
 70
     1
102
RTVSPost2010Prop34
280
     0
102
RTVSPost2010PropOp34
 70
     1
102
RTVSPost2010Prop35
280
     0
102
RTVSPost2010PropOp35
 70
     1
102
RTVSPost2010Prop36
280
     0
102
RTVSPost2010PropOp36
 70
     1
102
RTVSPost2010Prop37
 90
       50
102
RTVSPost2010PropOp37
 70
     1
102
RTVSPost2010Prop38
140
0.0
102
RTVSPost2010PropOp38
 70
     1
102
RTVSPost2010Prop39
140
1.0
102
RTVSPost2010PropOp39
 70
     1
102
RTVSPost2010Prop40
 90
        0
102
RTVSPost2010PropOp40
 70
     1
102
RTVSPost2010Prop41ColorIndex
 90
       18
102
RTVSPost2010Prop41ColorRGB
 90
        0
102
RTVSPost2010PropOp41
 70
     1
102
RTVSPost2010Prop42
 90
       50
102
RTVSPost2010PropOp42
 70
     1
102
RTVSPost2010Prop43
 90
        3
102
RTVSPost2010PropOp43
 70
     1
102
RTVSPost2010Prop44ColorIndex
 90
        5
102
RTVSPost2010Prop44ColorRGB
 90
      255
102
RTVSPost2010PropOp44
 70
     1
102
RTVSPost2010Prop45
280
     0
102
RTVSPost2010PropOp45
 70
     1
102
RTVSPost2010Prop46
 90
       50
102
RTVSPost2010PropOp46
 70
     1
102
RTVSPost2010Prop47
 90
       50
102
RTVSPost2010PropOp47
 70
     1
102
RTVSPost2010Prop48
 90
       50
102
RTVSPost2010PropOp48
 70
     1
102
RTVSPost2010Prop49
280
     0
102
RTVSPost2010PropOp49
 70
     1
102
RTVSPost2010Prop50
 90
       50
102
RTVSPost2010PropOp50
 70
     1
102
RTVSPost2010Prop51ColorIndex
 90
      256
102
RTVSPost2010Prop51ColorRGB
 90
-16777216
102
RTVSPost2010PropOp51
 70
     0
102
RTVSPost2010Prop52
140
1.0
102
RTVSPost2010PropOp52
 70
     0
102
RTVSPost2010Prop53
 90
        2
102
RTVSPost2010PropOp53
 70
     1
102
RTVSPost2010Prop54
  1
strokes_ogs.tif
102
RTVSPost2010PropOp54
 70
     1
102
RTVSPost2010Prop55
280
     0
102
RTVSPost2010PropOp55
 70
     1
102
RTVSPost2010Prop56
140
1.0
102
RTVSPost2010PropOp56
 70
     1
102
RTVSPost2010Prop57
140
1.0
102
RTVSPost2010PropOp57
 70
     1
  0
XRECORD
  5
84A
102
{ACAD_REACTORS
330
849
102
}
330
849
100
AcDbXrecord
280
     1
102
RTVSPost2010Prop28
280
     0
102
RTVSPost2010PropOp28
 70
     1
102
RTVSPost2010Prop29
280
     1
102
RTVSPost2010PropOp29
 70
     1
102
RTVSPost2010Prop30
280
     1
102
RTVSPost2010PropOp30
 70
     1
102
RTVSPost2010Prop31
280
     0
102
RTVSPost2010PropOp31
 70
     1
102
RTVSPost2010Prop32
280
     0
102
RTVSPost2010PropOp32
 70
     1
102
RTVSPost2010Prop33
280
     0
102
RTVSPost2010PropOp33
 70
     1
102
RTVSPost2010Prop34
280
     0
102
RTVSPost2010PropOp34
 70
     1
102
RTVSPost2010Prop35
280
     0
102
RTVSPost2010PropOp35
 70
     1
102
RTVSPost2010Prop36
280
     0
102
RTVSPost2010PropOp36
 70
     1
102
RTVSPost2010Prop37
 90
       50
102
RTVSPost2010PropOp37
 70
     1
102
RTVSPost2010Prop38
140
0.0
102
RTVSPost2010PropOp38
 70
     1
102
RTVSPost2010Prop39
140
1.0
102
RTVSPost2010PropOp39
 70
     1
102
RTVSPost2010Prop40
 90
        0
102
RTVSPost2010PropOp40
 70
     1
102
RTVSPost2010Prop41ColorIndex
 90
       18
102
RTVSPost2010Prop41ColorRGB
 90
        0
102
RTVSPost2010PropOp41
 70
     1
102
RTVSPost2010Prop42
 90
       50
102
RTVSPost2010PropOp42
 70
     1
102
RTVSPost2010Prop43
 90
        3
102
RTVSPost2010PropOp43
 70
     1
102
RTVSPost2010Prop44ColorIndex
 90
        5
102
RTVSPost2010Prop44ColorRGB
 90
      255
102
RTVSPost2010PropOp44
 70
     1
102
RTVSPost2010Prop45
280
     0
102
RTVSPost2010PropOp45
 70
     1
102
RTVSPost2010Prop46
 90
       50
102
RTVSPost2010PropOp46
 70
     1
102
RTVSPost2010Prop47
 90
       50
102
RTVSPost2010PropOp47
 70
     1
102
RTVSPost2010Prop48
 90
       50
102
RTVSPost2010PropOp48
 70
     1
102
RTVSPost2010Prop49
280
     0
102
RTVSPost2010PropOp49
 70
     1
102
RTVSPost2010Prop50
 90
       50
102
RTVSPost2010PropOp50
 70
     1
102
RTVSPost2010Prop51ColorIndex
 90
      256
102
RTVSPost2010Prop51ColorRGB
 90
-16777216
102
RTVSPost2010PropOp51
 70
     0
102
RTVSPost2010Prop52
140
1.0
102
RTVSPost2010PropOp52
 70
     0
102
RTVSPost2010Prop53
 90
        2
102
RTVSPost2010PropOp53
 70
     1
102
RTVSPost2010Prop54
  1
strokes_ogs.tif
102
RTVSPost2010PropOp54
 70
     1
102
RTVSPost2010Prop55
280
     0
102
RTVSPost2010PropOp55
 70
     1
102
RTVSPost2010Prop56
140
1.0
102
RTVSPost2010PropOp56
 70
     1
102
RTVSPost2010Prop57
140
1.0
102
RTVSPost2010PropOp57
 70
     1
  0
XRECORD
  5
84C
102
{ACAD_REACTORS
330
84B
102
}
330
84B
100
AcDbXrecord
280
     1
102
RTVSPost2010Prop28
280
     0
102
RTVSPost2010PropOp28
 70
     1
102
RTVSPost2010Prop29
280
     1
102
RTVSPost2010PropOp29
 70
     1
102
RTVSPost2010Prop30
280
     1
102
RTVSPost2010PropOp30
 70
     1
102
RTVSPost2010Prop31
280
     0
102
RTVSPost2010PropOp31
 70
     1
102
RTVSPost2010Prop32
280
     0
102
RTVSPost2010PropOp32
 70
     1
102
RTVSPost2010Prop33
280
     0
102
RTVSPost2010PropOp33
 70
     1
102
RTVSPost2010Prop34
280
     0
102
RTVSPost2010PropOp34
 70
     1
102
RTVSPost2010Prop35
280
     0
102
RTVSPost2010PropOp35
 70
     1
102
RTVSPost2010Prop36
280
     0
102
RTVSPost2010PropOp36
 70
     1
102
RTVSPost2010Prop37
 90
       50
102
RTVSPost2010PropOp37
 70
     1
102
RTVSPost2010Prop38
140
0.0
102
RTVSPost2010PropOp38
 70
     1
102
RTVSPost2010Prop39
140
1.0
102
RTVSPost2010PropOp39
 70
     1
102
RTVSPost2010Prop40
 90
        0
102
RTVSPost2010PropOp40
 70
     1
102
RTVSPost2010Prop41ColorIndex
 90
       18
102
RTVSPost2010Prop41ColorRGB
 90
        0
102
RTVSPost2010PropOp41
 70
     1
102
RTVSPost2010Prop42
 90
       50
102
RTVSPost2010PropOp42
 70
     1
102
RTVSPost2010Prop43
 90
        3
102
RTVSPost2010PropOp43
 70
     1
102
RTVSPost2010Prop44ColorIndex
 90
        5
102
RTVSPost2010Prop44ColorRGB
 90
      255
102
RTVSPost2010PropOp44
 70
     1
102
RTVSPost2010Prop45
280
     0
102
RTVSPost2010PropOp45
 70
     1
102
RTVSPost2010Prop46
 90
       50
102
RTVSPost2010PropOp46
 70
     1
102
RTVSPost2010Prop47
 90
       50
102
RTVSPost2010PropOp47
 70
     1
102
RTVSPost2010Prop48
 90
       50
102
RTVSPost2010PropOp48
 70
     1
102
RTVSPost2010Prop49
280
     0
102
RTVSPost2010PropOp49
 70
     1
102
RTVSPost2010Prop50
 90
       50
102
RTVSPost2010PropOp50
 70
     1
102
RTVSPost2010Prop51ColorIndex
 90
      256
102
RTVSPost2010Prop51ColorRGB
 90
-16777216
102
RTVSPost2010PropOp51
 70
     0
102
RTVSPost2010Prop52
140
1.0
102
RTVSPost2010PropOp52
 70
     0
102
RTVSPost2010Prop53
 90
        2
102
RTVSPost2010PropOp53
 70
     1
102
RTVSPost2010Prop54
  1
strokes_ogs.tif
102
RTVSPost2010PropOp54
 70
     1
102
RTVSPost2010Prop55
280
     0
102
RTVSPost2010PropOp55
 70
     1
102
RTVSPost2010Prop56
140
1.0
102
RTVSPost2010PropOp56
 70
     1
102
RTVSPost2010Prop57
140
1.0
102
RTVSPost2010PropOp57
 70
     1
  0
XRECORD
  5
84E
102
{ACAD_REACTORS
330
84D
102
}
330
84D
100
AcDbXrecord
280
     1
102
RTVSPost2010Prop28
280
     0
102
RTVSPost2010PropOp28
 70
     1
102
RTVSPost2010Prop29
280
     1
102
RTVSPost2010PropOp29
 70
     1
102
RTVSPost2010Prop30
280
     1
102
RTVSPost2010PropOp30
 70
     1
102
RTVSPost2010Prop31
280
     0
102
RTVSPost2010PropOp31
 70
     1
102
RTVSPost2010Prop32
280
     0
102
RTVSPost2010PropOp32
 70
     1
102
RTVSPost2010Prop33
280
     0
102
RTVSPost2010PropOp33
 70
     1
102
RTVSPost2010Prop34
280
     0
102
RTVSPost2010PropOp34
 70
     1
102
RTVSPost2010Prop35
280
     0
102
RTVSPost2010PropOp35
 70
     1
102
RTVSPost2010Prop36
280
     0
102
RTVSPost2010PropOp36
 70
     1
102
RTVSPost2010Prop37
 90
       50
102
RTVSPost2010PropOp37
 70
     1
102
RTVSPost2010Prop38
140
0.0
102
RTVSPost2010PropOp38
 70
     1
102
RTVSPost2010Prop39
140
1.0
102
RTVSPost2010PropOp39
 70
     1
102
RTVSPost2010Prop40
 90
        0
102
RTVSPost2010PropOp40
 70
     1
102
RTVSPost2010Prop41ColorIndex
 90
       18
102
RTVSPost2010Prop41ColorRGB
 90
        0
102
RTVSPost2010PropOp41
 70
     1
102
RTVSPost2010Prop42
 90
       50
102
RTVSPost2010PropOp42
 70
     1
102
RTVSPost2010Prop43
 90
        3
102
RTVSPost2010PropOp43
 70
     1
102
RTVSPost2010Prop44ColorIndex
 90
        5
102
RTVSPost2010Prop44ColorRGB
 90
      255
102
RTVSPost2010PropOp44
 70
     1
102
RTVSPost2010Prop45
280
     0
102
RTVSPost2010PropOp45
 70
     1
102
RTVSPost2010Prop46
 90
       50
102
RTVSPost2010PropOp46
 70
     1
102
RTVSPost2010Prop47
 90
       50
102
RTVSPost2010PropOp47
 70
     1
102
RTVSPost2010Prop48
 90
       50
102
RTVSPost2010PropOp48
 70
     1
102
RTVSPost2010Prop49
280
     0
102
RTVSPost2010PropOp49
 70
     1
102
RTVSPost2010Prop50
 90
       50
102
RTVSPost2010PropOp50
 70
     1
102
RTVSPost2010Prop51ColorIndex
 90
      256
102
RTVSPost2010Prop51ColorRGB
 90
-16777216
102
RTVSPost2010PropOp51
 70
     0
102
RTVSPost2010Prop52
140
1.0
102
RTVSPost2010PropOp52
 70
     0
102
RTVSPost2010Prop53
 90
        2
102
RTVSPost2010PropOp53
 70
     1
102
RTVSPost2010Prop54
  1
strokes_ogs.tif
102
RTVSPost2010PropOp54
 70
     1
102
RTVSPost2010Prop55
280
     0
102
RTVSPost2010PropOp55
 70
     1
102
RTVSPost2010Prop56
140
1.0
102
RTVSPost2010PropOp56
 70
     1
102
RTVSPost2010Prop57
140
1.0
102
RTVSPost2010PropOp57
 70
     1
  0
XRECORD
  5
850
102
{ACAD_REACTORS
330
84F
102
}
330
84F
100
AcDbXrecord
280
     1
102
RTVSPost2010Prop28
280
     0
102
RTVSPost2010PropOp28
 70
     1
102
RTVSPost2010Prop29
280
     1
102
RTVSPost2010PropOp29
 70
     1
102
RTVSPost2010Prop30
280
     1
102
RTVSPost2010PropOp30
 70
     1
102
RTVSPost2010Prop31
280
     0
102
RTVSPost2010PropOp31
 70
     1
102
RTVSPost2010Prop32
280
     0
102
RTVSPost2010PropOp32
 70
     1
102
RTVSPost2010Prop33
280
     0
102
RTVSPost2010PropOp33
 70
     1
102
RTVSPost2010Prop34
280
     0
102
RTVSPost2010PropOp34
 70
     1
102
RTVSPost2010Prop35
280
     0
102
RTVSPost2010PropOp35
 70
     1
102
RTVSPost2010Prop36
280
     0
102
RTVSPost2010PropOp36
 70
     1
102
RTVSPost2010Prop37
 90
       50
102
RTVSPost2010PropOp37
 70
     1
102
RTVSPost2010Prop38
140
0.0
102
RTVSPost2010PropOp38
 70
     1
102
RTVSPost2010Prop39
140
1.0
102
RTVSPost2010PropOp39
 70
     1
102
RTVSPost2010Prop40
 90
        0
102
RTVSPost2010PropOp40
 70
     1
102
RTVSPost2010Prop41ColorIndex
 90
       18
102
RTVSPost2010Prop41ColorRGB
 90
        0
102
RTVSPost2010PropOp41
 70
     1
102
RTVSPost2010Prop42
 90
       50
102
RTVSPost2010PropOp42
 70
     1
102
RTVSPost2010Prop43
 90
        3
102
RTVSPost2010PropOp43
 70
     1
102
RTVSPost2010Prop44ColorIndex
 90
        5
102
RTVSPost2010Prop44ColorRGB
 90
      255
102
RTVSPost2010PropOp44
 70
     1
102
RTVSPost2010Prop45
280
     0
102
RTVSPost2010PropOp45
 70
     1
102
RTVSPost2010Prop46
 90
       50
102
RTVSPost2010PropOp46
 70
     1
102
RTVSPost2010Prop47
 90
       50
102
RTVSPost2010PropOp47
 70
     1
102
RTVSPost2010Prop48
 90
       50
102
RTVSPost2010PropOp48
 70
     1
102
RTVSPost2010Prop49
280
     0
102
RTVSPost2010PropOp49
 70
     1
102
RTVSPost2010Prop50
 90
       50
102
RTVSPost2010PropOp50
 70
     1
102
RTVSPost2010Prop51ColorIndex
 90
      256
102
RTVSPost2010Prop51ColorRGB
 90
-16777216
102
RTVSPost2010PropOp51
 70
     0
102
RTVSPost2010Prop52
140
1.0
102
RTVSPost2010PropOp52
 70
     0
102
RTVSPost2010Prop53
 90
        2
102
RTVSPost2010PropOp53
 70
     1
102
RTVSPost2010Prop54
  1
strokes_ogs.tif
102
RTVSPost2010PropOp54
 70
     1
102
RTVSPost2010Prop55
280
     0
102
RTVSPost2010PropOp55
 70
     1
102
RTVSPost2010Prop56
140
1.0
102
RTVSPost2010PropOp56
 70
     1
102
RTVSPost2010Prop57
140
1.0
102
RTVSPost2010PropOp57
 70
     1
  0
XRECORD
  5
856
102
{ACAD_REACTORS
330
855
102
}
330
855
100
AcDbXrecord
280
     1
102
RTVSPost2010Prop28
280
     0
102
RTVSPost2010PropOp28
 70
     1
102
RTVSPost2010Prop29
280
     1
102
RTVSPost2010PropOp29
 70
     1
102
RTVSPost2010Prop30
280
     1
102
RTVSPost2010PropOp30
 70
     1
102
RTVSPost2010Prop31
280
     0
102
RTVSPost2010PropOp31
 70
     1
102
RTVSPost2010Prop32
280
     0
102
RTVSPost2010PropOp32
 70
     1
102
RTVSPost2010Prop33
280
     0
102
RTVSPost2010PropOp33
 70
     1
102
RTVSPost2010Prop34
280
     0
102
RTVSPost2010PropOp34
 70
     1
102
RTVSPost2010Prop35
280
     0
102
RTVSPost2010PropOp35
 70
     1
102
RTVSPost2010Prop36
280
     0
102
RTVSPost2010PropOp36
 70
     1
102
RTVSPost2010Prop37
 90
       50
102
RTVSPost2010PropOp37
 70
     1
102
RTVSPost2010Prop38
140
0.0
102
RTVSPost2010PropOp38
 70
     1
102
RTVSPost2010Prop39
140
1.0
102
RTVSPost2010PropOp39
 70
     1
102
RTVSPost2010Prop40
 90
        0
102
RTVSPost2010PropOp40
 70
     1
102
RTVSPost2010Prop41ColorIndex
 90
       18
102
RTVSPost2010Prop41ColorRGB
 90
        0
102
RTVSPost2010PropOp41
 70
     1
102
RTVSPost2010Prop42
 90
       50
102
RTVSPost2010PropOp42
 70
     1
102
RTVSPost2010Prop43
 90
        3
102
RTVSPost2010PropOp43
 70
     1
102
RTVSPost2010Prop44ColorIndex
 90
        5
102
RTVSPost2010Prop44ColorRGB
 90
      255
102
RTVSPost2010PropOp44
 70
     1
102
RTVSPost2010Prop45
280
     0
102
RTVSPost2010PropOp45
 70
     1
102
RTVSPost2010Prop46
 90
       50
102
RTVSPost2010PropOp46
 70
     1
102
RTVSPost2010Prop47
 90
       50
102
RTVSPost2010PropOp47
 70
     1
102
RTVSPost2010Prop48
 90
       50
102
RTVSPost2010PropOp48
 70
     1
102
RTVSPost2010Prop49
280
     0
102
RTVSPost2010PropOp49
 70
     1
102
RTVSPost2010Prop50
 90
       50
102
RTVSPost2010PropOp50
 70
     1
102
RTVSPost2010Prop51ColorIndex
 90
      256
102
RTVSPost2010Prop51ColorRGB
 90
-16777216
102
RTVSPost2010PropOp51
 70
     0
102
RTVSPost2010Prop52
140
1.0
102
RTVSPost2010PropOp52
 70
     0
102
RTVSPost2010Prop53
 90
        2
102
RTVSPost2010PropOp53
 70
     1
102
RTVSPost2010Prop54
  1
strokes_ogs.tif
102
RTVSPost2010PropOp54
 70
     1
102
RTVSPost2010Prop55
280
     0
102
RTVSPost2010PropOp55
 70
     1
102
RTVSPost2010Prop56
140
1.0
102
RTVSPost2010PropOp56
 70
     1
102
RTVSPost2010Prop57
140
1.0
102
RTVSPost2010PropOp57
 70
     1
  0
XRECORD
  5
870
102
{ACAD_REACTORS
330
86F
102
}
330
86F
100
AcDbXrecord
280
     1
102
RTVSPost2010Prop28
280
     0
102
RTVSPost2010PropOp28
 70
     0
102
RTVSPost2010Prop29
280
     1
102
RTVSPost2010PropOp29
 70
     0
102
RTVSPost2010Prop30
280
     1
102
RTVSPost2010PropOp30
 70
     0
102
RTVSPost2010Prop31
280
     0
102
RTVSPost2010PropOp31
 70
     0
102
RTVSPost2010Prop32
280
     0
102
RTVSPost2010PropOp32
 70
     0
102
RTVSPost2010Prop33
280
     0
102
RTVSPost2010PropOp33
 70
     0
102
RTVSPost2010Prop34
280
     0
102
RTVSPost2010PropOp34
 70
     0
102
RTVSPost2010Prop35
280
     0
102
RTVSPost2010PropOp35
 70
     0
102
RTVSPost2010Prop36
280
     0
102
RTVSPost2010PropOp36
 70
     0
102
RTVSPost2010Prop37
 90
       50
102
RTVSPost2010PropOp37
 70
     0
102
RTVSPost2010Prop38
140
0.0
102
RTVSPost2010PropOp38
 70
     0
102
RTVSPost2010Prop39
140
1.0
102
RTVSPost2010PropOp39
 70
     0
102
RTVSPost2010Prop40
 90
        0
102
RTVSPost2010PropOp40
 70
     0
102
RTVSPost2010Prop41ColorIndex
 90
       18
102
RTVSPost2010Prop41ColorRGB
 90
        0
102
RTVSPost2010PropOp41
 70
     0
102
RTVSPost2010Prop42
 90
       50
102
RTVSPost2010PropOp42
 70
     0
102
RTVSPost2010Prop43
 90
        3
102
RTVSPost2010PropOp43
 70
     0
102
RTVSPost2010Prop44ColorIndex
 90
        5
102
RTVSPost2010Prop44ColorRGB
 90
      255
102
RTVSPost2010PropOp44
 70
     0
102
RTVSPost2010Prop45
280
     0
102
RTVSPost2010PropOp45
 70
     0
102
RTVSPost2010Prop46
 90
       50
102
RTVSPost2010PropOp46
 70
     0
102
RTVSPost2010Prop47
 90
       50
102
RTVSPost2010PropOp47
 70
     0
102
RTVSPost2010Prop48
 90
       50
102
RTVSPost2010PropOp48
 70
     0
102
RTVSPost2010Prop49
280
     0
102
RTVSPost2010PropOp49
 70
     0
102
RTVSPost2010Prop50
 90
       50
102
RTVSPost2010PropOp50
 70
     0
102
RTVSPost2010Prop51ColorIndex
 90
      256
102
RTVSPost2010Prop51ColorRGB
 90
-16777216
102
RTVSPost2010PropOp51
 70
     0
102
RTVSPost2010Prop52
140
1.0
102
RTVSPost2010PropOp52
 70
     0
102
RTVSPost2010Prop53
 90
        2
102
RTVSPost2010PropOp53
 70
     0
102
RTVSPost2010Prop54
  1
strokes_ogs.tif
102
RTVSPost2010PropOp54
 70
     0
102
RTVSPost2010Prop55
280
     0
102
RTVSPost2010PropOp55
 70
     0
102
RTVSPost2010Prop56
140
1.0
102
RTVSPost2010PropOp56
 70
     0
102
RTVSPost2010Prop57
140
1.0
102
RTVSPost2010PropOp57
 70
     0
  0
XRECORD
  5
860
102
{ACAD_REACTORS
330
85F
102
}
330
85F
100
AcDbXrecord
280
     1
102
RTVSPost2010Prop28
280
     0
102
RTVSPost2010PropOp28
 70
     1
102
RTVSPost2010Prop29
280
     1
102
RTVSPost2010PropOp29
 70
     1
102
RTVSPost2010Prop30
280
     1
102
RTVSPost2010PropOp30
 70
     1
102
RTVSPost2010Prop31
280
     0
102
RTVSPost2010PropOp31
 70
     1
102
RTVSPost2010Prop32
280
     0
102
RTVSPost2010PropOp32
 70
     1
102
RTVSPost2010Prop33
280
     0
102
RTVSPost2010PropOp33
 70
     1
102
RTVSPost2010Prop34
280
     0
102
RTVSPost2010PropOp34
 70
     1
102
RTVSPost2010Prop35
280
     0
102
RTVSPost2010PropOp35
 70
     1
102
RTVSPost2010Prop36
280
     0
102
RTVSPost2010PropOp36
 70
     1
102
RTVSPost2010Prop37
 90
       50
102
RTVSPost2010PropOp37
 70
     1
102
RTVSPost2010Prop38
140
0.0
102
RTVSPost2010PropOp38
 70
     1
102
RTVSPost2010Prop39
140
1.0
102
RTVSPost2010PropOp39
 70
     1
102
RTVSPost2010Prop40
 90
        0
102
RTVSPost2010PropOp40
 70
     1
102
RTVSPost2010Prop41ColorIndex
 90
       18
102
RTVSPost2010Prop41ColorRGB
 90
        0
102
RTVSPost2010PropOp41
 70
     1
102
RTVSPost2010Prop42
 90
       50
102
RTVSPost2010PropOp42
 70
     1
102
RTVSPost2010Prop43
 90
        3
102
RTVSPost2010PropOp43
 70
     1
102
RTVSPost2010Prop44ColorIndex
 90
        5
102
RTVSPost2010Prop44ColorRGB
 90
      255
102
RTVSPost2010PropOp44
 70
     1
102
RTVSPost2010Prop45
280
     0
102
RTVSPost2010PropOp45
 70
     1
102
RTVSPost2010Prop46
 90
       50
102
RTVSPost2010PropOp46
 70
     1
102
RTVSPost2010Prop47
 90
       50
102
RTVSPost2010PropOp47
 70
     1
102
RTVSPost2010Prop48
 90
       50
102
RTVSPost2010PropOp48
 70
     1
102
RTVSPost2010Prop49
280
     0
102
RTVSPost2010PropOp49
 70
     1
102
RTVSPost2010Prop50
 90
       50
102
RTVSPost2010PropOp50
 70
     1
102
RTVSPost2010Prop51ColorIndex
 90
      256
102
RTVSPost2010Prop51ColorRGB
 90
-16777216
102
RTVSPost2010PropOp51
 70
     0
102
RTVSPost2010Prop52
140
1.0
102
RTVSPost2010PropOp52
 70
     0
102
RTVSPost2010Prop53
 90
        2
102
RTVSPost2010PropOp53
 70
     1
102
RTVSPost2010Prop54
  1
strokes_ogs.tif
102
RTVSPost2010PropOp54
 70
     1
102
RTVSPost2010Prop55
280
     0
102
RTVSPost2010PropOp55
 70
     1
102
RTVSPost2010Prop56
140
1.0
102
RTVSPost2010PropOp56
 70
     1
102
RTVSPost2010Prop57
140
1.0
102
RTVSPost2010PropOp57
 70
     1
  0
XRECORD
  5
872
102
{ACAD_REACTORS
330
871
102
}
330
871
100
AcDbXrecord
280
     1
102
RTVSPost2010Prop28
280
     0
102
RTVSPost2010PropOp28
 70
     0
102
RTVSPost2010Prop29
280
     1
102
RTVSPost2010PropOp29
 70
     0
102
RTVSPost2010Prop30
280
     1
102
RTVSPost2010PropOp30
 70
     0
102
RTVSPost2010Prop31
280
     0
102
RTVSPost2010PropOp31
 70
     0
102
RTVSPost2010Prop32
280
     0
102
RTVSPost2010PropOp32
 70
     0
102
RTVSPost2010Prop33
280
     0
102
RTVSPost2010PropOp33
 70
     0
102
RTVSPost2010Prop34
280
     0
102
RTVSPost2010PropOp34
 70
     0
102
RTVSPost2010Prop35
280
     0
102
RTVSPost2010PropOp35
 70
     0
102
RTVSPost2010Prop36
280
     0
102
RTVSPost2010PropOp36
 70
     0
102
RTVSPost2010Prop37
 90
       50
102
RTVSPost2010PropOp37
 70
     0
102
RTVSPost2010Prop38
140
0.0
102
RTVSPost2010PropOp38
 70
     0
102
RTVSPost2010Prop39
140
1.0
102
RTVSPost2010PropOp39
 70
     0
102
RTVSPost2010Prop40
 90
        0
102
RTVSPost2010PropOp40
 70
     0
102
RTVSPost2010Prop41ColorIndex
 90
       18
102
RTVSPost2010Prop41ColorRGB
 90
        0
102
RTVSPost2010PropOp41
 70
     0
102
RTVSPost2010Prop42
 90
       50
102
RTVSPost2010PropOp42
 70
     0
102
RTVSPost2010Prop43
 90
        3
102
RTVSPost2010PropOp43
 70
     0
102
RTVSPost2010Prop44ColorIndex
 90
        5
102
RTVSPost2010Prop44ColorRGB
 90
      255
102
RTVSPost2010PropOp44
 70
     0
102
RTVSPost2010Prop45
280
     0
102
RTVSPost2010PropOp45
 70
     0
102
RTVSPost2010Prop46
 90
       50
102
RTVSPost2010PropOp46
 70
     0
102
RTVSPost2010Prop47
 90
       50
102
RTVSPost2010PropOp47
 70
     0
102
RTVSPost2010Prop48
 90
       50
102
RTVSPost2010PropOp48
 70
     0
102
RTVSPost2010Prop49
280
     0
102
RTVSPost2010PropOp49
 70
     0
102
RTVSPost2010Prop50
 90
       50
102
RTVSPost2010PropOp50
 70
     0
102
RTVSPost2010Prop51ColorIndex
 90
      256
102
RTVSPost2010Prop51ColorRGB
 90
-16777216
102
RTVSPost2010PropOp51
 70
     0
102
RTVSPost2010Prop52
140
1.0
102
RTVSPost2010PropOp52
 70
     0
102
RTVSPost2010Prop53
 90
        2
102
RTVSPost2010PropOp53
 70
     0
102
RTVSPost2010Prop54
  1
strokes_ogs.tif
102
RTVSPost2010PropOp54
 70
     0
102
RTVSPost2010Prop55
280
     0
102
RTVSPost2010PropOp55
 70
     0
102
RTVSPost2010Prop56
140
1.0
102
RTVSPost2010PropOp56
 70
     0
102
RTVSPost2010Prop57
140
1.0
102
RTVSPost2010PropOp57
 70
     0
  0
XRECORD
  5
846
102
{ACAD_REACTORS
330
845
102
}
330
845
100
AcDbXrecord
280
     1
102
RTVSPost2010Prop28
280
     0
102
RTVSPost2010PropOp28
 70
     1
102
RTVSPost2010Prop29
280
     1
102
RTVSPost2010PropOp29
 70
     1
102
RTVSPost2010Prop30
280
     1
102
RTVSPost2010PropOp30
 70
     1
102
RTVSPost2010Prop31
280
     0
102
RTVSPost2010PropOp31
 70
     1
102
RTVSPost2010Prop32
280
     0
102
RTVSPost2010PropOp32
 70
     1
102
RTVSPost2010Prop33
280
     0
102
RTVSPost2010PropOp33
 70
     1
102
RTVSPost2010Prop34
280
     0
102
RTVSPost2010PropOp34
 70
     1
102
RTVSPost2010Prop35
280
     0
102
RTVSPost2010PropOp35
 70
     1
102
RTVSPost2010Prop36
280
     0
102
RTVSPost2010PropOp36
 70
     1
102
RTVSPost2010Prop37
 90
       50
102
RTVSPost2010PropOp37
 70
     1
102
RTVSPost2010Prop38
140
0.0
102
RTVSPost2010PropOp38
 70
     1
102
RTVSPost2010Prop39
140
1.0
102
RTVSPost2010PropOp39
 70
     1
102
RTVSPost2010Prop40
 90
        0
102
RTVSPost2010PropOp40
 70
     1
102
RTVSPost2010Prop41ColorIndex
 90
       18
102
RTVSPost2010Prop41ColorRGB
 90
-16777216
102
RTVSPost2010PropOp41
 70
     1
102
RTVSPost2010Prop42
 90
       50
102
RTVSPost2010PropOp42
 70
     1
102
RTVSPost2010Prop43
 90
        3
102
RTVSPost2010PropOp43
 70
     1
102
RTVSPost2010Prop44ColorIndex
 90
        5
102
RTVSPost2010Prop44ColorRGB
 90
      255
102
RTVSPost2010PropOp44
 70
     1
102
RTVSPost2010Prop45
280
     0
102
RTVSPost2010PropOp45
 70
     1
102
RTVSPost2010Prop46
 90
       50
102
RTVSPost2010PropOp46
 70
     1
102
RTVSPost2010Prop47
 90
       50
102
RTVSPost2010PropOp47
 70
     1
102
RTVSPost2010Prop48
 90
       50
102
RTVSPost2010PropOp48
 70
     1
102
RTVSPost2010Prop49
280
     0
102
RTVSPost2010PropOp49
 70
     1
102
RTVSPost2010Prop50
 90
       50
102
RTVSPost2010PropOp50
 70
     1
102
RTVSPost2010Prop51ColorIndex
 90
      256
102
RTVSPost2010Prop51ColorRGB
 90
-16777216
102
RTVSPost2010PropOp51
 70
     0
102
RTVSPost2010Prop52
140
1.0
102
RTVSPost2010PropOp52
 70
     0
102
RTVSPost2010Prop53
 90
        2
102
RTVSPost2010PropOp53
 70
     1
102
RTVSPost2010Prop54
  1
strokes_ogs.tif
102
RTVSPost2010PropOp54
 70
     1
102
RTVSPost2010Prop55
280
     0
102
RTVSPost2010PropOp55
 70
     1
102
RTVSPost2010Prop56
140
1.0
102
RTVSPost2010PropOp56
 70
     1
102
RTVSPost2010Prop57
140
1.0
102
RTVSPost2010PropOp57
 70
     1
  0
XRECORD
  5
86E
102
{ACAD_REACTORS
330
86D
102
}
330
86D
100
AcDbXrecord
280
     1
102
RTVSPost2010Prop28
280
     0
102
RTVSPost2010PropOp28
 70
     1
102
RTVSPost2010Prop29
280
     1
102
RTVSPost2010PropOp29
 70
     1
102
RTVSPost2010Prop30
280
     1
102
RTVSPost2010PropOp30
 70
     1
102
RTVSPost2010Prop31
280
     0
102
RTVSPost2010PropOp31
 70
     1
102
RTVSPost2010Prop32
280
     0
102
RTVSPost2010PropOp32
 70
     1
102
RTVSPost2010Prop33
280
     0
102
RTVSPost2010PropOp33
 70
     1
102
RTVSPost2010Prop34
280
     0
102
RTVSPost2010PropOp34
 70
     1
102
RTVSPost2010Prop35
280
     0
102
RTVSPost2010PropOp35
 70
     1
102
RTVSPost2010Prop36
280
     0
102
RTVSPost2010PropOp36
 70
     1
102
RTVSPost2010Prop37
 90
       50
102
RTVSPost2010PropOp37
 70
     1
102
RTVSPost2010Prop38
140
0.0
102
RTVSPost2010PropOp38
 70
     1
102
RTVSPost2010Prop39
140
1.0
102
RTVSPost2010PropOp39
 70
     1
102
RTVSPost2010Prop40
 90
        0
102
RTVSPost2010PropOp40
 70
     1
102
RTVSPost2010Prop41ColorIndex
 90
       18
102
RTVSPost2010Prop41ColorRGB
 90
        0
102
RTVSPost2010PropOp41
 70
     1
102
RTVSPost2010Prop42
 90
       50
102
RTVSPost2010PropOp42
 70
     1
102
RTVSPost2010Prop43
 90
        3
102
RTVSPost2010PropOp43
 70
     1
102
RTVSPost2010Prop44ColorIndex
 90
        5
102
RTVSPost2010Prop44ColorRGB
 90
      255
102
RTVSPost2010PropOp44
 70
     1
102
RTVSPost2010Prop45
280
     0
102
RTVSPost2010PropOp45
 70
     1
102
RTVSPost2010Prop46
 90
       50
102
RTVSPost2010PropOp46
 70
     1
102
RTVSPost2010Prop47
 90
       50
102
RTVSPost2010PropOp47
 70
     1
102
RTVSPost2010Prop48
 90
       50
102
RTVSPost2010PropOp48
 70
     1
102
RTVSPost2010Prop49
280
     0
102
RTVSPost2010PropOp49
 70
     1
102
RTVSPost2010Prop50
 90
       50
102
RTVSPost2010PropOp50
 70
     1
102
RTVSPost2010Prop51ColorIndex
 90
      256
102
RTVSPost2010Prop51ColorRGB
 90
-16777216
102
RTVSPost2010PropOp51
 70
     0
102
RTVSPost2010Prop52
140
1.0
102
RTVSPost2010PropOp52
 70
     0
102
RTVSPost2010Prop53
 90
        2
102
RTVSPost2010PropOp53
 70
     1
102
RTVSPost2010Prop54
  1
strokes_ogs.tif
102
RTVSPost2010PropOp54
 70
     1
102
RTVSPost2010Prop55
280
     0
102
RTVSPost2010PropOp55
 70
     1
102
RTVSPost2010Prop56
140
1.0
102
RTVSPost2010PropOp56
 70
     1
102
RTVSPost2010Prop57
140
1.0
102
RTVSPost2010PropOp57
 70
     1
  0
XRECORD
  5
86C
102
{ACAD_REACTORS
330
86B
102
}
330
86B
100
AcDbXrecord
280
     1
102
RTVSPost2010Prop28
280
     0
102
RTVSPost2010PropOp28
 70
     1
102
RTVSPost2010Prop29
280
     1
102
RTVSPost2010PropOp29
 70
     1
102
RTVSPost2010Prop30
280
     1
102
RTVSPost2010PropOp30
 70
     1
102
RTVSPost2010Prop31
280
     0
102
RTVSPost2010PropOp31
 70
     1
102
RTVSPost2010Prop32
280
     0
102
RTVSPost2010PropOp32
 70
     1
102
RTVSPost2010Prop33
280
     0
102
RTVSPost2010PropOp33
 70
     1
102
RTVSPost2010Prop34
280
     0
102
RTVSPost2010PropOp34
 70
     1
102
RTVSPost2010Prop35
280
     0
102
RTVSPost2010PropOp35
 70
     1
102
RTVSPost2010Prop36
280
     0
102
RTVSPost2010PropOp36
 70
     1
102
RTVSPost2010Prop37
 90
       50
102
RTVSPost2010PropOp37
 70
     1
102
RTVSPost2010Prop38
140
0.0
102
RTVSPost2010PropOp38
 70
     1
102
RTVSPost2010Prop39
140
1.0
102
RTVSPost2010PropOp39
 70
     1
102
RTVSPost2010Prop40
 90
        0
102
RTVSPost2010PropOp40
 70
     1
102
RTVSPost2010Prop41ColorIndex
 90
       18
102
RTVSPost2010Prop41ColorRGB
 90
        0
102
RTVSPost2010PropOp41
 70
     1
102
RTVSPost2010Prop42
 90
       50
102
RTVSPost2010PropOp42
 70
     1
102
RTVSPost2010Prop43
 90
        3
102
RTVSPost2010PropOp43
 70
     1
102
RTVSPost2010Prop44ColorIndex
 90
        5
102
RTVSPost2010Prop44ColorRGB
 90
      255
102
RTVSPost2010PropOp44
 70
     1
102
RTVSPost2010Prop45
280
     0
102
RTVSPost2010PropOp45
 70
     1
102
RTVSPost2010Prop46
 90
       50
102
RTVSPost2010PropOp46
 70
     1
102
RTVSPost2010Prop47
 90
       50
102
RTVSPost2010PropOp47
 70
     1
102
RTVSPost2010Prop48
 90
       50
102
RTVSPost2010PropOp48
 70
     1
102
RTVSPost2010Prop49
280
     0
102
RTVSPost2010PropOp49
 70
     1
102
RTVSPost2010Prop50
 90
       50
102
RTVSPost2010PropOp50
 70
     1
102
RTVSPost2010Prop51ColorIndex
 90
      256
102
RTVSPost2010Prop51ColorRGB
 90
-16777216
102
RTVSPost2010PropOp51
 70
     0
102
RTVSPost2010Prop52
140
1.0
102
RTVSPost2010PropOp52
 70
     0
102
RTVSPost2010Prop53
 90
        2
102
RTVSPost2010PropOp53
 70
     1
102
RTVSPost2010Prop54
  1
strokes_ogs.tif
102
RTVSPost2010PropOp54
 70
     1
102
RTVSPost2010Prop55
280
     0
102
RTVSPost2010PropOp55
 70
     1
102
RTVSPost2010Prop56
140
1.0
102
RTVSPost2010PropOp56
 70
     1
102
RTVSPost2010Prop57
140
1.0
102
RTVSPost2010PropOp57
 70
     1
  0
XRECORD
  5
866
102
{ACAD_REACTORS
330
865
102
}
330
865
100
AcDbXrecord
280
     1
102
RTVSPost2010Prop28
280
     0
102
RTVSPost2010PropOp28
 70
     1
102
RTVSPost2010Prop29
280
     1
102
RTVSPost2010PropOp29
 70
     1
102
RTVSPost2010Prop30
280
     1
102
RTVSPost2010PropOp30
 70
     1
102
RTVSPost2010Prop31
280
     0
102
RTVSPost2010PropOp31
 70
     1
102
RTVSPost2010Prop32
280
     0
102
RTVSPost2010PropOp32
 70
     1
102
RTVSPost2010Prop33
280
     0
102
RTVSPost2010PropOp33
 70
     1
102
RTVSPost2010Prop34
280
     0
102
RTVSPost2010PropOp34
 70
     1
102
RTVSPost2010Prop35
280
     0
102
RTVSPost2010PropOp35
 70
     1
102
RTVSPost2010Prop36
280
     0
102
RTVSPost2010PropOp36
 70
     1
102
RTVSPost2010Prop37
 90
       50
102
RTVSPost2010PropOp37
 70
     1
102
RTVSPost2010Prop38
140
0.0
102
RTVSPost2010PropOp38
 70
     1
102
RTVSPost2010Prop39
140
1.0
102
RTVSPost2010PropOp39
 70
     1
102
RTVSPost2010Prop40
 90
        0
102
RTVSPost2010PropOp40
 70
     1
102
RTVSPost2010Prop41ColorIndex
 90
       18
102
RTVSPost2010Prop41ColorRGB
 90
        0
102
RTVSPost2010PropOp41
 70
     1
102
RTVSPost2010Prop42
 90
       50
102
RTVSPost2010PropOp42
 70
     1
102
RTVSPost2010Prop43
 90
        3
102
RTVSPost2010PropOp43
 70
     1
102
RTVSPost2010Prop44ColorIndex
 90
        5
102
RTVSPost2010Prop44ColorRGB
 90
      255
102
RTVSPost2010PropOp44
 70
     1
102
RTVSPost2010Prop45
280
     0
102
RTVSPost2010PropOp45
 70
     1
102
RTVSPost2010Prop46
 90
       50
102
RTVSPost2010PropOp46
 70
     1
102
RTVSPost2010Prop47
 90
       50
102
RTVSPost2010PropOp47
 70
     1
102
RTVSPost2010Prop48
 90
       50
102
RTVSPost2010PropOp48
 70
     1
102
RTVSPost2010Prop49
280
     0
102
RTVSPost2010PropOp49
 70
     1
102
RTVSPost2010Prop50
 90
       50
102
RTVSPost2010PropOp50
 70
     1
102
RTVSPost2010Prop51ColorIndex
 90
      256
102
RTVSPost2010Prop51ColorRGB
 90
-16777216
102
RTVSPost2010PropOp51
 70
     0
102
RTVSPost2010Prop52
140
1.0
102
RTVSPost2010PropOp52
 70
     0
102
RTVSPost2010Prop53
 90
        2
102
RTVSPost2010PropOp53
 70
     1
102
RTVSPost2010Prop54
  1
strokes_ogs.tif
102
RTVSPost2010PropOp54
 70
     1
102
RTVSPost2010Prop55
280
     0
102
RTVSPost2010PropOp55
 70
     1
102
RTVSPost2010Prop56
140
1.0
102
RTVSPost2010PropOp56
 70
     1
102
RTVSPost2010Prop57
140
1.0
102
RTVSPost2010PropOp57
 70
     1
  0
XRECORD
  5
868
102
{ACAD_REACTORS
330
867
102
}
330
867
100
AcDbXrecord
280
     1
102
RTVSPost2010Prop28
280
     0
102
RTVSPost2010PropOp28
 70
     1
102
RTVSPost2010Prop29
280
     1
102
RTVSPost2010PropOp29
 70
     1
102
RTVSPost2010Prop30
280
     1
102
RTVSPost2010PropOp30
 70
     1
102
RTVSPost2010Prop31
280
     0
102
RTVSPost2010PropOp31
 70
     1
102
RTVSPost2010Prop32
280
     0
102
RTVSPost2010PropOp32
 70
     1
102
RTVSPost2010Prop33
280
     0
102
RTVSPost2010PropOp33
 70
     1
102
RTVSPost2010Prop34
280
     0
102
RTVSPost2010PropOp34
 70
     1
102
RTVSPost2010Prop35
280
     0
102
RTVSPost2010PropOp35
 70
     1
102
RTVSPost2010Prop36
280
     0
102
RTVSPost2010PropOp36
 70
     1
102
RTVSPost2010Prop37
 90
       50
102
RTVSPost2010PropOp37
 70
     1
102
RTVSPost2010Prop38
140
0.0
102
RTVSPost2010PropOp38
 70
     1
102
RTVSPost2010Prop39
140
1.0
102
RTVSPost2010PropOp39
 70
     1
102
RTVSPost2010Prop40
 90
        0
102
RTVSPost2010PropOp40
 70
     1
102
RTVSPost2010Prop41ColorIndex
 90
       18
102
RTVSPost2010Prop41ColorRGB
 90
        0
102
RTVSPost2010PropOp41
 70
     1
102
RTVSPost2010Prop42
 90
       50
102
RTVSPost2010PropOp42
 70
     1
102
RTVSPost2010Prop43
 90
        3
102
RTVSPost2010PropOp43
 70
     1
102
RTVSPost2010Prop44ColorIndex
 90
        5
102
RTVSPost2010Prop44ColorRGB
 90
      255
102
RTVSPost2010PropOp44
 70
     1
102
RTVSPost2010Prop45
280
     0
102
RTVSPost2010PropOp45
 70
     1
102
RTVSPost2010Prop46
 90
       50
102
RTVSPost2010PropOp46
 70
     1
102
RTVSPost2010Prop47
 90
       50
102
RTVSPost2010PropOp47
 70
     1
102
RTVSPost2010Prop48
 90
       50
102
RTVSPost2010PropOp48
 70
     1
102
RTVSPost2010Prop49
280
     0
102
RTVSPost2010PropOp49
 70
     1
102
RTVSPost2010Prop50
 90
       50
102
RTVSPost2010PropOp50
 70
     1
102
RTVSPost2010Prop51ColorIndex
 90
      256
102
RTVSPost2010Prop51ColorRGB
 90
-16777216
102
RTVSPost2010PropOp51
 70
     0
102
RTVSPost2010Prop52
140
1.0
102
RTVSPost2010PropOp52
 70
     0
102
RTVSPost2010Prop53
 90
        2
102
RTVSPost2010PropOp53
 70
     1
102
RTVSPost2010Prop54
  1
strokes_ogs.tif
102
RTVSPost2010PropOp54
 70
     1
102
RTVSPost2010Prop55
280
     0
102
RTVSPost2010PropOp55
 70
     1
102
RTVSPost2010Prop56
140
1.0
102
RTVSPost2010PropOp56
 70
     1
102
RTVSPost2010Prop57
140
1.0
102
RTVSPost2010PropOp57
 70
     1
  0
XRECORD
  5
85E
102
{ACAD_REACTORS
330
85D
102
}
330
85D
100
AcDbXrecord
280
     1
102
RTVSPost2010Prop28
280
     0
102
RTVSPost2010PropOp28
 70
     1
102
RTVSPost2010Prop29
280
     1
102
RTVSPost2010PropOp29
 70
     1
102
RTVSPost2010Prop30
280
     1
102
RTVSPost2010PropOp30
 70
     1
102
RTVSPost2010Prop31
280
     0
102
RTVSPost2010PropOp31
 70
     1
102
RTVSPost2010Prop32
280
     0
102
RTVSPost2010PropOp32
 70
     1
102
RTVSPost2010Prop33
280
     0
102
RTVSPost2010PropOp33
 70
     1
102
RTVSPost2010Prop34
280
     0
102
RTVSPost2010PropOp34
 70
     1
102
RTVSPost2010Prop35
280
     0
102
RTVSPost2010PropOp35
 70
     1
102
RTVSPost2010Prop36
280
     0
102
RTVSPost2010PropOp36
 70
     1
102
RTVSPost2010Prop37
 90
       50
102
RTVSPost2010PropOp37
 70
     1
102
RTVSPost2010Prop38
140
0.0
102
RTVSPost2010PropOp38
 70
     1
102
RTVSPost2010Prop39
140
1.0
102
RTVSPost2010PropOp39
 70
     1
102
RTVSPost2010Prop40
 90
        0
102
RTVSPost2010PropOp40
 70
     1
102
RTVSPost2010Prop41ColorIndex
 90
       18
102
RTVSPost2010Prop41ColorRGB
 90
        0
102
RTVSPost2010PropOp41
 70
     1
102
RTVSPost2010Prop42
 90
       50
102
RTVSPost2010PropOp42
 70
     1
102
RTVSPost2010Prop43
 90
        3
102
RTVSPost2010PropOp43
 70
     1
102
RTVSPost2010Prop44ColorIndex
 90
        5
102
RTVSPost2010Prop44ColorRGB
 90
      255
102
RTVSPost2010PropOp44
 70
     1
102
RTVSPost2010Prop45
280
     0
102
RTVSPost2010PropOp45
 70
     1
102
RTVSPost2010Prop46
 90
       50
102
RTVSPost2010PropOp46
 70
     1
102
RTVSPost2010Prop47
 90
       50
102
RTVSPost2010PropOp47
 70
     1
102
RTVSPost2010Prop48
 90
       50
102
RTVSPost2010PropOp48
 70
     1
102
RTVSPost2010Prop49
280
     0
102
RTVSPost2010PropOp49
 70
     1
102
RTVSPost2010Prop50
 90
       50
102
RTVSPost2010PropOp50
 70
     1
102
RTVSPost2010Prop51ColorIndex
 90
      256
102
RTVSPost2010Prop51ColorRGB
 90
-16777216
102
RTVSPost2010PropOp51
 70
     0
102
RTVSPost2010Prop52
140
1.0
102
RTVSPost2010PropOp52
 70
     0
102
RTVSPost2010Prop53
 90
        2
102
RTVSPost2010PropOp53
 70
     1
102
RTVSPost2010Prop54
  1
strokes_ogs.tif
102
RTVSPost2010PropOp54
 70
     1
102
RTVSPost2010Prop55
280
     0
102
RTVSPost2010PropOp55
 70
     1
102
RTVSPost2010Prop56
140
1.0
102
RTVSPost2010PropOp56
 70
     1
102
RTVSPost2010Prop57
140
1.0
102
RTVSPost2010PropOp57
 70
     1
  0
XRECORD
  5
854
102
{ACAD_REACTORS
330
853
102
}
330
853
100
AcDbXrecord
280
     1
102
RTVSPost2010Prop28
280
     0
102
RTVSPost2010PropOp28
 70
     1
102
RTVSPost2010Prop29
280
     1
102
RTVSPost2010PropOp29
 70
     1
102
RTVSPost2010Prop30
280
     1
102
RTVSPost2010PropOp30
 70
     1
102
RTVSPost2010Prop31
280
     0
102
RTVSPost2010PropOp31
 70
     1
102
RTVSPost2010Prop32
280
     0
102
RTVSPost2010PropOp32
 70
     1
102
RTVSPost2010Prop33
280
     0
102
RTVSPost2010PropOp33
 70
     1
102
RTVSPost2010Prop34
280
     0
102
RTVSPost2010PropOp34
 70
     1
102
RTVSPost2010Prop35
280
     0
102
RTVSPost2010PropOp35
 70
     1
102
RTVSPost2010Prop36
280
     0
102
RTVSPost2010PropOp36
 70
     1
102
RTVSPost2010Prop37
 90
       50
102
RTVSPost2010PropOp37
 70
     1
102
RTVSPost2010Prop38
140
0.0
102
RTVSPost2010PropOp38
 70
     1
102
RTVSPost2010Prop39
140
1.0
102
RTVSPost2010PropOp39
 70
     1
102
RTVSPost2010Prop40
 90
        0
102
RTVSPost2010PropOp40
 70
     1
102
RTVSPost2010Prop41ColorIndex
 90
       18
102
RTVSPost2010Prop41ColorRGB
 90
        0
102
RTVSPost2010PropOp41
 70
     1
102
RTVSPost2010Prop42
 90
       50
102
RTVSPost2010PropOp42
 70
     1
102
RTVSPost2010Prop43
 90
        3
102
RTVSPost2010PropOp43
 70
     1
102
RTVSPost2010Prop44ColorIndex
 90
        5
102
RTVSPost2010Prop44ColorRGB
 90
      255
102
RTVSPost2010PropOp44
 70
     1
102
RTVSPost2010Prop45
280
     0
102
RTVSPost2010PropOp45
 70
     1
102
RTVSPost2010Prop46
 90
       50
102
RTVSPost2010PropOp46
 70
     1
102
RTVSPost2010Prop47
 90
       50
102
RTVSPost2010PropOp47
 70
     1
102
RTVSPost2010Prop48
 90
       50
102
RTVSPost2010PropOp48
 70
     1
102
RTVSPost2010Prop49
280
     0
102
RTVSPost2010PropOp49
 70
     1
102
RTVSPost2010Prop50
 90
       50
102
RTVSPost2010PropOp50
 70
     1
102
RTVSPost2010Prop51ColorIndex
 90
      256
102
RTVSPost2010Prop51ColorRGB
 90
-16777216
102
RTVSPost2010PropOp51
 70
     0
102
RTVSPost2010Prop52
140
1.0
102
RTVSPost2010PropOp52
 70
     0
102
RTVSPost2010Prop53
 90
        2
102
RTVSPost2010PropOp53
 70
     1
102
RTVSPost2010Prop54
  1
strokes_ogs.tif
102
RTVSPost2010PropOp54
 70
     1
102
RTVSPost2010Prop55
280
     0
102
RTVSPost2010PropOp55
 70
     1
102
RTVSPost2010Prop56
140
1.0
102
RTVSPost2010PropOp56
 70
     1
102
RTVSPost2010Prop57
140
1.0
102
RTVSPost2010PropOp57
 70
     1
  0
XRECORD
  5
86A
102
{ACAD_REACTORS
330
869
102
}
330
869
100
AcDbXrecord
280
     1
102
RTVSPost2010Prop28
280
     0
102
RTVSPost2010PropOp28
 70
     1
102
RTVSPost2010Prop29
280
     1
102
RTVSPost2010PropOp29
 70
     1
102
RTVSPost2010Prop30
280
     1
102
RTVSPost2010PropOp30
 70
     1
102
RTVSPost2010Prop31
280
     0
102
RTVSPost2010PropOp31
 70
     1
102
RTVSPost2010Prop32
280
     0
102
RTVSPost2010PropOp32
 70
     1
102
RTVSPost2010Prop33
280
     0
102
RTVSPost2010PropOp33
 70
     1
102
RTVSPost2010Prop34
280
     0
102
RTVSPost2010PropOp34
 70
     1
102
RTVSPost2010Prop35
280
     0
102
RTVSPost2010PropOp35
 70
     1
102
RTVSPost2010Prop36
280
     0
102
RTVSPost2010PropOp36
 70
     1
102
RTVSPost2010Prop37
 90
       50
102
RTVSPost2010PropOp37
 70
     1
102
RTVSPost2010Prop38
140
0.0
102
RTVSPost2010PropOp38
 70
     1
102
RTVSPost2010Prop39
140
1.0
102
RTVSPost2010PropOp39
 70
     1
102
RTVSPost2010Prop40
 90
        0
102
RTVSPost2010PropOp40
 70
     1
102
RTVSPost2010Prop41ColorIndex
 90
       18
102
RTVSPost2010Prop41ColorRGB
 90
        0
102
RTVSPost2010PropOp41
 70
     1
102
RTVSPost2010Prop42
 90
       50
102
RTVSPost2010PropOp42
 70
     1
102
RTVSPost2010Prop43
 90
        3
102
RTVSPost2010PropOp43
 70
     1
102
RTVSPost2010Prop44ColorIndex
 90
        5
102
RTVSPost2010Prop44ColorRGB
 90
      255
102
RTVSPost2010PropOp44
 70
     1
102
RTVSPost2010Prop45
280
     0
102
RTVSPost2010PropOp45
 70
     1
102
RTVSPost2010Prop46
 90
       50
102
RTVSPost2010PropOp46
 70
     1
102
RTVSPost2010Prop47
 90
       50
102
RTVSPost2010PropOp47
 70
     1
102
RTVSPost2010Prop48
 90
       50
102
RTVSPost2010PropOp48
 70
     1
102
RTVSPost2010Prop49
280
     0
102
RTVSPost2010PropOp49
 70
     1
102
RTVSPost2010Prop50
 90
       50
102
RTVSPost2010PropOp50
 70
     1
102
RTVSPost2010Prop51ColorIndex
 90
      256
102
RTVSPost2010Prop51ColorRGB
 90
-16777216
102
RTVSPost2010PropOp51
 70
     0
102
RTVSPost2010Prop52
140
1.0
102
RTVSPost2010PropOp52
 70
     0
102
RTVSPost2010Prop53
 90
        2
102
RTVSPost2010PropOp53
 70
     1
102
RTVSPost2010Prop54
  1
strokes_ogs.tif
102
RTVSPost2010PropOp54
 70
     1
102
RTVSPost2010Prop55
280
     0
102
RTVSPost2010PropOp55
 70
     1
102
RTVSPost2010Prop56
140
1.0
102
RTVSPost2010PropOp56
 70
     1
102
RTVSPost2010Prop57
140
1.0
102
RTVSPost2010PropOp57
 70
     1
  0
ENDSEC
  0
EOF
