  0
SECTION
  2
HEADER
  9
$ACADVER
  1
AC1027
  9
$ACADMAINTVER
 70
   125
  9
$DWGCODEPAGE
  3
ANSI_936
  9
$LASTSAVEDBY
  1
o
  9
$REQUIREDVERSIONS
160
                 0
  9
$INSBASE
 10
0.0
 20
0.0
 30
0.0
  9
$EXTMIN
 10
2100.0
 20
-400.0
 30
0.0
  9
$EXTMAX
 10
8400.0
 20
3300.0
 30
0.0
  9
$LIMMIN
 10
0.0
 20
0.0
  9
$LIMMAX
 10
420.0
 20
297.0
  9
$ORTHOMODE
 70
     1
  9
$REGENMODE
 70
     1
  9
$FILLMODE
 70
     1
  9
$QTEXTMODE
 70
     0
  9
$MIRRTEXT
 70
     0
  9
$LTSCALE
 40
1.0
  9
$ATTMODE
 70
     1
  9
$TEXTSIZE
 40
2.5
  9
$TRACEWID
 40
1.0
  9
$TEXTSTYLE
  7
Standard
  9
$CLAYER
  8
绘图层
  9
$CELTYPE
  6
ByLayer
  9
$CECOLOR
 62
   256
  9
$CELTSCALE
 40
1.0
  9
$DISPSILH
 70
     0
  9
$DIMSCALE
 40
1.0
  9
$DIMASZ
 40
2.5
  9
$DIMEXO
 40
0.625
  9
$DIMDLI
 40
3.75
  9
$DIMRND
 40
0.0
  9
$DIMDLE
 40
0.0
  9
$DIMEXE
 40
1.25
  9
$DIMTP
 40
0.0
  9
$DIMTM
 40
0.0
  9
$DIMTXT
 40
2.5
  9
$DIMCEN
 40
2.5
  9
$DIMTSZ
 40
0.0
  9
$DIMTOL
 70
     0
  9
$DIMLIM
 70
     0
  9
$DIMTIH
 70
     0
  9
$DIMTOH
 70
     0
  9
$DIMSE1
 70
     0
  9
$DIMSE2
 70
     0
  9
$DIMTAD
 70
     1
  9
$DIMZIN
 70
     8
  9
$DIMBLK
  1

  9
$DIMASO
 70
     1
  9
$DIMSHO
 70
     1
  9
$DIMPOST
  1

  9
$DIMAPOST
  1

  9
$DIMALT
 70
     0
  9
$DIMALTD
 70
     3
  9
$DIMALTF
 40
0.03937007874016
  9
$DIMLFAC
 40
1.0
  9
$DIMTOFL
 70
     1
  9
$DIMTVP
 40
0.0
  9
$DIMTIX
 70
     0
  9
$DIMSOXD
 70
     0
  9
$DIMSAH
 70
     0
  9
$DIMBLK1
  1

  9
$DIMBLK2
  1

  9
$DIMSTYLE
  2
ISO-25
  9
$DIMCLRD
 70
     0
  9
$DIMCLRE
 70
     0
  9
$DIMCLRT
 70
     0
  9
$DIMTFAC
 40
1.0
  9
$DIMGAP
 40
0.625
  9
$DIMJUST
 70
     0
  9
$DIMSD1
 70
     0
  9
$DIMSD2
 70
     0
  9
$DIMTOLJ
 70
     0
  9
$DIMTZIN
 70
     8
  9
$DIMALTZ
 70
     0
  9
$DIMALTTZ
 70
     0
  9
$DIMUPT
 70
     0
  9
$DIMDEC
 70
     2
  9
$DIMTDEC
 70
     2
  9
$DIMALTU
 70
     2
  9
$DIMALTTD
 70
     3
  9
$DIMTXSTY
  7
Standard
  9
$DIMAUNIT
 70
     0
  9
$DIMADEC
 70
     0
  9
$DIMALTRND
 40
0.0
  9
$DIMAZIN
 70
     0
  9
$DIMDSEP
 70
    46
  9
$DIMATFIT
 70
     3
  9
$DIMFRAC
 70
     0
  9
$DIMLDRBLK
  1

  9
$DIMLUNIT
 70
     2
  9
$DIMLWD
 70
    -2
  9
$DIMLWE
 70
    -2
  9
$DIMTMOVE
 70
     0
  9
$DIMFXL
 40
1.0
  9
$DIMFXLON
 70
     0
  9
$DIMJOGANG
 40
1.570796326794896
  9
$DIMTFILL
 70
     0
  9
$DIMTFILLCLR
 70
     0
  9
$DIMARCSYM
 70
     0
  9
$DIMLTYPE
  6

  9
$DIMLTEX1
  6

  9
$DIMLTEX2
  6

  9
$DIMTXTDIRECTION
 70
     0
  9
$LUNITS
 70
     2
  9
$LUPREC
 70
     4
  9
$SKETCHINC
 40
1.0
  9
$FILLETRAD
 40
0.0
  9
$AUNITS
 70
     0
  9
$AUPREC
 70
     0
  9
$MENU
  1
.
  9
$ELEVATION
 40
0.0
  9
$PELEVATION
 40
0.0
  9
$THICKNESS
 40
0.0
  9
$LIMCHECK
 70
     0
  9
$CHAMFERA
 40
0.0
  9
$CHAMFERB
 40
0.0
  9
$CHAMFERC
 40
0.0
  9
$CHAMFERD
 40
0.0
  9
$SKPOLY
 70
     0
  9
$TDCREATE
 40
2459941.348414352
  9
$TDUCREATE
 40
2459941.015083299
  9
$TDUPDATE
 40
2461243.583449074
  9
$TDUUPDATE
 40
2461243.250115741
  9
$TDINDWG
 40
2.3349606713
  9
$TDUSRTIMER
 40
2.3349606713
  9
$USRTIMER
 70
     1
  9
$ANGBASE
 50
0.0
  9
$ANGDIR
 70
     0
  9
$PDMODE
 70
     0
  9
$PDSIZE
 40
0.0
  9
$PLINEWID
 40
0.0
  9
$SPLFRAME
 70
     0
  9
$SPLINETYPE
 70
     6
  9
$SPLINESEGS
 70
     8
  9
$HANDSEED
  5
987
  9
$SURFTAB1
 70
     6
  9
$SURFTAB2
 70
     6
  9
$SURFTYPE
 70
     6
  9
$SURFU
 70
     6
  9
$SURFV
 70
     6
  9
$UCSBASE
  2

  9
$UCSNAME
  2

  9
$UCSORG
 10
0.0
 20
0.0
 30
0.0
  9
$UCSXDIR
 10
1.0
 20
0.0
 30
0.0
  9
$UCSYDIR
 10
0.0
 20
1.0
 30
0.0
  9
$UCSORTHOREF
  2

  9
$UCSORTHOVIEW
 70
     0
  9
$UCSORGTOP
 10
0.0
 20
0.0
 30
0.0
  9
$UCSORGBOTTOM
 10
0.0
 20
0.0
 30
0.0
  9
$UCSORGLEFT
 10
0.0
 20
0.0
 30
0.0
  9
$UCSORGRIGHT
 10
0.0
 20
0.0
 30
0.0
  9
$UCSORGFRONT
 10
0.0
 20
0.0
 30
0.0
  9
$UCSORGBACK
 10
0.0
 20
0.0
 30
0.0
  9
$PUCSBASE
  2

  9
$PUCSNAME
  2

  9
$PUCSORG
 10
0.0
 20
0.0
 30
0.0
  9
$PUCSXDIR
 10
1.0
 20
0.0
 30
0.0
  9
$PUCSYDIR
 10
0.0
 20
1.0
 30
0.0
  9
$PUCSORTHOREF
  2

  9
$PUCSORTHOVIEW
 70
     0
  9
$PUCSORGTOP
 10
0.0
 20
0.0
 30
0.0
  9
$PUCSORGBOTTOM
 10
0.0
 20
0.0
 30
0.0
  9
$PUCSORGLEFT
 10
0.0
 20
0.0
 30
0.0
  9
$PUCSORGRIGHT
 10
0.0
 20
0.0
 30
0.0
  9
$PUCSORGFRONT
 10
0.0
 20
0.0
 30
0.0
  9
$PUCSORGBACK
 10
0.0
 20
0.0
 30
0.0
  9
$USERI1
 70
     0
  9
$USERI2
 70
     0
  9
$USERI3
 70
     0
  9
$USERI4
 70
     0
  9
$USERI5
 70
     0
  9
$USERR1
 40
0.0
  9
$USERR2
 40
0.0
  9
$USERR3
 40
0.0
  9
$USERR4
 40
0.0
  9
$USERR5
 40
0.0
  9
$WORLDVIEW
 70
     1
  9
$SHADEDGE
 70
     3
  9
$SHADEDIF
 70
    70
  9
$TILEMODE
 70
     1
  9
$MAXACTVP
 70
    64
  9
$PINSBASE
 10
0.0
 20
0.0
 30
0.0
  9
$PLIMCHECK
 70
     0
  9
$PEXTMIN
 10
1.000000000000000E+20
 20
1.000000000000000E+20
 30
1.000000000000000E+20
  9
$PEXTMAX
 10
-1.000000000000000E+20
 20
-1.000000000000000E+20
 30
-1.000000000000000E+20
  9
$PLIMMIN
 10
0.0
 20
0.0
  9
$PLIMMAX
 10
420.0
 20
297.0
  9
$UNITMODE
 70
     0
  9
$VISRETAIN
 70
     1
  9
$PLINEGEN
 70
     0
  9
$PSLTSCALE
 70
     1
  9
$TREEDEPTH
 70
  3020
  9
$CMLSTYLE
  2
Standard
  9
$CMLJUST
 70
     0
  9
$CMLSCALE
 40
20.0
  9
$PROXYGRAPHICS
 70
     1
  9
$MEASUREMENT
 70
     1
  9
$CELWEIGHT
370
    -1
  9
$ENDCAPS
280
     0
  9
$JOINSTYLE
280
     0
  9
$LWDISPLAY
290
     0
  9
$INSUNITS
 70
     4
  9
$HYPERLINKBASE
  1

  9
$STYLESHEET
  1

  9
$XEDIT
290
     1
  9
$CEPSNTYPE
380
     0
  9
$PSTYLEMODE
290
     1
  9
$FINGERPRINTGUID
  2
{906BF59F-E345-2447-B6BE-10394D5A6E44}
  9
$VERSIONGUID
  2
{DD491698-0DD0-104A-B6AA-8C7AE71E64C7}
  9
$EXTNAMES
290
     1
  9
$PSVPSCALE
 40
0.0
  9
$OLESTARTUP
290
     0
  9
$SORTENTS
280
   127
  9
$INDEXCTL
280
     0
  9
$HIDETEXT
280
     1
  9
$XCLIPFRAME
280
     0
  9
$HALOGAP
280
     0
  9
$OBSCOLOR
 70
   257
  9
$OBSLTYPE
280
     0
  9
$INTERSECTIONDISPLAY
280
     0
  9
$INTERSECTIONCOLOR
 70
   257
  9
$DIMASSOC
280
     2
  9
$PROJECTNAME
  1

  9
$CAMERADISPLAY
290
     0
  9
$LENSLENGTH
 40
50.0
  9
$CAMERAHEIGHT
 40
0.0
  9
$STEPSPERSEC
 40
2.0
  9
$STEPSIZE
 40
6.0
  9
$3DDWFPREC
 40
2.0
  9
$PSOLWIDTH
 40
0.25
  9
$PSOLHEIGHT
 40
4.0
  9
$LOFTANG1
 40
1.570796326794896
  9
$LOFTANG2
 40
1.570796326794896
  9
$LOFTMAG1
 40
0.0
  9
$LOFTMAG2
 40
0.0
  9
$LOFTPARAM
 70
     7
  9
$LOFTNORMALS
280
     1
  9
$LATITUDE
 40
37.795
  9
$LONGITUDE
 40
-122.394
  9
$NORTHDIRECTION
 40
0.0
  9
$TIMEZONE
 70
 -8000
  9
$LIGHTGLYPHDISPLAY
280
     1
  9
$TILEMODELIGHTSYNCH
280
     1
  9
$CMATERIAL
347
2D
  9
$SOLIDHIST
280
     1
  9
$SHOWHIST
280
     1
  9
$DWFFRAME
280
     2
  9
$DGNFRAME
280
     0
  9
$REALWORLDSCALE
290
     1
  9
$INTERFERECOLOR
 62
     1
  9
$INTERFEREOBJVS
345
40
  9
$INTERFEREVPVS
346
41
  9
$CSHADOW
280
     0
  9
$SHADOWPLANELOCATION
 40
0.0
  0
ENDSEC
  0
SECTION
  2
CLASSES
  0
CLASS
  1
ACDBDICTIONARYWDFLT
  2
AcDbDictionaryWithDefault
  3
ObjectDBX Classes
 90
        0
 91
        1
280
     0
281
     0
  0
CLASS
  1
MATERIAL
  2
AcDbMaterial
  3
ObjectDBX Classes
 90
     1153
 91
        3
280
     0
281
     0
  0
CLASS
  1
VISUALSTYLE
  2
AcDbVisualStyle
  3
ObjectDBX Classes
 90
     4095
 91
       25
280
     0
281
     0
  0
CLASS
  1
TABLESTYLE
  2
AcDbTableStyle
  3
ObjectDBX Classes
 90
     4095
 91
        1
280
     0
281
     0
  0
CLASS
  1
SORTENTSTABLE
  2
AcDbSortentsTable
  3
ObjectDBX Classes
 90
        0
 91
        2
280
     0
281
     0
  0
CLASS
  1
DICTIONARYVAR
  2
AcDbDictionaryVar
  3
ObjectDBX Classes
 90
        0
 91
        9
280
     0
281
     0
  0
CLASS
  1
DIMASSOC
  2
AcDbDimAssoc
  3
"AcDbDimAssoc|Product Desc:     AcDim ARX App For Dimension|Company:          Autodesk, Inc.|WEB Address:      www.autodesk.com"
 90
        0
 91
       68
280
     0
281
     0
  0
CLASS
  1
WIPEOUT
  2
AcDbWipeout
  3
WipeOut|Product Desc: Object Enabler for WipeOut entity | Company: Autodesk, Inc. | WEB Address: www.autodesk.com
 90
     2175
 91
        0
280
     0
281
     1
  0
CLASS
  1
WIPEOUTVARIABLES
  2
AcDbWipeoutVariables
  3
"WipeOut|Product Desc:     WipeOut Dbx Application|Company:          Autodesk, Inc.|WEB Address:      www.autodesk.com"
 90
        0
 91
        0
280
     0
281
     0
  0
CLASS
  1
SCALE
  2
AcDbScale
  3
ObjectDBX Classes
 90
     1153
 91
       17
280
     0
281
     0
  0
CLASS
  1
MLEADERSTYLE
  2
AcDbMLeaderStyle
  3
ACDB_MLEADERSTYLE_CLASS
 90
     4095
 91
        1
280
     0
281
     0
  0
CLASS
  1
ACDBSECTIONVIEWSTYLE
  2
AcDbSectionViewStyle
  3
ObjectDBX Classes
 90
     1025
 91
        1
280
     0
281
     0
  0
CLASS
  1
ACDBDETAILVIEWSTYLE
  2
AcDbDetailViewStyle
  3
ObjectDBX Classes
 90
     1025
 91
        1
280
     0
281
     0
  0
CLASS
  1
CELLSTYLEMAP
  2
AcDbCellStyleMap
  3
ObjectDBX Classes
 90
     1152
 91
        4
280
     0
281
     0
  0
ENDSEC
  0
SECTION
  2
TABLES
  0
TABLE
  2
VPORT
  5
21
330
0
100
AcDbSymbolTable
 70
     1
1001
ACAD
1000
DbSaveVer
1071
      224
  0
VPORT
  5
22
330
21
100
AcDbSymbolTableRecord
100
AcDbViewportTableRecord
  2
*Active
 70
     0
 10
0.0
 20
0.0
 11
1.0
 21
1.0
 12
4460.195822084567
 22
961.9493832792723
 13
0.0
 23
0.0
 14
10.0
 24
10.0
 15
10.0
 25
10.0
 16
0.0
 26
0.0
 36
1.0
 17
0.0
 27
0.0
 37
0.0
 40
3350.878115939242
 41
1.626491646778043
 42
50.0
 43
0.0
 44
0.0
 50
0.0
 51
0.0
 71
     0
 72
  1000
 73
     1
 74
     3
 75
     0
 76
     0
 77
     0
 78
     0
281
     0
 65
     1
110
0.0
120
0.0
130
0.0
111
1.0
121
0.0
131
0.0
112
0.0
122
1.0
132
0.0
 79
     0
146
0.0
348
23
 60
     3
 61
     5
292
     1
282
     1
141
0.0
142
0.0
 63
   250
421
  3355443
1001
ACAD_NAV_VCDISPLAY
1070
     3
  0
ENDTAB
  0
TABLE
  2
LTYPE
  5
1C
330
0
100
AcDbSymbolTable
 70
     4
  0
LTYPE
  5
1D
330
1C
100
AcDbSymbolTableRecord
100
AcDbLinetypeTableRecord
  2
ByBlock
 70
     0
  3

 72
    65
 73
     0
 40
0.0
  0
LTYPE
  5
1E
330
1C
100
AcDbSymbolTableRecord
100
AcDbLinetypeTableRecord
  2
ByLayer
 70
     0
  3

 72
    65
 73
     0
 40
0.0
  0
LTYPE
  5
C
330
1C
100
AcDbSymbolTableRecord
100
AcDbLinetypeTableRecord
  2
Continuous
 70
     0
  3
Solid line
 72
    65
 73
     0
 40
0.0
  0
LTYPE
  5
FC
330
1C
100
AcDbSymbolTableRecord
100
AcDbLinetypeTableRecord
  2
ACAD_ISO02W100
 70
     0
  3
ISO dash __ __ __ __ __ __ __ __ __ __ __ __ __
 72
    65
 73
     2
 40
15.0
 49
12.0
 74
     0
 49
-3.0
 74
     0
  0
ENDTAB
  0
TABLE
  2
LAYER
  5
15
102
{ACAD_XDICTIONARY
360
16
102
}
330
0
100
AcDbSymbolTable
 70
     6
  0
LAYER
  5
6
102
{ACAD_XDICTIONARY
360
94D
102
}
330
15
100
AcDbSymbolTableRecord
100
AcDbLayerTableRecord
  2
0
 70
     0
 62
     7
  6
Continuous
370
    -3
390
7
347
A
348
0
  0
LAYER
  5
CA
102
{ACAD_XDICTIONARY
360
94F
102
}
330
15
100
AcDbSymbolTableRecord
100
AcDbLayerTableRecord
  2
Cutting
 70
     0
 62
     7
  6
Continuous
370
    -3
390
7
347
A
348
0
  0
LAYER
  5
3D
102
{ACAD_XDICTIONARY
360
951
102
}
330
15
100
AcDbSymbolTableRecord
100
AcDbLayerTableRecord
  2
绘图层
 70
     0
 62
     7
  6
Continuous
370
    -3
390
7
347
A
348
0
  0
LAYER
  5
7C
330
15
100
AcDbSymbolTableRecord
100
AcDbLayerTableRecord
  2
Defpoints
 70
     0
 62
     7
  6
Continuous
290
     0
370
    -3
390
7
347
A
348
0
  0
LAYER
  5
96
102
{ACAD_XDICTIONARY
360
953
102
}
330
15
100
AcDbSymbolTableRecord
100
AcDbLayerTableRecord
  2
基础信息
 70
     0
 62
     7
  6
Continuous
370
    -3
390
7
347
A
348
0
  0
LAYER
  5
AD
102
{ACAD_XDICTIONARY
360
955
102
}
330
15
100
AcDbSymbolTableRecord
100
AcDbLayerTableRecord
  2
标注层
 70
     0
 62
     7
  6
Continuous
370
    -3
390
7
347
A
348
0
  0
ENDTAB
  0
TABLE
  2
STYLE
  5
18
330
0
100
AcDbSymbolTable
 70
     1
  0
STYLE
  5
19
330
18
100
AcDbSymbolTableRecord
100
AcDbTextStyleTableRecord
  2
Standard
 70
     0
 40
0.0
 41
1.0
 50
0.0
 71
     0
 42
2.5
  3

  4

1001
ACAD
1000
SimSun
1071
      256
  0
ENDTAB
  0
TABLE
  2
VIEW
  5
1F
330
0
100
AcDbSymbolTable
 70
     2
  0
ENDTAB
  0
TABLE
  2
UCS
  5
20
330
0
100
AcDbSymbolTable
 70
     0
  0
ENDTAB
  0
TABLE
  2
APPID
  5
26
330
0
100
AcDbSymbolTable
 70
     9
  0
APPID
  5
1A
330
26
100
AcDbSymbolTableRecord
100
AcDbRegAppTableRecord
  2
ACAD
 70
     0
  0
APPID
  5
10
330
26
100
AcDbSymbolTableRecord
100
AcDbRegAppTableRecord
  2
ACAD_PSEXT
 70
     0
  0
APPID
  5
25
330
26
100
AcDbSymbolTableRecord
100
AcDbRegAppTableRecord
  2
ACAD_NAV_VCDISPLAY
 70
     0
  0
APPID
  5
81
330
26
100
AcDbSymbolTableRecord
100
AcDbRegAppTableRecord
  2
CAXA_DRAFT_DIMSTY_AT_VPOS
 70
     0
  0
APPID
  5
82
330
26
100
AcDbSymbolTableRecord
100
AcDbRegAppTableRecord
  2
CAXA_DRAFT_SDTSTY_2011R3
 70
     0
  0
APPID
  5
83
330
26
100
AcDbSymbolTableRecord
100
AcDbRegAppTableRecord
  2
CAXA_DRAFT_DS_ISFILLDFM
 70
     0
  0
APPID
  5
84
330
26
100
AcDbSymbolTableRecord
100
AcDbRegAppTableRecord
  2
CAXA_DRAFT_DS_DISPZTOOL
 70
     0
  0
APPID
  5
85
330
26
100
AcDbSymbolTableRecord
100
AcDbRegAppTableRecord
  2
CAXA_DRAFT_DS_SYMCOLOR
 70
     0
  0
APPID
  5
67C
330
26
100
AcDbSymbolTableRecord
100
AcDbRegAppTableRecord
  2
ACAD_EXEMPT_FROM_CAD_STANDARDS
 70
     0
  0
ENDTAB
  0
TABLE
  2
DIMSTYLE
  5
27
330
0
100
AcDbSymbolTable
 70
     3
100
AcDbDimStyleTable
 71
     1
340
28
  0
DIMSTYLE
105
28
330
27
100
AcDbSymbolTableRecord
100
AcDbDimStyleTableRecord
  2
ISO-25
 70
     0
 41
2.5
 42
0.625
 43
3.75
 44
1.25
 50
90.0
 73
     0
 74
     0
 77
     1
 78
     8
140
2.5
141
2.5
143
0.03937007874016
147
0.625
171
     3
172
     1
271
     2
272
     2
274
     3
283
     0
284
     8
340
19
  0
DIMSTYLE
105
80
102
{ACAD_REACTORS
330
1EC
330
1FB
330
20A
330
21B
330
22C
330
23B
330
24A
330
25B
330
26A
330
279
330
288
330
299
330
2AA
330
2B9
330
2C8
330
2D9
330
2E8
330
2F7
330
308
330
315
330
339
330
348
330
357
330
368
330
377
330
386
330
397
330
3A6
330
3B3
330
3C2
330
3D3
330
3E2
330
3F1
330
402
330
411
330
422
330
42F
330
440
330
6A
330
86
330
AA
330
BA
330
D2
330
DF
330
EC
330
139
330
149
330
156
330
176
330
183
330
190
330
19D
330
1AA
330
1B7
330
47B
330
48B
330
498
330
4B3
330
4C0
330
4CD
330
4DC
330
4ED
330
4FC
330
50B
330
51C
330
52B
330
53C
330
55B
330
56A
330
57A
330
587
330
594
330
5B1
330
5C0
330
5D1
330
5E2
330
5F1
330
600
330
611
330
620
330
62F
330
640
330
685
330
6A1
330
6BD
330
6D9
330
6F5
102
}
330
27
100
AcDbSymbolTableRecord
100
AcDbDimStyleTableRecord
  2
ISO-25$0
 70
     0
 41
10.0
 42
0.0
 44
2.5
 45
0.001
 48
0.000000001
 73
     0
 74
     0
 77
     1
 78
     8
 79
     3
140
20.0
141
0.0
143
1.0
146
0.7071067811865475
147
3.049990885416666
172
     1
176
     4
177
     4
178
     4
179
     2
271
     1
272
     1
276
     2
284
     8
285
    12
289
     0
340
19
341
73
342
73
345
1E
346
1E
347
1E
371
     9
372
     9
1001
CAXA_DRAFT_DIMSTY_AT_VPOS
1070
     0
1001
CAXA_DRAFT_SDTSTY_2011R3
1070
     0
1001
CAXA_DRAFT_DS_ISFILLDFM
1070
     1
1001
CAXA_DRAFT_DS_DISPZTOOL
1070
     0
1001
CAXA_DRAFT_DS_SYMCOLOR
1071
1090519039
  0
ENDTAB
  0
TABLE
  2
BLOCK_RECORD
  5
1
330
0
100
AcDbSymbolTable
 70
   137
  0
BLOCK_RECORD
  5
2
102
{ACAD_XDICTIONARY
360
3
102
}
330
1
100
AcDbSymbolTableRecord
100
AcDbBlockTableRecord
  2
*Model_Space
340
E
 70
     0
280
     1
281
     0
  0
BLOCK_RECORD
  5
11
330
1
100
AcDbSymbolTableRecord
100
AcDbBlockTableRecord
  2
*Paper_Space
340
14
 70
     0
280
     1
281
     0
  0
BLOCK_RECORD
  5
16C
102
{ACAD_XDICTIONARY
360
16D
102
}
330
1
100
AcDbSymbolTableRecord
100
AcDbBlockTableRecord
  2
GK1
340
0
310
2800000020000000200000000100080000000000000400000000000000000000000000000000000000000000000080000080000000808000800000008000800080800000C0C0C000C0DCC000F0CAA6000020400000206000002080000020A0000020C0000020E00000400000004020000040400000406000004080000040A0
310
000040C0000040E00000600000006020000060400000606000006080000060A0000060C0000060E00000800000008020000080400000806000008080000080A0000080C0000080E00000A0000000A0200000A0400000A0600000A0800000A0A00000A0C00000A0E00000C0000000C0200000C0400000C0600000C0800000C0
310
A00000C0C00000C0E00000E0000000E0200000E0400000E0600000E0800000E0A00000E0C00000E0E00040000000400020004000400040006000400080004000A0004000C0004000E00040200000402020004020400040206000402080004020A0004020C0004020E000404000004040200040404000404060004040800040
310
40A0004040C0004040E00040600000406020004060400040606000406080004060A0004060C0004060E00040800000408020004080400040806000408080004080A0004080C0004080E00040A0000040A0200040A0400040A0600040A0800040A0A00040A0C00040A0E00040C0000040C0200040C0400040C0600040C08000
310
40C0A00040C0C00040C0E00040E0000040E0200040E0400040E0600040E0800040E0A00040E0C00040E0E00080000000800020008000400080006000800080008000A0008000C0008000E00080200000802020008020400080206000802080008020A0008020C0008020E00080400000804020008040400080406000804080
310
008040A0008040C0008040E00080600000806020008060400080606000806080008060A0008060C0008060E00080800000808020008080400080806000808080008080A0008080C0008080E00080A0000080A0200080A0400080A0600080A0800080A0A00080A0C00080A0E00080C0000080C0200080C0400080C0600080C0
310
800080C0A00080C0C00080C0E00080E0000080E0200080E0400080E0600080E0800080E0A00080E0C00080E0E000C0000000C0002000C0004000C0006000C0008000C000A000C000C000C000E000C0200000C0202000C0204000C0206000C0208000C020A000C020C000C020E000C0400000C0402000C0404000C0406000C0
310
408000C040A000C040C000C040E000C0600000C0602000C0604000C0606000C0608000C060A000C060C000C060E000C0800000C0802000C0804000C0806000C0808000C080A000C080C000C080E000C0A00000C0A02000C0A04000C0A06000C0A08000C0A0A000C0A0C000C0A0E000C0C00000C0C02000C0C04000C0C06000
310
C0C08000C0C0A000F0FBFF00A4A0A000808080000000FF0000FF000000FFFF00FF000000FF00FF00FFFF0000FFFFFF00FFFFFFFFFFFFFFFFFFFFFFFFFFFFFFFFFFFFFFFFFFFFFFFFFFFFFFFFFFFFFFFFFFFFFFFFFFFFFFFFFFFFFFFFFFFFFF000000FFFFFFFFFFFFFFFFFFFFFFFFFFFFFFFFFFFFFFFFFFFFFFFF0000000000
310
FFFFFF0000FFFFFFFFFFFFFFFFFFFFFFFFFFFFFFFFFFFFFFFF0000FFFFFFFFFFFFFFFFFFFF000000FFFFFFFFFFFFFFFFFFFFFFFFFFFFFFFF00FFFFFFFFFFFFFFFFFFFFFFFFFFFFFF0000FFFFFFFFFFFFFFFFFFFFFFFFFF00FFFFFFFFFFFFFFFFFFFFFFFFFFFFFFFFFFFF00FFFFFFFFFFFFFFFFFFFFFF00FFFFFFFFFFFFFFFF
310
FFFFFFFFFFFFFFFFFFFFFFFF00FFFFFFFFFFFFFFFFFF00FFFFFFFFFFFFFFFFFFFFFFFFFFFFFFFFFFFFFFFFFFFF00FFFFFFFFFFFFFFFF00FFFFFFFFFFFFFFFFFFFFFFFFFFFFFFFFFFFFFFFFFFFF00FFFFFFFFFFFFFF00FFFFFFFFFFFFFFFFFFFFFFFFFFFFFFFFFFFFFFFFFFFFFFFF00FFFFFFFFFFFF00FFFFFFFFFFFFFFFFFF
310
FFFFFFFFFFFFFFFFFFFFFFFFFFFFFFFF00FFFFFFFF00FFFFFFFFFFFFFFFFFFFFFFFFFFFFFFFFFFFFFFFFFFFFFFFFFFFF00FFFFFFFF00FFFFFFFFFFFFFFFFFFFFFFFFFFFFFFFFFFFFFFFFFFFFFFFFFFFF00FFFFFFFF00FFFFFFFFFFFFFFFFFFFFFFFFFFFFFFFFFFFFFFFFFFFFFFFFFFFF00FFFFFF00FFFFFFFFFFFFFFFFFFFF
310
FFFFFFFFFFFFFFFFFFFFFFFFFFFFFFFFFF00FFFFFF00FFFFFFFFFFFFFFFFFFFFFFFFFFFFFFFFFFFFFFFFFFFFFFFFFFFFFFFF00FFFF00FFFFFFFFFFFFFFFFFFFFFFFFFFFFFFFFFFFFFFFFFFFFFFFFFFFFFFFF00FFFF00FFFFFFFFFFFFFFFFFFFFFFFFFFFFFFFFFFFFFFFFFFFFFFFFFFFFFFFF00FFFFFF00FFFFFFFFFFFFFFFF
310
FFFFFFFFFFFFFFFFFFFFFFFFFFFFFFFFFFFF00FFFFFFFF00FFFFFFFFFFFFFFFFFFFFFFFFFFFFFFFFFFFFFFFFFFFFFFFFFFFF00FFFFFFFF00FFFFFFFFFFFFFFFFFFFFFFFFFFFFFFFFFFFFFFFFFFFFFFFFFFFF00FFFFFFFFFF00FFFFFFFFFFFFFFFFFFFFFFFFFFFFFFFFFFFFFFFFFFFFFFFFFF00FFFFFFFFFF00FFFFFFFFFFFF
310
FFFFFFFFFFFFFFFFFFFFFFFFFFFFFFFFFFFF00FFFFFFFFFFFFFF00FFFFFFFFFFFFFFFFFFFFFFFFFFFFFFFFFFFFFFFFFFFF00FFFFFFFFFFFFFFFF00FFFFFFFFFFFFFFFFFFFFFFFFFFFFFFFFFFFFFFFFFFFF00FFFFFFFFFFFFFFFFFF00FFFFFFFFFFFFFFFFFFFFFFFFFFFFFFFFFFFFFFFF00FFFFFFFFFFFFFFFFFFFFFF00FFFF
310
FFFFFFFFFFFFFFFFFFFFFFFFFFFFFFFF00FFFFFFFFFFFFFFFFFFFFFFFFFF00FFFFFFFFFFFFFFFFFFFFFFFFFFFFFF0000FFFFFFFFFFFFFFFFFFFFFFFFFFFFFF0000FFFFFFFFFFFFFFFFFFFFFF0000FFFFFFFFFFFFFFFFFFFFFFFFFFFFFFFFFFFFFF0000000000FFFFFF000000FFFFFFFFFFFFFFFFFFFFFFFFFFFFFFFFFFFFFF
310
FFFFFFFFFFFFFF000000FFFFFFFFFFFFFFFFFFFFFFFFFFFFFFFFFFFFFFFFFFFFFFFFFFFFFFFFFFFFFFFFFFFFFFFFFFFFFFFFFFFFFFFFFFFF
102
{BLKREFS
331
16B
331
4AD
331
4AE
331
4AF
331
171
331
172
331
173
331
174
331
175
331
4B0
331
4B1
331
4B2
102
}
 70
     4
280
     0
281
     0
  0
BLOCK_RECORD
  5
105
330
1
100
AcDbSymbolTableRecord
100
AcDbBlockTableRecord
  2
DK1
340
0
310
2800000020000000200000000100080000000000000400000000000000000000000000000000000000000000000080000080000000808000800000008000800080800000C0C0C000C0DCC000F0CAA6000020400000206000002080000020A0000020C0000020E00000400000004020000040400000406000004080000040A0
310
000040C0000040E00000600000006020000060400000606000006080000060A0000060C0000060E00000800000008020000080400000806000008080000080A0000080C0000080E00000A0000000A0200000A0400000A0600000A0800000A0A00000A0C00000A0E00000C0000000C0200000C0400000C0600000C0800000C0
310
A00000C0C00000C0E00000E0000000E0200000E0400000E0600000E0800000E0A00000E0C00000E0E00040000000400020004000400040006000400080004000A0004000C0004000E00040200000402020004020400040206000402080004020A0004020C0004020E000404000004040200040404000404060004040800040
310
40A0004040C0004040E00040600000406020004060400040606000406080004060A0004060C0004060E00040800000408020004080400040806000408080004080A0004080C0004080E00040A0000040A0200040A0400040A0600040A0800040A0A00040A0C00040A0E00040C0000040C0200040C0400040C0600040C08000
310
40C0A00040C0C00040C0E00040E0000040E0200040E0400040E0600040E0800040E0A00040E0C00040E0E00080000000800020008000400080006000800080008000A0008000C0008000E00080200000802020008020400080206000802080008020A0008020C0008020E00080400000804020008040400080406000804080
310
008040A0008040C0008040E00080600000806020008060400080606000806080008060A0008060C0008060E00080800000808020008080400080806000808080008080A0008080C0008080E00080A0000080A0200080A0400080A0600080A0800080A0A00080A0C00080A0E00080C0000080C0200080C0400080C0600080C0
310
800080C0A00080C0C00080C0E00080E0000080E0200080E0400080E0600080E0800080E0A00080E0C00080E0E000C0000000C0002000C0004000C0006000C0008000C000A000C000C000C000E000C0200000C0202000C0204000C0206000C0208000C020A000C020C000C020E000C0400000C0402000C0404000C0406000C0
310
408000C040A000C040C000C040E000C0600000C0602000C0604000C0606000C0608000C060A000C060C000C060E000C0800000C0802000C0804000C0806000C0808000C080A000C080C000C080E000C0A00000C0A02000C0A04000C0A06000C0A08000C0A0A000C0A0C000C0A0E000C0C00000C0C02000C0C04000C0C06000
310
C0C08000C0C0A000F0FBFF00A4A0A000808080000000FF0000FF000000FFFF00FF000000FF00FF00FFFF0000FFFFFF00FFFFFFFFFFFFFFFFFFFFFFFFFFFFFFFFFFFFFFFFFFFFFFFFFFFFFFFFFFFFFFFFFFFFFFFFFFFFFFFFFFFFFFFFFFFFFF0000FFFFFFFFFFFFFFFFFFFFFFFFFFFFFFFFFFFFFFFFFFFFFFFFFFFFFF000000
310
FFFF000000FFFFFFFFFFFFFFFFFFFFFFFFFFFFFFFFFFFFFFFFFFFFFF00FFFFFFFFFFFFFFFF00FFFFFFFFFFFFFFFFFFFFFFFFFFFFFFFFFFFFFFFFFF00FFFFFFFFFFFFFFFFFFFF00FFFFFFFFFFFFFFFFFFFFFFFFFFFFFFFFFFFFFF00FFFFFFFFFFFFFFFFFFFFFFFF00FFFFFFFFFFFFFFFFFFFFFFFFFFFFFFFFFF00FFFFFFFFFF
310
FFFFFFFFFFFFFFFFFF00FFFFFFFFFFFFFFFFFFFFFFFFFFFFFFFF00FFFFFFFFFFFFFFFFFFFFFFFFFFFF00FFFFFFFFFFFFFFFFFFFFFFFFFFFFFFFF00FFFFFFFFFFFFFFFFFFFFFFFFFFFF00FFFFFFFFFFFFFFFFFFFFFFFFFFFFFFFF00FFFFFFFFFFFFFFFFFFFFFFFFFFFF00FFFFFFFFFFFFFFFFFFFFFFFFFFFFFFFF00FFFFFFFF
310
FFFFFFFFFFFFFFFFFFFF00FFFFFFFFFFFFFFFFFFFFFFFFFFFFFFFF00FFFFFFFFFFFFFFFFFFFFFFFFFFFF00FFFFFFFFFFFFFFFFFFFFFFFFFFFFFFFF00FFFFFFFFFFFFFFFFFFFFFFFFFFFF00FFFFFFFFFFFFFFFFFFFFFFFFFFFFFFFF00FFFFFFFFFFFFFFFFFFFFFFFFFFFF00FFFFFFFFFFFFFFFFFFFFFFFFFFFFFFFF00FFFFFF
310
FFFFFFFFFFFFFFFFFFFFFF00FFFFFFFFFFFFFFFFFFFFFFFFFFFFFFFF00FFFFFFFFFFFFFFFFFFFFFFFFFFFF00FFFFFFFFFFFFFFFFFFFFFFFFFFFFFFFF00FFFFFFFFFFFFFFFFFFFFFFFFFFFF00FFFFFFFFFFFFFFFFFFFFFFFFFFFFFFFF00FFFFFFFFFFFFFFFFFFFFFFFFFFFF00FFFFFFFFFFFFFFFFFFFFFFFFFFFFFFFF00FFFF
310
FFFFFFFFFFFFFFFFFFFFFFFF00FFFFFFFFFFFFFFFFFFFFFFFFFFFFFFFF00FFFFFFFFFFFFFFFFFFFFFFFFFFFF00FFFFFFFFFFFFFFFFFFFFFFFFFFFFFFFF00FFFFFFFFFFFFFFFFFFFFFFFFFFFF00FFFFFFFFFFFFFFFFFFFFFFFFFFFFFFFF00FFFFFFFFFFFFFFFFFFFFFFFFFFFF00FFFFFFFFFFFFFFFFFFFFFFFFFFFFFFFF00FF
310
FFFFFFFFFFFFFFFFFFFFFFFFFF00FFFFFFFFFFFFFFFFFFFFFFFFFFFFFFFF00FFFFFFFFFFFFFFFFFFFFFFFFFFFF00FFFFFFFFFFFFFFFFFFFFFFFFFFFFFFFF00FFFFFFFFFFFFFFFFFFFFFFFFFFFF00FFFFFFFFFFFFFFFFFFFFFFFFFFFFFFFF00FFFFFFFFFFFFFFFFFFFFFFFFFFFF00FFFFFFFFFFFFFFFFFFFFFFFFFFFFFFFFFF
310
00FFFFFFFFFFFFFFFFFFFFFFFF00FFFFFFFFFFFFFFFFFFFFFFFFFFFFFFFFFFFFFF00FFFFFFFFFFFFFFFFFFFF00FFFFFFFFFFFFFFFFFFFFFFFFFFFFFFFFFFFFFFFFFF00FFFFFFFFFFFFFFFF00FFFFFFFFFFFFFFFFFFFFFFFFFFFFFFFFFFFFFFFFFFFFFF0000FFFFFFFF0000FFFFFFFFFFFFFFFFFFFFFFFFFFFFFFFFFFFFFFFF
310
FFFFFFFFFFFF00000000FFFFFFFFFFFFFFFFFFFFFFFFFFFFFFFFFFFFFFFFFFFFFFFFFFFFFFFFFFFFFFFFFFFFFFFFFFFFFFFFFFFFFFFFFFFF
102
{BLKREFS
331
5AB
331
5AC
331
5AD
331
5AE
331
5AF
331
104
331
10C
331
10D
331
10E
331
10F
331
110
331
5B0
102
}
 70
     4
280
     1
281
     0
  0
BLOCK_RECORD
  5
CB
330
1
100
AcDbSymbolTableRecord
100
AcDbBlockTableRecord
  2
DKCXK1
340
0
310
2800000020000000200000000100080000000000000400000000000000000000000000000000000000000000000080000080000000808000800000008000800080800000C0C0C000C0DCC000F0CAA6000020400000206000002080000020A0000020C0000020E00000400000004020000040400000406000004080000040A0
310
000040C0000040E00000600000006020000060400000606000006080000060A0000060C0000060E00000800000008020000080400000806000008080000080A0000080C0000080E00000A0000000A0200000A0400000A0600000A0800000A0A00000A0C00000A0E00000C0000000C0200000C0400000C0600000C0800000C0
310
A00000C0C00000C0E00000E0000000E0200000E0400000E0600000E0800000E0A00000E0C00000E0E00040000000400020004000400040006000400080004000A0004000C0004000E00040200000402020004020400040206000402080004020A0004020C0004020E000404000004040200040404000404060004040800040
310
40A0004040C0004040E00040600000406020004060400040606000406080004060A0004060C0004060E00040800000408020004080400040806000408080004080A0004080C0004080E00040A0000040A0200040A0400040A0600040A0800040A0A00040A0C00040A0E00040C0000040C0200040C0400040C0600040C08000
310
40C0A00040C0C00040C0E00040E0000040E0200040E0400040E0600040E0800040E0A00040E0C00040E0E00080000000800020008000400080006000800080008000A0008000C0008000E00080200000802020008020400080206000802080008020A0008020C0008020E00080400000804020008040400080406000804080
310
008040A0008040C0008040E00080600000806020008060400080606000806080008060A0008060C0008060E00080800000808020008080400080806000808080008080A0008080C0008080E00080A0000080A0200080A0400080A0600080A0800080A0A00080A0C00080A0E00080C0000080C0200080C0400080C0600080C0
310
800080C0A00080C0C00080C0E00080E0000080E0200080E0400080E0600080E0800080E0A00080E0C00080E0E000C0000000C0002000C0004000C0006000C0008000C000A000C000C000C000E000C0200000C0202000C0204000C0206000C0208000C020A000C020C000C020E000C0400000C0402000C0404000C0406000C0
310
408000C040A000C040C000C040E000C0600000C0602000C0604000C0606000C0608000C060A000C060C000C060E000C0800000C0802000C0804000C0806000C0808000C080A000C080C000C080E000C0A00000C0A02000C0A04000C0A06000C0A08000C0A0A000C0A0C000C0A0E000C0C00000C0C02000C0C04000C0C06000
310
C0C08000C0C0A000F0FBFF00A4A0A000808080000000FF0000FF000000FFFF00FF000000FF00FF00FFFF0000FFFFFF00FFFFFFFFFFFFFFFFFFFFFFFFFFFFFFFFFFFFFFFFFFFFFFFFFFFFFFFFFFFFFFFFFFFFFFFFFFFFFFFFFFFFFFFFFFFFFF0000FFFFFFFFFFFFFFFFFFFFFFFFFFFFFFFFFFFFFFFFFFFFFFFFFFFFFF000000
310
FFFF000000FFFFFFFFFFFFFFFFFFFFFFFFFFFFFFFFFFFFFFFFFFFFFF00FFFFFFFFFFFFFFFF00FFFFFFFFFFFFFFFFFFFFFFFFFFFFFFFFFFFFFFFFFF00FFFFFFFFFFFFFFFFFFFF00FFFFFFFFFFFFFFFFFFFFFFFFFFFFFFFFFFFFFFFF00FFFFFFFFFFFFFFFFFFFF00FFFFFFFFFFFFFFFFFFFFFFFFFFFFFFFFFFFFFF00FFFFFFFF
310
FFFFFFFFFFFFFFFF00FFFFFFFFFFFFFFFFFFFFFFFFFFFFFFFFFFFF00FFFFFFFFFFFFFFFFFFFFFFFF00FFFFFFFFFFFFFFFFFFFFFFFFFFFFFFFFFFFF00FFFFFFFFFFFFFFFFFFFFFFFF00FFFFFFFFFFFFFFFFFFFFFFFFFFFFFFFFFFFF00FFFFFFFFFFFFFFFFFFFFFFFF00FFFFFFFFFFFFFFFFFFFFFFFFFFFFFFFFFFFF00FFFFFF
310
FFFFFFFFFFFFFFFFFF00FFFFFFFFFFFFFFFFFFFFFFFFFFFFFFFFFFFF00FFFFFFFFFFFFFFFFFFFFFFFF00FFFFFFFFFFFFFFFFFFFFFFFFFFFFFFFFFFFF00FFFFFFFFFFFFFFFFFFFFFFFF00FFFFFFFFFFFFFFFFFFFFFFFFFFFFFFFFFFFF00FFFFFFFFFFFFFFFFFFFFFFFF00FFFFFFFFFFFFFFFFFFFFFFFFFFFFFFFFFFFF00FFFF
310
FFFFFFFFFFFFFFFFFFFF00FFFFFFFFFFFFFFFFFFFFFFFFFFFFFFFFFFFF00FFFFFFFFFFFFFFFFFFFFFFFF00FFFFFFFFFFFFFFFFFFFFFFFFFFFFFFFFFFFF00FFFFFFFFFFFFFFFFFFFFFFFF00FFFFFFFFFFFFFFFFFFFFFFFFFFFFFFFFFFFF00FFFFFFFFFFFFFFFFFFFFFFFF00FFFFFFFFFFFFFFFFFFFFFFFFFFFFFFFFFFFF00FF
310
FFFFFFFFFFFFFFFFFFFFFF00FFFFFFFFFFFFFFFFFFFFFFFFFFFFFFFFFFFF00FFFFFFFFFFFFFFFFFFFFFFFF00FFFFFFFFFFFFFFFFFFFFFFFFFFFFFFFFFFFF00FFFFFFFFFFFFFFFFFFFFFFFF00FFFFFFFFFFFFFFFFFFFFFFFFFFFFFFFFFFFF00FFFFFFFFFFFFFFFFFFFFFFFF00FFFFFFFFFFFFFFFFFFFFFFFFFFFFFFFFFFFF00
310
FFFFFFFFFFFFFFFFFFFFFFFF00FFFFFFFFFFFFFFFFFFFFFFFFFFFFFFFFFFFF00FFFFFFFFFFFFFFFFFFFFFFFF00FFFFFFFFFFFFFFFFFFFFFFFFFFFFFFFFFFFF00FFFFFFFFFFFFFFFFFFFFFFFF00FFFFFFFFFFFFFFFFFFFFFFFFFFFFFFFFFFFF00FFFFFFFFFFFFFFFFFFFFFFFF00FFFFFFFFFFFFFFFFFFFFFFFFFFFFFFFFFFFF
310
FF00FFFFFFFFFFFFFFFFFFFF00FFFFFFFFFFFFFFFFFFFFFFFFFFFFFFFFFFFFFFFF00FFFFFFFFFFFFFFFFFFFF00FFFFFFFFFFFFFFFFFFFFFFFFFFFFFFFFFFFFFFFFFF00FFFFFFFFFFFFFFFF00FFFFFFFFFFFFFFFFFFFFFFFFFFFFFFFFFFFFFFFFFFFFFF000000FFFF000000FFFFFFFFFFFFFFFFFFFFFFFFFFFFFFFFFFFFFFFF
310
FFFFFFFFFFFFFF0000FFFFFFFFFFFFFFFFFFFFFFFFFFFFFFFFFFFFFFFFFFFFFFFFFFFFFFFFFFFFFFFFFFFFFFFFFFFFFFFFFFFFFFFFFFFFFF
102
{BLKREFS
331
579
331
C9
102
}
 70
     4
280
     1
281
     0
  0
BLOCK_RECORD
  5
73
330
1
100
AcDbSymbolTableRecord
100
AcDbBlockTableRecord
  2
_ClosedBlank
340
0
102
{BLKREFS
331
70A
331
70B
331
717
331
718
331
723
331
724
331
72F
331
730
331
73B
331
73C
331
747
331
748
331
753
331
754
331
75F
331
760
331
76B
331
76C
331
777
331
778
331
6D2
331
6D3
331
6EE
331
6EF
331
254
331
255
331
8E
331
8F
331
B3
331
B4
331
C2
331
C3
331
E5
331
E6
331
263
331
264
331
272
331
273
331
281
331
282
331
292
331
293
331
2A3
331
2A4
331
2B2
331
2B3
331
2C1
331
2C2
331
17C
331
17D
331
189
331
18A
331
1A3
331
1A4
331
1BD
331
1BE
331
F4
331
F5
331
141
331
142
331
15E
331
15F
331
628
331
629
331
646
331
647
331
72
331
5B9
331
5BA
331
5CA
331
5CB
331
5DB
331
5DC
331
448
331
449
331
483
331
484
331
491
331
492
331
4A0
331
4A1
331
2D2
331
2D3
331
2E1
331
2E2
331
301
331
302
331
31B
331
31C
331
341
331
342
331
1F4
331
1F5
331
203
331
204
331
214
331
215
331
225
331
226
331
234
331
235
331
243
331
244
331
3BB
331
3BC
331
3CC
331
3CD
331
3DB
331
3DC
331
3EA
331
3EB
331
3FB
331
3FC
331
40A
331
40B
331
41B
331
41C
331
4B9
331
4BA
331
4D5
331
4D6
331
4E6
331
4E7
331
4F5
331
4F6
331
504
331
505
331
515
331
516
331
524
331
525
331
439
331
43A
331
5EA
331
5EB
331
5F9
331
5FA
331
60A
331
60B
331
619
331
61A
331
639
331
63A
331
535
331
536
331
544
331
545
331
563
331
564
331
572
331
573
331
58D
331
58E
331
59C
331
59D
331
361
331
362
331
37F
331
39F
331
3AC
331
3AD
331
150
331
196
331
197
331
1B0
331
1B1
331
4C6
331
4C7
331
428
331
429
331
D8
331
D9
331
14F
331
580
331
581
331
79
331
2F0
331
2F1
331
30E
331
30F
331
350
331
351
331
370
331
371
331
380
331
390
331
391
331
3A0
331
875
331
876
331
881
331
882
331
88D
331
88E
331
899
331
89A
331
8A5
331
8A6
331
8B1
331
8B2
331
8BD
331
8BE
331
8CB
331
8CC
331
8D9
331
8DA
331
8E5
331
8E6
331
8F1
331
8F2
331
8FF
331
900
331
90B
331
90C
331
917
331
918
331
925
331
926
331
931
331
932
331
93C
331
93D
331
947
331
948
331
783
331
784
331
78F
331
790
331
79B
331
79C
331
7A9
331
7AA
331
7B7
331
7B8
331
7C3
331
7C4
331
7CF
331
7D0
331
7DD
331
7DE
331
7E9
331
7EA
331
7F5
331
7F6
331
801
331
802
331
80F
331
810
331
81D
331
81E
331
829
331
82A
331
835
331
836
331
843
331
844
331
84F
331
850
331
85B
331
85C
331
869
331
86A
102
}
 70
     0
280
     1
281
     0
  0
BLOCK_RECORD
  5
309
330
1
100
AcDbSymbolTableRecord
100
AcDbBlockTableRecord
  2
*D4
340
0
 70
     0
280
     1
281
     0
  0
BLOCK_RECORD
  5
316
330
1
100
AcDbSymbolTableRecord
100
AcDbBlockTableRecord
  2
*D5
340
0
 70
     0
280
     1
281
     0
  0
BLOCK_RECORD
  5
3A7
330
1
100
AcDbSymbolTableRecord
100
AcDbBlockTableRecord
  2
*D6
340
0
 70
     0
280
     1
281
     0
  0
BLOCK_RECORD
  5
423
330
1
100
AcDbSymbolTableRecord
100
AcDbBlockTableRecord
  2
*D7
340
0
 70
     0
280
     1
281
     0
  0
BLOCK_RECORD
  5
D3
330
1
100
AcDbSymbolTableRecord
100
AcDbBlockTableRecord
  2
*D8
340
0
 70
     0
280
     1
281
     0
  0
BLOCK_RECORD
  5
E0
330
1
100
AcDbSymbolTableRecord
100
AcDbBlockTableRecord
  2
*D9
340
0
 70
     0
280
     1
281
     0
  0
BLOCK_RECORD
  5
14A
330
1
100
AcDbSymbolTableRecord
100
AcDbBlockTableRecord
  2
*D10
340
0
 70
     0
280
     1
281
     0
  0
BLOCK_RECORD
  5
177
330
1
100
AcDbSymbolTableRecord
100
AcDbBlockTableRecord
  2
*D11
340
0
 70
     0
280
     1
281
     0
  0
BLOCK_RECORD
  5
184
330
1
100
AcDbSymbolTableRecord
100
AcDbBlockTableRecord
  2
*D12
340
0
 70
     0
280
     1
281
     0
  0
BLOCK_RECORD
  5
191
330
1
100
AcDbSymbolTableRecord
100
AcDbBlockTableRecord
  2
*D13
340
0
 70
     0
280
     1
281
     0
  0
BLOCK_RECORD
  5
19E
330
1
100
AcDbSymbolTableRecord
100
AcDbBlockTableRecord
  2
*D14
340
0
 70
     0
280
     1
281
     0
  0
BLOCK_RECORD
  5
1AB
330
1
100
AcDbSymbolTableRecord
100
AcDbBlockTableRecord
  2
*D15
340
0
 70
     0
280
     1
281
     0
  0
BLOCK_RECORD
  5
1EF
330
1
100
AcDbSymbolTableRecord
100
AcDbBlockTableRecord
  2
*D16
340
0
 70
     0
280
     1
281
     0
  0
BLOCK_RECORD
  5
1FE
330
1
100
AcDbSymbolTableRecord
100
AcDbBlockTableRecord
  2
*D17
340
0
 70
     0
280
     1
281
     0
  0
BLOCK_RECORD
  5
20D
330
1
100
AcDbSymbolTableRecord
100
AcDbBlockTableRecord
  2
*D18
340
0
 70
     0
280
     1
281
     0
  0
BLOCK_RECORD
  5
21E
330
1
100
AcDbSymbolTableRecord
100
AcDbBlockTableRecord
  2
*D19
340
0
 70
     0
280
     1
281
     0
  0
BLOCK_RECORD
  5
22F
330
1
100
AcDbSymbolTableRecord
100
AcDbBlockTableRecord
  2
*D20
340
0
 70
     0
280
     1
281
     0
  0
BLOCK_RECORD
  5
23E
330
1
100
AcDbSymbolTableRecord
100
AcDbBlockTableRecord
  2
*D21
340
0
 70
     0
280
     1
281
     0
  0
BLOCK_RECORD
  5
24D
330
1
100
AcDbSymbolTableRecord
100
AcDbBlockTableRecord
  2
*D22
340
0
 70
     0
280
     1
281
     0
  0
BLOCK_RECORD
  5
25E
330
1
100
AcDbSymbolTableRecord
100
AcDbBlockTableRecord
  2
*D23
340
0
 70
     0
280
     1
281
     0
  0
BLOCK_RECORD
  5
26D
330
1
100
AcDbSymbolTableRecord
100
AcDbBlockTableRecord
  2
*D24
340
0
 70
     0
280
     1
281
     0
  0
BLOCK_RECORD
  5
27C
330
1
100
AcDbSymbolTableRecord
100
AcDbBlockTableRecord
  2
*D25
340
0
 70
     0
280
     1
281
     0
  0
BLOCK_RECORD
  5
28B
330
1
100
AcDbSymbolTableRecord
100
AcDbBlockTableRecord
  2
*D26
340
0
 70
     0
280
     1
281
     0
  0
BLOCK_RECORD
  5
29C
330
1
100
AcDbSymbolTableRecord
100
AcDbBlockTableRecord
  2
*D27
340
0
 70
     0
280
     1
281
     0
  0
BLOCK_RECORD
  5
2AD
330
1
100
AcDbSymbolTableRecord
100
AcDbBlockTableRecord
  2
*D28
340
0
 70
     0
280
     1
281
     0
  0
BLOCK_RECORD
  5
2BC
330
1
100
AcDbSymbolTableRecord
100
AcDbBlockTableRecord
  2
*D29
340
0
 70
     0
280
     1
281
     0
  0
BLOCK_RECORD
  5
2CB
330
1
100
AcDbSymbolTableRecord
100
AcDbBlockTableRecord
  2
*D30
340
0
 70
     0
280
     1
281
     0
  0
BLOCK_RECORD
  5
2DC
330
1
100
AcDbSymbolTableRecord
100
AcDbBlockTableRecord
  2
*D31
340
0
 70
     0
280
     1
281
     0
  0
BLOCK_RECORD
  5
2EB
330
1
100
AcDbSymbolTableRecord
100
AcDbBlockTableRecord
  2
*D32
340
0
 70
     0
280
     1
281
     0
  0
BLOCK_RECORD
  5
2FA
330
1
100
AcDbSymbolTableRecord
100
AcDbBlockTableRecord
  2
*D33
340
0
 70
     0
280
     1
281
     0
  0
BLOCK_RECORD
  5
33C
330
1
100
AcDbSymbolTableRecord
100
AcDbBlockTableRecord
  2
*D34
340
0
 70
     0
280
     1
281
     0
  0
BLOCK_RECORD
  5
34B
330
1
100
AcDbSymbolTableRecord
100
AcDbBlockTableRecord
  2
*D35
340
0
 70
     0
280
     1
281
     0
  0
BLOCK_RECORD
  5
35A
330
1
100
AcDbSymbolTableRecord
100
AcDbBlockTableRecord
  2
*D36
340
0
 70
     0
280
     1
281
     0
  0
BLOCK_RECORD
  5
36B
330
1
100
AcDbSymbolTableRecord
100
AcDbBlockTableRecord
  2
*D37
340
0
 70
     0
280
     1
281
     0
  0
BLOCK_RECORD
  5
37A
330
1
100
AcDbSymbolTableRecord
100
AcDbBlockTableRecord
  2
*D38
340
0
 70
     0
280
     1
281
     0
  0
BLOCK_RECORD
  5
389
330
1
100
AcDbSymbolTableRecord
100
AcDbBlockTableRecord
  2
*D39
340
0
 70
     0
280
     1
281
     0
  0
BLOCK_RECORD
  5
39A
330
1
100
AcDbSymbolTableRecord
100
AcDbBlockTableRecord
  2
*D40
340
0
 70
     0
280
     1
281
     0
  0
BLOCK_RECORD
  5
3B6
330
1
100
AcDbSymbolTableRecord
100
AcDbBlockTableRecord
  2
*D41
340
0
 70
     0
280
     1
281
     0
  0
BLOCK_RECORD
  5
3C5
330
1
100
AcDbSymbolTableRecord
100
AcDbBlockTableRecord
  2
*D42
340
0
 70
     0
280
     1
281
     0
  0
BLOCK_RECORD
  5
3D6
330
1
100
AcDbSymbolTableRecord
100
AcDbBlockTableRecord
  2
*D43
340
0
 70
     0
280
     1
281
     0
  0
BLOCK_RECORD
  5
3E5
330
1
100
AcDbSymbolTableRecord
100
AcDbBlockTableRecord
  2
*D44
340
0
 70
     0
280
     1
281
     0
  0
BLOCK_RECORD
  5
3F4
330
1
100
AcDbSymbolTableRecord
100
AcDbBlockTableRecord
  2
*D45
340
0
 70
     0
280
     1
281
     0
  0
BLOCK_RECORD
  5
405
330
1
100
AcDbSymbolTableRecord
100
AcDbBlockTableRecord
  2
*D46
340
0
 70
     0
280
     1
281
     0
  0
BLOCK_RECORD
  5
414
330
1
100
AcDbSymbolTableRecord
100
AcDbBlockTableRecord
  2
*D47
340
0
 70
     0
280
     1
281
     0
  0
BLOCK_RECORD
  5
432
330
1
100
AcDbSymbolTableRecord
100
AcDbBlockTableRecord
  2
*D48
340
0
 70
     0
280
     1
281
     0
  0
BLOCK_RECORD
  5
443
330
1
100
AcDbSymbolTableRecord
100
AcDbBlockTableRecord
  2
*D49
340
0
 70
     0
280
     1
281
     0
  0
BLOCK_RECORD
  5
6D
330
1
100
AcDbSymbolTableRecord
100
AcDbBlockTableRecord
  2
*D50
340
0
 70
     0
280
     1
281
     0
  0
BLOCK_RECORD
  5
89
330
1
100
AcDbSymbolTableRecord
100
AcDbBlockTableRecord
  2
*D51
340
0
 70
     0
280
     1
281
     0
  0
BLOCK_RECORD
  5
AE
330
1
100
AcDbSymbolTableRecord
100
AcDbBlockTableRecord
  2
*D52
340
0
 70
     0
280
     1
281
     0
  0
BLOCK_RECORD
  5
BD
330
1
100
AcDbSymbolTableRecord
100
AcDbBlockTableRecord
  2
*D53
340
0
 70
     0
280
     1
281
     0
  0
BLOCK_RECORD
  5
EF
330
1
100
AcDbSymbolTableRecord
100
AcDbBlockTableRecord
  2
*D54
340
0
 70
     0
280
     1
281
     0
  0
BLOCK_RECORD
  5
13C
330
1
100
AcDbSymbolTableRecord
100
AcDbBlockTableRecord
  2
*D55
340
0
 70
     0
280
     1
281
     0
  0
BLOCK_RECORD
  5
159
330
1
100
AcDbSymbolTableRecord
100
AcDbBlockTableRecord
  2
*D56
340
0
 70
     0
280
     1
281
     0
  0
BLOCK_RECORD
  5
1B8
330
1
100
AcDbSymbolTableRecord
100
AcDbBlockTableRecord
  2
*D57
340
0
 70
     0
280
     1
281
     0
  0
BLOCK_RECORD
  5
48C
330
1
100
AcDbSymbolTableRecord
100
AcDbBlockTableRecord
  2
*D58
340
0
 70
     0
280
     1
281
     0
  0
BLOCK_RECORD
  5
4B4
330
1
100
AcDbSymbolTableRecord
100
AcDbBlockTableRecord
  2
*D59
340
0
 70
     0
280
     1
281
     0
  0
BLOCK_RECORD
  5
4C1
330
1
100
AcDbSymbolTableRecord
100
AcDbBlockTableRecord
  2
*D60
340
0
 70
     0
280
     1
281
     0
  0
BLOCK_RECORD
  5
47E
330
1
100
AcDbSymbolTableRecord
100
AcDbBlockTableRecord
  2
*D61
340
0
 70
     0
280
     1
281
     0
  0
BLOCK_RECORD
  5
49B
330
1
100
AcDbSymbolTableRecord
100
AcDbBlockTableRecord
  2
*D62
340
0
 70
     0
280
     1
281
     0
  0
BLOCK_RECORD
  5
4D0
330
1
100
AcDbSymbolTableRecord
100
AcDbBlockTableRecord
  2
*D63
340
0
 70
     0
280
     1
281
     0
  0
BLOCK_RECORD
  5
4DF
330
1
100
AcDbSymbolTableRecord
100
AcDbBlockTableRecord
  2
*D64
340
0
 70
     0
280
     1
281
     0
  0
BLOCK_RECORD
  5
4F0
330
1
100
AcDbSymbolTableRecord
100
AcDbBlockTableRecord
  2
*D65
340
0
 70
     0
280
     1
281
     0
  0
BLOCK_RECORD
  5
4FF
330
1
100
AcDbSymbolTableRecord
100
AcDbBlockTableRecord
  2
*D66
340
0
 70
     0
280
     1
281
     0
  0
BLOCK_RECORD
  5
50E
330
1
100
AcDbSymbolTableRecord
100
AcDbBlockTableRecord
  2
*D67
340
0
 70
     0
280
     1
281
     0
  0
BLOCK_RECORD
  5
51F
330
1
100
AcDbSymbolTableRecord
100
AcDbBlockTableRecord
  2
*D68
340
0
 70
     0
280
     1
281
     0
  0
BLOCK_RECORD
  5
52E
330
1
100
AcDbSymbolTableRecord
100
AcDbBlockTableRecord
  2
*D69
340
0
 70
     0
280
     1
281
     0
  0
BLOCK_RECORD
  5
53F
330
1
100
AcDbSymbolTableRecord
100
AcDbBlockTableRecord
  2
*D70
340
0
 70
     0
280
     1
281
     0
  0
BLOCK_RECORD
  5
57B
330
1
100
AcDbSymbolTableRecord
100
AcDbBlockTableRecord
  2
*D71
340
0
 70
     0
280
     1
281
     0
  0
BLOCK_RECORD
  5
588
330
1
100
AcDbSymbolTableRecord
100
AcDbBlockTableRecord
  2
*D72
340
0
 70
     0
280
     1
281
     0
  0
BLOCK_RECORD
  5
641
330
1
100
AcDbSymbolTableRecord
100
AcDbBlockTableRecord
  2
*D73
340
0
 70
     0
280
     1
281
     0
  0
BLOCK_RECORD
  5
55E
330
1
100
AcDbSymbolTableRecord
100
AcDbBlockTableRecord
  2
*D74
340
0
 70
     0
280
     1
281
     0
  0
BLOCK_RECORD
  5
56D
330
1
100
AcDbSymbolTableRecord
100
AcDbBlockTableRecord
  2
*D75
340
0
 70
     0
280
     1
281
     0
  0
BLOCK_RECORD
  5
597
330
1
100
AcDbSymbolTableRecord
100
AcDbBlockTableRecord
  2
*D76
340
0
 70
     0
280
     1
281
     0
  0
BLOCK_RECORD
  5
5B4
330
1
100
AcDbSymbolTableRecord
100
AcDbBlockTableRecord
  2
*D77
340
0
 70
     0
280
     1
281
     0
  0
BLOCK_RECORD
  5
5C3
330
1
100
AcDbSymbolTableRecord
100
AcDbBlockTableRecord
  2
*D78
340
0
 70
     0
280
     1
281
     0
  0
BLOCK_RECORD
  5
5D4
330
1
100
AcDbSymbolTableRecord
100
AcDbBlockTableRecord
  2
*D79
340
0
 70
     0
280
     1
281
     0
  0
BLOCK_RECORD
  5
5E5
330
1
100
AcDbSymbolTableRecord
100
AcDbBlockTableRecord
  2
*D80
340
0
 70
     0
280
     1
281
     0
  0
BLOCK_RECORD
  5
5F4
330
1
100
AcDbSymbolTableRecord
100
AcDbBlockTableRecord
  2
*D81
340
0
 70
     0
280
     1
281
     0
  0
BLOCK_RECORD
  5
603
330
1
100
AcDbSymbolTableRecord
100
AcDbBlockTableRecord
  2
*D82
340
0
 70
     0
280
     1
281
     0
  0
BLOCK_RECORD
  5
614
330
1
100
AcDbSymbolTableRecord
100
AcDbBlockTableRecord
  2
*D83
340
0
 70
     0
280
     1
281
     0
  0
BLOCK_RECORD
  5
623
330
1
100
AcDbSymbolTableRecord
100
AcDbBlockTableRecord
  2
*D84
340
0
 70
     0
280
     1
281
     0
  0
BLOCK_RECORD
  5
632
330
1
100
AcDbSymbolTableRecord
100
AcDbBlockTableRecord
  2
*D85
340
0
 70
     0
280
     1
281
     0
  0
BLOCK_RECORD
  5
686
330
1
100
AcDbSymbolTableRecord
100
AcDbBlockTableRecord
  2
*D88
340
0
 70
     0
280
     1
281
     0
  0
BLOCK_RECORD
  5
6A2
330
1
100
AcDbSymbolTableRecord
100
AcDbBlockTableRecord
  2
*D89
340
0
 70
     0
280
     1
281
     0
  0
BLOCK_RECORD
  5
6BE
330
1
100
AcDbSymbolTableRecord
100
AcDbBlockTableRecord
  2
*D90
340
0
 70
     0
280
     1
281
     0
  0
BLOCK_RECORD
  5
6DA
330
1
100
AcDbSymbolTableRecord
100
AcDbBlockTableRecord
  2
*D91
340
0
 70
     0
280
     1
281
     0
  0
BLOCK_RECORD
  5
6F6
330
1
100
AcDbSymbolTableRecord
100
AcDbBlockTableRecord
  2
*D92
340
0
 70
     0
280
     1
281
     0
  0
BLOCK_RECORD
  5
711
330
1
100
AcDbSymbolTableRecord
100
AcDbBlockTableRecord
  2
*D93
340
0
 70
     0
280
     1
281
     0
  0
BLOCK_RECORD
  5
71D
330
1
100
AcDbSymbolTableRecord
100
AcDbBlockTableRecord
  2
*D94
340
0
 70
     0
280
     1
281
     0
  0
BLOCK_RECORD
  5
729
330
1
100
AcDbSymbolTableRecord
100
AcDbBlockTableRecord
  2
*D95
340
0
 70
     0
280
     1
281
     0
  0
BLOCK_RECORD
  5
735
330
1
100
AcDbSymbolTableRecord
100
AcDbBlockTableRecord
  2
*D96
340
0
 70
     0
280
     1
281
     0
  0
BLOCK_RECORD
  5
741
330
1
100
AcDbSymbolTableRecord
100
AcDbBlockTableRecord
  2
*D97
340
0
 70
     0
280
     1
281
     0
  0
BLOCK_RECORD
  5
74D
330
1
100
AcDbSymbolTableRecord
100
AcDbBlockTableRecord
  2
*D98
340
0
 70
     0
280
     1
281
     0
  0
BLOCK_RECORD
  5
759
330
1
100
AcDbSymbolTableRecord
100
AcDbBlockTableRecord
  2
*D99
340
0
 70
     0
280
     1
281
     0
  0
BLOCK_RECORD
  5
765
330
1
100
AcDbSymbolTableRecord
100
AcDbBlockTableRecord
  2
*D100
340
0
 70
     0
280
     1
281
     0
  0
BLOCK_RECORD
  5
771
330
1
100
AcDbSymbolTableRecord
100
AcDbBlockTableRecord
  2
*D101
340
0
 70
     0
280
     1
281
     0
  0
BLOCK_RECORD
  5
77D
330
1
100
AcDbSymbolTableRecord
100
AcDbBlockTableRecord
  2
*D102
340
0
 70
     0
280
     1
281
     0
  0
BLOCK_RECORD
  5
789
330
1
100
AcDbSymbolTableRecord
100
AcDbBlockTableRecord
  2
*D103
340
0
 70
     0
280
     1
281
     0
  0
BLOCK_RECORD
  5
795
330
1
100
AcDbSymbolTableRecord
100
AcDbBlockTableRecord
  2
*D104
340
0
 70
     0
280
     1
281
     0
  0
BLOCK_RECORD
  5
7A1
330
1
100
AcDbSymbolTableRecord
100
AcDbBlockTableRecord
  2
*D105
340
0
 70
     0
280
     1
281
     0
  0
BLOCK_RECORD
  5
7AF
330
1
100
AcDbSymbolTableRecord
100
AcDbBlockTableRecord
  2
*D106
340
0
 70
     0
280
     1
281
     0
  0
BLOCK_RECORD
  5
7BD
330
1
100
AcDbSymbolTableRecord
100
AcDbBlockTableRecord
  2
*D107
340
0
 70
     0
280
     1
281
     0
  0
BLOCK_RECORD
  5
7C9
330
1
100
AcDbSymbolTableRecord
100
AcDbBlockTableRecord
  2
*D108
340
0
 70
     0
280
     1
281
     0
  0
BLOCK_RECORD
  5
7D5
330
1
100
AcDbSymbolTableRecord
100
AcDbBlockTableRecord
  2
*D109
340
0
 70
     0
280
     1
281
     0
  0
BLOCK_RECORD
  5
7E3
330
1
100
AcDbSymbolTableRecord
100
AcDbBlockTableRecord
  2
*D110
340
0
 70
     0
280
     1
281
     0
  0
BLOCK_RECORD
  5
7EF
330
1
100
AcDbSymbolTableRecord
100
AcDbBlockTableRecord
  2
*D111
340
0
 70
     0
280
     1
281
     0
  0
BLOCK_RECORD
  5
7FB
330
1
100
AcDbSymbolTableRecord
100
AcDbBlockTableRecord
  2
*D112
340
0
 70
     0
280
     1
281
     0
  0
BLOCK_RECORD
  5
807
330
1
100
AcDbSymbolTableRecord
100
AcDbBlockTableRecord
  2
*D113
340
0
 70
     0
280
     1
281
     0
  0
BLOCK_RECORD
  5
815
330
1
100
AcDbSymbolTableRecord
100
AcDbBlockTableRecord
  2
*D114
340
0
 70
     0
280
     1
281
     0
  0
BLOCK_RECORD
  5
823
330
1
100
AcDbSymbolTableRecord
100
AcDbBlockTableRecord
  2
*D115
340
0
 70
     0
280
     1
281
     0
  0
BLOCK_RECORD
  5
82F
330
1
100
AcDbSymbolTableRecord
100
AcDbBlockTableRecord
  2
*D116
340
0
 70
     0
280
     1
281
     0
  0
BLOCK_RECORD
  5
83B
330
1
100
AcDbSymbolTableRecord
100
AcDbBlockTableRecord
  2
*D117
340
0
 70
     0
280
     1
281
     0
  0
BLOCK_RECORD
  5
849
330
1
100
AcDbSymbolTableRecord
100
AcDbBlockTableRecord
  2
*D118
340
0
 70
     0
280
     1
281
     0
  0
BLOCK_RECORD
  5
855
330
1
100
AcDbSymbolTableRecord
100
AcDbBlockTableRecord
  2
*D119
340
0
 70
     0
280
     1
281
     0
  0
BLOCK_RECORD
  5
861
330
1
100
AcDbSymbolTableRecord
100
AcDbBlockTableRecord
  2
*D120
340
0
 70
     0
280
     1
281
     0
  0
BLOCK_RECORD
  5
86F
330
1
100
AcDbSymbolTableRecord
100
AcDbBlockTableRecord
  2
*D121
340
0
 70
     0
280
     1
281
     0
  0
BLOCK_RECORD
  5
87B
330
1
100
AcDbSymbolTableRecord
100
AcDbBlockTableRecord
  2
*D122
340
0
 70
     0
280
     1
281
     0
  0
BLOCK_RECORD
  5
887
330
1
100
AcDbSymbolTableRecord
100
AcDbBlockTableRecord
  2
*D123
340
0
 70
     0
280
     1
281
     0
  0
BLOCK_RECORD
  5
893
330
1
100
AcDbSymbolTableRecord
100
AcDbBlockTableRecord
  2
*D124
340
0
 70
     0
280
     1
281
     0
  0
BLOCK_RECORD
  5
89F
330
1
100
AcDbSymbolTableRecord
100
AcDbBlockTableRecord
  2
*D125
340
0
 70
     0
280
     1
281
     0
  0
BLOCK_RECORD
  5
8AB
330
1
100
AcDbSymbolTableRecord
100
AcDbBlockTableRecord
  2
*D126
340
0
 70
     0
280
     1
281
     0
  0
BLOCK_RECORD
  5
8B7
330
1
100
AcDbSymbolTableRecord
100
AcDbBlockTableRecord
  2
*D127
340
0
 70
     0
280
     1
281
     0
  0
BLOCK_RECORD
  5
8C3
330
1
100
AcDbSymbolTableRecord
100
AcDbBlockTableRecord
  2
*D128
340
0
 70
     0
280
     1
281
     0
  0
BLOCK_RECORD
  5
8D1
330
1
100
AcDbSymbolTableRecord
100
AcDbBlockTableRecord
  2
*D129
340
0
 70
     0
280
     1
281
     0
  0
BLOCK_RECORD
  5
8DF
330
1
100
AcDbSymbolTableRecord
100
AcDbBlockTableRecord
  2
*D130
340
0
 70
     0
280
     1
281
     0
  0
BLOCK_RECORD
  5
8EB
330
1
100
AcDbSymbolTableRecord
100
AcDbBlockTableRecord
  2
*D131
340
0
 70
     0
280
     1
281
     0
  0
BLOCK_RECORD
  5
8F7
330
1
100
AcDbSymbolTableRecord
100
AcDbBlockTableRecord
  2
*D132
340
0
 70
     0
280
     1
281
     0
  0
BLOCK_RECORD
  5
905
330
1
100
AcDbSymbolTableRecord
100
AcDbBlockTableRecord
  2
*D133
340
0
 70
     0
280
     1
281
     0
  0
BLOCK_RECORD
  5
911
330
1
100
AcDbSymbolTableRecord
100
AcDbBlockTableRecord
  2
*D134
340
0
 70
     0
280
     1
281
     0
  0
BLOCK_RECORD
  5
91D
330
1
100
AcDbSymbolTableRecord
100
AcDbBlockTableRecord
  2
*D135
340
0
 70
     0
280
     1
281
     0
  0
BLOCK_RECORD
  5
92B
330
1
100
AcDbSymbolTableRecord
100
AcDbBlockTableRecord
  2
*D136
340
0
 70
     0
280
     1
281
     0
  0
ENDTAB
  0
ENDSEC
  0
SECTION
  2
BLOCKS
  0
BLOCK
  5
5
330
2
100
AcDbEntity
  8
0
100
AcDbBlockBegin
  2
*Model_Space
 70
     0
 10
0.0
 20
0.0
 30
0.0
  3
*Model_Space
  1

  0
ENDBLK
  5
D
330
2
100
AcDbEntity
  8
0
100
AcDbBlockEnd
  0
BLOCK
  5
12
330
11
100
AcDbEntity
 67
     1
  8
0
100
AcDbBlockBegin
  2
*Paper_Space
 70
     0
 10
0.0
 20
0.0
 30
0.0
  3
*Paper_Space
  1

  0
ENDBLK
  5
13
330
11
100
AcDbEntity
 67
     1
  8
0
100
AcDbBlockEnd
  0
BLOCK
  5
16E
330
16C
100
AcDbEntity
  8
0
100
AcDbBlockBegin
  2
GK1
 70
     0
 10
0.0
 20
0.0
 30
0.0
  3
GK1
  1

  0
CIRCLE
  5
16F
330
16C
100
AcDbEntity
  8
0
100
AcDbCircle
 10
0.0
 20
0.0
 30
0.0
 40
2.25
  0
ENDBLK
  5
170
330
16C
100
AcDbEntity
  8
0
100
AcDbBlockEnd
  0
BLOCK
  5
106
330
105
100
AcDbEntity
  8
0
100
AcDbBlockBegin
  2
DK1
 70
     0
 10
0.0
 20
0.0
 30
0.0
  3
DK1
  1

  0
ARC
  5
107
330
105
100
AcDbEntity
  8
0
100
AcDbCircle
 10
0.0
 20
2.0
 30
0.0
 40
2.5
100
AcDbArc
 50
0.0
 51
180.0
  0
ARC
  5
108
330
105
100
AcDbEntity
  8
0
100
AcDbCircle
 10
0.0
 20
-2.0
 30
0.0
 40
2.5
100
AcDbArc
 50
180.0
 51
0.0
  0
LINE
  5
109
330
105
100
AcDbEntity
  8
0
100
AcDbLine
 10
-2.5
 20
-2.0
 30
0.0
 11
-2.5
 21
2.0
 31
0.0
  0
LINE
  5
10A
330
105
100
AcDbEntity
  8
0
100
AcDbLine
 10
2.5
 20
-2.0
 30
0.0
 11
2.5
 21
2.0
 31
0.0
  0
ENDBLK
  5
10B
330
105
100
AcDbEntity
  8
0
100
AcDbBlockEnd
  0
BLOCK
  5
CC
330
CB
100
AcDbEntity
  8
0
100
AcDbBlockBegin
  2
DKCXK1
 70
     0
 10
0.0
 20
0.0
 30
0.0
  3
DKCXK1
  1

  0
LWPOLYLINE
  5
CD
330
CB
100
AcDbEntity
  8
0
 62
     7
100
AcDbPolyline
 90
        2
 70
     0
 43
0.0
 10
17.75
 20
18.5
 10
17.75
 20
-18.5
  0
LWPOLYLINE
  5
CE
330
CB
100
AcDbEntity
  8
0
 62
     7
100
AcDbPolyline
 90
        2
 70
     0
 43
0.0
 10
-17.75
 20
-18.5
 10
-17.75
 20
18.5
  0
ARC
  5
CF
330
CB
100
AcDbEntity
  8
0
 62
     7
100
AcDbCircle
 10
0.0
 20
18.5
 30
0.0
 40
17.75
100
AcDbArc
 50
0.0
 51
180.0
  0
ARC
  5
D0
330
CB
100
AcDbEntity
  8
0
 62
     7
100
AcDbCircle
 10
0.0
 20
-18.5
 30
0.0
 40
17.75
100
AcDbArc
 50
180.0
 51
0.0
  0
ENDBLK
  5
D1
330
CB
100
AcDbEntity
  8
0
100
AcDbBlockEnd
  0
BLOCK
  5
74
330
73
100
AcDbEntity
  8
0
100
AcDbBlockBegin
  2
_ClosedBlank
 70
     0
 10
0.0
 20
0.0
 30
0.0
  3
_ClosedBlank
  1

  0
LINE
  5
75
330
73
100
AcDbEntity
  8
0
  6
ByBlock
 62
     0
370
    -2
100
AcDbLine
 10
-1.0
 20
0.1666666666666666
 30
0.0
 11
0.0
 21
0.0
 31
0.0
  0
LINE
  5
76
330
73
100
AcDbEntity
  8
0
  6
ByBlock
 62
     0
370
    -2
100
AcDbLine
 10
0.0
 20
0.0
 30
0.0
 11
-1.0
 21
-0.1666666666666666
 31
0.0
  0
LINE
  5
77
330
73
100
AcDbEntity
  8
0
  6
ByBlock
 62
     0
370
    -2
100
AcDbLine
 10
-1.0
 20
0.1666666666666666
 30
0.0
 11
-1.0
 21
-0.1666666666666666
 31
0.0
  0
ENDBLK
  5
78
330
73
100
AcDbEntity
  8
0
100
AcDbBlockEnd
  0
BLOCK
  5
30A
330
309
100
AcDbEntity
  8
0
100
AcDbBlockBegin
  2
*D4
 70
     1
 10
0.0
 20
0.0
 30
0.0
  3
*D4
  1

  0
LINE
  5
30B
330
309
100
AcDbEntity
  8
绘图层
 62
     4
440
 16777216
370
     9
100
AcDbLine
 10
2352.004249309813
 20
2126.157665663181
 30
0.0
 11
2309.551880538726
 21
2126.157665663181
 31
0.0
  0
LINE
  5
30C
330
309
100
AcDbEntity
  8
绘图层
 62
     4
440
 16777216
370
     9
100
AcDbLine
 10
2372.004249309805
 20
2228.157665663192
 30
0.0
 11
2309.551880538726
 21
2228.157665663192
 31
0.0
  0
LINE
  5
30D
330
309
100
AcDbEntity
  8
绘图层
 62
     4
440
 16777216
370
     9
100
AcDbLine
 10
2312.051880538726
 20
2136.15766566318
 30
0.0
 11
2312.051880538726
 21
2218.157665663191
 31
0.0
  0
INSERT
  5
30E
330
309
100
AcDbEntity
  8
绘图层
 62
     4
440
 16777216
370
     9
100
AcDbBlockReference
  2
_ClosedBlank
 10
2312.051880538726
 20
2126.157665663181
 30
0.0
 41
10.0
 42
10.0
 43
10.0
 50
270.0
  0
INSERT
  5
30F
330
309
100
AcDbEntity
  8
绘图层
 62
     4
440
 16777216
370
     9
100
AcDbBlockReference
  2
_ClosedBlank
 10
2312.051880538726
 20
2228.157665663192
 30
0.0
 41
10.0
 42
10.0
 43
10.0
 50
90.0
  0
MTEXT
  5
310
330
309
100
AcDbEntity
  8
绘图层
 62
     7
440
 16777216
100
AcDbMText
 10
2299.001889653309
 20
2177.157665663187
 30
0.0
 40
20.0
 41
0.0
 46
0.0
 71
     5
 72
     1
  1
\A1;102
 11
0.0000000000000001
 21
1.0
 31
0.0
 73
     1
 44
1.0
  0
POINT
  5
311
330
309
100
AcDbEntity
  8
Defpoints
 62
     0
440
 16777216
100
AcDbPoint
 10
2352.004249309813
 20
2126.157665663181
 30
0.0
  0
POINT
  5
312
330
309
100
AcDbEntity
  8
Defpoints
 62
     0
440
 16777216
100
AcDbPoint
 10
2372.004249309805
 20
2228.157665663192
 30
0.0
  0
POINT
  5
313
330
309
100
AcDbEntity
  8
Defpoints
 62
     0
440
 16777216
100
AcDbPoint
 10
2312.051880538726
 20
2228.157665663192
 30
0.0
  0
ENDBLK
  5
314
330
309
100
AcDbEntity
  8
0
100
AcDbBlockEnd
  0
BLOCK
  5
317
330
316
100
AcDbEntity
  8
0
100
AcDbBlockBegin
  2
*D5
 70
     1
 10
0.0
 20
0.0
 30
0.0
  3
*D5
  1

  0
LINE
  5
318
330
316
100
AcDbEntity
  8
绘图层
 62
     4
440
 16777216
370
     9
100
AcDbLine
 10
2372.004249309805
 20
2228.157665663192
 30
0.0
 11
2267.859827671753
 21
2228.157665663192
 31
0.0
  0
LINE
  5
319
330
316
100
AcDbEntity
  8
绘图层
 62
     4
440
 16777216
370
     9
100
AcDbLine
 10
2352.004249309813
 20
2103.15766566318
 30
0.0
 11
2267.859827671753
 21
2103.15766566318
 31
0.0
  0
LINE
  5
31A
330
316
100
AcDbEntity
  8
绘图层
 62
     4
440
 16777216
370
     9
100
AcDbLine
 10
2270.359827671753
 20
2218.157665663191
 30
0.0
 11
2270.359827671753
 21
2113.15766566318
 31
0.0
  0
INSERT
  5
31B
330
316
100
AcDbEntity
  8
绘图层
 62
     4
440
 16777216
370
     9
100
AcDbBlockReference
  2
_ClosedBlank
 10
2270.359827671753
 20
2228.157665663192
 30
0.0
 41
10.0
 42
10.0
 43
10.0
 50
90.0
  0
INSERT
  5
31C
330
316
100
AcDbEntity
  8
绘图层
 62
     4
440
 16777216
370
     9
100
AcDbBlockReference
  2
_ClosedBlank
 10
2270.359827671753
 20
2103.15766566318
 30
0.0
 41
10.0
 42
10.0
 43
10.0
 50
270.0
  0
MTEXT
  5
31D
330
316
100
AcDbEntity
  8
绘图层
 62
     7
440
 16777216
100
AcDbMText
 10
2257.309836786336
 20
2165.657665663187
 30
0.0
 40
20.0
 41
0.0
 46
0.0
 71
     5
 72
     1
  1
\A1;125
 11
0.0000000000000001
 21
1.0
 31
0.0
 73
     1
 44
1.0
  0
POINT
  5
31E
330
316
100
AcDbEntity
  8
Defpoints
 62
     0
440
 16777216
100
AcDbPoint
 10
2372.004249309805
 20
2228.157665663192
 30
0.0
  0
POINT
  5
31F
330
316
100
AcDbEntity
  8
Defpoints
 62
     0
440
 16777216
100
AcDbPoint
 10
2352.004249309813
 20
2103.15766566318
 30
0.0
  0
POINT
  5
320
330
316
100
AcDbEntity
  8
Defpoints
 62
     0
440
 16777216
100
AcDbPoint
 10
2270.359827671753
 20
2103.15766566318
 30
0.0
  0
ENDBLK
  5
321
330
316
100
AcDbEntity
  8
0
100
AcDbBlockEnd
  0
BLOCK
  5
3A8
330
3A7
100
AcDbEntity
  8
0
100
AcDbBlockBegin
  2
*D6
 70
     1
 10
0.0
 20
0.0
 30
0.0
  3
*D6
  1

  0
LINE
  5
3A9
330
3A7
100
AcDbEntity
  8
标注层
 62
     4
440
 16777216
370
     9
100
AcDbLine
 10
2465.5
 20
1740.0
 30
0.0
 11
2465.5
 21
1880.14215493451
 31
0.0
  0
LINE
  5
3AA
330
3A7
100
AcDbEntity
  8
标注层
 62
     4
440
 16777216
370
     9
100
AcDbLine
 10
2754.5
 20
1733.0
 30
0.0
 11
2754.5
 21
1880.14215493451
 31
0.0
  0
LINE
  5
3AB
330
3A7
100
AcDbEntity
  8
标注层
 62
     4
440
 16777216
370
     9
100
AcDbLine
 10
2475.5
 20
1877.64215493451
 30
0.0
 11
2744.5
 21
1877.64215493451
 31
0.0
  0
INSERT
  5
3AC
330
3A7
100
AcDbEntity
  8
标注层
 62
     4
440
 16777216
370
     9
100
AcDbBlockReference
  2
_ClosedBlank
 10
2465.5
 20
1877.64215493451
 30
0.0
 41
10.0
 42
10.0
 43
10.0
 50
180.0
  0
INSERT
  5
3AD
330
3A7
100
AcDbEntity
  8
标注层
 62
     4
440
 16777216
370
     9
100
AcDbBlockReference
  2
_ClosedBlank
 10
2754.5
 20
1877.64215493451
 30
0.0
 41
10.0
 42
10.0
 43
10.0
  0
MTEXT
  5
3AE
330
3A7
100
AcDbEntity
  8
标注层
 62
     7
440
 16777216
100
AcDbMText
 10
2610.0
 20
1890.692145819927
 30
0.0
 40
20.0
 41
0.0
 46
0.0
 71
     5
 72
     1
  1
\A1;289
 73
     1
 44
1.0
  0
POINT
  5
3AF
330
3A7
100
AcDbEntity
  8
Defpoints
 62
     0
440
 16777216
100
AcDbPoint
 10
2465.5
 20
1740.0
 30
0.0
  0
POINT
  5
3B0
330
3A7
100
AcDbEntity
  8
Defpoints
 62
     0
440
 16777216
100
AcDbPoint
 10
2754.5
 20
1733.0
 30
0.0
  0
POINT
  5
3B1
330
3A7
100
AcDbEntity
  8
Defpoints
 62
     0
440
 16777216
100
AcDbPoint
 10
2754.5
 20
1877.64215493451
 30
0.0
  0
ENDBLK
  5
3B2
330
3A7
100
AcDbEntity
  8
0
100
AcDbBlockEnd
  0
BLOCK
  5
424
330
423
100
AcDbEntity
  8
0
100
AcDbBlockBegin
  2
*D7
 70
     1
 10
0.0
 20
0.0
 30
0.0
  3
*D7
  1

  0
LINE
  5
425
330
423
100
AcDbEntity
  8
标注层
 62
     4
440
 16777216
370
     9
100
AcDbLine
 10
6697.89990234296
 20
0.0
 30
0.0
 11
6697.89990234296
 21
-123.5489226459904
 31
0.0
  0
LINE
  5
426
330
423
100
AcDbEntity
  8
标注层
 62
     4
440
 16777216
370
     9
100
AcDbLine
 10
6786.899902342961
 20
0.0
 30
0.0
 11
6786.899902342961
 21
-123.5489226459904
 31
0.0
  0
LINE
  5
427
330
423
100
AcDbEntity
  8
标注层
 62
     4
440
 16777216
370
     9
100
AcDbLine
 10
6707.89990234296
 20
-121.0489226459904
 30
0.0
 11
6776.89990234296
 21
-121.0489226459904
 31
0.0
  0
INSERT
  5
428
330
423
100
AcDbEntity
  8
标注层
 62
     4
440
 16777216
370
     9
100
AcDbBlockReference
  2
_ClosedBlank
 10
6697.89990234296
 20
-121.0489226459904
 30
0.0
 41
10.0
 42
10.0
 43
10.0
 50
180.0
  0
INSERT
  5
429
330
423
100
AcDbEntity
  8
标注层
 62
     4
440
 16777216
370
     9
100
AcDbBlockReference
  2
_ClosedBlank
 10
6786.899902342961
 20
-121.0489226459904
 30
0.0
 41
10.0
 42
10.0
 43
10.0
  0
MTEXT
  5
42A
330
423
100
AcDbEntity
  8
标注层
 62
     7
440
 16777216
100
AcDbMText
 10
6742.39990234296
 20
-107.9989317605737
 30
0.0
 40
20.0
 41
0.0
 46
0.0
 71
     5
 72
     1
  1
\A1;89
 73
     1
 44
1.0
  0
POINT
  5
42B
330
423
100
AcDbEntity
  8
Defpoints
 62
     0
440
 16777216
100
AcDbPoint
 10
6697.89990234296
 20
0.0
 30
0.0
  0
POINT
  5
42C
330
423
100
AcDbEntity
  8
Defpoints
 62
     0
440
 16777216
100
AcDbPoint
 10
6786.899902342961
 20
0.0
 30
0.0
  0
POINT
  5
42D
330
423
100
AcDbEntity
  8
Defpoints
 62
     0
440
 16777216
100
AcDbPoint
 10
6786.899902342961
 20
-121.0489226459904
 30
0.0
  0
ENDBLK
  5
42E
330
423
100
AcDbEntity
  8
0
100
AcDbBlockEnd
  0
BLOCK
  5
D4
330
D3
100
AcDbEntity
  8
0
100
AcDbBlockBegin
  2
*D8
 70
     1
 10
0.0
 20
0.0
 30
0.0
  3
*D8
  1

  0
LINE
  5
D5
330
D3
100
AcDbEntity
  8
标注层
 62
     4
440
 16777216
370
     9
100
AcDbLine
 10
6737.899902342959
 20
852.25
 30
0.0
 11
6737.899902342959
 21
899.7965808192747
 31
0.0
  0
LINE
  5
D6
330
D3
100
AcDbEntity
  8
标注层
 62
     4
440
 16777216
370
     9
100
AcDbLine
 10
6697.89990234296
 20
852.25
 30
0.0
 11
6697.89990234296
 21
899.7965808192747
 31
0.0
  0
LINE
  5
D7
330
D3
100
AcDbEntity
  8
标注层
 62
     4
440
 16777216
370
     9
100
AcDbLine
 10
6727.899902342961
 20
897.2965808192746
 30
0.0
 11
6707.89990234296
 21
897.2965808192746
 31
0.0
  0
INSERT
  5
D8
330
D3
100
AcDbEntity
  8
标注层
 62
     4
440
 16777216
370
     9
100
AcDbBlockReference
  2
_ClosedBlank
 10
6737.899902342959
 20
897.2965808192746
 30
0.0
 41
10.0
 42
10.0
 43
10.0
  0
INSERT
  5
D9
330
D3
100
AcDbEntity
  8
标注层
 62
     4
440
 16777216
370
     9
100
AcDbBlockReference
  2
_ClosedBlank
 10
6697.89990234296
 20
897.2965808192746
 30
0.0
 41
10.0
 42
10.0
 43
10.0
 50
180.0
  0
MTEXT
  5
DA
330
D3
100
AcDbEntity
  8
标注层
 62
     7
440
 16777216
100
AcDbMText
 10
6717.899902342961
 20
910.3465717046915
 30
0.0
 40
20.0
 41
0.0
 46
0.0
 71
     5
 72
     1
  1
\A1;40
 73
     1
 44
1.0
  0
POINT
  5
DB
330
D3
100
AcDbEntity
  8
Defpoints
 62
     0
440
 16777216
100
AcDbPoint
 10
6737.899902342959
 20
852.25
 30
0.0
  0
POINT
  5
DC
330
D3
100
AcDbEntity
  8
Defpoints
 62
     0
440
 16777216
100
AcDbPoint
 10
6697.89990234296
 20
852.25
 30
0.0
  0
POINT
  5
DD
330
D3
100
AcDbEntity
  8
Defpoints
 62
     0
440
 16777216
100
AcDbPoint
 10
6697.89990234296
 20
897.2965808192746
 30
0.0
  0
ENDBLK
  5
DE
330
D3
100
AcDbEntity
  8
0
100
AcDbBlockEnd
  0
BLOCK
  5
E1
330
E0
100
AcDbEntity
  8
0
100
AcDbBlockBegin
  2
*D9
 70
     1
 10
0.0
 20
0.0
 30
0.0
  3
*D9
  1

  0
LINE
  5
E2
330
E0
100
AcDbEntity
  8
标注层
 62
     4
440
 16777216
370
     9
100
AcDbLine
 10
6720.14990234296
 20
816.0
 30
0.0
 11
6548.621725156286
 21
816.0
 31
0.0
  0
LINE
  5
E3
330
E0
100
AcDbEntity
  8
标注层
 62
     4
440
 16777216
370
     9
100
AcDbLine
 10
6629.39990234296
 20
0.0
 30
0.0
 11
6548.621725156286
 21
0.0000000000000229
 31
0.0
  0
LINE
  5
E4
330
E0
100
AcDbEntity
  8
标注层
 62
     4
440
 16777216
370
     9
100
AcDbLine
 10
6551.121725156285
 20
806.0
 30
0.0
 11
6551.121725156285
 21
10.00000000000002
 31
0.0
  0
INSERT
  5
E5
330
E0
100
AcDbEntity
  8
标注层
 62
     4
440
 16777216
370
     9
100
AcDbBlockReference
  2
_ClosedBlank
 10
6551.121725156285
 20
816.0
 30
0.0
 41
10.0
 42
10.0
 43
10.0
 50
90.0
  0
INSERT
  5
E6
330
E0
100
AcDbEntity
  8
标注层
 62
     4
440
 16777216
370
     9
100
AcDbBlockReference
  2
_ClosedBlank
 10
6551.121725156285
 20
0.0000000000000222
 30
0.0
 41
10.0
 42
10.0
 43
10.0
 50
270.0
  0
MTEXT
  5
E7
330
E0
100
AcDbEntity
  8
标注层
 62
     7
440
 16777216
100
AcDbMText
 10
6528.07173427087
 20
408.0000000000009
 30
0.0
 40
40.0
 41
0.0
 46
0.0
 71
     5
 72
     1
  1
\A1;816
 11
0.0000000000000001
 21
1.0
 31
0.0
 73
     1
 44
1.0
  0
POINT
  5
E8
330
E0
100
AcDbEntity
  8
Defpoints
 62
     0
440
 16777216
100
AcDbPoint
 10
6720.14990234296
 20
816.0
 30
0.0
  0
POINT
  5
E9
330
E0
100
AcDbEntity
  8
Defpoints
 62
     0
440
 16777216
100
AcDbPoint
 10
6629.39990234296
 20
0.0
 30
0.0
  0
POINT
  5
EA
330
E0
100
AcDbEntity
  8
Defpoints
 62
     0
440
 16777216
100
AcDbPoint
 10
6551.121725156285
 20
0.0000000000000222
 30
0.0
  0
ENDBLK
  5
EB
330
E0
100
AcDbEntity
  8
0
100
AcDbBlockEnd
  0
BLOCK
  5
14B
330
14A
100
AcDbEntity
  8
0
100
AcDbBlockBegin
  2
*D10
 70
     1
 10
0.0
 20
0.0
 30
0.0
  3
*D10
  1

  0
LINE
  5
14C
330
14A
100
AcDbEntity
  8
标注层
 62
     4
440
 16777216
370
     9
100
AcDbLine
 10
2465.5
 20
0.0
 30
0.0
 11
2374.973167546414
 21
0.0000000000000256
 31
0.0
  0
LINE
  5
14D
330
14A
100
AcDbEntity
  8
标注层
 62
     4
440
 16777216
370
     9
100
AcDbLine
 10
2550.250048828126
 20
816.0
 30
0.0
 11
2374.973167546414
 21
816.0
 31
0.0
  0
LINE
  5
14E
330
14A
100
AcDbEntity
  8
标注层
 62
     4
440
 16777216
370
     9
100
AcDbLine
 10
2377.473167546414
 20
10.00000000000002
 30
0.0
 11
2377.473167546414
 21
806.0
 31
0.0
  0
INSERT
  5
14F
330
14A
100
AcDbEntity
  8
标注层
 62
     4
440
 16777216
370
     9
100
AcDbBlockReference
  2
_ClosedBlank
 10
2377.473167546414
 20
0.0000000000000249
 30
0.0
 41
10.0
 42
10.0
 43
10.0
 50
270.0
  0
INSERT
  5
150
330
14A
100
AcDbEntity
  8
标注层
 62
     4
440
 16777216
370
     9
100
AcDbBlockReference
  2
_ClosedBlank
 10
2377.473167546414
 20
816.0
 30
0.0
 41
10.0
 42
10.0
 43
10.0
 50
90.0
  0
MTEXT
  5
151
330
14A
100
AcDbEntity
  8
标注层
 62
     7
440
 16777216
100
AcDbMText
 10
2354.423176660997
 20
408.0000000000002
 30
0.0
 40
40.0
 41
0.0
 46
0.0
 71
     5
 72
     1
  1
\A1;816
 11
0.0000000000000001
 21
1.0
 31
0.0
 73
     1
 44
1.0
  0
POINT
  5
152
330
14A
100
AcDbEntity
  8
Defpoints
 62
     0
440
 16777216
100
AcDbPoint
 10
2465.5
 20
0.0
 30
0.0
  0
POINT
  5
153
330
14A
100
AcDbEntity
  8
Defpoints
 62
     0
440
 16777216
100
AcDbPoint
 10
2550.250048828126
 20
816.0
 30
0.0
  0
POINT
  5
154
330
14A
100
AcDbEntity
  8
Defpoints
 62
     0
440
 16777216
100
AcDbPoint
 10
2377.473167546414
 20
816.0
 30
0.0
  0
ENDBLK
  5
155
330
14A
100
AcDbEntity
  8
0
100
AcDbBlockEnd
  0
BLOCK
  5
178
330
177
100
AcDbEntity
  8
0
100
AcDbBlockBegin
  2
*D11
 70
     1
 10
0.0
 20
0.0
 30
0.0
  3
*D11
  1

  0
LINE
  5
179
330
177
100
AcDbEntity
  8
绘图层
 62
     4
440
 16777216
370
     9
100
AcDbLine
 10
6633.312238542711
 20
2135.672225480336
 30
0.0
 11
6633.312238542711
 21
2165.02298714469
 31
0.0
  0
LINE
  5
17A
330
177
100
AcDbEntity
  8
绘图层
 62
     4
440
 16777216
370
     9
100
AcDbLine
 10
6688.312238542713
 20
2135.672225480336
 30
0.0
 11
6688.312238542713
 21
2165.02298714469
 31
0.0
  0
LINE
  5
17B
330
177
100
AcDbEntity
  8
绘图层
 62
     4
440
 16777216
370
     9
100
AcDbLine
 10
6643.312238542714
 20
2162.52298714469
 30
0.0
 11
6678.312238542712
 21
2162.52298714469
 31
0.0
  0
INSERT
  5
17C
330
177
100
AcDbEntity
  8
绘图层
 62
     4
440
 16777216
370
     9
100
AcDbBlockReference
  2
_ClosedBlank
 10
6633.312238542711
 20
2162.52298714469
 30
0.0
 41
10.0
 42
10.0
 43
10.0
 50
180.0
  0
INSERT
  5
17D
330
177
100
AcDbEntity
  8
绘图层
 62
     4
440
 16777216
370
     9
100
AcDbBlockReference
  2
_ClosedBlank
 10
6688.312238542713
 20
2162.52298714469
 30
0.0
 41
10.0
 42
10.0
 43
10.0
  0
MTEXT
  5
17E
330
177
100
AcDbEntity
  8
绘图层
 62
     7
440
 16777216
100
AcDbMText
 10
6660.812238542714
 20
2175.572978030107
 30
0.0
 40
20.0
 41
0.0
 46
0.0
 71
     5
 72
     1
  1
\A1;55
 73
     1
 44
1.0
  0
POINT
  5
17F
330
177
100
AcDbEntity
  8
Defpoints
 62
     0
440
 16777216
100
AcDbPoint
 10
6633.312238542711
 20
2135.672225480336
 30
0.0
  0
POINT
  5
180
330
177
100
AcDbEntity
  8
Defpoints
 62
     0
440
 16777216
100
AcDbPoint
 10
6688.312238542713
 20
2135.672225480336
 30
0.0
  0
POINT
  5
181
330
177
100
AcDbEntity
  8
Defpoints
 62
     0
440
 16777216
100
AcDbPoint
 10
6688.312238542713
 20
2162.52298714469
 30
0.0
  0
ENDBLK
  5
182
330
177
100
AcDbEntity
  8
0
100
AcDbBlockEnd
  0
BLOCK
  5
185
330
184
100
AcDbEntity
  8
0
100
AcDbBlockBegin
  2
*D12
 70
     1
 10
0.0
 20
0.0
 30
0.0
  3
*D12
  1

  0
LINE
  5
186
330
184
100
AcDbEntity
  8
绘图层
 62
     4
440
 16777216
370
     9
100
AcDbLine
 10
6688.312238542713
 20
2008.672225480331
 30
0.0
 11
6688.312238542713
 21
1961.55680605255
 31
0.0
  0
LINE
  5
187
330
184
100
AcDbEntity
  8
绘图层
 62
     4
440
 16777216
370
     9
100
AcDbLine
 10
6613.312238542713
 20
2008.672225480331
 30
0.0
 11
6613.312238542713
 21
1961.55680605255
 31
0.0
  0
LINE
  5
188
330
184
100
AcDbEntity
  8
绘图层
 62
     4
440
 16777216
370
     9
100
AcDbLine
 10
6678.312238542712
 20
1964.056806052551
 30
0.0
 11
6623.312238542713
 21
1964.056806052551
 31
0.0
  0
INSERT
  5
189
330
184
100
AcDbEntity
  8
绘图层
 62
     4
440
 16777216
370
     9
100
AcDbBlockReference
  2
_ClosedBlank
 10
6688.312238542713
 20
1964.056806052551
 30
0.0
 41
10.0
 42
10.0
 43
10.0
  0
INSERT
  5
18A
330
184
100
AcDbEntity
  8
绘图层
 62
     4
440
 16777216
370
     9
100
AcDbBlockReference
  2
_ClosedBlank
 10
6613.312238542713
 20
1964.056806052551
 30
0.0
 41
10.0
 42
10.0
 43
10.0
 50
180.0
  0
MTEXT
  5
18B
330
184
100
AcDbEntity
  8
绘图层
 62
     7
440
 16777216
100
AcDbMText
 10
6650.812238542712
 20
1977.106796937968
 30
0.0
 40
20.0
 41
0.0
 46
0.0
 71
     5
 72
     1
  1
\A1;75
 73
     1
 44
1.0
  0
POINT
  5
18C
330
184
100
AcDbEntity
  8
Defpoints
 62
     0
440
 16777216
100
AcDbPoint
 10
6688.312238542713
 20
2008.672225480331
 30
0.0
  0
POINT
  5
18D
330
184
100
AcDbEntity
  8
Defpoints
 62
     0
440
 16777216
100
AcDbPoint
 10
6613.312238542713
 20
2008.672225480331
 30
0.0
  0
POINT
  5
18E
330
184
100
AcDbEntity
  8
Defpoints
 62
     0
440
 16777216
100
AcDbPoint
 10
6613.312238542713
 20
1964.056806052551
 30
0.0
  0
ENDBLK
  5
18F
330
184
100
AcDbEntity
  8
0
100
AcDbBlockEnd
  0
BLOCK
  5
192
330
191
100
AcDbEntity
  8
0
100
AcDbBlockBegin
  2
*D13
 70
     1
 10
0.0
 20
0.0
 30
0.0
  3
*D13
  1

  0
LINE
  5
193
330
191
100
AcDbEntity
  8
绘图层
 62
     4
440
 16777216
370
     9
100
AcDbLine
 10
6613.312238542713
 20
2008.672225480331
 30
0.0
 11
6582.242634996176
 21
2008.672225480331
 31
0.0
  0
LINE
  5
194
330
191
100
AcDbEntity
  8
绘图层
 62
     4
440
 16777216
370
     9
100
AcDbLine
 10
6613.312238542713
 20
2045.672225480332
 30
0.0
 11
6582.242634996176
 21
2045.672225480332
 31
0.0
  0
LINE
  5
195
330
191
100
AcDbEntity
  8
绘图层
 62
     4
440
 16777216
370
     9
100
AcDbLine
 10
6584.742634996175
 20
2018.672225480332
 30
0.0
 11
6584.742634996175
 21
2035.672225480332
 31
0.0
  0
INSERT
  5
196
330
191
100
AcDbEntity
  8
绘图层
 62
     4
440
 16777216
370
     9
100
AcDbBlockReference
  2
_ClosedBlank
 10
6584.742634996175
 20
2008.672225480331
 30
0.0
 41
10.0
 42
10.0
 43
10.0
 50
270.0
  0
INSERT
  5
197
330
191
100
AcDbEntity
  8
绘图层
 62
     4
440
 16777216
370
     9
100
AcDbBlockReference
  2
_ClosedBlank
 10
6584.742634996175
 20
2045.672225480332
 30
0.0
 41
10.0
 42
10.0
 43
10.0
 50
90.0
  0
MTEXT
  5
198
330
191
100
AcDbEntity
  8
绘图层
 62
     7
440
 16777216
100
AcDbMText
 10
6571.692644110759
 20
2027.172225480333
 30
0.0
 40
20.0
 41
0.0
 46
0.0
 71
     5
 72
     1
  1
\A1;37
 11
0.0000000000000001
 21
1.0
 31
0.0
 73
     1
 44
1.0
  0
POINT
  5
199
330
191
100
AcDbEntity
  8
Defpoints
 62
     0
440
 16777216
100
AcDbPoint
 10
6613.312238542713
 20
2008.672225480331
 30
0.0
  0
POINT
  5
19A
330
191
100
AcDbEntity
  8
Defpoints
 62
     0
440
 16777216
100
AcDbPoint
 10
6613.312238542713
 20
2045.672225480332
 30
0.0
  0
POINT
  5
19B
330
191
100
AcDbEntity
  8
Defpoints
 62
     0
440
 16777216
100
AcDbPoint
 10
6584.742634996175
 20
2045.672225480332
 30
0.0
  0
ENDBLK
  5
19C
330
191
100
AcDbEntity
  8
0
100
AcDbBlockEnd
  0
BLOCK
  5
19F
330
19E
100
AcDbEntity
  8
0
100
AcDbBlockBegin
  2
*D14
 70
     1
 10
0.0
 20
0.0
 30
0.0
  3
*D14
  1

  0
LINE
  5
1A0
330
19E
100
AcDbEntity
  8
绘图层
 62
     4
440
 16777216
370
     9
100
AcDbLine
 10
6613.312238542713
 20
2045.672225480332
 30
0.0
 11
6582.242634996174
 21
2045.672225480332
 31
0.0
  0
LINE
  5
1A1
330
19E
100
AcDbEntity
  8
绘图层
 62
     4
440
 16777216
370
     9
100
AcDbLine
 10
6633.312238542711
 20
2135.672225480336
 30
0.0
 11
6582.242634996176
 21
2135.672225480336
 31
0.0
  0
LINE
  5
1A2
330
19E
100
AcDbEntity
  8
绘图层
 62
     4
440
 16777216
370
     9
100
AcDbLine
 10
6584.742634996175
 20
2055.672225480332
 30
0.0
 11
6584.742634996175
 21
2125.672225480335
 31
0.0
  0
INSERT
  5
1A3
330
19E
100
AcDbEntity
  8
绘图层
 62
     4
440
 16777216
370
     9
100
AcDbBlockReference
  2
_ClosedBlank
 10
6584.742634996175
 20
2045.672225480332
 30
0.0
 41
10.0
 42
10.0
 43
10.0
 50
270.0
  0
INSERT
  5
1A4
330
19E
100
AcDbEntity
  8
绘图层
 62
     4
440
 16777216
370
     9
100
AcDbBlockReference
  2
_ClosedBlank
 10
6584.742634996175
 20
2135.672225480336
 30
0.0
 41
10.0
 42
10.0
 43
10.0
 50
90.0
  0
MTEXT
  5
1A5
330
19E
100
AcDbEntity
  8
绘图层
 62
     7
440
 16777216
100
AcDbMText
 10
6571.692644110758
 20
2090.672225480334
 30
0.0
 40
20.0
 41
0.0
 46
0.0
 71
     5
 72
     1
  1
\A1;90
 11
0.0000000000000001
 21
1.0
 31
0.0
 73
     1
 44
1.0
  0
POINT
  5
1A6
330
19E
100
AcDbEntity
  8
Defpoints
 62
     0
440
 16777216
100
AcDbPoint
 10
6613.312238542713
 20
2045.672225480332
 30
0.0
  0
POINT
  5
1A7
330
19E
100
AcDbEntity
  8
Defpoints
 62
     0
440
 16777216
100
AcDbPoint
 10
6633.312238542711
 20
2135.672225480336
 30
0.0
  0
POINT
  5
1A8
330
19E
100
AcDbEntity
  8
Defpoints
 62
     0
440
 16777216
100
AcDbPoint
 10
6584.742634996175
 20
2135.672225480336
 30
0.0
  0
ENDBLK
  5
1A9
330
19E
100
AcDbEntity
  8
0
100
AcDbBlockEnd
  0
BLOCK
  5
1AC
330
1AB
100
AcDbEntity
  8
0
100
AcDbBlockBegin
  2
*D15
 70
     1
 10
0.0
 20
0.0
 30
0.0
  3
*D15
  1

  0
LINE
  5
1AD
330
1AB
100
AcDbEntity
  8
绘图层
 62
     4
440
 16777216
370
     9
100
AcDbLine
 10
6633.312238542711
 20
2135.672225480336
 30
0.0
 11
6536.175711067554
 21
2135.672225480336
 31
0.0
  0
LINE
  5
1AE
330
1AB
100
AcDbEntity
  8
绘图层
 62
     4
440
 16777216
370
     9
100
AcDbLine
 10
6613.312238542713
 20
2008.672225480331
 30
0.0
 11
6536.175711067554
 21
2008.672225480331
 31
0.0
  0
LINE
  5
1AF
330
1AB
100
AcDbEntity
  8
绘图层
 62
     4
440
 16777216
370
     9
100
AcDbLine
 10
6538.675711067553
 20
2125.672225480335
 30
0.0
 11
6538.675711067553
 21
2018.672225480332
 31
0.0
  0
INSERT
  5
1B0
330
1AB
100
AcDbEntity
  8
绘图层
 62
     4
440
 16777216
370
     9
100
AcDbBlockReference
  2
_ClosedBlank
 10
6538.675711067553
 20
2135.672225480336
 30
0.0
 41
10.0
 42
10.0
 43
10.0
 50
90.0
  0
INSERT
  5
1B1
330
1AB
100
AcDbEntity
  8
绘图层
 62
     4
440
 16777216
370
     9
100
AcDbBlockReference
  2
_ClosedBlank
 10
6538.675711067553
 20
2008.672225480331
 30
0.0
 41
10.0
 42
10.0
 43
10.0
 50
270.0
  0
MTEXT
  5
1B2
330
1AB
100
AcDbEntity
  8
绘图层
 62
     7
440
 16777216
100
AcDbMText
 10
6525.625720182137
 20
2072.172225480334
 30
0.0
 40
20.0
 41
0.0
 46
0.0
 71
     5
 72
     1
  1
\A1;127
 11
0.0000000000000001
 21
1.0
 31
0.0
 73
     1
 44
1.0
  0
POINT
  5
1B3
330
1AB
100
AcDbEntity
  8
Defpoints
 62
     0
440
 16777216
100
AcDbPoint
 10
6633.312238542711
 20
2135.672225480336
 30
0.0
  0
POINT
  5
1B4
330
1AB
100
AcDbEntity
  8
Defpoints
 62
     0
440
 16777216
100
AcDbPoint
 10
6613.312238542713
 20
2008.672225480331
 30
0.0
  0
POINT
  5
1B5
330
1AB
100
AcDbEntity
  8
Defpoints
 62
     0
440
 16777216
100
AcDbPoint
 10
6538.675711067553
 20
2008.672225480331
 30
0.0
  0
ENDBLK
  5
1B6
330
1AB
100
AcDbEntity
  8
0
100
AcDbBlockEnd
  0
BLOCK
  5
1F0
330
1EF
100
AcDbEntity
  8
0
100
AcDbBlockBegin
  2
*D16
 70
     1
 10
0.0
 20
0.0
 30
0.0
  3
*D16
  1

  0
LINE
  5
1F1
330
1EF
100
AcDbEntity
  8
绘图层
 62
     4
440
 16777216
370
     9
100
AcDbLine
 10
6837.705324680084
 20
2035.672225480332
 30
0.0
 11
6837.705324680084
 21
2139.911974094561
 31
0.0
  0
LINE
  5
1F2
330
1EF
100
AcDbEntity
  8
绘图层
 62
     4
440
 16777216
370
     9
100
AcDbLine
 10
7161.90532468009
 20
2035.672225480332
 30
0.0
 11
7161.90532468009
 21
2139.911974094561
 31
0.0
  0
LINE
  5
1F3
330
1EF
100
AcDbEntity
  8
绘图层
 62
     4
440
 16777216
370
     9
100
AcDbLine
 10
6847.705324680084
 20
2137.411974094561
 30
0.0
 11
7151.90532468009
 21
2137.411974094561
 31
0.0
  0
INSERT
  5
1F4
330
1EF
100
AcDbEntity
  8
绘图层
 62
     4
440
 16777216
370
     9
100
AcDbBlockReference
  2
_ClosedBlank
 10
6837.705324680084
 20
2137.411974094561
 30
0.0
 41
10.0
 42
10.0
 43
10.0
 50
180.0
  0
INSERT
  5
1F5
330
1EF
100
AcDbEntity
  8
绘图层
 62
     4
440
 16777216
370
     9
100
AcDbBlockReference
  2
_ClosedBlank
 10
7161.90532468009
 20
2137.411974094561
 30
0.0
 41
10.0
 42
10.0
 43
10.0
  0
MTEXT
  5
1F6
330
1EF
100
AcDbEntity
  8
绘图层
 62
     7
440
 16777216
100
AcDbMText
 10
6999.805324680088
 20
2150.461964979978
 30
0.0
 40
20.0
 41
0.0
 46
0.0
 71
     5
 72
     1
  1
\A1;324.2
 73
     1
 44
1.0
  0
POINT
  5
1F7
330
1EF
100
AcDbEntity
  8
Defpoints
 62
     0
440
 16777216
100
AcDbPoint
 10
6837.705324680084
 20
2035.672225480332
 30
0.0
  0
POINT
  5
1F8
330
1EF
100
AcDbEntity
  8
Defpoints
 62
     0
440
 16777216
100
AcDbPoint
 10
7161.90532468009
 20
2035.672225480332
 30
0.0
  0
POINT
  5
1F9
330
1EF
100
AcDbEntity
  8
Defpoints
 62
     0
440
 16777216
100
AcDbPoint
 10
7161.90532468009
 20
2137.411974094561
 30
0.0
  0
ENDBLK
  5
1FA
330
1EF
100
AcDbEntity
  8
0
100
AcDbBlockEnd
  0
BLOCK
  5
1FF
330
1FE
100
AcDbEntity
  8
0
100
AcDbBlockBegin
  2
*D17
 70
     1
 10
0.0
 20
0.0
 30
0.0
  3
*D17
  1

  0
LINE
  5
200
330
1FE
100
AcDbEntity
  8
绘图层
 62
     4
440
 16777216
370
     9
100
AcDbLine
 10
6993.605324680085
 20
2035.372225480329
 30
0.0
 11
6993.605324680085
 21
2090.292099787447
 31
0.0
  0
LINE
  5
201
330
1FE
100
AcDbEntity
  8
绘图层
 62
     4
440
 16777216
370
     9
100
AcDbLine
 10
7161.90532468009
 20
2035.672225480332
 30
0.0
 11
7161.90532468009
 21
2090.292099787447
 31
0.0
  0
LINE
  5
202
330
1FE
100
AcDbEntity
  8
绘图层
 62
     4
440
 16777216
370
     9
100
AcDbLine
 10
7003.605324680086
 20
2087.792099787446
 30
0.0
 11
7151.90532468009
 21
2087.792099787446
 31
0.0
  0
INSERT
  5
203
330
1FE
100
AcDbEntity
  8
绘图层
 62
     4
440
 16777216
370
     9
100
AcDbBlockReference
  2
_ClosedBlank
 10
6993.605324680085
 20
2087.792099787446
 30
0.0
 41
10.0
 42
10.0
 43
10.0
 50
180.0
  0
INSERT
  5
204
330
1FE
100
AcDbEntity
  8
绘图层
 62
     4
440
 16777216
370
     9
100
AcDbBlockReference
  2
_ClosedBlank
 10
7161.90532468009
 20
2087.792099787446
 30
0.0
 41
10.0
 42
10.0
 43
10.0
  0
MTEXT
  5
205
330
1FE
100
AcDbEntity
  8
绘图层
 62
     7
440
 16777216
100
AcDbMText
 10
7077.755324680087
 20
2100.842090672863
 30
0.0
 40
20.0
 41
0.0
 46
0.0
 71
     5
 72
     1
  1
\A1;168.3
 73
     1
 44
1.0
  0
POINT
  5
206
330
1FE
100
AcDbEntity
  8
Defpoints
 62
     0
440
 16777216
100
AcDbPoint
 10
6993.605324680085
 20
2035.372225480329
 30
0.0
  0
POINT
  5
207
330
1FE
100
AcDbEntity
  8
Defpoints
 62
     0
440
 16777216
100
AcDbPoint
 10
7161.90532468009
 20
2035.672225480332
 30
0.0
  0
POINT
  5
208
330
1FE
100
AcDbEntity
  8
Defpoints
 62
     0
440
 16777216
100
AcDbPoint
 10
7161.90532468009
 20
2087.792099787446
 30
0.0
  0
ENDBLK
  5
209
330
1FE
100
AcDbEntity
  8
0
100
AcDbBlockEnd
  0
BLOCK
  5
20E
330
20D
100
AcDbEntity
  8
0
100
AcDbBlockBegin
  2
*D18
 70
     1
 10
0.0
 20
0.0
 30
0.0
  3
*D18
  1

  0
LINE
  5
20F
330
20D
100
AcDbEntity
  8
绘图层
 62
     4
440
 16777216
370
     9
100
AcDbLine
 10
6993.605324680085
 20
2035.372225480329
 30
0.0
 11
6993.605324680085
 21
2090.292099787447
 31
0.0
  0
LINE
  5
210
330
20D
100
AcDbEntity
  8
绘图层
 62
     4
440
 16777216
370
     9
100
AcDbLine
 10
6985.005324680085
 20
2035.372225480329
 30
0.0
 11
6985.005324680085
 21
2090.292099787447
 31
0.0
  0
LINE
  5
211
330
20D
100
AcDbEntity
  8
绘图层
 62
     4
440
 16777216
370
     9
100
AcDbLine
 10
7003.605324680086
 20
2087.792099787446
 30
0.0
 11
7013.605324680085
 21
2087.792099787446
 31
0.0
  0
LINE
  5
212
330
20D
100
AcDbEntity
  8
绘图层
 62
     4
440
 16777216
370
     9
100
AcDbLine
 10
6975.005324680086
 20
2087.792099787446
 30
0.0
 11
6918.905342909252
 21
2087.792099787446
 31
0.0
  0
LINE
  5
213
330
20D
100
AcDbEntity
  8
绘图层
 62
     4
440
 16777216
370
     9
100
AcDbLine
 10
6993.605324680085
 20
2087.792099787446
 30
0.0
 11
6985.005324680085
 21
2087.792099787446
 31
0.0
  0
INSERT
  5
214
330
20D
100
AcDbEntity
  8
绘图层
 62
     4
440
 16777216
370
     9
100
AcDbBlockReference
  2
_ClosedBlank
 10
6993.605324680085
 20
2087.792099787446
 30
0.0
 41
10.0
 42
10.0
 43
10.0
 50
180.0
  0
INSERT
  5
215
330
20D
100
AcDbEntity
  8
绘图层
 62
     4
440
 16777216
370
     9
100
AcDbBlockReference
  2
_ClosedBlank
 10
6985.005324680085
 20
2087.792099787446
 30
0.0
 41
10.0
 42
10.0
 43
10.0
  0
MTEXT
  5
216
330
20D
100
AcDbEntity
  8
绘图层
 62
     7
440
 16777216
100
AcDbMText
 10
6941.95533379467
 20
2100.842090672863
 30
0.0
 40
20.0
 41
0.0
 46
0.0
 71
     5
 72
     1
  1
\A1;8.6
 73
     1
 44
1.0
  0
POINT
  5
217
330
20D
100
AcDbEntity
  8
Defpoints
 62
     0
440
 16777216
100
AcDbPoint
 10
6993.605324680085
 20
2035.372225480329
 30
0.0
  0
POINT
  5
218
330
20D
100
AcDbEntity
  8
Defpoints
 62
     0
440
 16777216
100
AcDbPoint
 10
6985.005324680085
 20
2035.372225480329
 30
0.0
  0
POINT
  5
219
330
20D
100
AcDbEntity
  8
Defpoints
 62
     0
440
 16777216
100
AcDbPoint
 10
6985.005324680085
 20
2087.792099787446
 30
0.0
  0
ENDBLK
  5
21A
330
20D
100
AcDbEntity
  8
0
100
AcDbBlockEnd
  0
BLOCK
  5
21F
330
21E
100
AcDbEntity
  8
0
100
AcDbBlockBegin
  2
*D19
 70
     1
 10
0.0
 20
0.0
 30
0.0
  3
*D19
  1

  0
LINE
  5
220
330
21E
100
AcDbEntity
  8
绘图层
 62
     4
440
 16777216
370
     9
100
AcDbLine
 10
7147.40532468009
 20
2035.172225480332
 30
0.0
 11
7147.40532468009
 21
1976.777369839161
 31
0.0
  0
LINE
  5
221
330
21E
100
AcDbEntity
  8
绘图层
 62
     4
440
 16777216
370
     9
100
AcDbLine
 10
7161.90532468009
 20
2034.872225480329
 30
0.0
 11
7161.90532468009
 21
1976.777369839161
 31
0.0
  0
LINE
  5
222
330
21E
100
AcDbEntity
  8
绘图层
 62
     4
440
 16777216
370
     9
100
AcDbLine
 10
7137.405324680091
 20
1979.277369839161
 30
0.0
 11
7127.40532468009
 21
1979.277369839161
 31
0.0
  0
LINE
  5
223
330
21E
100
AcDbEntity
  8
绘图层
 62
     4
440
 16777216
370
     9
100
AcDbLine
 10
7171.905324680091
 20
1979.277369839161
 30
0.0
 11
7239.894195339812
 21
1979.277369839161
 31
0.0
  0
LINE
  5
224
330
21E
100
AcDbEntity
  8
绘图层
 62
     4
440
 16777216
370
     9
100
AcDbLine
 10
7147.40532468009
 20
1979.277369839161
 30
0.0
 11
7161.90532468009
 21
1979.277369839161
 31
0.0
  0
INSERT
  5
225
330
21E
100
AcDbEntity
  8
绘图层
 62
     4
440
 16777216
370
     9
100
AcDbBlockReference
  2
_ClosedBlank
 10
7147.40532468009
 20
1979.277369839161
 30
0.0
 41
10.0
 42
10.0
 43
10.0
  0
INSERT
  5
226
330
21E
100
AcDbEntity
  8
绘图层
 62
     4
440
 16777216
370
     9
100
AcDbBlockReference
  2
_ClosedBlank
 10
7161.90532468009
 20
1979.277369839161
 30
0.0
 41
10.0
 42
10.0
 43
10.0
 50
180.0
  0
MTEXT
  5
227
330
21E
100
AcDbEntity
  8
绘图层
 62
     7
440
 16777216
100
AcDbMText
 10
7210.899760009953
 20
1992.327360724578
 30
0.0
 40
20.0
 41
0.0
 46
0.0
 71
     5
 72
     1
  1
\A1;14.5
 73
     1
 44
1.0
  0
POINT
  5
228
330
21E
100
AcDbEntity
  8
Defpoints
 62
     0
440
 16777216
100
AcDbPoint
 10
7147.40532468009
 20
2035.172225480332
 30
0.0
  0
POINT
  5
229
330
21E
100
AcDbEntity
  8
Defpoints
 62
     0
440
 16777216
100
AcDbPoint
 10
7161.90532468009
 20
2034.872225480329
 30
0.0
  0
POINT
  5
22A
330
21E
100
AcDbEntity
  8
Defpoints
 62
     0
440
 16777216
100
AcDbPoint
 10
7161.90532468009
 20
1979.277369839161
 30
0.0
  0
ENDBLK
  5
22B
330
21E
100
AcDbEntity
  8
0
100
AcDbBlockEnd
  0
BLOCK
  5
230
330
22F
100
AcDbEntity
  8
0
100
AcDbBlockBegin
  2
*D20
 70
     1
 10
0.0
 20
0.0
 30
0.0
  3
*D20
  1

  0
LINE
  5
231
330
22F
100
AcDbEntity
  8
绘图层
 62
     4
440
 16777216
370
     9
100
AcDbLine
 10
7147.40532468009
 20
2035.172225480332
 30
0.0
 11
7147.40532468009
 21
1976.777369839161
 31
0.0
  0
LINE
  5
232
330
22F
100
AcDbEntity
  8
绘图层
 62
     4
440
 16777216
370
     9
100
AcDbLine
 10
7093.40532468009
 20
2035.172225480332
 30
0.0
 11
7093.40532468009
 21
1976.777369839161
 31
0.0
  0
LINE
  5
233
330
22F
100
AcDbEntity
  8
绘图层
 62
     4
440
 16777216
370
     9
100
AcDbLine
 10
7137.405324680091
 20
1979.277369839161
 30
0.0
 11
7103.405324680091
 21
1979.277369839161
 31
0.0
  0
INSERT
  5
234
330
22F
100
AcDbEntity
  8
绘图层
 62
     4
440
 16777216
370
     9
100
AcDbBlockReference
  2
_ClosedBlank
 10
7147.40532468009
 20
1979.277369839161
 30
0.0
 41
10.0
 42
10.0
 43
10.0
  0
INSERT
  5
235
330
22F
100
AcDbEntity
  8
绘图层
 62
     4
440
 16777216
370
     9
100
AcDbBlockReference
  2
_ClosedBlank
 10
7093.40532468009
 20
1979.277369839161
 30
0.0
 41
10.0
 42
10.0
 43
10.0
 50
180.0
  0
MTEXT
  5
236
330
22F
100
AcDbEntity
  8
绘图层
 62
     7
440
 16777216
100
AcDbMText
 10
7120.405324680091
 20
1992.327360724578
 30
0.0
 40
20.0
 41
0.0
 46
0.0
 71
     5
 72
     1
  1
\A1;54
 73
     1
 44
1.0
  0
POINT
  5
237
330
22F
100
AcDbEntity
  8
Defpoints
 62
     0
440
 16777216
100
AcDbPoint
 10
7147.40532468009
 20
2035.172225480332
 30
0.0
  0
POINT
  5
238
330
22F
100
AcDbEntity
  8
Defpoints
 62
     0
440
 16777216
100
AcDbPoint
 10
7093.40532468009
 20
2035.172225480332
 30
0.0
  0
POINT
  5
239
330
22F
100
AcDbEntity
  8
Defpoints
 62
     0
440
 16777216
100
AcDbPoint
 10
7093.40532468009
 20
1979.277369839161
 30
0.0
  0
ENDBLK
  5
23A
330
22F
100
AcDbEntity
  8
0
100
AcDbBlockEnd
  0
BLOCK
  5
23F
330
23E
100
AcDbEntity
  8
0
100
AcDbBlockBegin
  2
*D21
 70
     1
 10
0.0
 20
0.0
 30
0.0
  3
*D21
  1

  0
LINE
  5
240
330
23E
100
AcDbEntity
  8
绘图层
 62
     4
440
 16777216
370
     9
100
AcDbLine
 10
7093.40532468009
 20
2035.172225480332
 30
0.0
 11
7093.40532468009
 21
1976.777369839161
 31
0.0
  0
LINE
  5
241
330
23E
100
AcDbEntity
  8
绘图层
 62
     4
440
 16777216
370
     9
100
AcDbLine
 10
6975.205324680084
 20
2035.172225480332
 30
0.0
 11
6975.205324680084
 21
1976.777369839161
 31
0.0
  0
LINE
  5
242
330
23E
100
AcDbEntity
  8
绘图层
 62
     4
440
 16777216
370
     9
100
AcDbLine
 10
7083.40532468009
 20
1979.277369839161
 30
0.0
 11
6985.205324680085
 21
1979.277369839161
 31
0.0
  0
INSERT
  5
243
330
23E
100
AcDbEntity
  8
绘图层
 62
     4
440
 16777216
370
     9
100
AcDbBlockReference
  2
_ClosedBlank
 10
7093.40532468009
 20
1979.277369839161
 30
0.0
 41
10.0
 42
10.0
 43
10.0
  0
INSERT
  5
244
330
23E
100
AcDbEntity
  8
绘图层
 62
     4
440
 16777216
370
     9
100
AcDbBlockReference
  2
_ClosedBlank
 10
6975.205324680084
 20
1979.277369839161
 30
0.0
 41
10.0
 42
10.0
 43
10.0
 50
180.0
  0
MTEXT
  5
245
330
23E
100
AcDbEntity
  8
绘图层
 62
     7
440
 16777216
100
AcDbMText
 10
7034.305324680087
 20
1992.327360724578
 30
0.0
 40
20.0
 41
0.0
 46
0.0
 71
     5
 72
     1
  1
\A1;118.2
 73
     1
 44
1.0
  0
POINT
  5
246
330
23E
100
AcDbEntity
  8
Defpoints
 62
     0
440
 16777216
100
AcDbPoint
 10
7093.40532468009
 20
2035.172225480332
 30
0.0
  0
POINT
  5
247
330
23E
100
AcDbEntity
  8
Defpoints
 62
     0
440
 16777216
100
AcDbPoint
 10
6975.205324680084
 20
2035.172225480332
 30
0.0
  0
POINT
  5
248
330
23E
100
AcDbEntity
  8
Defpoints
 62
     0
440
 16777216
100
AcDbPoint
 10
6975.205324680084
 20
1979.277369839161
 30
0.0
  0
ENDBLK
  5
249
330
23E
100
AcDbEntity
  8
0
100
AcDbBlockEnd
  0
BLOCK
  5
24E
330
24D
100
AcDbEntity
  8
0
100
AcDbBlockBegin
  2
*D22
 70
     1
 10
0.0
 20
0.0
 30
0.0
  3
*D22
  1

  0
LINE
  5
24F
330
24D
100
AcDbEntity
  8
绘图层
 62
     4
440
 16777216
370
     9
100
AcDbLine
 10
6975.205324680084
 20
2035.172225480332
 30
0.0
 11
6975.205324680084
 21
1976.777369839161
 31
0.0
  0
LINE
  5
250
330
24D
100
AcDbEntity
  8
绘图层
 62
     4
440
 16777216
370
     9
100
AcDbLine
 10
6964.205324680084
 20
2035.172225480332
 30
0.0
 11
6964.205324680084
 21
1976.777369839161
 31
0.0
  0
LINE
  5
251
330
24D
100
AcDbEntity
  8
绘图层
 62
     4
440
 16777216
370
     9
100
AcDbLine
 10
6985.205324680085
 20
1979.277369839161
 30
0.0
 11
6995.205324680084
 21
1979.277369839161
 31
0.0
  0
LINE
  5
252
330
24D
100
AcDbEntity
  8
绘图层
 62
     4
440
 16777216
370
     9
100
AcDbLine
 10
6954.205324680085
 20
1979.277369839161
 30
0.0
 11
6944.205324680083
 21
1979.277369839161
 31
0.0
  0
LINE
  5
253
330
24D
100
AcDbEntity
  8
绘图层
 62
     4
440
 16777216
370
     9
100
AcDbLine
 10
6975.205324680084
 20
1979.277369839161
 30
0.0
 11
6964.205324680084
 21
1979.277369839161
 31
0.0
  0
INSERT
  5
254
330
24D
100
AcDbEntity
  8
绘图层
 62
     4
440
 16777216
370
     9
100
AcDbBlockReference
  2
_ClosedBlank
 10
6975.205324680084
 20
1979.277369839161
 30
0.0
 41
10.0
 42
10.0
 43
10.0
 50
180.0
  0
INSERT
  5
255
330
24D
100
AcDbEntity
  8
绘图层
 62
     4
440
 16777216
370
     9
100
AcDbBlockReference
  2
_ClosedBlank
 10
6964.205324680084
 20
1979.277369839161
 30
0.0
 41
10.0
 42
10.0
 43
10.0
  0
MTEXT
  5
256
330
24D
100
AcDbEntity
  8
绘图层
 62
     7
440
 16777216
100
AcDbMText
 10
6969.705324680084
 20
1992.327360724578
 30
0.0
 40
20.0
 41
0.0
 46
0.0
 71
     5
 72
     1
  1
\A1;11
 73
     1
 44
1.0
  0
POINT
  5
257
330
24D
100
AcDbEntity
  8
Defpoints
 62
     0
440
 16777216
100
AcDbPoint
 10
6975.205324680084
 20
2035.172225480332
 30
0.0
  0
POINT
  5
258
330
24D
100
AcDbEntity
  8
Defpoints
 62
     0
440
 16777216
100
AcDbPoint
 10
6964.205324680084
 20
2035.172225480332
 30
0.0
  0
POINT
  5
259
330
24D
100
AcDbEntity
  8
Defpoints
 62
     0
440
 16777216
100
AcDbPoint
 10
6964.205324680084
 20
1979.277369839161
 30
0.0
  0
ENDBLK
  5
25A
330
24D
100
AcDbEntity
  8
0
100
AcDbBlockEnd
  0
BLOCK
  5
25F
330
25E
100
AcDbEntity
  8
0
100
AcDbBlockBegin
  2
*D23
 70
     1
 10
0.0
 20
0.0
 30
0.0
  3
*D23
  1

  0
LINE
  5
260
330
25E
100
AcDbEntity
  8
绘图层
 62
     4
440
 16777216
370
     9
100
AcDbLine
 10
6964.205324680084
 20
2035.172225480332
 30
0.0
 11
6964.205324680084
 21
1976.777369839161
 31
0.0
  0
LINE
  5
261
330
25E
100
AcDbEntity
  8
绘图层
 62
     4
440
 16777216
370
     9
100
AcDbLine
 10
6928.205324680084
 20
2035.172225480332
 30
0.0
 11
6928.205324680084
 21
1976.777369839161
 31
0.0
  0
LINE
  5
262
330
25E
100
AcDbEntity
  8
绘图层
 62
     4
440
 16777216
370
     9
100
AcDbLine
 10
6954.205324680085
 20
1979.277369839161
 30
0.0
 11
6938.205324680085
 21
1979.277369839161
 31
0.0
  0
INSERT
  5
263
330
25E
100
AcDbEntity
  8
绘图层
 62
     4
440
 16777216
370
     9
100
AcDbBlockReference
  2
_ClosedBlank
 10
6964.205324680084
 20
1979.277369839161
 30
0.0
 41
10.0
 42
10.0
 43
10.0
  0
INSERT
  5
264
330
25E
100
AcDbEntity
  8
绘图层
 62
     4
440
 16777216
370
     9
100
AcDbBlockReference
  2
_ClosedBlank
 10
6928.205324680084
 20
1979.277369839161
 30
0.0
 41
10.0
 42
10.0
 43
10.0
 50
180.0
  0
MTEXT
  5
265
330
25E
100
AcDbEntity
  8
绘图层
 62
     7
440
 16777216
100
AcDbMText
 10
6946.205324680085
 20
1992.327360724578
 30
0.0
 40
20.0
 41
0.0
 46
0.0
 71
     5
 72
     1
  1
\A1;36
 73
     1
 44
1.0
  0
POINT
  5
266
330
25E
100
AcDbEntity
  8
Defpoints
 62
     0
440
 16777216
100
AcDbPoint
 10
6964.205324680084
 20
2035.172225480332
 30
0.0
  0
POINT
  5
267
330
25E
100
AcDbEntity
  8
Defpoints
 62
     0
440
 16777216
100
AcDbPoint
 10
6928.205324680084
 20
2035.172225480332
 30
0.0
  0
POINT
  5
268
330
25E
100
AcDbEntity
  8
Defpoints
 62
     0
440
 16777216
100
AcDbPoint
 10
6928.205324680084
 20
1979.277369839161
 30
0.0
  0
ENDBLK
  5
269
330
25E
100
AcDbEntity
  8
0
100
AcDbBlockEnd
  0
BLOCK
  5
26E
330
26D
100
AcDbEntity
  8
0
100
AcDbBlockBegin
  2
*D24
 70
     1
 10
0.0
 20
0.0
 30
0.0
  3
*D24
  1

  0
LINE
  5
26F
330
26D
100
AcDbEntity
  8
绘图层
 62
     4
440
 16777216
370
     9
100
AcDbLine
 10
6928.205324680084
 20
2035.172225480332
 30
0.0
 11
6928.205324680084
 21
1976.777369839161
 31
0.0
  0
LINE
  5
270
330
26D
100
AcDbEntity
  8
绘图层
 62
     4
440
 16777216
370
     9
100
AcDbLine
 10
6854.205324680084
 20
2035.172225480332
 30
0.0
 11
6854.205324680084
 21
1976.777369839161
 31
0.0
  0
LINE
  5
271
330
26D
100
AcDbEntity
  8
绘图层
 62
     4
440
 16777216
370
     9
100
AcDbLine
 10
6918.205324680084
 20
1979.277369839161
 30
0.0
 11
6864.205324680084
 21
1979.277369839161
 31
0.0
  0
INSERT
  5
272
330
26D
100
AcDbEntity
  8
绘图层
 62
     4
440
 16777216
370
     9
100
AcDbBlockReference
  2
_ClosedBlank
 10
6928.205324680084
 20
1979.277369839161
 30
0.0
 41
10.0
 42
10.0
 43
10.0
  0
INSERT
  5
273
330
26D
100
AcDbEntity
  8
绘图层
 62
     4
440
 16777216
370
     9
100
AcDbBlockReference
  2
_ClosedBlank
 10
6854.205324680084
 20
1979.277369839161
 30
0.0
 41
10.0
 42
10.0
 43
10.0
 50
180.0
  0
MTEXT
  5
274
330
26D
100
AcDbEntity
  8
绘图层
 62
     7
440
 16777216
100
AcDbMText
 10
6891.205324680083
 20
1992.327360724578
 30
0.0
 40
20.0
 41
0.0
 46
0.0
 71
     5
 72
     1
  1
\A1;74
 73
     1
 44
1.0
  0
POINT
  5
275
330
26D
100
AcDbEntity
  8
Defpoints
 62
     0
440
 16777216
100
AcDbPoint
 10
6928.205324680084
 20
2035.172225480332
 30
0.0
  0
POINT
  5
276
330
26D
100
AcDbEntity
  8
Defpoints
 62
     0
440
 16777216
100
AcDbPoint
 10
6854.205324680084
 20
2035.172225480332
 30
0.0
  0
POINT
  5
277
330
26D
100
AcDbEntity
  8
Defpoints
 62
     0
440
 16777216
100
AcDbPoint
 10
6854.205324680084
 20
1979.277369839161
 30
0.0
  0
ENDBLK
  5
278
330
26D
100
AcDbEntity
  8
0
100
AcDbBlockEnd
  0
BLOCK
  5
27D
330
27C
100
AcDbEntity
  8
0
100
AcDbBlockBegin
  2
*D25
 70
     1
 10
0.0
 20
0.0
 30
0.0
  3
*D25
  1

  0
LINE
  5
27E
330
27C
100
AcDbEntity
  8
标注层
 62
     4
440
 16777216
370
     9
100
AcDbLine
 10
6797.69990234296
 20
1733.0
 30
0.0
 11
6797.69990234296
 21
1856.974966142799
 31
0.0
  0
LINE
  5
27F
330
27C
100
AcDbEntity
  8
标注层
 62
     4
440
 16777216
370
     9
100
AcDbLine
 10
6629.39990234296
 20
1740.0
 30
0.0
 11
6629.39990234296
 21
1856.974966142799
 31
0.0
  0
LINE
  5
280
330
27C
100
AcDbEntity
  8
标注层
 62
     4
440
 16777216
370
     9
100
AcDbLine
 10
6787.699902342962
 20
1854.474966142799
 30
0.0
 11
6639.39990234296
 21
1854.474966142799
 31
0.0
  0
INSERT
  5
281
330
27C
100
AcDbEntity
  8
标注层
 62
     4
440
 16777216
370
     9
100
AcDbBlockReference
  2
_ClosedBlank
 10
6797.69990234296
 20
1854.474966142799
 30
0.0
 41
10.0
 42
10.0
 43
10.0
  0
INSERT
  5
282
330
27C
100
AcDbEntity
  8
标注层
 62
     4
440
 16777216
370
     9
100
AcDbBlockReference
  2
_ClosedBlank
 10
6629.39990234296
 20
1854.474966142799
 30
0.0
 41
10.0
 42
10.0
 43
10.0
 50
180.0
  0
MTEXT
  5
283
330
27C
100
AcDbEntity
  8
标注层
 62
     7
440
 16777216
100
AcDbMText
 10
6713.54990234296
 20
1867.524957028216
 30
0.0
 40
20.0
 41
0.0
 46
0.0
 71
     5
 72
     1
  1
\A1;168.3
 73
     1
 44
1.0
  0
POINT
  5
284
330
27C
100
AcDbEntity
  8
Defpoints
 62
     0
440
 16777216
100
AcDbPoint
 10
6797.69990234296
 20
1733.0
 30
0.0
  0
POINT
  5
285
330
27C
100
AcDbEntity
  8
Defpoints
 62
     0
440
 16777216
100
AcDbPoint
 10
6629.39990234296
 20
1740.0
 30
0.0
  0
POINT
  5
286
330
27C
100
AcDbEntity
  8
Defpoints
 62
     0
440
 16777216
100
AcDbPoint
 10
6629.39990234296
 20
1854.474966142799
 30
0.0
  0
ENDBLK
  5
287
330
27C
100
AcDbEntity
  8
0
100
AcDbBlockEnd
  0
BLOCK
  5
28C
330
28B
100
AcDbEntity
  8
0
100
AcDbBlockBegin
  2
*D26
 70
     1
 10
0.0
 20
0.0
 30
0.0
  3
*D26
  1

  0
LINE
  5
28D
330
28B
100
AcDbEntity
  8
标注层
 62
     4
440
 16777216
370
     9
100
AcDbLine
 10
6797.69990234296
 20
1733.0
 30
0.0
 11
6797.69990234296
 21
1856.974966142799
 31
0.0
  0
LINE
  5
28E
330
28B
100
AcDbEntity
  8
标注层
 62
     4
440
 16777216
370
     9
100
AcDbLine
 10
6806.29990234296
 20
1733.0
 30
0.0
 11
6806.29990234296
 21
1856.974966142799
 31
0.0
  0
LINE
  5
28F
330
28B
100
AcDbEntity
  8
标注层
 62
     4
440
 16777216
370
     9
100
AcDbLine
 10
6787.699902342962
 20
1854.474966142799
 30
0.0
 11
6777.699902342959
 21
1854.474966142799
 31
0.0
  0
LINE
  5
290
330
28B
100
AcDbEntity
  8
标注层
 62
     4
440
 16777216
370
     9
100
AcDbLine
 10
6816.299902342961
 20
1854.474966142799
 30
0.0
 11
6872.399884113794
 21
1854.474966142799
 31
0.0
  0
LINE
  5
291
330
28B
100
AcDbEntity
  8
标注层
 62
     4
440
 16777216
370
     9
100
AcDbLine
 10
6797.69990234296
 20
1854.474966142799
 30
0.0
 11
6806.29990234296
 21
1854.474966142799
 31
0.0
  0
INSERT
  5
292
330
28B
100
AcDbEntity
  8
标注层
 62
     4
440
 16777216
370
     9
100
AcDbBlockReference
  2
_ClosedBlank
 10
6797.69990234296
 20
1854.474966142799
 30
0.0
 41
10.0
 42
10.0
 43
10.0
  0
INSERT
  5
293
330
28B
100
AcDbEntity
  8
标注层
 62
     4
440
 16777216
370
     9
100
AcDbBlockReference
  2
_ClosedBlank
 10
6806.29990234296
 20
1854.474966142799
 30
0.0
 41
10.0
 42
10.0
 43
10.0
 50
180.0
  0
MTEXT
  5
294
330
28B
100
AcDbEntity
  8
标注层
 62
     7
440
 16777216
100
AcDbMText
 10
6849.349893228377
 20
1867.524957028216
 30
0.0
 40
20.0
 41
0.0
 46
0.0
 71
     5
 72
     1
  1
\A1;8.6
 73
     1
 44
1.0
  0
POINT
  5
295
330
28B
100
AcDbEntity
  8
Defpoints
 62
     0
440
 16777216
100
AcDbPoint
 10
6797.69990234296
 20
1733.0
 30
0.0
  0
POINT
  5
296
330
28B
100
AcDbEntity
  8
Defpoints
 62
     0
440
 16777216
100
AcDbPoint
 10
6806.29990234296
 20
1733.0
 30
0.0
  0
POINT
  5
297
330
28B
100
AcDbEntity
  8
Defpoints
 62
     0
440
 16777216
100
AcDbPoint
 10
6806.29990234296
 20
1854.474966142799
 30
0.0
  0
ENDBLK
  5
298
330
28B
100
AcDbEntity
  8
0
100
AcDbBlockEnd
  0
BLOCK
  5
29D
330
29C
100
AcDbEntity
  8
0
100
AcDbBlockBegin
  2
*D27
 70
     1
 10
0.0
 20
0.0
 30
0.0
  3
*D27
  1

  0
LINE
  5
29E
330
29C
100
AcDbEntity
  8
标注层
 62
     4
440
 16777216
370
     9
100
AcDbLine
 10
6643.89990234296
 20
1740.0
 30
0.0
 11
6643.89990234296
 21
1802.196782550338
 31
0.0
  0
LINE
  5
29F
330
29C
100
AcDbEntity
  8
标注层
 62
     4
440
 16777216
370
     9
100
AcDbLine
 10
6629.39990234296
 20
1740.0
 30
0.0
 11
6629.39990234296
 21
1802.196782550338
 31
0.0
  0
LINE
  5
2A0
330
29C
100
AcDbEntity
  8
标注层
 62
     4
440
 16777216
370
     9
100
AcDbLine
 10
6653.899902342961
 20
1799.696782550338
 30
0.0
 11
6663.899902342961
 21
1799.696782550338
 31
0.0
  0
LINE
  5
2A1
330
29C
100
AcDbEntity
  8
标注层
 62
     4
440
 16777216
370
     9
100
AcDbLine
 10
6619.399902342961
 20
1799.696782550338
 30
0.0
 11
6551.411031683239
 21
1799.696782550338
 31
0.0
  0
LINE
  5
2A2
330
29C
100
AcDbEntity
  8
标注层
 62
     4
440
 16777216
370
     9
100
AcDbLine
 10
6643.89990234296
 20
1799.696782550338
 30
0.0
 11
6629.39990234296
 21
1799.696782550338
 31
0.0
  0
INSERT
  5
2A3
330
29C
100
AcDbEntity
  8
标注层
 62
     4
440
 16777216
370
     9
100
AcDbBlockReference
  2
_ClosedBlank
 10
6643.89990234296
 20
1799.696782550338
 30
0.0
 41
10.0
 42
10.0
 43
10.0
 50
180.0
  0
INSERT
  5
2A4
330
29C
100
AcDbEntity
  8
标注层
 62
     4
440
 16777216
370
     9
100
AcDbBlockReference
  2
_ClosedBlank
 10
6629.39990234296
 20
1799.696782550338
 30
0.0
 41
10.0
 42
10.0
 43
10.0
  0
MTEXT
  5
2A5
330
29C
100
AcDbEntity
  8
标注层
 62
     7
440
 16777216
100
AcDbMText
 10
6580.4054670131
 20
1812.746773435755
 30
0.0
 40
20.0
 41
0.0
 46
0.0
 71
     5
 72
     1
  1
\A1;14.5
 73
     1
 44
1.0
  0
POINT
  5
2A6
330
29C
100
AcDbEntity
  8
Defpoints
 62
     0
440
 16777216
100
AcDbPoint
 10
6643.89990234296
 20
1740.0
 30
0.0
  0
POINT
  5
2A7
330
29C
100
AcDbEntity
  8
Defpoints
 62
     0
440
 16777216
100
AcDbPoint
 10
6629.39990234296
 20
1740.0
 30
0.0
  0
POINT
  5
2A8
330
29C
100
AcDbEntity
  8
Defpoints
 62
     0
440
 16777216
100
AcDbPoint
 10
6629.39990234296
 20
1799.696782550338
 30
0.0
  0
ENDBLK
  5
2A9
330
29C
100
AcDbEntity
  8
0
100
AcDbBlockEnd
  0
BLOCK
  5
2AE
330
2AD
100
AcDbEntity
  8
0
100
AcDbBlockBegin
  2
*D28
 70
     1
 10
0.0
 20
0.0
 30
0.0
  3
*D28
  1

  0
LINE
  5
2AF
330
2AD
100
AcDbEntity
  8
标注层
 62
     4
440
 16777216
370
     9
100
AcDbLine
 10
6643.89990234296
 20
1740.0
 30
0.0
 11
6643.89990234296
 21
1802.196782550338
 31
0.0
  0
LINE
  5
2B0
330
2AD
100
AcDbEntity
  8
标注层
 62
     4
440
 16777216
370
     9
100
AcDbLine
 10
6697.89990234296
 20
1740.0
 30
0.0
 11
6697.89990234296
 21
1802.196782550338
 31
0.0
  0
LINE
  5
2B1
330
2AD
100
AcDbEntity
  8
标注层
 62
     4
440
 16777216
370
     9
100
AcDbLine
 10
6653.899902342961
 20
1799.696782550338
 30
0.0
 11
6687.89990234296
 21
1799.696782550338
 31
0.0
  0
INSERT
  5
2B2
330
2AD
100
AcDbEntity
  8
标注层
 62
     4
440
 16777216
370
     9
100
AcDbBlockReference
  2
_ClosedBlank
 10
6643.89990234296
 20
1799.696782550338
 30
0.0
 41
10.0
 42
10.0
 43
10.0
 50
180.0
  0
INSERT
  5
2B3
330
2AD
100
AcDbEntity
  8
标注层
 62
     4
440
 16777216
370
     9
100
AcDbBlockReference
  2
_ClosedBlank
 10
6697.89990234296
 20
1799.696782550338
 30
0.0
 41
10.0
 42
10.0
 43
10.0
  0
MTEXT
  5
2B4
330
2AD
100
AcDbEntity
  8
标注层
 62
     7
440
 16777216
100
AcDbMText
 10
6670.899902342961
 20
1812.746773435755
 30
0.0
 40
20.0
 41
0.0
 46
0.0
 71
     5
 72
     1
  1
\A1;54
 73
     1
 44
1.0
  0
POINT
  5
2B5
330
2AD
100
AcDbEntity
  8
Defpoints
 62
     0
440
 16777216
100
AcDbPoint
 10
6643.89990234296
 20
1740.0
 30
0.0
  0
POINT
  5
2B6
330
2AD
100
AcDbEntity
  8
Defpoints
 62
     0
440
 16777216
100
AcDbPoint
 10
6697.89990234296
 20
1740.0
 30
0.0
  0
POINT
  5
2B7
330
2AD
100
AcDbEntity
  8
Defpoints
 62
     0
440
 16777216
100
AcDbPoint
 10
6697.89990234296
 20
1799.696782550338
 30
0.0
  0
ENDBLK
  5
2B8
330
2AD
100
AcDbEntity
  8
0
100
AcDbBlockEnd
  0
BLOCK
  5
2BD
330
2BC
100
AcDbEntity
  8
0
100
AcDbBlockBegin
  2
*D29
 70
     1
 10
0.0
 20
0.0
 30
0.0
  3
*D29
  1

  0
LINE
  5
2BE
330
2BC
100
AcDbEntity
  8
标注层
 62
     4
440
 16777216
370
     9
100
AcDbLine
 10
6697.89990234296
 20
1740.0
 30
0.0
 11
6697.89990234296
 21
1802.196782550338
 31
0.0
  0
LINE
  5
2BF
330
2BC
100
AcDbEntity
  8
标注层
 62
     4
440
 16777216
370
     9
100
AcDbLine
 10
6816.099902342961
 20
1733.0
 30
0.0
 11
6816.099902342961
 21
1802.196782550338
 31
0.0
  0
LINE
  5
2C0
330
2BC
100
AcDbEntity
  8
标注层
 62
     4
440
 16777216
370
     9
100
AcDbLine
 10
6707.89990234296
 20
1799.696782550338
 30
0.0
 11
6806.09990234296
 21
1799.696782550338
 31
0.0
  0
INSERT
  5
2C1
330
2BC
100
AcDbEntity
  8
标注层
 62
     4
440
 16777216
370
     9
100
AcDbBlockReference
  2
_ClosedBlank
 10
6697.89990234296
 20
1799.696782550338
 30
0.0
 41
10.0
 42
10.0
 43
10.0
 50
180.0
  0
INSERT
  5
2C2
330
2BC
100
AcDbEntity
  8
标注层
 62
     4
440
 16777216
370
     9
100
AcDbBlockReference
  2
_ClosedBlank
 10
6816.099902342961
 20
1799.696782550338
 30
0.0
 41
10.0
 42
10.0
 43
10.0
  0
MTEXT
  5
2C3
330
2BC
100
AcDbEntity
  8
标注层
 62
     7
440
 16777216
100
AcDbMText
 10
6756.999902342961
 20
1812.746773435755
 30
0.0
 40
20.0
 41
0.0
 46
0.0
 71
     5
 72
     1
  1
\A1;118.2
 73
     1
 44
1.0
  0
POINT
  5
2C4
330
2BC
100
AcDbEntity
  8
Defpoints
 62
     0
440
 16777216
100
AcDbPoint
 10
6697.89990234296
 20
1740.0
 30
0.0
  0
POINT
  5
2C5
330
2BC
100
AcDbEntity
  8
Defpoints
 62
     0
440
 16777216
100
AcDbPoint
 10
6816.099902342961
 20
1733.0
 30
0.0
  0
POINT
  5
2C6
330
2BC
100
AcDbEntity
  8
Defpoints
 62
     0
440
 16777216
100
AcDbPoint
 10
6816.099902342961
 20
1799.696782550338
 30
0.0
  0
ENDBLK
  5
2C7
330
2BC
100
AcDbEntity
  8
0
100
AcDbBlockEnd
  0
BLOCK
  5
2CC
330
2CB
100
AcDbEntity
  8
0
100
AcDbBlockBegin
  2
*D30
 70
     1
 10
0.0
 20
0.0
 30
0.0
  3
*D30
  1

  0
LINE
  5
2CD
330
2CB
100
AcDbEntity
  8
标注层
 62
     4
440
 16777216
370
     9
100
AcDbLine
 10
6816.099902342961
 20
1733.0
 30
0.0
 11
6816.099902342961
 21
1802.196782550338
 31
0.0
  0
LINE
  5
2CE
330
2CB
100
AcDbEntity
  8
标注层
 62
     4
440
 16777216
370
     9
100
AcDbLine
 10
6827.099902342961
 20
1733.0
 30
0.0
 11
6827.099902342961
 21
1802.196782550338
 31
0.0
  0
LINE
  5
2CF
330
2CB
100
AcDbEntity
  8
标注层
 62
     4
440
 16777216
370
     9
100
AcDbLine
 10
6806.09990234296
 20
1799.696782550338
 30
0.0
 11
6796.099902342961
 21
1799.696782550338
 31
0.0
  0
LINE
  5
2D0
330
2CB
100
AcDbEntity
  8
标注层
 62
     4
440
 16777216
370
     9
100
AcDbLine
 10
6837.099902342962
 20
1799.696782550338
 30
0.0
 11
6847.099902342961
 21
1799.696782550338
 31
0.0
  0
LINE
  5
2D1
330
2CB
100
AcDbEntity
  8
标注层
 62
     4
440
 16777216
370
     9
100
AcDbLine
 10
6816.099902342961
 20
1799.696782550338
 30
0.0
 11
6827.099902342961
 21
1799.696782550338
 31
0.0
  0
INSERT
  5
2D2
330
2CB
100
AcDbEntity
  8
标注层
 62
     4
440
 16777216
370
     9
100
AcDbBlockReference
  2
_ClosedBlank
 10
6816.099902342961
 20
1799.696782550338
 30
0.0
 41
10.0
 42
10.0
 43
10.0
  0
INSERT
  5
2D3
330
2CB
100
AcDbEntity
  8
标注层
 62
     4
440
 16777216
370
     9
100
AcDbBlockReference
  2
_ClosedBlank
 10
6827.099902342961
 20
1799.696782550338
 30
0.0
 41
10.0
 42
10.0
 43
10.0
 50
180.0
  0
MTEXT
  5
2D4
330
2CB
100
AcDbEntity
  8
标注层
 62
     7
440
 16777216
100
AcDbMText
 10
6821.599902342962
 20
1812.746773435755
 30
0.0
 40
20.0
 41
0.0
 46
0.0
 71
     5
 72
     1
  1
\A1;11
 73
     1
 44
1.0
  0
POINT
  5
2D5
330
2CB
100
AcDbEntity
  8
Defpoints
 62
     0
440
 16777216
100
AcDbPoint
 10
6816.099902342961
 20
1733.0
 30
0.0
  0
POINT
  5
2D6
330
2CB
100
AcDbEntity
  8
Defpoints
 62
     0
440
 16777216
100
AcDbPoint
 10
6827.099902342961
 20
1733.0
 30
0.0
  0
POINT
  5
2D7
330
2CB
100
AcDbEntity
  8
Defpoints
 62
     0
440
 16777216
100
AcDbPoint
 10
6827.099902342961
 20
1799.696782550338
 30
0.0
  0
ENDBLK
  5
2D8
330
2CB
100
AcDbEntity
  8
0
100
AcDbBlockEnd
  0
BLOCK
  5
2DD
330
2DC
100
AcDbEntity
  8
0
100
AcDbBlockBegin
  2
*D31
 70
     1
 10
0.0
 20
0.0
 30
0.0
  3
*D31
  1

  0
LINE
  5
2DE
330
2DC
100
AcDbEntity
  8
标注层
 62
     4
440
 16777216
370
     9
100
AcDbLine
 10
6827.099902342961
 20
1733.0
 30
0.0
 11
6827.099902342961
 21
1802.196782550338
 31
0.0
  0
LINE
  5
2DF
330
2DC
100
AcDbEntity
  8
标注层
 62
     4
440
 16777216
370
     9
100
AcDbLine
 10
6863.099902342961
 20
1733.0
 30
0.0
 11
6863.099902342961
 21
1802.196782550338
 31
0.0
  0
LINE
  5
2E0
330
2DC
100
AcDbEntity
  8
标注层
 62
     4
440
 16777216
370
     9
100
AcDbLine
 10
6837.099902342962
 20
1799.696782550338
 30
0.0
 11
6853.099902342961
 21
1799.696782550338
 31
0.0
  0
INSERT
  5
2E1
330
2DC
100
AcDbEntity
  8
标注层
 62
     4
440
 16777216
370
     9
100
AcDbBlockReference
  2
_ClosedBlank
 10
6827.099902342961
 20
1799.696782550338
 30
0.0
 41
10.0
 42
10.0
 43
10.0
 50
180.0
  0
INSERT
  5
2E2
330
2DC
100
AcDbEntity
  8
标注层
 62
     4
440
 16777216
370
     9
100
AcDbBlockReference
  2
_ClosedBlank
 10
6863.099902342961
 20
1799.696782550338
 30
0.0
 41
10.0
 42
10.0
 43
10.0
  0
MTEXT
  5
2E3
330
2DC
100
AcDbEntity
  8
标注层
 62
     7
440
 16777216
100
AcDbMText
 10
6845.099902342962
 20
1812.746773435755
 30
0.0
 40
20.0
 41
0.0
 46
0.0
 71
     5
 72
     1
  1
\A1;36
 73
     1
 44
1.0
  0
POINT
  5
2E4
330
2DC
100
AcDbEntity
  8
Defpoints
 62
     0
440
 16777216
100
AcDbPoint
 10
6827.099902342961
 20
1733.0
 30
0.0
  0
POINT
  5
2E5
330
2DC
100
AcDbEntity
  8
Defpoints
 62
     0
440
 16777216
100
AcDbPoint
 10
6863.099902342961
 20
1733.0
 30
0.0
  0
POINT
  5
2E6
330
2DC
100
AcDbEntity
  8
Defpoints
 62
     0
440
 16777216
100
AcDbPoint
 10
6863.099902342961
 20
1799.696782550338
 30
0.0
  0
ENDBLK
  5
2E7
330
2DC
100
AcDbEntity
  8
0
100
AcDbBlockEnd
  0
BLOCK
  5
2EC
330
2EB
100
AcDbEntity
  8
0
100
AcDbBlockBegin
  2
*D32
 70
     1
 10
0.0
 20
0.0
 30
0.0
  3
*D32
  1

  0
LINE
  5
2ED
330
2EB
100
AcDbEntity
  8
标注层
 62
     4
440
 16777216
370
     9
100
AcDbLine
 10
6863.099902342961
 20
1733.0
 30
0.0
 11
6863.099902342961
 21
1802.196782550338
 31
0.0
  0
LINE
  5
2EE
330
2EB
100
AcDbEntity
  8
标注层
 62
     4
440
 16777216
370
     9
100
AcDbLine
 10
6937.099902342962
 20
1733.0
 30
0.0
 11
6937.099902342962
 21
1802.196782550338
 31
0.0
  0
LINE
  5
2EF
330
2EB
100
AcDbEntity
  8
标注层
 62
     4
440
 16777216
370
     9
100
AcDbLine
 10
6873.099902342961
 20
1799.696782550338
 30
0.0
 11
6927.099902342961
 21
1799.696782550338
 31
0.0
  0
INSERT
  5
2F0
330
2EB
100
AcDbEntity
  8
标注层
 62
     4
440
 16777216
370
     9
100
AcDbBlockReference
  2
_ClosedBlank
 10
6863.099902342961
 20
1799.696782550338
 30
0.0
 41
10.0
 42
10.0
 43
10.0
 50
180.0
  0
INSERT
  5
2F1
330
2EB
100
AcDbEntity
  8
标注层
 62
     4
440
 16777216
370
     9
100
AcDbBlockReference
  2
_ClosedBlank
 10
6937.099902342962
 20
1799.696782550338
 30
0.0
 41
10.0
 42
10.0
 43
10.0
  0
MTEXT
  5
2F2
330
2EB
100
AcDbEntity
  8
标注层
 62
     7
440
 16777216
100
AcDbMText
 10
6900.099902342962
 20
1812.746773435755
 30
0.0
 40
20.0
 41
0.0
 46
0.0
 71
     5
 72
     1
  1
\A1;74
 73
     1
 44
1.0
  0
POINT
  5
2F3
330
2EB
100
AcDbEntity
  8
Defpoints
 62
     0
440
 16777216
100
AcDbPoint
 10
6863.099902342961
 20
1733.0
 30
0.0
  0
POINT
  5
2F4
330
2EB
100
AcDbEntity
  8
Defpoints
 62
     0
440
 16777216
100
AcDbPoint
 10
6937.099902342962
 20
1733.0
 30
0.0
  0
POINT
  5
2F5
330
2EB
100
AcDbEntity
  8
Defpoints
 62
     0
440
 16777216
100
AcDbPoint
 10
6937.099902342962
 20
1799.696782550338
 30
0.0
  0
ENDBLK
  5
2F6
330
2EB
100
AcDbEntity
  8
0
100
AcDbBlockEnd
  0
BLOCK
  5
2FB
330
2FA
100
AcDbEntity
  8
0
100
AcDbBlockBegin
  2
*D33
 70
     1
 10
0.0
 20
0.0
 30
0.0
  3
*D33
  1

  0
LINE
  5
2FC
330
2FA
100
AcDbEntity
  8
绘图层
 62
     4
440
 16777216
370
     9
100
AcDbLine
 10
2352.004249309813
 20
2126.157665663181
 30
0.0
 11
2309.551880538726
 21
2126.157665663181
 31
0.0
  0
LINE
  5
2FD
330
2FA
100
AcDbEntity
  8
绘图层
 62
     4
440
 16777216
370
     9
100
AcDbLine
 10
2352.004249309813
 20
2103.15766566318
 30
0.0
 11
2309.551880538726
 21
2103.15766566318
 31
0.0
  0
LINE
  5
2FE
330
2FA
100
AcDbEntity
  8
绘图层
 62
     4
440
 16777216
370
     9
100
AcDbLine
 10
2312.051880538726
 20
2136.15766566318
 30
0.0
 11
2312.051880538726
 21
2146.157665663181
 31
0.0
  0
LINE
  5
2FF
330
2FA
100
AcDbEntity
  8
绘图层
 62
     4
440
 16777216
370
     9
100
AcDbLine
 10
2312.051880538726
 20
2093.157665663181
 30
0.0
 11
2312.051880538726
 21
2083.157665663181
 31
0.0
  0
LINE
  5
300
330
2FA
100
AcDbEntity
  8
绘图层
 62
     4
440
 16777216
370
     9
100
AcDbLine
 10
2312.051880538726
 20
2126.157665663181
 30
0.0
 11
2312.051880538726
 21
2103.15766566318
 31
0.0
  0
INSERT
  5
301
330
2FA
100
AcDbEntity
  8
绘图层
 62
     4
440
 16777216
370
     9
100
AcDbBlockReference
  2
_ClosedBlank
 10
2312.051880538726
 20
2126.157665663181
 30
0.0
 41
10.0
 42
10.0
 43
10.0
 50
270.0
  0
INSERT
  5
302
330
2FA
100
AcDbEntity
  8
绘图层
 62
     4
440
 16777216
370
     9
100
AcDbBlockReference
  2
_ClosedBlank
 10
2312.051880538726
 20
2103.15766566318
 30
0.0
 41
10.0
 42
10.0
 43
10.0
 50
90.0
  0
MTEXT
  5
303
330
2FA
100
AcDbEntity
  8
绘图层
 62
     7
440
 16777216
100
AcDbMText
 10
2299.001889653309
 20
2114.657665663181
 30
0.0
 40
20.0
 41
0.0
 46
0.0
 71
     5
 72
     1
  1
\A1;23
 11
0.0000000000000001
 21
1.0
 31
0.0
 73
     1
 44
1.0
  0
POINT
  5
304
330
2FA
100
AcDbEntity
  8
Defpoints
 62
     0
440
 16777216
100
AcDbPoint
 10
2352.004249309813
 20
2126.157665663181
 30
0.0
  0
POINT
  5
305
330
2FA
100
AcDbEntity
  8
Defpoints
 62
     0
440
 16777216
100
AcDbPoint
 10
2352.004249309813
 20
2103.15766566318
 30
0.0
  0
POINT
  5
306
330
2FA
100
AcDbEntity
  8
Defpoints
 62
     0
440
 16777216
100
AcDbPoint
 10
2312.051880538726
 20
2103.15766566318
 30
0.0
  0
ENDBLK
  5
307
330
2FA
100
AcDbEntity
  8
0
100
AcDbBlockEnd
  0
BLOCK
  5
33D
330
33C
100
AcDbEntity
  8
0
100
AcDbBlockBegin
  2
*D34
 70
     1
 10
0.0
 20
0.0
 30
0.0
  3
*D34
  1

  0
LINE
  5
33E
330
33C
100
AcDbEntity
  8
绘图层
 62
     4
440
 16777216
370
     9
100
AcDbLine
 10
2536.792426142319
 20
2126.157665663195
 30
0.0
 11
2536.792426142319
 21
2228.557259190063
 31
0.0
  0
LINE
  5
33F
330
33C
100
AcDbEntity
  8
绘图层
 62
     4
440
 16777216
370
     9
100
AcDbLine
 10
2825.792426142336
 20
2126.157665663195
 30
0.0
 11
2825.792426142336
 21
2228.557259190063
 31
0.0
  0
LINE
  5
340
330
33C
100
AcDbEntity
  8
绘图层
 62
     4
440
 16777216
370
     9
100
AcDbLine
 10
2546.79242614232
 20
2226.057259190064
 30
0.0
 11
2815.792426142336
 21
2226.057259190064
 31
0.0
  0
INSERT
  5
341
330
33C
100
AcDbEntity
  8
绘图层
 62
     4
440
 16777216
370
     9
100
AcDbBlockReference
  2
_ClosedBlank
 10
2536.792426142319
 20
2226.057259190064
 30
0.0
 41
10.0
 42
10.0
 43
10.0
 50
180.0
  0
INSERT
  5
342
330
33C
100
AcDbEntity
  8
绘图层
 62
     4
440
 16777216
370
     9
100
AcDbBlockReference
  2
_ClosedBlank
 10
2825.792426142336
 20
2226.057259190064
 30
0.0
 41
10.0
 42
10.0
 43
10.0
  0
MTEXT
  5
343
330
33C
100
AcDbEntity
  8
绘图层
 62
     7
440
 16777216
100
AcDbMText
 10
2681.292426142328
 20
2239.10725007548
 30
0.0
 40
20.0
 41
0.0
 46
0.0
 71
     5
 72
     1
  1
\A1;289
 73
     1
 44
1.0
  0
POINT
  5
344
330
33C
100
AcDbEntity
  8
Defpoints
 62
     0
440
 16777216
100
AcDbPoint
 10
2536.792426142319
 20
2126.157665663195
 30
0.0
  0
POINT
  5
345
330
33C
100
AcDbEntity
  8
Defpoints
 62
     0
440
 16777216
100
AcDbPoint
 10
2825.792426142336
 20
2126.157665663195
 30
0.0
  0
POINT
  5
346
330
33C
100
AcDbEntity
  8
Defpoints
 62
     0
440
 16777216
100
AcDbPoint
 10
2825.792426142336
 20
2226.057259190064
 30
0.0
  0
ENDBLK
  5
347
330
33C
100
AcDbEntity
  8
0
100
AcDbBlockEnd
  0
BLOCK
  5
34C
330
34B
100
AcDbEntity
  8
0
100
AcDbBlockBegin
  2
*D35
 70
     1
 10
0.0
 20
0.0
 30
0.0
  3
*D35
  1

  0
LINE
  5
34D
330
34B
100
AcDbEntity
  8
绘图层
 62
     4
440
 16777216
370
     9
100
AcDbLine
 10
2659.792426142326
 20
2125.157665663181
 30
0.0
 11
2659.792426142326
 21
2179.85746242663
 31
0.0
  0
LINE
  5
34E
330
34B
100
AcDbEntity
  8
绘图层
 62
     4
440
 16777216
370
     9
100
AcDbLine
 10
2825.792426142336
 20
2126.157665663195
 30
0.0
 11
2825.792426142336
 21
2179.85746242663
 31
0.0
  0
LINE
  5
34F
330
34B
100
AcDbEntity
  8
绘图层
 62
     4
440
 16777216
370
     9
100
AcDbLine
 10
2669.792426142326
 20
2177.35746242663
 30
0.0
 11
2815.792426142336
 21
2177.35746242663
 31
0.0
  0
INSERT
  5
350
330
34B
100
AcDbEntity
  8
绘图层
 62
     4
440
 16777216
370
     9
100
AcDbBlockReference
  2
_ClosedBlank
 10
2659.792426142326
 20
2177.35746242663
 30
0.0
 41
10.0
 42
10.0
 43
10.0
 50
180.0
  0
INSERT
  5
351
330
34B
100
AcDbEntity
  8
绘图层
 62
     4
440
 16777216
370
     9
100
AcDbBlockReference
  2
_ClosedBlank
 10
2825.792426142336
 20
2177.35746242663
 30
0.0
 41
10.0
 42
10.0
 43
10.0
  0
MTEXT
  5
352
330
34B
100
AcDbEntity
  8
绘图层
 62
     7
440
 16777216
100
AcDbMText
 10
2742.792426142331
 20
2190.407453312046
 30
0.0
 40
20.0
 41
0.0
 46
0.0
 71
     5
 72
     1
  1
\A1;166
 73
     1
 44
1.0
  0
POINT
  5
353
330
34B
100
AcDbEntity
  8
Defpoints
 62
     0
440
 16777216
100
AcDbPoint
 10
2659.792426142326
 20
2125.157665663181
 30
0.0
  0
POINT
  5
354
330
34B
100
AcDbEntity
  8
Defpoints
 62
     0
440
 16777216
100
AcDbPoint
 10
2825.792426142336
 20
2126.157665663195
 30
0.0
  0
POINT
  5
355
330
34B
100
AcDbEntity
  8
Defpoints
 62
     0
440
 16777216
100
AcDbPoint
 10
2825.792426142336
 20
2177.35746242663
 30
0.0
  0
ENDBLK
  5
356
330
34B
100
AcDbEntity
  8
0
100
AcDbBlockEnd
  0
BLOCK
  5
35B
330
35A
100
AcDbEntity
  8
0
100
AcDbBlockBegin
  2
*D36
 70
     1
 10
0.0
 20
0.0
 30
0.0
  3
*D36
  1

  0
LINE
  5
35C
330
35A
100
AcDbEntity
  8
绘图层
 62
     4
440
 16777216
370
     9
100
AcDbLine
 10
2812.792426142336
 20
2125.157665663184
 30
0.0
 11
2812.792426142336
 21
2074.424924778963
 31
0.0
  0
LINE
  5
35D
330
35A
100
AcDbEntity
  8
绘图层
 62
     4
440
 16777216
370
     9
100
AcDbLine
 10
2825.792426142336
 20
2124.157665663184
 30
0.0
 11
2825.792426142336
 21
2074.424924778963
 31
0.0
  0
LINE
  5
35E
330
35A
100
AcDbEntity
  8
绘图层
 62
     4
440
 16777216
370
     9
100
AcDbLine
 10
2802.792426142336
 20
2076.924924778963
 30
0.0
 11
2792.792426142336
 21
2076.924924778963
 31
0.0
  0
LINE
  5
35F
330
35A
100
AcDbEntity
  8
绘图层
 62
     4
440
 16777216
370
     9
100
AcDbLine
 10
2835.792426142336
 20
2076.924924778963
 30
0.0
 11
2875.336852357614
 21
2076.924924778963
 31
0.0
  0
LINE
  5
360
330
35A
100
AcDbEntity
  8
绘图层
 62
     4
440
 16777216
370
     9
100
AcDbLine
 10
2812.792426142336
 20
2076.924924778963
 30
0.0
 11
2825.792426142336
 21
2076.924924778963
 31
0.0
  0
INSERT
  5
361
330
35A
100
AcDbEntity
  8
绘图层
 62
     4
440
 16777216
370
     9
100
AcDbBlockReference
  2
_ClosedBlank
 10
2812.792426142336
 20
2076.924924778963
 30
0.0
 41
10.0
 42
10.0
 43
10.0
  0
INSERT
  5
362
330
35A
100
AcDbEntity
  8
绘图层
 62
     4
440
 16777216
370
     9
100
AcDbBlockReference
  2
_ClosedBlank
 10
2825.792426142336
 20
2076.924924778963
 30
0.0
 41
10.0
 42
10.0
 43
10.0
 50
180.0
  0
MTEXT
  5
363
330
35A
100
AcDbEntity
  8
绘图层
 62
     7
440
 16777216
100
AcDbMText
 10
2860.564639249975
 20
2089.97491566438
 30
0.0
 40
20.0
 41
0.0
 46
0.0
 71
     5
 72
     1
  1
\A1;13
 73
     1
 44
1.0
  0
POINT
  5
364
330
35A
100
AcDbEntity
  8
Defpoints
 62
     0
440
 16777216
100
AcDbPoint
 10
2812.792426142336
 20
2125.157665663184
 30
0.0
  0
POINT
  5
365
330
35A
100
AcDbEntity
  8
Defpoints
 62
     0
440
 16777216
100
AcDbPoint
 10
2825.792426142336
 20
2124.157665663184
 30
0.0
  0
POINT
  5
366
330
35A
100
AcDbEntity
  8
Defpoints
 62
     0
440
 16777216
100
AcDbPoint
 10
2825.792426142336
 20
2076.924924778963
 30
0.0
  0
ENDBLK
  5
367
330
35A
100
AcDbEntity
  8
0
100
AcDbBlockEnd
  0
BLOCK
  5
36C
330
36B
100
AcDbEntity
  8
0
100
AcDbBlockBegin
  2
*D37
 70
     1
 10
0.0
 20
0.0
 30
0.0
  3
*D37
  1

  0
LINE
  5
36D
330
36B
100
AcDbEntity
  8
绘图层
 62
     4
440
 16777216
370
     9
100
AcDbLine
 10
2812.792426142336
 20
2125.157665663184
 30
0.0
 11
2812.792426142336
 21
2074.424924778963
 31
0.0
  0
LINE
  5
36E
330
36B
100
AcDbEntity
  8
绘图层
 62
     4
440
 16777216
370
     9
100
AcDbLine
 10
2762.792426142335
 20
2125.157665663184
 30
0.0
 11
2762.792426142335
 21
2074.424924778963
 31
0.0
  0
LINE
  5
36F
330
36B
100
AcDbEntity
  8
绘图层
 62
     4
440
 16777216
370
     9
100
AcDbLine
 10
2802.792426142336
 20
2076.924924778963
 30
0.0
 11
2772.792426142335
 21
2076.924924778963
 31
0.0
  0
INSERT
  5
370
330
36B
100
AcDbEntity
  8
绘图层
 62
     4
440
 16777216
370
     9
100
AcDbBlockReference
  2
_ClosedBlank
 10
2812.792426142336
 20
2076.924924778963
 30
0.0
 41
10.0
 42
10.0
 43
10.0
  0
INSERT
  5
371
330
36B
100
AcDbEntity
  8
绘图层
 62
     4
440
 16777216
370
     9
100
AcDbBlockReference
  2
_ClosedBlank
 10
2762.792426142335
 20
2076.924924778963
 30
0.0
 41
10.0
 42
10.0
 43
10.0
 50
180.0
  0
MTEXT
  5
372
330
36B
100
AcDbEntity
  8
绘图层
 62
     7
440
 16777216
100
AcDbMText
 10
2787.792426142336
 20
2089.97491566438
 30
0.0
 40
20.0
 41
0.0
 46
0.0
 71
     5
 72
     1
  1
\A1;50
 73
     1
 44
1.0
  0
POINT
  5
373
330
36B
100
AcDbEntity
  8
Defpoints
 62
     0
440
 16777216
100
AcDbPoint
 10
2812.792426142336
 20
2125.157665663184
 30
0.0
  0
POINT
  5
374
330
36B
100
AcDbEntity
  8
Defpoints
 62
     0
440
 16777216
100
AcDbPoint
 10
2762.792426142335
 20
2125.157665663184
 30
0.0
  0
POINT
  5
375
330
36B
100
AcDbEntity
  8
Defpoints
 62
     0
440
 16777216
100
AcDbPoint
 10
2762.792426142335
 20
2076.924924778963
 30
0.0
  0
ENDBLK
  5
376
330
36B
100
AcDbEntity
  8
0
100
AcDbBlockEnd
  0
BLOCK
  5
37B
330
37A
100
AcDbEntity
  8
0
100
AcDbBlockBegin
  2
*D38
 70
     1
 10
0.0
 20
0.0
 30
0.0
  3
*D38
  1

  0
LINE
  5
37C
330
37A
100
AcDbEntity
  8
绘图层
 62
     4
440
 16777216
370
     9
100
AcDbLine
 10
2762.792426142336
 20
2125.157665663184
 30
0.0
 11
2762.792426142336
 21
2074.424924778963
 31
0.0
  0
LINE
  5
37D
330
37A
100
AcDbEntity
  8
绘图层
 62
     4
440
 16777216
370
     9
100
AcDbLine
 10
2639.79242614233
 20
2125.157665663195
 30
0.0
 11
2639.79242614233
 21
2074.424924778963
 31
0.0
  0
LINE
  5
37E
330
37A
100
AcDbEntity
  8
绘图层
 62
     4
440
 16777216
370
     9
100
AcDbLine
 10
2752.792426142336
 20
2076.924924778963
 30
0.0
 11
2649.79242614233
 21
2076.924924778963
 31
0.0
  0
INSERT
  5
37F
330
37A
100
AcDbEntity
  8
绘图层
 62
     4
440
 16777216
370
     9
100
AcDbBlockReference
  2
_ClosedBlank
 10
2762.792426142336
 20
2076.924924778963
 30
0.0
 41
10.0
 42
10.0
 43
10.0
  0
INSERT
  5
380
330
37A
100
AcDbEntity
  8
绘图层
 62
     4
440
 16777216
370
     9
100
AcDbBlockReference
  2
_ClosedBlank
 10
2639.79242614233
 20
2076.924924778963
 30
0.0
 41
10.0
 42
10.0
 43
10.0
 50
180.0
  0
MTEXT
  5
381
330
37A
100
AcDbEntity
  8
绘图层
 62
     7
440
 16777216
100
AcDbMText
 10
2701.292426142333
 20
2089.97491566438
 30
0.0
 40
20.0
 41
0.0
 46
0.0
 71
     5
 72
     1
  1
\A1;123
 73
     1
 44
1.0
  0
POINT
  5
382
330
37A
100
AcDbEntity
  8
Defpoints
 62
     0
440
 16777216
100
AcDbPoint
 10
2762.792426142336
 20
2125.157665663184
 30
0.0
  0
POINT
  5
383
330
37A
100
AcDbEntity
  8
Defpoints
 62
     0
440
 16777216
100
AcDbPoint
 10
2639.79242614233
 20
2125.157665663195
 30
0.0
  0
POINT
  5
384
330
37A
100
AcDbEntity
  8
Defpoints
 62
     0
440
 16777216
100
AcDbPoint
 10
2639.79242614233
 20
2076.924924778963
 30
0.0
  0
ENDBLK
  5
385
330
37A
100
AcDbEntity
  8
0
100
AcDbBlockEnd
  0
BLOCK
  5
38A
330
389
100
AcDbEntity
  8
0
100
AcDbBlockBegin
  2
*D39
 70
     1
 10
0.0
 20
0.0
 30
0.0
  3
*D39
  1

  0
LINE
  5
38B
330
389
100
AcDbEntity
  8
绘图层
 62
     4
440
 16777216
370
     9
100
AcDbLine
 10
2639.79242614233
 20
2125.157665663195
 30
0.0
 11
2639.79242614233
 21
2074.424924778963
 31
0.0
  0
LINE
  5
38C
330
389
100
AcDbEntity
  8
绘图层
 62
     4
440
 16777216
370
     9
100
AcDbLine
 10
2619.792426142317
 20
2125.157665663195
 30
0.0
 11
2619.792426142317
 21
2074.424924778963
 31
0.0
  0
LINE
  5
38D
330
389
100
AcDbEntity
  8
绘图层
 62
     4
440
 16777216
370
     9
100
AcDbLine
 10
2649.79242614233
 20
2076.924924778963
 30
0.0
 11
2659.79242614233
 21
2076.924924778963
 31
0.0
  0
LINE
  5
38E
330
389
100
AcDbEntity
  8
绘图层
 62
     4
440
 16777216
370
     9
100
AcDbLine
 10
2609.792426142317
 20
2076.924924778963
 30
0.0
 11
2599.792426142317
 21
2076.924924778963
 31
0.0
  0
LINE
  5
38F
330
389
100
AcDbEntity
  8
绘图层
 62
     4
440
 16777216
370
     9
100
AcDbLine
 10
2639.79242614233
 20
2076.924924778963
 30
0.0
 11
2619.792426142317
 21
2076.924924778963
 31
0.0
  0
INSERT
  5
390
330
389
100
AcDbEntity
  8
绘图层
 62
     4
440
 16777216
370
     9
100
AcDbBlockReference
  2
_ClosedBlank
 10
2639.79242614233
 20
2076.924924778963
 30
0.0
 41
10.0
 42
10.0
 43
10.0
 50
180.0
  0
INSERT
  5
391
330
389
100
AcDbEntity
  8
绘图层
 62
     4
440
 16777216
370
     9
100
AcDbBlockReference
  2
_ClosedBlank
 10
2619.792426142317
 20
2076.924924778963
 30
0.0
 41
10.0
 42
10.0
 43
10.0
  0
MTEXT
  5
392
330
389
100
AcDbEntity
  8
绘图层
 62
     7
440
 16777216
100
AcDbMText
 10
2629.792426142323
 20
2089.97491566438
 30
0.0
 40
20.0
 41
0.0
 46
0.0
 71
     5
 72
     1
  1
\A1;20
 73
     1
 44
1.0
  0
POINT
  5
393
330
389
100
AcDbEntity
  8
Defpoints
 62
     0
440
 16777216
100
AcDbPoint
 10
2639.79242614233
 20
2125.157665663195
 30
0.0
  0
POINT
  5
394
330
389
100
AcDbEntity
  8
Defpoints
 62
     0
440
 16777216
100
AcDbPoint
 10
2619.792426142317
 20
2125.157665663195
 30
0.0
  0
POINT
  5
395
330
389
100
AcDbEntity
  8
Defpoints
 62
     0
440
 16777216
100
AcDbPoint
 10
2619.792426142317
 20
2076.924924778963
 30
0.0
  0
ENDBLK
  5
396
330
389
100
AcDbEntity
  8
0
100
AcDbBlockEnd
  0
BLOCK
  5
39B
330
39A
100
AcDbEntity
  8
0
100
AcDbBlockBegin
  2
*D40
 70
     1
 10
0.0
 20
0.0
 30
0.0
  3
*D40
  1

  0
LINE
  5
39C
330
39A
100
AcDbEntity
  8
绘图层
 62
     4
440
 16777216
370
     9
100
AcDbLine
 10
2619.792426142317
 20
2125.157665663195
 30
0.0
 11
2619.792426142317
 21
2074.424924778963
 31
0.0
  0
LINE
  5
39D
330
39A
100
AcDbEntity
  8
绘图层
 62
     4
440
 16777216
370
     9
100
AcDbLine
 10
2549.792426142319
 20
2125.157665663195
 30
0.0
 11
2549.792426142319
 21
2074.424924778963
 31
0.0
  0
LINE
  5
39E
330
39A
100
AcDbEntity
  8
绘图层
 62
     4
440
 16777216
370
     9
100
AcDbLine
 10
2609.792426142317
 20
2076.924924778963
 30
0.0
 11
2559.792426142319
 21
2076.924924778963
 31
0.0
  0
INSERT
  5
39F
330
39A
100
AcDbEntity
  8
绘图层
 62
     4
440
 16777216
370
     9
100
AcDbBlockReference
  2
_ClosedBlank
 10
2619.792426142317
 20
2076.924924778963
 30
0.0
 41
10.0
 42
10.0
 43
10.0
  0
INSERT
  5
3A0
330
39A
100
AcDbEntity
  8
绘图层
 62
     4
440
 16777216
370
     9
100
AcDbBlockReference
  2
_ClosedBlank
 10
2549.792426142319
 20
2076.924924778963
 30
0.0
 41
10.0
 42
10.0
 43
10.0
 50
180.0
  0
MTEXT
  5
3A1
330
39A
100
AcDbEntity
  8
绘图层
 62
     7
440
 16777216
100
AcDbMText
 10
2584.792426142318
 20
2089.97491566438
 30
0.0
 40
20.0
 41
0.0
 46
0.0
 71
     5
 72
     1
  1
\A1;70
 73
     1
 44
1.0
  0
POINT
  5
3A2
330
39A
100
AcDbEntity
  8
Defpoints
 62
     0
440
 16777216
100
AcDbPoint
 10
2619.792426142317
 20
2125.157665663195
 30
0.0
  0
POINT
  5
3A3
330
39A
100
AcDbEntity
  8
Defpoints
 62
     0
440
 16777216
100
AcDbPoint
 10
2549.792426142319
 20
2125.157665663195
 30
0.0
  0
POINT
  5
3A4
330
39A
100
AcDbEntity
  8
Defpoints
 62
     0
440
 16777216
100
AcDbPoint
 10
2549.792426142319
 20
2076.924924778963
 30
0.0
  0
ENDBLK
  5
3A5
330
39A
100
AcDbEntity
  8
0
100
AcDbBlockEnd
  0
BLOCK
  5
3B7
330
3B6
100
AcDbEntity
  8
0
100
AcDbBlockBegin
  2
*D41
 70
     1
 10
0.0
 20
0.0
 30
0.0
  3
*D41
  1

  0
LINE
  5
3B8
330
3B6
100
AcDbEntity
  8
标注层
 62
     4
440
 16777216
370
     9
100
AcDbLine
 10
2465.5
 20
1740.0
 30
0.0
 11
2465.5
 21
1843.286928043686
 31
0.0
  0
LINE
  5
3B9
330
3B6
100
AcDbEntity
  8
标注层
 62
     4
440
 16777216
370
     9
100
AcDbLine
 10
2631.5
 20
1733.0
 30
0.0
 11
2631.5
 21
1843.286928043686
 31
0.0
  0
LINE
  5
3BA
330
3B6
100
AcDbEntity
  8
标注层
 62
     4
440
 16777216
370
     9
100
AcDbLine
 10
2475.5
 20
1840.786928043686
 30
0.0
 11
2621.5
 21
1840.786928043686
 31
0.0
  0
INSERT
  5
3BB
330
3B6
100
AcDbEntity
  8
标注层
 62
     4
440
 16777216
370
     9
100
AcDbBlockReference
  2
_ClosedBlank
 10
2465.5
 20
1840.786928043686
 30
0.0
 41
10.0
 42
10.0
 43
10.0
 50
180.0
  0
INSERT
  5
3BC
330
3B6
100
AcDbEntity
  8
标注层
 62
     4
440
 16777216
370
     9
100
AcDbBlockReference
  2
_ClosedBlank
 10
2631.5
 20
1840.786928043686
 30
0.0
 41
10.0
 42
10.0
 43
10.0
  0
MTEXT
  5
3BD
330
3B6
100
AcDbEntity
  8
标注层
 62
     7
440
 16777216
100
AcDbMText
 10
2548.5
 20
1853.836918929103
 30
0.0
 40
20.0
 41
0.0
 46
0.0
 71
     5
 72
     1
  1
\A1;166
 73
     1
 44
1.0
  0
POINT
  5
3BE
330
3B6
100
AcDbEntity
  8
Defpoints
 62
     0
440
 16777216
100
AcDbPoint
 10
2465.5
 20
1740.0
 30
0.0
  0
POINT
  5
3BF
330
3B6
100
AcDbEntity
  8
Defpoints
 62
     0
440
 16777216
100
AcDbPoint
 10
2631.5
 20
1733.0
 30
0.0
  0
POINT
  5
3C0
330
3B6
100
AcDbEntity
  8
Defpoints
 62
     0
440
 16777216
100
AcDbPoint
 10
2631.5
 20
1840.786928043686
 30
0.0
  0
ENDBLK
  5
3C1
330
3B6
100
AcDbEntity
  8
0
100
AcDbBlockEnd
  0
BLOCK
  5
3C6
330
3C5
100
AcDbEntity
  8
0
100
AcDbBlockBegin
  2
*D42
 70
     1
 10
0.0
 20
0.0
 30
0.0
  3
*D42
  1

  0
LINE
  5
3C7
330
3C5
100
AcDbEntity
  8
标注层
 62
     4
440
 16777216
370
     9
100
AcDbLine
 10
2478.5
 20
1740.0
 30
0.0
 11
2478.5
 21
1794.143464021843
 31
0.0
  0
LINE
  5
3C8
330
3C5
100
AcDbEntity
  8
标注层
 62
     4
440
 16777216
370
     9
100
AcDbLine
 10
2465.5
 20
1740.0
 30
0.0
 11
2465.5
 21
1794.143464021843
 31
0.0
  0
LINE
  5
3C9
330
3C5
100
AcDbEntity
  8
标注层
 62
     4
440
 16777216
370
     9
100
AcDbLine
 10
2488.5
 20
1791.643464021843
 30
0.0
 11
2498.5
 21
1791.643464021843
 31
0.0
  0
LINE
  5
3CA
330
3C5
100
AcDbEntity
  8
标注层
 62
     4
440
 16777216
370
     9
100
AcDbLine
 10
2455.5
 20
1791.643464021843
 30
0.0
 11
2415.955573784722
 21
1791.643464021843
 31
0.0
  0
LINE
  5
3CB
330
3C5
100
AcDbEntity
  8
标注层
 62
     4
440
 16777216
370
     9
100
AcDbLine
 10
2478.5
 20
1791.643464021843
 30
0.0
 11
2465.5
 21
1791.643464021843
 31
0.0
  0
INSERT
  5
3CC
330
3C5
100
AcDbEntity
  8
标注层
 62
     4
440
 16777216
370
     9
100
AcDbBlockReference
  2
_ClosedBlank
 10
2478.5
 20
1791.643464021843
 30
0.0
 41
10.0
 42
10.0
 43
10.0
 50
180.0
  0
INSERT
  5
3CD
330
3C5
100
AcDbEntity
  8
标注层
 62
     4
440
 16777216
370
     9
100
AcDbBlockReference
  2
_ClosedBlank
 10
2465.5
 20
1791.643464021843
 30
0.0
 41
10.0
 42
10.0
 43
10.0
  0
MTEXT
  5
3CE
330
3C5
100
AcDbEntity
  8
标注层
 62
     7
440
 16777216
100
AcDbMText
 10
2430.727786892362
 20
1804.69345490726
 30
0.0
 40
20.0
 41
0.0
 46
0.0
 71
     5
 72
     1
  1
\A1;13
 73
     1
 44
1.0
  0
POINT
  5
3CF
330
3C5
100
AcDbEntity
  8
Defpoints
 62
     0
440
 16777216
100
AcDbPoint
 10
2478.5
 20
1740.0
 30
0.0
  0
POINT
  5
3D0
330
3C5
100
AcDbEntity
  8
Defpoints
 62
     0
440
 16777216
100
AcDbPoint
 10
2465.5
 20
1740.0
 30
0.0
  0
POINT
  5
3D1
330
3C5
100
AcDbEntity
  8
Defpoints
 62
     0
440
 16777216
100
AcDbPoint
 10
2465.5
 20
1791.643464021843
 30
0.0
  0
ENDBLK
  5
3D2
330
3C5
100
AcDbEntity
  8
0
100
AcDbBlockEnd
  0
BLOCK
  5
3D7
330
3D6
100
AcDbEntity
  8
0
100
AcDbBlockBegin
  2
*D43
 70
     1
 10
0.0
 20
0.0
 30
0.0
  3
*D43
  1

  0
LINE
  5
3D8
330
3D6
100
AcDbEntity
  8
标注层
 62
     4
440
 16777216
370
     9
100
AcDbLine
 10
2478.5
 20
1740.0
 30
0.0
 11
2478.5
 21
1794.143464021843
 31
0.0
  0
LINE
  5
3D9
330
3D6
100
AcDbEntity
  8
标注层
 62
     4
440
 16777216
370
     9
100
AcDbLine
 10
2528.5
 20
1740.0
 30
0.0
 11
2528.5
 21
1794.143464021843
 31
0.0
  0
LINE
  5
3DA
330
3D6
100
AcDbEntity
  8
标注层
 62
     4
440
 16777216
370
     9
100
AcDbLine
 10
2488.5
 20
1791.643464021843
 30
0.0
 11
2518.499999999999
 21
1791.643464021843
 31
0.0
  0
INSERT
  5
3DB
330
3D6
100
AcDbEntity
  8
标注层
 62
     4
440
 16777216
370
     9
100
AcDbBlockReference
  2
_ClosedBlank
 10
2478.5
 20
1791.643464021843
 30
0.0
 41
10.0
 42
10.0
 43
10.0
 50
180.0
  0
INSERT
  5
3DC
330
3D6
100
AcDbEntity
  8
标注层
 62
     4
440
 16777216
370
     9
100
AcDbBlockReference
  2
_ClosedBlank
 10
2528.5
 20
1791.643464021843
 30
0.0
 41
10.0
 42
10.0
 43
10.0
  0
MTEXT
  5
3DD
330
3D6
100
AcDbEntity
  8
标注层
 62
     7
440
 16777216
100
AcDbMText
 10
2503.5
 20
1804.69345490726
 30
0.0
 40
20.0
 41
0.0
 46
0.0
 71
     5
 72
     1
  1
\A1;50
 73
     1
 44
1.0
  0
POINT
  5
3DE
330
3D6
100
AcDbEntity
  8
Defpoints
 62
     0
440
 16777216
100
AcDbPoint
 10
2478.5
 20
1740.0
 30
0.0
  0
POINT
  5
3DF
330
3D6
100
AcDbEntity
  8
Defpoints
 62
     0
440
 16777216
100
AcDbPoint
 10
2528.5
 20
1740.0
 30
0.0
  0
POINT
  5
3E0
330
3D6
100
AcDbEntity
  8
Defpoints
 62
     0
440
 16777216
100
AcDbPoint
 10
2528.5
 20
1791.643464021843
 30
0.0
  0
ENDBLK
  5
3E1
330
3D6
100
AcDbEntity
  8
0
100
AcDbBlockEnd
  0
BLOCK
  5
3E6
330
3E5
100
AcDbEntity
  8
0
100
AcDbBlockBegin
  2
*D44
 70
     1
 10
0.0
 20
0.0
 30
0.0
  3
*D44
  1

  0
LINE
  5
3E7
330
3E5
100
AcDbEntity
  8
标注层
 62
     4
440
 16777216
370
     9
100
AcDbLine
 10
2528.5
 20
1740.0
 30
0.0
 11
2528.5
 21
1794.143464021843
 31
0.0
  0
LINE
  5
3E8
330
3E5
100
AcDbEntity
  8
标注层
 62
     4
440
 16777216
370
     9
100
AcDbLine
 10
2651.5
 20
1733.0
 30
0.0
 11
2651.5
 21
1794.143464021843
 31
0.0
  0
LINE
  5
3E9
330
3E5
100
AcDbEntity
  8
标注层
 62
     4
440
 16777216
370
     9
100
AcDbLine
 10
2538.499999999999
 20
1791.643464021843
 30
0.0
 11
2641.5
 21
1791.643464021843
 31
0.0
  0
INSERT
  5
3EA
330
3E5
100
AcDbEntity
  8
标注层
 62
     4
440
 16777216
370
     9
100
AcDbBlockReference
  2
_ClosedBlank
 10
2528.5
 20
1791.643464021843
 30
0.0
 41
10.0
 42
10.0
 43
10.0
 50
180.0
  0
INSERT
  5
3EB
330
3E5
100
AcDbEntity
  8
标注层
 62
     4
440
 16777216
370
     9
100
AcDbBlockReference
  2
_ClosedBlank
 10
2651.5
 20
1791.643464021843
 30
0.0
 41
10.0
 42
10.0
 43
10.0
  0
MTEXT
  5
3EC
330
3E5
100
AcDbEntity
  8
标注层
 62
     7
440
 16777216
100
AcDbMText
 10
2590.0
 20
1804.69345490726
 30
0.0
 40
20.0
 41
0.0
 46
0.0
 71
     5
 72
     1
  1
\A1;123
 73
     1
 44
1.0
  0
POINT
  5
3ED
330
3E5
100
AcDbEntity
  8
Defpoints
 62
     0
440
 16777216
100
AcDbPoint
 10
2528.5
 20
1740.0
 30
0.0
  0
POINT
  5
3EE
330
3E5
100
AcDbEntity
  8
Defpoints
 62
     0
440
 16777216
100
AcDbPoint
 10
2651.5
 20
1733.0
 30
0.0
  0
POINT
  5
3EF
330
3E5
100
AcDbEntity
  8
Defpoints
 62
     0
440
 16777216
100
AcDbPoint
 10
2651.5
 20
1791.643464021843
 30
0.0
  0
ENDBLK
  5
3F0
330
3E5
100
AcDbEntity
  8
0
100
AcDbBlockEnd
  0
BLOCK
  5
3F5
330
3F4
100
AcDbEntity
  8
0
100
AcDbBlockBegin
  2
*D45
 70
     1
 10
0.0
 20
0.0
 30
0.0
  3
*D45
  1

  0
LINE
  5
3F6
330
3F4
100
AcDbEntity
  8
标注层
 62
     4
440
 16777216
370
     9
100
AcDbLine
 10
2651.5
 20
1733.0
 30
0.0
 11
2651.5
 21
1794.143464021843
 31
0.0
  0
LINE
  5
3F7
330
3F4
100
AcDbEntity
  8
标注层
 62
     4
440
 16777216
370
     9
100
AcDbLine
 10
2671.5
 20
1733.0
 30
0.0
 11
2671.5
 21
1794.143464021843
 31
0.0
  0
LINE
  5
3F8
330
3F4
100
AcDbEntity
  8
标注层
 62
     4
440
 16777216
370
     9
100
AcDbLine
 10
2641.5
 20
1791.643464021843
 30
0.0
 11
2631.5
 21
1791.643464021843
 31
0.0
  0
LINE
  5
3F9
330
3F4
100
AcDbEntity
  8
标注层
 62
     4
440
 16777216
370
     9
100
AcDbLine
 10
2681.5
 20
1791.643464021843
 30
0.0
 11
2691.5
 21
1791.643464021843
 31
0.0
  0
LINE
  5
3FA
330
3F4
100
AcDbEntity
  8
标注层
 62
     4
440
 16777216
370
     9
100
AcDbLine
 10
2651.5
 20
1791.643464021843
 30
0.0
 11
2671.5
 21
1791.643464021843
 31
0.0
  0
INSERT
  5
3FB
330
3F4
100
AcDbEntity
  8
标注层
 62
     4
440
 16777216
370
     9
100
AcDbBlockReference
  2
_ClosedBlank
 10
2651.5
 20
1791.643464021843
 30
0.0
 41
10.0
 42
10.0
 43
10.0
  0
INSERT
  5
3FC
330
3F4
100
AcDbEntity
  8
标注层
 62
     4
440
 16777216
370
     9
100
AcDbBlockReference
  2
_ClosedBlank
 10
2671.5
 20
1791.643464021843
 30
0.0
 41
10.0
 42
10.0
 43
10.0
 50
180.0
  0
MTEXT
  5
3FD
330
3F4
100
AcDbEntity
  8
标注层
 62
     7
440
 16777216
100
AcDbMText
 10
2661.5
 20
1804.69345490726
 30
0.0
 40
20.0
 41
0.0
 46
0.0
 71
     5
 72
     1
  1
\A1;20
 73
     1
 44
1.0
  0
POINT
  5
3FE
330
3F4
100
AcDbEntity
  8
Defpoints
 62
     0
440
 16777216
100
AcDbPoint
 10
2651.5
 20
1733.0
 30
0.0
  0
POINT
  5
3FF
330
3F4
100
AcDbEntity
  8
Defpoints
 62
     0
440
 16777216
100
AcDbPoint
 10
2671.5
 20
1733.0
 30
0.0
  0
POINT
  5
400
330
3F4
100
AcDbEntity
  8
Defpoints
 62
     0
440
 16777216
100
AcDbPoint
 10
2671.5
 20
1791.643464021843
 30
0.0
  0
ENDBLK
  5
401
330
3F4
100
AcDbEntity
  8
0
100
AcDbBlockEnd
  0
BLOCK
  5
406
330
405
100
AcDbEntity
  8
0
100
AcDbBlockBegin
  2
*D46
 70
     1
 10
0.0
 20
0.0
 30
0.0
  3
*D46
  1

  0
LINE
  5
407
330
405
100
AcDbEntity
  8
标注层
 62
     4
440
 16777216
370
     9
100
AcDbLine
 10
2671.5
 20
1733.0
 30
0.0
 11
2671.5
 21
1794.143464021843
 31
0.0
  0
LINE
  5
408
330
405
100
AcDbEntity
  8
标注层
 62
     4
440
 16777216
370
     9
100
AcDbLine
 10
2741.5
 20
1733.0
 30
0.0
 11
2741.5
 21
1794.143464021843
 31
0.0
  0
LINE
  5
409
330
405
100
AcDbEntity
  8
标注层
 62
     4
440
 16777216
370
     9
100
AcDbLine
 10
2681.5
 20
1791.643464021843
 30
0.0
 11
2731.5
 21
1791.643464021843
 31
0.0
  0
INSERT
  5
40A
330
405
100
AcDbEntity
  8
标注层
 62
     4
440
 16777216
370
     9
100
AcDbBlockReference
  2
_ClosedBlank
 10
2671.5
 20
1791.643464021843
 30
0.0
 41
10.0
 42
10.0
 43
10.0
 50
180.0
  0
INSERT
  5
40B
330
405
100
AcDbEntity
  8
标注层
 62
     4
440
 16777216
370
     9
100
AcDbBlockReference
  2
_ClosedBlank
 10
2741.5
 20
1791.643464021843
 30
0.0
 41
10.0
 42
10.0
 43
10.0
  0
MTEXT
  5
40C
330
405
100
AcDbEntity
  8
标注层
 62
     7
440
 16777216
100
AcDbMText
 10
2706.5
 20
1804.69345490726
 30
0.0
 40
20.0
 41
0.0
 46
0.0
 71
     5
 72
     1
  1
\A1;70
 73
     1
 44
1.0
  0
POINT
  5
40D
330
405
100
AcDbEntity
  8
Defpoints
 62
     0
440
 16777216
100
AcDbPoint
 10
2671.5
 20
1733.0
 30
0.0
  0
POINT
  5
40E
330
405
100
AcDbEntity
  8
Defpoints
 62
     0
440
 16777216
100
AcDbPoint
 10
2741.5
 20
1733.0
 30
0.0
  0
POINT
  5
40F
330
405
100
AcDbEntity
  8
Defpoints
 62
     0
440
 16777216
100
AcDbPoint
 10
2741.5
 20
1791.643464021843
 30
0.0
  0
ENDBLK
  5
410
330
405
100
AcDbEntity
  8
0
100
AcDbBlockEnd
  0
BLOCK
  5
415
330
414
100
AcDbEntity
  8
0
100
AcDbBlockBegin
  2
*D47
 70
     1
 10
0.0
 20
0.0
 30
0.0
  3
*D47
  1

  0
LINE
  5
416
330
414
100
AcDbEntity
  8
标注层
 62
     4
440
 16777216
370
     9
100
AcDbLine
 10
6757.39990234296
 20
-6.0
 30
0.0
 11
6757.39990234296
 21
-75.06884176741005
 31
0.0
  0
LINE
  5
417
330
414
100
AcDbEntity
  8
标注层
 62
     4
440
 16777216
370
     9
100
AcDbLine
 10
6697.89990234296
 20
0.0
 30
0.0
 11
6697.89990234296
 21
-75.06884176741005
 31
0.0
  0
LINE
  5
418
330
414
100
AcDbEntity
  8
标注层
 62
     4
440
 16777216
370
     9
100
AcDbLine
 10
6767.39990234296
 20
-72.56884176741005
 30
0.0
 11
6777.399902342961
 21
-72.56884176741005
 31
0.0
  0
LINE
  5
419
330
414
100
AcDbEntity
  8
标注层
 62
     4
440
 16777216
370
     9
100
AcDbLine
 10
6687.89990234296
 20
-72.56884176741005
 30
0.0
 11
6618.355476127682
 21
-72.56884176741005
 31
0.0
  0
LINE
  5
41A
330
414
100
AcDbEntity
  8
标注层
 62
     4
440
 16777216
370
     9
100
AcDbLine
 10
6757.39990234296
 20
-72.56884176741005
 30
0.0
 11
6697.89990234296
 21
-72.56884176741005
 31
0.0
  0
INSERT
  5
41B
330
414
100
AcDbEntity
  8
标注层
 62
     4
440
 16777216
370
     9
100
AcDbBlockReference
  2
_ClosedBlank
 10
6757.39990234296
 20
-72.56884176741005
 30
0.0
 41
10.0
 42
10.0
 43
10.0
 50
180.0
  0
INSERT
  5
41C
330
414
100
AcDbEntity
  8
标注层
 62
     4
440
 16777216
370
     9
100
AcDbBlockReference
  2
_ClosedBlank
 10
6697.89990234296
 20
-72.56884176741005
 30
0.0
 41
10.0
 42
10.0
 43
10.0
  0
MTEXT
  5
41D
330
414
100
AcDbEntity
  8
标注层
 62
     7
440
 16777216
100
AcDbMText
 10
6648.127689235322
 20
-59.51885088199339
 30
0.0
 40
20.0
 41
0.0
 46
0.0
 71
     5
 72
     1
  1
\A1;59.5
 73
     1
 44
1.0
  0
POINT
  5
41E
330
414
100
AcDbEntity
  8
Defpoints
 62
     0
440
 16777216
100
AcDbPoint
 10
6757.39990234296
 20
-6.0
 30
0.0
  0
POINT
  5
41F
330
414
100
AcDbEntity
  8
Defpoints
 62
     0
440
 16777216
100
AcDbPoint
 10
6697.89990234296
 20
0.0
 30
0.0
  0
POINT
  5
420
330
414
100
AcDbEntity
  8
Defpoints
 62
     0
440
 16777216
100
AcDbPoint
 10
6697.89990234296
 20
-72.56884176741005
 30
0.0
  0
ENDBLK
  5
421
330
414
100
AcDbEntity
  8
0
100
AcDbBlockEnd
  0
BLOCK
  5
433
330
432
100
AcDbEntity
  8
0
100
AcDbBlockBegin
  2
*D48
 70
     1
 10
0.0
 20
0.0
 30
0.0
  3
*D48
  1

  0
LINE
  5
434
330
432
100
AcDbEntity
  8
标注层
 62
     4
440
 16777216
370
     9
100
AcDbLine
 10
2587.700000000001
 20
-5.75
 30
0.0
 11
2587.700000000001
 21
-81.38289107022865
 31
0.0
  0
LINE
  5
435
330
432
100
AcDbEntity
  8
标注层
 62
     4
440
 16777216
370
     9
100
AcDbLine
 10
2528.5
 20
0.0
 30
0.0
 11
2528.5
 21
-81.38289107022865
 31
0.0
  0
LINE
  5
436
330
432
100
AcDbEntity
  8
标注层
 62
     4
440
 16777216
370
     9
100
AcDbLine
 10
2597.700000000001
 20
-78.88289107022865
 30
0.0
 11
2607.700000000001
 21
-78.88289107022865
 31
0.0
  0
LINE
  5
437
330
432
100
AcDbEntity
  8
标注层
 62
     4
440
 16777216
370
     9
100
AcDbLine
 10
2518.499999999999
 20
-78.88289107022865
 30
0.0
 11
2448.955573784722
 21
-78.88289107022865
 31
0.0
  0
LINE
  5
438
330
432
100
AcDbEntity
  8
标注层
 62
     4
440
 16777216
370
     9
100
AcDbLine
 10
2587.700000000001
 20
-78.88289107022865
 30
0.0
 11
2528.5
 21
-78.88289107022865
 31
0.0
  0
INSERT
  5
439
330
432
100
AcDbEntity
  8
标注层
 62
     4
440
 16777216
370
     9
100
AcDbBlockReference
  2
_ClosedBlank
 10
2587.700000000001
 20
-78.88289107022865
 30
0.0
 41
10.0
 42
10.0
 43
10.0
 50
180.0
  0
INSERT
  5
43A
330
432
100
AcDbEntity
  8
标注层
 62
     4
440
 16777216
370
     9
100
AcDbBlockReference
  2
_ClosedBlank
 10
2528.5
 20
-78.88289107022865
 30
0.0
 41
10.0
 42
10.0
 43
10.0
  0
MTEXT
  5
43B
330
432
100
AcDbEntity
  8
标注层
 62
     7
440
 16777216
100
AcDbMText
 10
2478.727786892361
 20
-65.83290018481199
 30
0.0
 40
20.0
 41
0.0
 46
0.0
 71
     5
 72
     1
  1
\A1;59.2
 73
     1
 44
1.0
  0
POINT
  5
43C
330
432
100
AcDbEntity
  8
Defpoints
 62
     0
440
 16777216
100
AcDbPoint
 10
2587.700000000001
 20
-5.75
 30
0.0
  0
POINT
  5
43D
330
432
100
AcDbEntity
  8
Defpoints
 62
     0
440
 16777216
100
AcDbPoint
 10
2528.5
 20
0.0
 30
0.0
  0
POINT
  5
43E
330
432
100
AcDbEntity
  8
Defpoints
 62
     0
440
 16777216
100
AcDbPoint
 10
2528.5
 20
-78.88289107022865
 30
0.0
  0
ENDBLK
  5
43F
330
432
100
AcDbEntity
  8
0
100
AcDbBlockEnd
  0
BLOCK
  5
444
330
443
100
AcDbEntity
  8
0
100
AcDbBlockBegin
  2
*D49
 70
     1
 10
0.0
 20
0.0
 30
0.0
  3
*D49
  1

  0
LINE
  5
445
330
443
100
AcDbEntity
  8
标注层
 62
     4
440
 16777216
370
     9
100
AcDbLine
 10
2528.5
 20
0.0
 30
0.0
 11
2528.5
 21
-131.1949997888587
 31
0.0
  0
LINE
  5
446
330
443
100
AcDbEntity
  8
标注层
 62
     4
440
 16777216
370
     9
100
AcDbLine
 10
2615.200000000001
 20
-2.25
 30
0.0
 11
2615.200000000001
 21
-131.1949997888587
 31
0.0
  0
LINE
  5
447
330
443
100
AcDbEntity
  8
标注层
 62
     4
440
 16777216
370
     9
100
AcDbLine
 10
2538.499999999999
 20
-128.6949997888587
 30
0.0
 11
2605.200000000001
 21
-128.6949997888587
 31
0.0
  0
INSERT
  5
448
330
443
100
AcDbEntity
  8
标注层
 62
     4
440
 16777216
370
     9
100
AcDbBlockReference
  2
_ClosedBlank
 10
2528.5
 20
-128.6949997888587
 30
0.0
 41
10.0
 42
10.0
 43
10.0
 50
180.0
  0
INSERT
  5
449
330
443
100
AcDbEntity
  8
标注层
 62
     4
440
 16777216
370
     9
100
AcDbBlockReference
  2
_ClosedBlank
 10
2615.200000000001
 20
-128.6949997888587
 30
0.0
 41
10.0
 42
10.0
 43
10.0
  0
MTEXT
  5
44A
330
443
100
AcDbEntity
  8
标注层
 62
     7
440
 16777216
100
AcDbMText
 10
2571.850000000001
 20
-115.645008903442
 30
0.0
 40
20.0
 41
0.0
 46
0.0
 71
     5
 72
     1
  1
\A1;86.7
 73
     1
 44
1.0
  0
POINT
  5
44B
330
443
100
AcDbEntity
  8
Defpoints
 62
     0
440
 16777216
100
AcDbPoint
 10
2528.5
 20
0.0
 30
0.0
  0
POINT
  5
44C
330
443
100
AcDbEntity
  8
Defpoints
 62
     0
440
 16777216
100
AcDbPoint
 10
2615.200000000001
 20
-2.25
 30
0.0
  0
POINT
  5
44D
330
443
100
AcDbEntity
  8
Defpoints
 62
     0
440
 16777216
100
AcDbPoint
 10
2615.200000000001
 20
-128.6949997888587
 30
0.0
  0
ENDBLK
  5
44E
330
443
100
AcDbEntity
  8
0
100
AcDbBlockEnd
  0
BLOCK
  5
6E
330
6D
100
AcDbEntity
  8
0
100
AcDbBlockBegin
  2
*D50
 70
     1
 10
0.0
 20
0.0
 30
0.0
  3
*D50
  1

  0
LINE
  5
6F
330
6D
100
AcDbEntity
  8
绘图层
 62
     4
440
 16777216
370
     9
100
AcDbLine
 10
2372.004249309805
 20
2228.157665663192
 30
0.0
 11
2372.004249309805
 21
2256.401943786339
 31
0.0
  0
LINE
  5
70
330
6D
100
AcDbEntity
  8
绘图层
 62
     4
440
 16777216
370
     9
100
AcDbLine
 10
2424.004249309809
 20
2228.157665663192
 30
0.0
 11
2424.004249309809
 21
2256.401943786339
 31
0.0
  0
LINE
  5
71
330
6D
100
AcDbEntity
  8
绘图层
 62
     4
440
 16777216
370
     9
100
AcDbLine
 10
2382.004249309805
 20
2253.901943786339
 30
0.0
 11
2414.004249309809
 21
2253.901943786339
 31
0.0
  0
INSERT
  5
72
330
6D
100
AcDbEntity
  8
绘图层
 62
     4
440
 16777216
370
     9
100
AcDbBlockReference
  2
_ClosedBlank
 10
2372.004249309805
 20
2253.901943786339
 30
0.0
 41
10.0
 42
10.0
 43
10.0
 50
180.0
  0
INSERT
  5
79
330
6D
100
AcDbEntity
  8
绘图层
 62
     4
440
 16777216
370
     9
100
AcDbBlockReference
  2
_ClosedBlank
 10
2424.004249309809
 20
2253.901943786339
 30
0.0
 41
10.0
 42
10.0
 43
10.0
  0
MTEXT
  5
7A
330
6D
100
AcDbEntity
  8
绘图层
 62
     7
440
 16777216
100
AcDbMText
 10
2398.004249309807
 20
2266.951934671756
 30
0.0
 40
20.0
 41
0.0
 46
0.0
 71
     5
 72
     1
  1
\A1;52
 73
     1
 44
1.0
  0
POINT
  5
7B
330
6D
100
AcDbEntity
  8
Defpoints
 62
     0
440
 16777216
100
AcDbPoint
 10
2372.004249309805
 20
2228.157665663192
 30
0.0
  0
POINT
  5
7D
330
6D
100
AcDbEntity
  8
Defpoints
 62
     0
440
 16777216
100
AcDbPoint
 10
2424.004249309809
 20
2228.157665663192
 30
0.0
  0
POINT
  5
7E
330
6D
100
AcDbEntity
  8
Defpoints
 62
     0
440
 16777216
100
AcDbPoint
 10
2424.004249309809
 20
2253.901943786339
 30
0.0
  0
ENDBLK
  5
7F
330
6D
100
AcDbEntity
  8
0
100
AcDbBlockEnd
  0
BLOCK
  5
8A
330
89
100
AcDbEntity
  8
0
100
AcDbBlockBegin
  2
*D51
 70
     1
 10
0.0
 20
0.0
 30
0.0
  3
*D51
  1

  0
LINE
  5
8B
330
89
100
AcDbEntity
  8
绘图层
 62
     4
440
 16777216
370
     9
100
AcDbLine
 10
2352.004249309813
 20
2103.15766566318
 30
0.0
 11
2352.004249309813
 21
2059.367319516583
 31
0.0
  0
LINE
  5
8C
330
89
100
AcDbEntity
  8
绘图层
 62
     4
440
 16777216
370
     9
100
AcDbLine
 10
2424.004249309811
 20
2103.15766566318
 30
0.0
 11
2424.004249309811
 21
2059.367319516583
 31
0.0
  0
LINE
  5
8D
330
89
100
AcDbEntity
  8
绘图层
 62
     4
440
 16777216
370
     9
100
AcDbLine
 10
2362.004249309813
 20
2061.867319516583
 30
0.0
 11
2414.004249309812
 21
2061.867319516583
 31
0.0
  0
INSERT
  5
8E
330
89
100
AcDbEntity
  8
绘图层
 62
     4
440
 16777216
370
     9
100
AcDbBlockReference
  2
_ClosedBlank
 10
2352.004249309813
 20
2061.867319516583
 30
0.0
 41
10.0
 42
10.0
 43
10.0
 50
180.0
  0
INSERT
  5
8F
330
89
100
AcDbEntity
  8
绘图层
 62
     4
440
 16777216
370
     9
100
AcDbBlockReference
  2
_ClosedBlank
 10
2424.004249309811
 20
2061.867319516583
 30
0.0
 41
10.0
 42
10.0
 43
10.0
  0
MTEXT
  5
90
330
89
100
AcDbEntity
  8
绘图层
 62
     7
440
 16777216
100
AcDbMText
 10
2388.004249309812
 20
2074.917310402
 30
0.0
 40
20.0
 41
0.0
 46
0.0
 71
     5
 72
     1
  1
\A1;72
 73
     1
 44
1.0
  0
POINT
  5
91
330
89
100
AcDbEntity
  8
Defpoints
 62
     0
440
 16777216
100
AcDbPoint
 10
2352.004249309813
 20
2103.15766566318
 30
0.0
  0
POINT
  5
92
330
89
100
AcDbEntity
  8
Defpoints
 62
     0
440
 16777216
100
AcDbPoint
 10
2424.004249309811
 20
2103.15766566318
 30
0.0
  0
POINT
  5
93
330
89
100
AcDbEntity
  8
Defpoints
 62
     0
440
 16777216
100
AcDbPoint
 10
2424.004249309811
 20
2061.867319516583
 30
0.0
  0
ENDBLK
  5
94
330
89
100
AcDbEntity
  8
0
100
AcDbBlockEnd
  0
BLOCK
  5
AF
330
AE
100
AcDbEntity
  8
0
100
AcDbBlockBegin
  2
*D52
 70
     1
 10
0.0
 20
0.0
 30
0.0
  3
*D52
  1

  0
LINE
  5
B0
330
AE
100
AcDbEntity
  8
标注层
 62
     4
440
 16777216
370
     9
100
AcDbLine
 10
6629.39990234296
 20
1740.0
 30
0.0
 11
6472.843547969612
 21
1740.0
 31
0.0
  0
LINE
  5
B1
330
AE
100
AcDbEntity
  8
标注层
 62
     4
440
 16777216
370
     9
100
AcDbLine
 10
6629.39990234296
 20
0.0
 30
0.0
 11
6472.843547969612
 21
0.0000000000000443
 31
0.0
  0
LINE
  5
B2
330
AE
100
AcDbEntity
  8
标注层
 62
     4
440
 16777216
370
     9
100
AcDbLine
 10
6475.343547969611
 20
1730.0
 30
0.0
 11
6475.343547969611
 21
10.00000000000004
 31
0.0
  0
INSERT
  5
B3
330
AE
100
AcDbEntity
  8
标注层
 62
     4
440
 16777216
370
     9
100
AcDbBlockReference
  2
_ClosedBlank
 10
6475.343547969611
 20
1740.0
 30
0.0
 41
10.0
 42
10.0
 43
10.0
 50
90.0
  0
INSERT
  5
B4
330
AE
100
AcDbEntity
  8
标注层
 62
     4
440
 16777216
370
     9
100
AcDbBlockReference
  2
_ClosedBlank
 10
6475.343547969611
 20
0.0000000000000436
 30
0.0
 41
10.0
 42
10.0
 43
10.0
 50
270.0
  0
MTEXT
  5
B5
330
AE
100
AcDbEntity
  8
标注层
 62
     7
440
 16777216
100
AcDbMText
 10
6447.293557084194
 20
870.0000000000009
 30
0.0
 40
50.0
 41
0.0
 46
0.0
 71
     5
 72
     1
  1
\A1;1740
 11
0.0000000000000001
 21
1.0
 31
0.0
 73
     1
 44
1.0
  0
POINT
  5
B6
330
AE
100
AcDbEntity
  8
Defpoints
 62
     0
440
 16777216
100
AcDbPoint
 10
6629.39990234296
 20
1740.0
 30
0.0
  0
POINT
  5
B7
330
AE
100
AcDbEntity
  8
Defpoints
 62
     0
440
 16777216
100
AcDbPoint
 10
6629.39990234296
 20
0.0
 30
0.0
  0
POINT
  5
B8
330
AE
100
AcDbEntity
  8
Defpoints
 62
     0
440
 16777216
100
AcDbPoint
 10
6475.343547969611
 20
0.0000000000000436
 30
0.0
  0
ENDBLK
  5
B9
330
AE
100
AcDbEntity
  8
0
100
AcDbBlockEnd
  0
BLOCK
  5
BE
330
BD
100
AcDbEntity
  8
0
100
AcDbBlockBegin
  2
*D53
 70
     1
 10
0.0
 20
0.0
 30
0.0
  3
*D53
  1

  0
LINE
  5
BF
330
BD
100
AcDbEntity
  8
标注层
 62
     4
440
 16777216
370
     9
100
AcDbLine
 10
6629.39990234296
 20
1740.0
 30
0.0
 11
6629.39990234296
 21
1895.522691923892
 31
0.0
  0
LINE
  5
C0
330
BD
100
AcDbEntity
  8
标注层
 62
     4
440
 16777216
370
     9
100
AcDbLine
 10
6953.599902342958
 20
1733.0
 30
0.0
 11
6953.599902342958
 21
1895.522691923892
 31
0.0
  0
LINE
  5
C1
330
BD
100
AcDbEntity
  8
标注层
 62
     4
440
 16777216
370
     9
100
AcDbLine
 10
6639.39990234296
 20
1893.022691923892
 30
0.0
 11
6943.59990234296
 21
1893.022691923892
 31
0.0
  0
INSERT
  5
C2
330
BD
100
AcDbEntity
  8
标注层
 62
     4
440
 16777216
370
     9
100
AcDbBlockReference
  2
_ClosedBlank
 10
6629.39990234296
 20
1893.022691923892
 30
0.0
 41
10.0
 42
10.0
 43
10.0
 50
180.0
  0
INSERT
  5
C3
330
BD
100
AcDbEntity
  8
标注层
 62
     4
440
 16777216
370
     9
100
AcDbBlockReference
  2
_ClosedBlank
 10
6953.599902342958
 20
1893.022691923892
 30
0.0
 41
10.0
 42
10.0
 43
10.0
  0
MTEXT
  5
C4
330
BD
100
AcDbEntity
  8
标注层
 62
     7
440
 16777216
100
AcDbMText
 10
6791.49990234296
 20
1906.072682809309
 30
0.0
 40
20.0
 41
0.0
 46
0.0
 71
     5
 72
     1
  1
\A1;324.2
 73
     1
 44
1.0
  0
POINT
  5
C5
330
BD
100
AcDbEntity
  8
Defpoints
 62
     0
440
 16777216
100
AcDbPoint
 10
6629.39990234296
 20
1740.0
 30
0.0
  0
POINT
  5
C6
330
BD
100
AcDbEntity
  8
Defpoints
 62
     0
440
 16777216
100
AcDbPoint
 10
6953.599902342958
 20
1733.0
 30
0.0
  0
POINT
  5
C7
330
BD
100
AcDbEntity
  8
Defpoints
 62
     0
440
 16777216
100
AcDbPoint
 10
6953.599902342958
 20
1893.022691923892
 30
0.0
  0
ENDBLK
  5
C8
330
BD
100
AcDbEntity
  8
0
100
AcDbBlockEnd
  0
BLOCK
  5
F0
330
EF
100
AcDbEntity
  8
0
100
AcDbBlockBegin
  2
*D54
 70
     1
 10
0.0
 20
0.0
 30
0.0
  3
*D54
  1

  0
LINE
  5
F1
330
EF
100
AcDbEntity
  8
标注层
 62
     4
440
 16777216
370
     9
100
AcDbLine
 10
6953.599902342958
 20
1733.0
 30
0.0
 11
7084.584943478519
 21
1733.0
 31
0.0
  0
LINE
  5
F2
330
EF
100
AcDbEntity
  8
标注层
 62
     4
440
 16777216
370
     9
100
AcDbLine
 10
6953.599902342958
 20
7.0
 30
0.0
 11
7084.584943478519
 21
6.999999999999962
 31
0.0
  0
LINE
  5
F3
330
EF
100
AcDbEntity
  8
标注层
 62
     4
440
 16777216
370
     9
100
AcDbLine
 10
7082.08494347852
 20
1723.0
 30
0.0
 11
7082.08494347852
 21
16.99999999999996
 31
0.0
  0
INSERT
  5
F4
330
EF
100
AcDbEntity
  8
标注层
 62
     4
440
 16777216
370
     9
100
AcDbBlockReference
  2
_ClosedBlank
 10
7082.08494347852
 20
1733.0
 30
0.0
 41
10.0
 42
10.0
 43
10.0
 50
90.0
  0
INSERT
  5
F5
330
EF
100
AcDbEntity
  8
标注层
 62
     4
440
 16777216
370
     9
100
AcDbBlockReference
  2
_ClosedBlank
 10
7082.08494347852
 20
6.999999999999962
 30
0.0
 41
10.0
 42
10.0
 43
10.0
 50
270.0
  0
MTEXT
  5
F6
330
EF
100
AcDbEntity
  8
标注层
 62
     7
440
 16777216
100
AcDbMText
 10
7054.034952593103
 20
870.0000000000009
 30
0.0
 40
50.0
 41
0.0
 46
0.0
 71
     5
 72
     1
  1
\A1;1726
 11
0.0000000000000001
 21
1.0
 31
0.0
 73
     1
 44
1.0
  0
POINT
  5
F7
330
EF
100
AcDbEntity
  8
Defpoints
 62
     0
440
 16777216
100
AcDbPoint
 10
6953.599902342958
 20
1733.0
 30
0.0
  0
POINT
  5
F8
330
EF
100
AcDbEntity
  8
Defpoints
 62
     0
440
 16777216
100
AcDbPoint
 10
6953.599902342958
 20
7.0
 30
0.0
  0
POINT
  5
F9
330
EF
100
AcDbEntity
  8
Defpoints
 62
     0
440
 16777216
100
AcDbPoint
 10
7082.08494347852
 20
6.999999999999962
 30
0.0
  0
ENDBLK
  5
FA
330
EF
100
AcDbEntity
  8
0
100
AcDbBlockEnd
  0
BLOCK
  5
13D
330
13C
100
AcDbEntity
  8
0
100
AcDbBlockBegin
  2
*D55
 70
     1
 10
0.0
 20
0.0
 30
0.0
  3
*D55
  1

  0
LINE
  5
13E
330
13C
100
AcDbEntity
  8
标注层
 62
     4
440
 16777216
370
     9
100
AcDbLine
 10
2465.5
 20
1740.0
 30
0.0
 11
2289.446335092828
 21
1740.0
 31
0.0
  0
LINE
  5
13F
330
13C
100
AcDbEntity
  8
标注层
 62
     4
440
 16777216
370
     9
100
AcDbLine
 10
2465.5
 20
0.0
 30
0.0
 11
2289.446335092828
 21
0.0000000000000499
 31
0.0
  0
LINE
  5
140
330
13C
100
AcDbEntity
  8
标注层
 62
     4
440
 16777216
370
     9
100
AcDbLine
 10
2291.946335092828
 20
1730.0
 30
0.0
 11
2291.946335092827
 21
10.00000000000005
 31
0.0
  0
INSERT
  5
141
330
13C
100
AcDbEntity
  8
标注层
 62
     4
440
 16777216
370
     9
100
AcDbBlockReference
  2
_ClosedBlank
 10
2291.946335092828
 20
1740.0
 30
0.0
 41
10.0
 42
10.0
 43
10.0
 50
90.0
  0
INSERT
  5
142
330
13C
100
AcDbEntity
  8
标注层
 62
     4
440
 16777216
370
     9
100
AcDbBlockReference
  2
_ClosedBlank
 10
2291.946335092827
 20
0.0000000000000492
 30
0.0
 41
10.0
 42
10.0
 43
10.0
 50
270.0
  0
MTEXT
  5
143
330
13C
100
AcDbEntity
  8
标注层
 62
     7
440
 16777216
100
AcDbMText
 10
2263.89634420741
 20
870.0000000000002
 30
0.0
 40
50.0
 41
0.0
 46
0.0
 71
     5
 72
     1
  1
\A1;1740
 11
0.0000000000000001
 21
1.0
 31
0.0
 73
     1
 44
1.0
  0
POINT
  5
144
330
13C
100
AcDbEntity
  8
Defpoints
 62
     0
440
 16777216
100
AcDbPoint
 10
2465.5
 20
1740.0
 30
0.0
  0
POINT
  5
145
330
13C
100
AcDbEntity
  8
Defpoints
 62
     0
440
 16777216
100
AcDbPoint
 10
2465.5
 20
0.0
 30
0.0
  0
POINT
  5
146
330
13C
100
AcDbEntity
  8
Defpoints
 62
     0
440
 16777216
100
AcDbPoint
 10
2291.946335092827
 20
0.0000000000000492
 30
0.0
  0
ENDBLK
  5
147
330
13C
100
AcDbEntity
  8
0
100
AcDbBlockEnd
  0
BLOCK
  5
15A
330
159
100
AcDbEntity
  8
0
100
AcDbBlockBegin
  2
*D56
 70
     1
 10
0.0
 20
0.0
 30
0.0
  3
*D56
  1

  0
LINE
  5
15B
330
159
100
AcDbEntity
  8
标注层
 62
     4
440
 16777216
370
     9
100
AcDbLine
 10
2754.5
 20
1733.0
 30
0.0
 11
2873.005328903004
 21
1733.0
 31
0.0
  0
LINE
  5
15C
330
159
100
AcDbEntity
  8
标注层
 62
     4
440
 16777216
370
     9
100
AcDbLine
 10
2754.5
 20
7.0
 30
0.0
 11
2873.005328903004
 21
6.999999999999968
 31
0.0
  0
LINE
  5
15D
330
159
100
AcDbEntity
  8
标注层
 62
     4
440
 16777216
370
     9
100
AcDbLine
 10
2870.505328903004
 20
1723.0
 30
0.0
 11
2870.505328903004
 21
16.99999999999997
 31
0.0
  0
INSERT
  5
15E
330
159
100
AcDbEntity
  8
标注层
 62
     4
440
 16777216
370
     9
100
AcDbBlockReference
  2
_ClosedBlank
 10
2870.505328903004
 20
1733.0
 30
0.0
 41
10.0
 42
10.0
 43
10.0
 50
90.0
  0
INSERT
  5
15F
330
159
100
AcDbEntity
  8
标注层
 62
     4
440
 16777216
370
     9
100
AcDbBlockReference
  2
_ClosedBlank
 10
2870.505328903004
 20
6.999999999999968
 30
0.0
 41
10.0
 42
10.0
 43
10.0
 50
270.0
  0
MTEXT
  5
160
330
159
100
AcDbEntity
  8
标注层
 62
     7
440
 16777216
100
AcDbMText
 10
2842.455338017587
 20
870.0000000000002
 30
0.0
 40
50.0
 41
0.0
 46
0.0
 71
     5
 72
     1
  1
\A1;1726
 11
0.0000000000000001
 21
1.0
 31
0.0
 73
     1
 44
1.0
  0
POINT
  5
161
330
159
100
AcDbEntity
  8
Defpoints
 62
     0
440
 16777216
100
AcDbPoint
 10
2754.5
 20
1733.0
 30
0.0
  0
POINT
  5
162
330
159
100
AcDbEntity
  8
Defpoints
 62
     0
440
 16777216
100
AcDbPoint
 10
2754.5
 20
7.0
 30
0.0
  0
POINT
  5
163
330
159
100
AcDbEntity
  8
Defpoints
 62
     0
440
 16777216
100
AcDbPoint
 10
2870.505328903004
 20
6.999999999999968
 30
0.0
  0
ENDBLK
  5
164
330
159
100
AcDbEntity
  8
0
100
AcDbBlockEnd
  0
BLOCK
  5
1B9
330
1B8
100
AcDbEntity
  8
0
100
AcDbBlockBegin
  2
*D57
 70
     1
 10
0.0
 20
0.0
 30
0.0
  3
*D57
  1

  0
LINE
  5
1BA
330
1B8
100
AcDbEntity
  8
标注层
 62
     4
440
 16777216
370
     9
100
AcDbLine
 10
2567.500048828126
 20
835.0
 30
0.0
 11
2567.500048828126
 21
876.4653329031862
 31
0.0
  0
LINE
  5
1BB
330
1B8
100
AcDbEntity
  8
标注层
 62
     4
440
 16777216
370
     9
100
AcDbLine
 10
2528.5
 20
835.0
 30
0.0
 11
2528.5
 21
876.4653329031862
 31
0.0
  0
LINE
  5
1BC
330
1B8
100
AcDbEntity
  8
标注层
 62
     4
440
 16777216
370
     9
100
AcDbLine
 10
2557.500048828126
 20
873.9653329031861
 30
0.0
 11
2538.499999999999
 21
873.9653329031861
 31
0.0
  0
INSERT
  5
1BD
330
1B8
100
AcDbEntity
  8
标注层
 62
     4
440
 16777216
370
     9
100
AcDbBlockReference
  2
_ClosedBlank
 10
2567.500048828126
 20
873.9653329031861
 30
0.0
 41
10.0
 42
10.0
 43
10.0
  0
INSERT
  5
1BE
330
1B8
100
AcDbEntity
  8
标注层
 62
     4
440
 16777216
370
     9
100
AcDbBlockReference
  2
_ClosedBlank
 10
2528.5
 20
873.9653329031861
 30
0.0
 41
10.0
 42
10.0
 43
10.0
 50
180.0
  0
MTEXT
  5
1BF
330
1B8
100
AcDbEntity
  8
标注层
 62
     7
440
 16777216
100
AcDbMText
 10
2548.400024414063
 20
887.0153237886029
 30
0.0
 40
20.0
 41
0.0
 46
0.0
 71
     5
 72
     1
  1
\A1;39
 73
     1
 44
1.0
  0
POINT
  5
1C0
330
1B8
100
AcDbEntity
  8
Defpoints
 62
     0
440
 16777216
100
AcDbPoint
 10
2567.500048828126
 20
835.0
 30
0.0
  0
POINT
  5
1C1
330
1B8
100
AcDbEntity
  8
Defpoints
 62
     0
440
 16777216
100
AcDbPoint
 10
2528.5
 20
835.0
 30
0.0
  0
POINT
  5
1C2
330
1B8
100
AcDbEntity
  8
Defpoints
 62
     0
440
 16777216
100
AcDbPoint
 10
2528.5
 20
873.9653329031861
 30
0.0
  0
ENDBLK
  5
1C3
330
1B8
100
AcDbEntity
  8
0
100
AcDbBlockEnd
  0
BLOCK
  5
48D
330
48C
100
AcDbEntity
  8
0
100
AcDbBlockBegin
  2
*D58
 70
     1
 10
0.0
 20
0.0
 30
0.0
  3
*D58
  1

  0
LINE
  5
48E
330
48C
100
AcDbEntity
  8
标注层
 62
     4
440
 16777216
370
     9
100
AcDbLine
 10
3834.500000000002
 20
0.0
 30
0.0
 11
3925.026832453586
 21
-0.0000000000000256
 31
0.0
  0
LINE
  5
48F
330
48C
100
AcDbEntity
  8
标注层
 62
     4
440
 16777216
370
     9
100
AcDbLine
 10
3749.749951171875
 20
816.0
 30
0.0
 11
3925.026832453586
 21
815.9999999999996
 31
0.0
  0
LINE
  5
490
330
48C
100
AcDbEntity
  8
标注层
 62
     4
440
 16777216
370
     9
100
AcDbLine
 10
3922.526832453586
 20
9.999999999999976
 30
0.0
 11
3922.526832453586
 21
805.9999999999996
 31
0.0
  0
INSERT
  5
491
330
48C
100
AcDbEntity
  8
标注层
 62
     4
440
 16777216
370
     9
100
AcDbBlockReference
  2
_ClosedBlank
 10
3922.526832453586
 20
-0.0000000000000249
 30
0.0
 41
10.0
 42
10.0
 43
10.0
 50
270.0
  0
INSERT
  5
492
330
48C
100
AcDbEntity
  8
标注层
 62
     4
440
 16777216
370
     9
100
AcDbBlockReference
  2
_ClosedBlank
 10
3922.526832453586
 20
815.9999999999996
 30
0.0
 41
10.0
 42
10.0
 43
10.0
 50
90.0
  0
MTEXT
  5
493
330
48C
100
AcDbEntity
  8
标注层
 62
     7
440
 16777216
100
AcDbMText
 10
3899.476841568169
 20
408.0000000000005
 30
0.0
 40
40.0
 41
0.0
 46
0.0
 71
     5
 72
     1
  1
\A1;816
 11
0.0000000000000001
 21
1.0
 31
0.0
 73
     1
 44
1.0
  0
POINT
  5
494
330
48C
100
AcDbEntity
  8
Defpoints
 62
     0
440
 16777216
100
AcDbPoint
 10
3834.500000000002
 20
0.0
 30
0.0
  0
POINT
  5
495
330
48C
100
AcDbEntity
  8
Defpoints
 62
     0
440
 16777216
100
AcDbPoint
 10
3749.749951171875
 20
816.0
 30
0.0
  0
POINT
  5
496
330
48C
100
AcDbEntity
  8
Defpoints
 62
     0
440
 16777216
100
AcDbPoint
 10
3922.526832453586
 20
815.9999999999996
 30
0.0
  0
ENDBLK
  5
497
330
48C
100
AcDbEntity
  8
0
100
AcDbBlockEnd
  0
BLOCK
  5
4B5
330
4B4
100
AcDbEntity
  8
0
100
AcDbBlockBegin
  2
*D59
 70
     1
 10
0.0
 20
0.0
 30
0.0
  3
*D59
  1

  0
LINE
  5
4B6
330
4B4
100
AcDbEntity
  8
标注层
 62
     4
440
 16777216
370
     9
100
AcDbLine
 10
3732.499951171874
 20
835.0
 30
0.0
 11
3732.499951171874
 21
876.4653329031862
 31
0.0
  0
LINE
  5
4B7
330
4B4
100
AcDbEntity
  8
标注层
 62
     4
440
 16777216
370
     9
100
AcDbLine
 10
3771.5
 20
835.0
 30
0.0
 11
3771.5
 21
876.4653329031862
 31
0.0
  0
LINE
  5
4B8
330
4B4
100
AcDbEntity
  8
标注层
 62
     4
440
 16777216
370
     9
100
AcDbLine
 10
3742.499951171875
 20
873.9653329031861
 30
0.0
 11
3761.5
 21
873.9653329031861
 31
0.0
  0
INSERT
  5
4B9
330
4B4
100
AcDbEntity
  8
标注层
 62
     4
440
 16777216
370
     9
100
AcDbBlockReference
  2
_ClosedBlank
 10
3732.499951171874
 20
873.9653329031861
 30
0.0
 41
10.0
 42
10.0
 43
10.0
 50
180.0
  0
INSERT
  5
4BA
330
4B4
100
AcDbEntity
  8
标注层
 62
     4
440
 16777216
370
     9
100
AcDbBlockReference
  2
_ClosedBlank
 10
3771.5
 20
873.9653329031861
 30
0.0
 41
10.0
 42
10.0
 43
10.0
  0
MTEXT
  5
4BB
330
4B4
100
AcDbEntity
  8
标注层
 62
     7
440
 16777216
100
AcDbMText
 10
3751.599975585938
 20
887.0153237886029
 30
0.0
 40
20.0
 41
0.0
 46
0.0
 71
     5
 72
     1
  1
\A1;39
 73
     1
 44
1.0
  0
POINT
  5
4BC
330
4B4
100
AcDbEntity
  8
Defpoints
 62
     0
440
 16777216
100
AcDbPoint
 10
3732.499951171874
 20
835.0
 30
0.0
  0
POINT
  5
4BD
330
4B4
100
AcDbEntity
  8
Defpoints
 62
     0
440
 16777216
100
AcDbPoint
 10
3771.5
 20
835.0
 30
0.0
  0
POINT
  5
4BE
330
4B4
100
AcDbEntity
  8
Defpoints
 62
     0
440
 16777216
100
AcDbPoint
 10
3771.5
 20
873.9653329031861
 30
0.0
  0
ENDBLK
  5
4BF
330
4B4
100
AcDbEntity
  8
0
100
AcDbBlockEnd
  0
BLOCK
  5
4C2
330
4C1
100
AcDbEntity
  8
0
100
AcDbBlockBegin
  2
*D60
 70
     1
 10
0.0
 20
0.0
 30
0.0
  3
*D60
  1

  0
LINE
  5
4C3
330
4C1
100
AcDbEntity
  8
标注层
 62
     4
440
 16777216
370
     9
100
AcDbLine
 10
3834.500000000002
 20
1740.0
 30
0.0
 11
3834.500000000002
 21
1880.14215493451
 31
0.0
  0
LINE
  5
4C4
330
4C1
100
AcDbEntity
  8
标注层
 62
     4
440
 16777216
370
     9
100
AcDbLine
 10
3545.5
 20
1733.0
 30
0.0
 11
3545.5
 21
1880.14215493451
 31
0.0
  0
LINE
  5
4C5
330
4C1
100
AcDbEntity
  8
标注层
 62
     4
440
 16777216
370
     9
100
AcDbLine
 10
3824.5
 20
1877.64215493451
 30
0.0
 11
3555.5
 21
1877.64215493451
 31
0.0
  0
INSERT
  5
4C6
330
4C1
100
AcDbEntity
  8
标注层
 62
     4
440
 16777216
370
     9
100
AcDbBlockReference
  2
_ClosedBlank
 10
3834.500000000002
 20
1877.64215493451
 30
0.0
 41
10.0
 42
10.0
 43
10.0
  0
INSERT
  5
4C7
330
4C1
100
AcDbEntity
  8
标注层
 62
     4
440
 16777216
370
     9
100
AcDbBlockReference
  2
_ClosedBlank
 10
3545.5
 20
1877.64215493451
 30
0.0
 41
10.0
 42
10.0
 43
10.0
 50
180.0
  0
MTEXT
  5
4C8
330
4C1
100
AcDbEntity
  8
标注层
 62
     7
440
 16777216
100
AcDbMText
 10
3690.0
 20
1890.692145819927
 30
0.0
 40
20.0
 41
0.0
 46
0.0
 71
     5
 72
     1
  1
\A1;289
 73
     1
 44
1.0
  0
POINT
  5
4C9
330
4C1
100
AcDbEntity
  8
Defpoints
 62
     0
440
 16777216
100
AcDbPoint
 10
3834.500000000002
 20
1740.0
 30
0.0
  0
POINT
  5
4CA
330
4C1
100
AcDbEntity
  8
Defpoints
 62
     0
440
 16777216
100
AcDbPoint
 10
3545.5
 20
1733.0
 30
0.0
  0
POINT
  5
4CB
330
4C1
100
AcDbEntity
  8
Defpoints
 62
     0
440
 16777216
100
AcDbPoint
 10
3545.5
 20
1877.64215493451
 30
0.0
  0
ENDBLK
  5
4CC
330
4C1
100
AcDbEntity
  8
0
100
AcDbBlockEnd
  0
BLOCK
  5
47F
330
47E
100
AcDbEntity
  8
0
100
AcDbBlockBegin
  2
*D61
 70
     1
 10
0.0
 20
0.0
 30
0.0
  3
*D61
  1

  0
LINE
  5
480
330
47E
100
AcDbEntity
  8
标注层
 62
     4
440
 16777216
370
     9
100
AcDbLine
 10
3834.500000000002
 20
1740.0
 30
0.0
 11
4010.553664907173
 21
1740.0
 31
0.0
  0
LINE
  5
481
330
47E
100
AcDbEntity
  8
标注层
 62
     4
440
 16777216
370
     9
100
AcDbLine
 10
3834.5
 20
0.0
 30
0.0
 11
4010.553664907173
 21
-0.0000000000000499
 31
0.0
  0
LINE
  5
482
330
47E
100
AcDbEntity
  8
标注层
 62
     4
440
 16777216
370
     9
100
AcDbLine
 10
4008.053664907173
 20
1730.0
 30
0.0
 11
4008.053664907173
 21
9.999999999999948
 31
0.0
  0
INSERT
  5
483
330
47E
100
AcDbEntity
  8
标注层
 62
     4
440
 16777216
370
     9
100
AcDbBlockReference
  2
_ClosedBlank
 10
4008.053664907173
 20
1740.0
 30
0.0
 41
10.0
 42
10.0
 43
10.0
 50
90.0
  0
INSERT
  5
484
330
47E
100
AcDbEntity
  8
标注层
 62
     4
440
 16777216
370
     9
100
AcDbBlockReference
  2
_ClosedBlank
 10
4008.053664907173
 20
-0.0000000000000492
 30
0.0
 41
10.0
 42
10.0
 43
10.0
 50
270.0
  0
MTEXT
  5
485
330
47E
100
AcDbEntity
  8
标注层
 62
     7
440
 16777216
100
AcDbMText
 10
3980.003674021757
 20
870.0000000000006
 30
0.0
 40
50.0
 41
0.0
 46
0.0
 71
     5
 72
     1
  1
\A1;1740
 11
0.0000000000000001
 21
1.0
 31
0.0
 73
     1
 44
1.0
  0
POINT
  5
486
330
47E
100
AcDbEntity
  8
Defpoints
 62
     0
440
 16777216
100
AcDbPoint
 10
3834.500000000002
 20
1740.0
 30
0.0
  0
POINT
  5
487
330
47E
100
AcDbEntity
  8
Defpoints
 62
     0
440
 16777216
100
AcDbPoint
 10
3834.5
 20
0.0
 30
0.0
  0
POINT
  5
488
330
47E
100
AcDbEntity
  8
Defpoints
 62
     0
440
 16777216
100
AcDbPoint
 10
4008.053664907173
 20
-0.0000000000000492
 30
0.0
  0
ENDBLK
  5
489
330
47E
100
AcDbEntity
  8
0
100
AcDbBlockEnd
  0
BLOCK
  5
49C
330
49B
100
AcDbEntity
  8
0
100
AcDbBlockBegin
  2
*D62
 70
     1
 10
0.0
 20
0.0
 30
0.0
  3
*D62
  1

  0
LINE
  5
49D
330
49B
100
AcDbEntity
  8
标注层
 62
     4
440
 16777216
370
     9
100
AcDbLine
 10
3545.5
 20
1733.0
 30
0.0
 11
3426.994671096997
 21
1733.0
 31
0.0
  0
LINE
  5
49E
330
49B
100
AcDbEntity
  8
标注层
 62
     4
440
 16777216
370
     9
100
AcDbLine
 10
3545.5
 20
7.0
 30
0.0
 11
3426.994671096996
 21
7.000000000000031
 31
0.0
  0
LINE
  5
49F
330
49B
100
AcDbEntity
  8
标注层
 62
     4
440
 16777216
370
     9
100
AcDbLine
 10
3429.494671096998
 20
1723.0
 30
0.0
 11
3429.494671096996
 21
17.00000000000003
 31
0.0
  0
INSERT
  5
4A0
330
49B
100
AcDbEntity
  8
标注层
 62
     4
440
 16777216
370
     9
100
AcDbBlockReference
  2
_ClosedBlank
 10
3429.494671096998
 20
1733.0
 30
0.0
 41
10.0
 42
10.0
 43
10.0
 50
90.0
  0
INSERT
  5
4A1
330
49B
100
AcDbEntity
  8
标注层
 62
     4
440
 16777216
370
     9
100
AcDbBlockReference
  2
_ClosedBlank
 10
3429.494671096996
 20
7.000000000000031
 30
0.0
 41
10.0
 42
10.0
 43
10.0
 50
270.0
  0
MTEXT
  5
4A2
330
49B
100
AcDbEntity
  8
标注层
 62
     7
440
 16777216
100
AcDbMText
 10
3401.444680211579
 20
870.0000000000002
 30
0.0
 40
50.0
 41
0.0
 46
0.0
 71
     5
 72
     1
  1
\A1;1726
 11
0.0000000000000001
 21
1.0
 31
0.0
 73
     1
 44
1.0
  0
POINT
  5
4A3
330
49B
100
AcDbEntity
  8
Defpoints
 62
     0
440
 16777216
100
AcDbPoint
 10
3545.5
 20
1733.0
 30
0.0
  0
POINT
  5
4A4
330
49B
100
AcDbEntity
  8
Defpoints
 62
     0
440
 16777216
100
AcDbPoint
 10
3545.5
 20
7.0
 30
0.0
  0
POINT
  5
4A5
330
49B
100
AcDbEntity
  8
Defpoints
 62
     0
440
 16777216
100
AcDbPoint
 10
3429.494671096996
 20
7.000000000000031
 30
0.0
  0
ENDBLK
  5
4A6
330
49B
100
AcDbEntity
  8
0
100
AcDbBlockEnd
  0
BLOCK
  5
4D1
330
4D0
100
AcDbEntity
  8
0
100
AcDbBlockBegin
  2
*D63
 70
     1
 10
0.0
 20
0.0
 30
0.0
  3
*D63
  1

  0
LINE
  5
4D2
330
4D0
100
AcDbEntity
  8
标注层
 62
     4
440
 16777216
370
     9
100
AcDbLine
 10
3834.500000000002
 20
1740.0
 30
0.0
 11
3834.500000000002
 21
1843.286928043686
 31
0.0
  0
LINE
  5
4D3
330
4D0
100
AcDbEntity
  8
标注层
 62
     4
440
 16777216
370
     9
100
AcDbLine
 10
3668.5
 20
1733.0
 30
0.0
 11
3668.5
 21
1843.286928043686
 31
0.0
  0
LINE
  5
4D4
330
4D0
100
AcDbEntity
  8
标注层
 62
     4
440
 16777216
370
     9
100
AcDbLine
 10
3824.5
 20
1840.786928043686
 30
0.0
 11
3678.5
 21
1840.786928043686
 31
0.0
  0
INSERT
  5
4D5
330
4D0
100
AcDbEntity
  8
标注层
 62
     4
440
 16777216
370
     9
100
AcDbBlockReference
  2
_ClosedBlank
 10
3834.500000000002
 20
1840.786928043686
 30
0.0
 41
10.0
 42
10.0
 43
10.0
  0
INSERT
  5
4D6
330
4D0
100
AcDbEntity
  8
标注层
 62
     4
440
 16777216
370
     9
100
AcDbBlockReference
  2
_ClosedBlank
 10
3668.5
 20
1840.786928043686
 30
0.0
 41
10.0
 42
10.0
 43
10.0
 50
180.0
  0
MTEXT
  5
4D7
330
4D0
100
AcDbEntity
  8
标注层
 62
     7
440
 16777216
100
AcDbMText
 10
3751.500000000002
 20
1853.836918929103
 30
0.0
 40
20.0
 41
0.0
 46
0.0
 71
     5
 72
     1
  1
\A1;166
 73
     1
 44
1.0
  0
POINT
  5
4D8
330
4D0
100
AcDbEntity
  8
Defpoints
 62
     0
440
 16777216
100
AcDbPoint
 10
3834.500000000002
 20
1740.0
 30
0.0
  0
POINT
  5
4D9
330
4D0
100
AcDbEntity
  8
Defpoints
 62
     0
440
 16777216
100
AcDbPoint
 10
3668.5
 20
1733.0
 30
0.0
  0
POINT
  5
4DA
330
4D0
100
AcDbEntity
  8
Defpoints
 62
     0
440
 16777216
100
AcDbPoint
 10
3668.5
 20
1840.786928043686
 30
0.0
  0
ENDBLK
  5
4DB
330
4D0
100
AcDbEntity
  8
0
100
AcDbBlockEnd
  0
BLOCK
  5
4E0
330
4DF
100
AcDbEntity
  8
0
100
AcDbBlockBegin
  2
*D64
 70
     1
 10
0.0
 20
0.0
 30
0.0
  3
*D64
  1

  0
LINE
  5
4E1
330
4DF
100
AcDbEntity
  8
标注层
 62
     4
440
 16777216
370
     9
100
AcDbLine
 10
3821.5
 20
1740.0
 30
0.0
 11
3821.5
 21
1794.143464021843
 31
0.0
  0
LINE
  5
4E2
330
4DF
100
AcDbEntity
  8
标注层
 62
     4
440
 16777216
370
     9
100
AcDbLine
 10
3834.500000000002
 20
1740.0
 30
0.0
 11
3834.500000000002
 21
1794.143464021843
 31
0.0
  0
LINE
  5
4E3
330
4DF
100
AcDbEntity
  8
标注层
 62
     4
440
 16777216
370
     9
100
AcDbLine
 10
3811.5
 20
1791.643464021843
 30
0.0
 11
3801.500000000002
 21
1791.643464021843
 31
0.0
  0
LINE
  5
4E4
330
4DF
100
AcDbEntity
  8
标注层
 62
     4
440
 16777216
370
     9
100
AcDbLine
 10
3844.500000000002
 20
1791.643464021843
 30
0.0
 11
3884.044426215279
 21
1791.643464021843
 31
0.0
  0
LINE
  5
4E5
330
4DF
100
AcDbEntity
  8
标注层
 62
     4
440
 16777216
370
     9
100
AcDbLine
 10
3821.5
 20
1791.643464021843
 30
0.0
 11
3834.500000000002
 21
1791.643464021843
 31
0.0
  0
INSERT
  5
4E6
330
4DF
100
AcDbEntity
  8
标注层
 62
     4
440
 16777216
370
     9
100
AcDbBlockReference
  2
_ClosedBlank
 10
3821.5
 20
1791.643464021843
 30
0.0
 41
10.0
 42
10.0
 43
10.0
  0
INSERT
  5
4E7
330
4DF
100
AcDbEntity
  8
标注层
 62
     4
440
 16777216
370
     9
100
AcDbBlockReference
  2
_ClosedBlank
 10
3834.500000000002
 20
1791.643464021843
 30
0.0
 41
10.0
 42
10.0
 43
10.0
 50
180.0
  0
MTEXT
  5
4E8
330
4DF
100
AcDbEntity
  8
标注层
 62
     7
440
 16777216
100
AcDbMText
 10
3869.27221310764
 20
1804.69345490726
 30
0.0
 40
20.0
 41
0.0
 46
0.0
 71
     5
 72
     1
  1
\A1;13
 73
     1
 44
1.0
  0
POINT
  5
4E9
330
4DF
100
AcDbEntity
  8
Defpoints
 62
     0
440
 16777216
100
AcDbPoint
 10
3821.5
 20
1740.0
 30
0.0
  0
POINT
  5
4EA
330
4DF
100
AcDbEntity
  8
Defpoints
 62
     0
440
 16777216
100
AcDbPoint
 10
3834.500000000002
 20
1740.0
 30
0.0
  0
POINT
  5
4EB
330
4DF
100
AcDbEntity
  8
Defpoints
 62
     0
440
 16777216
100
AcDbPoint
 10
3834.500000000002
 20
1791.643464021843
 30
0.0
  0
ENDBLK
  5
4EC
330
4DF
100
AcDbEntity
  8
0
100
AcDbBlockEnd
  0
BLOCK
  5
4F1
330
4F0
100
AcDbEntity
  8
0
100
AcDbBlockBegin
  2
*D65
 70
     1
 10
0.0
 20
0.0
 30
0.0
  3
*D65
  1

  0
LINE
  5
4F2
330
4F0
100
AcDbEntity
  8
标注层
 62
     4
440
 16777216
370
     9
100
AcDbLine
 10
3821.5
 20
1740.0
 30
0.0
 11
3821.5
 21
1794.143464021843
 31
0.0
  0
LINE
  5
4F3
330
4F0
100
AcDbEntity
  8
标注层
 62
     4
440
 16777216
370
     9
100
AcDbLine
 10
3771.5
 20
1740.0
 30
0.0
 11
3771.5
 21
1794.143464021843
 31
0.0
  0
LINE
  5
4F4
330
4F0
100
AcDbEntity
  8
标注层
 62
     4
440
 16777216
370
     9
100
AcDbLine
 10
3811.5
 20
1791.643464021843
 30
0.0
 11
3781.500000000001
 21
1791.643464021843
 31
0.0
  0
INSERT
  5
4F5
330
4F0
100
AcDbEntity
  8
标注层
 62
     4
440
 16777216
370
     9
100
AcDbBlockReference
  2
_ClosedBlank
 10
3821.5
 20
1791.643464021843
 30
0.0
 41
10.0
 42
10.0
 43
10.0
  0
INSERT
  5
4F6
330
4F0
100
AcDbEntity
  8
标注层
 62
     4
440
 16777216
370
     9
100
AcDbBlockReference
  2
_ClosedBlank
 10
3771.5
 20
1791.643464021843
 30
0.0
 41
10.0
 42
10.0
 43
10.0
 50
180.0
  0
MTEXT
  5
4F7
330
4F0
100
AcDbEntity
  8
标注层
 62
     7
440
 16777216
100
AcDbMText
 10
3796.5
 20
1804.69345490726
 30
0.0
 40
20.0
 41
0.0
 46
0.0
 71
     5
 72
     1
  1
\A1;50
 73
     1
 44
1.0
  0
POINT
  5
4F8
330
4F0
100
AcDbEntity
  8
Defpoints
 62
     0
440
 16777216
100
AcDbPoint
 10
3821.5
 20
1740.0
 30
0.0
  0
POINT
  5
4F9
330
4F0
100
AcDbEntity
  8
Defpoints
 62
     0
440
 16777216
100
AcDbPoint
 10
3771.5
 20
1740.0
 30
0.0
  0
POINT
  5
4FA
330
4F0
100
AcDbEntity
  8
Defpoints
 62
     0
440
 16777216
100
AcDbPoint
 10
3771.5
 20
1791.643464021843
 30
0.0
  0
ENDBLK
  5
4FB
330
4F0
100
AcDbEntity
  8
0
100
AcDbBlockEnd
  0
BLOCK
  5
500
330
4FF
100
AcDbEntity
  8
0
100
AcDbBlockBegin
  2
*D66
 70
     1
 10
0.0
 20
0.0
 30
0.0
  3
*D66
  1

  0
LINE
  5
501
330
4FF
100
AcDbEntity
  8
标注层
 62
     4
440
 16777216
370
     9
100
AcDbLine
 10
3771.5
 20
1740.0
 30
0.0
 11
3771.5
 21
1794.143464021843
 31
0.0
  0
LINE
  5
502
330
4FF
100
AcDbEntity
  8
标注层
 62
     4
440
 16777216
370
     9
100
AcDbLine
 10
3648.500000000002
 20
1733.0
 30
0.0
 11
3648.500000000002
 21
1794.143464021843
 31
0.0
  0
LINE
  5
503
330
4FF
100
AcDbEntity
  8
标注层
 62
     4
440
 16777216
370
     9
100
AcDbLine
 10
3761.5
 20
1791.643464021843
 30
0.0
 11
3658.500000000002
 21
1791.643464021843
 31
0.0
  0
INSERT
  5
504
330
4FF
100
AcDbEntity
  8
标注层
 62
     4
440
 16777216
370
     9
100
AcDbBlockReference
  2
_ClosedBlank
 10
3771.5
 20
1791.643464021843
 30
0.0
 41
10.0
 42
10.0
 43
10.0
  0
INSERT
  5
505
330
4FF
100
AcDbEntity
  8
标注层
 62
     4
440
 16777216
370
     9
100
AcDbBlockReference
  2
_ClosedBlank
 10
3648.500000000002
 20
1791.643464021843
 30
0.0
 41
10.0
 42
10.0
 43
10.0
 50
180.0
  0
MTEXT
  5
506
330
4FF
100
AcDbEntity
  8
标注层
 62
     7
440
 16777216
100
AcDbMText
 10
3710.000000000002
 20
1804.69345490726
 30
0.0
 40
20.0
 41
0.0
 46
0.0
 71
     5
 72
     1
  1
\A1;123
 73
     1
 44
1.0
  0
POINT
  5
507
330
4FF
100
AcDbEntity
  8
Defpoints
 62
     0
440
 16777216
100
AcDbPoint
 10
3771.5
 20
1740.0
 30
0.0
  0
POINT
  5
508
330
4FF
100
AcDbEntity
  8
Defpoints
 62
     0
440
 16777216
100
AcDbPoint
 10
3648.500000000002
 20
1733.0
 30
0.0
  0
POINT
  5
509
330
4FF
100
AcDbEntity
  8
Defpoints
 62
     0
440
 16777216
100
AcDbPoint
 10
3648.500000000002
 20
1791.643464021843
 30
0.0
  0
ENDBLK
  5
50A
330
4FF
100
AcDbEntity
  8
0
100
AcDbBlockEnd
  0
BLOCK
  5
50F
330
50E
100
AcDbEntity
  8
0
100
AcDbBlockBegin
  2
*D67
 70
     1
 10
0.0
 20
0.0
 30
0.0
  3
*D67
  1

  0
LINE
  5
510
330
50E
100
AcDbEntity
  8
标注层
 62
     4
440
 16777216
370
     9
100
AcDbLine
 10
3648.500000000002
 20
1733.0
 30
0.0
 11
3648.500000000002
 21
1794.143464021843
 31
0.0
  0
LINE
  5
511
330
50E
100
AcDbEntity
  8
标注层
 62
     4
440
 16777216
370
     9
100
AcDbLine
 10
3628.500000000002
 20
1733.0
 30
0.0
 11
3628.500000000002
 21
1794.143464021843
 31
0.0
  0
LINE
  5
512
330
50E
100
AcDbEntity
  8
标注层
 62
     4
440
 16777216
370
     9
100
AcDbLine
 10
3658.500000000002
 20
1791.643464021843
 30
0.0
 11
3668.5
 21
1791.643464021843
 31
0.0
  0
LINE
  5
513
330
50E
100
AcDbEntity
  8
标注层
 62
     4
440
 16777216
370
     9
100
AcDbLine
 10
3618.5
 20
1791.643464021843
 30
0.0
 11
3608.500000000002
 21
1791.643464021843
 31
0.0
  0
LINE
  5
514
330
50E
100
AcDbEntity
  8
标注层
 62
     4
440
 16777216
370
     9
100
AcDbLine
 10
3648.500000000002
 20
1791.643464021843
 30
0.0
 11
3628.500000000002
 21
1791.643464021843
 31
0.0
  0
INSERT
  5
515
330
50E
100
AcDbEntity
  8
标注层
 62
     4
440
 16777216
370
     9
100
AcDbBlockReference
  2
_ClosedBlank
 10
3648.500000000002
 20
1791.643464021843
 30
0.0
 41
10.0
 42
10.0
 43
10.0
 50
180.0
  0
INSERT
  5
516
330
50E
100
AcDbEntity
  8
标注层
 62
     4
440
 16777216
370
     9
100
AcDbBlockReference
  2
_ClosedBlank
 10
3628.500000000002
 20
1791.643464021843
 30
0.0
 41
10.0
 42
10.0
 43
10.0
  0
MTEXT
  5
517
330
50E
100
AcDbEntity
  8
标注层
 62
     7
440
 16777216
100
AcDbMText
 10
3638.5
 20
1804.69345490726
 30
0.0
 40
20.0
 41
0.0
 46
0.0
 71
     5
 72
     1
  1
\A1;20
 73
     1
 44
1.0
  0
POINT
  5
518
330
50E
100
AcDbEntity
  8
Defpoints
 62
     0
440
 16777216
100
AcDbPoint
 10
3648.500000000002
 20
1733.0
 30
0.0
  0
POINT
  5
519
330
50E
100
AcDbEntity
  8
Defpoints
 62
     0
440
 16777216
100
AcDbPoint
 10
3628.500000000002
 20
1733.0
 30
0.0
  0
POINT
  5
51A
330
50E
100
AcDbEntity
  8
Defpoints
 62
     0
440
 16777216
100
AcDbPoint
 10
3628.500000000002
 20
1791.643464021843
 30
0.0
  0
ENDBLK
  5
51B
330
50E
100
AcDbEntity
  8
0
100
AcDbBlockEnd
  0
BLOCK
  5
520
330
51F
100
AcDbEntity
  8
0
100
AcDbBlockBegin
  2
*D68
 70
     1
 10
0.0
 20
0.0
 30
0.0
  3
*D68
  1

  0
LINE
  5
521
330
51F
100
AcDbEntity
  8
标注层
 62
     4
440
 16777216
370
     9
100
AcDbLine
 10
3628.500000000002
 20
1733.0
 30
0.0
 11
3628.500000000002
 21
1794.143464021843
 31
0.0
  0
LINE
  5
522
330
51F
100
AcDbEntity
  8
标注层
 62
     4
440
 16777216
370
     9
100
AcDbLine
 10
3558.5
 20
1733.0
 30
0.0
 11
3558.5
 21
1794.143464021843
 31
0.0
  0
LINE
  5
523
330
51F
100
AcDbEntity
  8
标注层
 62
     4
440
 16777216
370
     9
100
AcDbLine
 10
3618.5
 20
1791.643464021843
 30
0.0
 11
3568.5
 21
1791.643464021843
 31
0.0
  0
INSERT
  5
524
330
51F
100
AcDbEntity
  8
标注层
 62
     4
440
 16777216
370
     9
100
AcDbBlockReference
  2
_ClosedBlank
 10
3628.500000000002
 20
1791.643464021843
 30
0.0
 41
10.0
 42
10.0
 43
10.0
  0
INSERT
  5
525
330
51F
100
AcDbEntity
  8
标注层
 62
     4
440
 16777216
370
     9
100
AcDbBlockReference
  2
_ClosedBlank
 10
3558.5
 20
1791.643464021843
 30
0.0
 41
10.0
 42
10.0
 43
10.0
 50
180.0
  0
MTEXT
  5
526
330
51F
100
AcDbEntity
  8
标注层
 62
     7
440
 16777216
100
AcDbMText
 10
3593.500000000002
 20
1804.69345490726
 30
0.0
 40
20.0
 41
0.0
 46
0.0
 71
     5
 72
     1
  1
\A1;70
 73
     1
 44
1.0
  0
POINT
  5
527
330
51F
100
AcDbEntity
  8
Defpoints
 62
     0
440
 16777216
100
AcDbPoint
 10
3628.500000000002
 20
1733.0
 30
0.0
  0
POINT
  5
528
330
51F
100
AcDbEntity
  8
Defpoints
 62
     0
440
 16777216
100
AcDbPoint
 10
3558.5
 20
1733.0
 30
0.0
  0
POINT
  5
529
330
51F
100
AcDbEntity
  8
Defpoints
 62
     0
440
 16777216
100
AcDbPoint
 10
3558.5
 20
1791.643464021843
 30
0.0
  0
ENDBLK
  5
52A
330
51F
100
AcDbEntity
  8
0
100
AcDbBlockEnd
  0
BLOCK
  5
52F
330
52E
100
AcDbEntity
  8
0
100
AcDbBlockBegin
  2
*D69
 70
     1
 10
0.0
 20
0.0
 30
0.0
  3
*D69
  1

  0
LINE
  5
530
330
52E
100
AcDbEntity
  8
标注层
 62
     4
440
 16777216
370
     9
100
AcDbLine
 10
3712.299999999999
 20
-5.75
 30
0.0
 11
3712.299999999999
 21
-81.38289107022865
 31
0.0
  0
LINE
  5
531
330
52E
100
AcDbEntity
  8
标注层
 62
     4
440
 16777216
370
     9
100
AcDbLine
 10
3771.5
 20
0.0
 30
0.0
 11
3771.5
 21
-81.38289107022865
 31
0.0
  0
LINE
  5
532
330
52E
100
AcDbEntity
  8
标注层
 62
     4
440
 16777216
370
     9
100
AcDbLine
 10
3702.300000000001
 20
-78.88289107022865
 30
0.0
 11
3692.299999999999
 21
-78.88289107022865
 31
0.0
  0
LINE
  5
533
330
52E
100
AcDbEntity
  8
标注层
 62
     4
440
 16777216
370
     9
100
AcDbLine
 10
3781.500000000001
 20
-78.88289107022865
 30
0.0
 11
3851.044426215278
 21
-78.88289107022865
 31
0.0
  0
LINE
  5
534
330
52E
100
AcDbEntity
  8
标注层
 62
     4
440
 16777216
370
     9
100
AcDbLine
 10
3712.299999999999
 20
-78.88289107022865
 30
0.0
 11
3771.5
 21
-78.88289107022865
 31
0.0
  0
INSERT
  5
535
330
52E
100
AcDbEntity
  8
标注层
 62
     4
440
 16777216
370
     9
100
AcDbBlockReference
  2
_ClosedBlank
 10
3712.299999999999
 20
-78.88289107022865
 30
0.0
 41
10.0
 42
10.0
 43
10.0
  0
INSERT
  5
536
330
52E
100
AcDbEntity
  8
标注层
 62
     4
440
 16777216
370
     9
100
AcDbBlockReference
  2
_ClosedBlank
 10
3771.5
 20
-78.88289107022865
 30
0.0
 41
10.0
 42
10.0
 43
10.0
 50
180.0
  0
MTEXT
  5
537
330
52E
100
AcDbEntity
  8
标注层
 62
     7
440
 16777216
100
AcDbMText
 10
3821.27221310764
 20
-65.83290018481199
 30
0.0
 40
20.0
 41
0.0
 46
0.0
 71
     5
 72
     1
  1
\A1;59.2
 73
     1
 44
1.0
  0
POINT
  5
538
330
52E
100
AcDbEntity
  8
Defpoints
 62
     0
440
 16777216
100
AcDbPoint
 10
3712.299999999999
 20
-5.75
 30
0.0
  0
POINT
  5
539
330
52E
100
AcDbEntity
  8
Defpoints
 62
     0
440
 16777216
100
AcDbPoint
 10
3771.5
 20
0.0
 30
0.0
  0
POINT
  5
53A
330
52E
100
AcDbEntity
  8
Defpoints
 62
     0
440
 16777216
100
AcDbPoint
 10
3771.5
 20
-78.88289107022865
 30
0.0
  0
ENDBLK
  5
53B
330
52E
100
AcDbEntity
  8
0
100
AcDbBlockEnd
  0
BLOCK
  5
540
330
53F
100
AcDbEntity
  8
0
100
AcDbBlockBegin
  2
*D70
 70
     1
 10
0.0
 20
0.0
 30
0.0
  3
*D70
  1

  0
LINE
  5
541
330
53F
100
AcDbEntity
  8
标注层
 62
     4
440
 16777216
370
     9
100
AcDbLine
 10
3771.5
 20
0.0
 30
0.0
 11
3771.5
 21
-131.1949997888587
 31
0.0
  0
LINE
  5
542
330
53F
100
AcDbEntity
  8
标注层
 62
     4
440
 16777216
370
     9
100
AcDbLine
 10
3684.799999999999
 20
-2.25
 30
0.0
 11
3684.799999999999
 21
-131.1949997888587
 31
0.0
  0
LINE
  5
543
330
53F
100
AcDbEntity
  8
标注层
 62
     4
440
 16777216
370
     9
100
AcDbLine
 10
3761.5
 20
-128.6949997888587
 30
0.0
 11
3694.799999999999
 21
-128.6949997888587
 31
0.0
  0
INSERT
  5
544
330
53F
100
AcDbEntity
  8
标注层
 62
     4
440
 16777216
370
     9
100
AcDbBlockReference
  2
_ClosedBlank
 10
3771.5
 20
-128.6949997888587
 30
0.0
 41
10.0
 42
10.0
 43
10.0
  0
INSERT
  5
545
330
53F
100
AcDbEntity
  8
标注层
 62
     4
440
 16777216
370
     9
100
AcDbBlockReference
  2
_ClosedBlank
 10
3684.799999999999
 20
-128.6949997888587
 30
0.0
 41
10.0
 42
10.0
 43
10.0
 50
180.0
  0
MTEXT
  5
546
330
53F
100
AcDbEntity
  8
标注层
 62
     7
440
 16777216
100
AcDbMText
 10
3728.149999999999
 20
-115.645008903442
 30
0.0
 40
20.0
 41
0.0
 46
0.0
 71
     5
 72
     1
  1
\A1;86.7
 73
     1
 44
1.0
  0
POINT
  5
547
330
53F
100
AcDbEntity
  8
Defpoints
 62
     0
440
 16777216
100
AcDbPoint
 10
3771.5
 20
0.0
 30
0.0
  0
POINT
  5
548
330
53F
100
AcDbEntity
  8
Defpoints
 62
     0
440
 16777216
100
AcDbPoint
 10
3684.799999999999
 20
-2.25
 30
0.0
  0
POINT
  5
549
330
53F
100
AcDbEntity
  8
Defpoints
 62
     0
440
 16777216
100
AcDbPoint
 10
3684.799999999999
 20
-128.6949997888587
 30
0.0
  0
ENDBLK
  5
54A
330
53F
100
AcDbEntity
  8
0
100
AcDbBlockEnd
  0
BLOCK
  5
57C
330
57B
100
AcDbEntity
  8
0
100
AcDbBlockBegin
  2
*D71
 70
     1
 10
0.0
 20
0.0
 30
0.0
  3
*D71
  1

  0
LINE
  5
57D
330
57B
100
AcDbEntity
  8
标注层
 62
     4
440
 16777216
370
     9
100
AcDbLine
 10
7962.100097657041
 20
852.25
 30
0.0
 11
7962.100097657041
 21
899.7965808192747
 31
0.0
  0
LINE
  5
57E
330
57B
100
AcDbEntity
  8
标注层
 62
     4
440
 16777216
370
     9
100
AcDbLine
 10
8002.100097657041
 20
852.25
 30
0.0
 11
8002.100097657041
 21
899.7965808192747
 31
0.0
  0
LINE
  5
57F
330
57B
100
AcDbEntity
  8
标注层
 62
     4
440
 16777216
370
     9
100
AcDbLine
 10
7972.100097657038
 20
897.2965808192746
 30
0.0
 11
7992.100097657041
 21
897.2965808192746
 31
0.0
  0
INSERT
  5
580
330
57B
100
AcDbEntity
  8
标注层
 62
     4
440
 16777216
370
     9
100
AcDbBlockReference
  2
_ClosedBlank
 10
7962.100097657041
 20
897.2965808192746
 30
0.0
 41
10.0
 42
10.0
 43
10.0
 50
180.0
  0
INSERT
  5
581
330
57B
100
AcDbEntity
  8
标注层
 62
     4
440
 16777216
370
     9
100
AcDbBlockReference
  2
_ClosedBlank
 10
8002.100097657041
 20
897.2965808192746
 30
0.0
 41
10.0
 42
10.0
 43
10.0
  0
MTEXT
  5
582
330
57B
100
AcDbEntity
  8
标注层
 62
     7
440
 16777216
100
AcDbMText
 10
7982.100097657042
 20
910.3465717046915
 30
0.0
 40
20.0
 41
0.0
 46
0.0
 71
     5
 72
     1
  1
\A1;40
 73
     1
 44
1.0
  0
POINT
  5
583
330
57B
100
AcDbEntity
  8
Defpoints
 62
     0
440
 16777216
100
AcDbPoint
 10
7962.100097657041
 20
852.25
 30
0.0
  0
POINT
  5
584
330
57B
100
AcDbEntity
  8
Defpoints
 62
     0
440
 16777216
100
AcDbPoint
 10
8002.100097657041
 20
852.25
 30
0.0
  0
POINT
  5
585
330
57B
100
AcDbEntity
  8
Defpoints
 62
     0
440
 16777216
100
AcDbPoint
 10
8002.100097657041
 20
897.2965808192746
 30
0.0
  0
ENDBLK
  5
586
330
57B
100
AcDbEntity
  8
0
100
AcDbBlockEnd
  0
BLOCK
  5
589
330
588
100
AcDbEntity
  8
0
100
AcDbBlockBegin
  2
*D72
 70
     1
 10
0.0
 20
0.0
 30
0.0
  3
*D72
  1

  0
LINE
  5
58A
330
588
100
AcDbEntity
  8
标注层
 62
     4
440
 16777216
370
     9
100
AcDbLine
 10
7979.850097657038
 20
816.0
 30
0.0
 11
8151.378274843715
 21
816.0
 31
0.0
  0
LINE
  5
58B
330
588
100
AcDbEntity
  8
标注层
 62
     4
440
 16777216
370
     9
100
AcDbLine
 10
8070.60009765704
 20
0.0
 30
0.0
 11
8151.378274843715
 21
-0.0000000000000229
 31
0.0
  0
LINE
  5
58C
330
588
100
AcDbEntity
  8
标注层
 62
     4
440
 16777216
370
     9
100
AcDbLine
 10
8148.878274843715
 20
806.0
 30
0.0
 11
8148.878274843715
 21
9.999999999999976
 31
0.0
  0
INSERT
  5
58D
330
588
100
AcDbEntity
  8
标注层
 62
     4
440
 16777216
370
     9
100
AcDbBlockReference
  2
_ClosedBlank
 10
8148.878274843715
 20
816.0
 30
0.0
 41
10.0
 42
10.0
 43
10.0
 50
90.0
  0
INSERT
  5
58E
330
588
100
AcDbEntity
  8
标注层
 62
     4
440
 16777216
370
     9
100
AcDbBlockReference
  2
_ClosedBlank
 10
8148.878274843715
 20
-0.0000000000000222
 30
0.0
 41
10.0
 42
10.0
 43
10.0
 50
270.0
  0
MTEXT
  5
58F
330
588
100
AcDbEntity
  8
标注层
 62
     7
440
 16777216
100
AcDbMText
 10
8125.828283958297
 20
408.0000000000013
 30
0.0
 40
40.0
 41
0.0
 46
0.0
 71
     5
 72
     1
  1
\A1;816
 11
0.0000000000000001
 21
1.0
 31
0.0
 73
     1
 44
1.0
  0
POINT
  5
590
330
588
100
AcDbEntity
  8
Defpoints
 62
     0
440
 16777216
100
AcDbPoint
 10
7979.850097657038
 20
816.0
 30
0.0
  0
POINT
  5
591
330
588
100
AcDbEntity
  8
Defpoints
 62
     0
440
 16777216
100
AcDbPoint
 10
8070.60009765704
 20
0.0
 30
0.0
  0
POINT
  5
592
330
588
100
AcDbEntity
  8
Defpoints
 62
     0
440
 16777216
100
AcDbPoint
 10
8148.878274843715
 20
-0.0000000000000222
 30
0.0
  0
ENDBLK
  5
593
330
588
100
AcDbEntity
  8
0
100
AcDbBlockEnd
  0
BLOCK
  5
642
330
641
100
AcDbEntity
  8
0
100
AcDbBlockBegin
  2
*D73
 70
     1
 10
0.0
 20
0.0
 30
0.0
  3
*D73
  1

  0
LINE
  5
643
330
641
100
AcDbEntity
  8
标注层
 62
     4
440
 16777216
370
     9
100
AcDbLine
 10
8002.100097657041
 20
0.0
 30
0.0
 11
8002.100097657041
 21
-123.5489226459904
 31
0.0
  0
LINE
  5
644
330
641
100
AcDbEntity
  8
标注层
 62
     4
440
 16777216
370
     9
100
AcDbLine
 10
7913.100097657039
 20
0.0
 30
0.0
 11
7913.100097657039
 21
-123.5489226459904
 31
0.0
  0
LINE
  5
645
330
641
100
AcDbEntity
  8
标注层
 62
     4
440
 16777216
370
     9
100
AcDbLine
 10
7992.100097657041
 20
-121.0489226459904
 30
0.0
 11
7923.100097657041
 21
-121.0489226459904
 31
0.0
  0
INSERT
  5
646
330
641
100
AcDbEntity
  8
标注层
 62
     4
440
 16777216
370
     9
100
AcDbBlockReference
  2
_ClosedBlank
 10
8002.100097657041
 20
-121.0489226459904
 30
0.0
 41
10.0
 42
10.0
 43
10.0
  0
INSERT
  5
647
330
641
100
AcDbEntity
  8
标注层
 62
     4
440
 16777216
370
     9
100
AcDbBlockReference
  2
_ClosedBlank
 10
7913.100097657039
 20
-121.0489226459904
 30
0.0
 41
10.0
 42
10.0
 43
10.0
 50
180.0
  0
MTEXT
  5
648
330
641
100
AcDbEntity
  8
标注层
 62
     7
440
 16777216
100
AcDbMText
 10
7957.600097657041
 20
-107.9989317605737
 30
0.0
 40
20.0
 41
0.0
 46
0.0
 71
     5
 72
     1
  1
\A1;89
 73
     1
 44
1.0
  0
POINT
  5
649
330
641
100
AcDbEntity
  8
Defpoints
 62
     0
440
 16777216
100
AcDbPoint
 10
8002.100097657041
 20
0.0
 30
0.0
  0
POINT
  5
64A
330
641
100
AcDbEntity
  8
Defpoints
 62
     0
440
 16777216
100
AcDbPoint
 10
7913.100097657039
 20
0.0
 30
0.0
  0
POINT
  5
64B
330
641
100
AcDbEntity
  8
Defpoints
 62
     0
440
 16777216
100
AcDbPoint
 10
7913.100097657039
 20
-121.0489226459904
 30
0.0
  0
ENDBLK
  5
64C
330
641
100
AcDbEntity
  8
0
100
AcDbBlockEnd
  0
BLOCK
  5
55F
330
55E
100
AcDbEntity
  8
0
100
AcDbBlockBegin
  2
*D74
 70
     1
 10
0.0
 20
0.0
 30
0.0
  3
*D74
  1

  0
LINE
  5
560
330
55E
100
AcDbEntity
  8
标注层
 62
     4
440
 16777216
370
     9
100
AcDbLine
 10
8070.60009765704
 20
1740.0
 30
0.0
 11
8227.15645203039
 21
1740.0
 31
0.0
  0
LINE
  5
561
330
55E
100
AcDbEntity
  8
标注层
 62
     4
440
 16777216
370
     9
100
AcDbLine
 10
8070.60009765704
 20
0.0
 30
0.0
 11
8227.15645203039
 21
-0.0000000000000443
 31
0.0
  0
LINE
  5
562
330
55E
100
AcDbEntity
  8
标注层
 62
     4
440
 16777216
370
     9
100
AcDbLine
 10
8224.656452030389
 20
1730.0
 30
0.0
 11
8224.656452030389
 21
9.999999999999957
 31
0.0
  0
INSERT
  5
563
330
55E
100
AcDbEntity
  8
标注层
 62
     4
440
 16777216
370
     9
100
AcDbBlockReference
  2
_ClosedBlank
 10
8224.656452030389
 20
1740.0
 30
0.0
 41
10.0
 42
10.0
 43
10.0
 50
90.0
  0
INSERT
  5
564
330
55E
100
AcDbEntity
  8
标注层
 62
     4
440
 16777216
370
     9
100
AcDbBlockReference
  2
_ClosedBlank
 10
8224.656452030389
 20
-0.0000000000000436
 30
0.0
 41
10.0
 42
10.0
 43
10.0
 50
270.0
  0
MTEXT
  5
565
330
55E
100
AcDbEntity
  8
标注层
 62
     7
440
 16777216
100
AcDbMText
 10
8196.606461144972
 20
870.0000000000013
 30
0.0
 40
50.0
 41
0.0
 46
0.0
 71
     5
 72
     1
  1
\A1;1740
 11
0.0000000000000001
 21
1.0
 31
0.0
 73
     1
 44
1.0
  0
POINT
  5
566
330
55E
100
AcDbEntity
  8
Defpoints
 62
     0
440
 16777216
100
AcDbPoint
 10
8070.60009765704
 20
1740.0
 30
0.0
  0
POINT
  5
567
330
55E
100
AcDbEntity
  8
Defpoints
 62
     0
440
 16777216
100
AcDbPoint
 10
8070.60009765704
 20
0.0
 30
0.0
  0
POINT
  5
568
330
55E
100
AcDbEntity
  8
Defpoints
 62
     0
440
 16777216
100
AcDbPoint
 10
8224.656452030389
 20
-0.0000000000000436
 30
0.0
  0
ENDBLK
  5
569
330
55E
100
AcDbEntity
  8
0
100
AcDbBlockEnd
  0
BLOCK
  5
56E
330
56D
100
AcDbEntity
  8
0
100
AcDbBlockBegin
  2
*D75
 70
     1
 10
0.0
 20
0.0
 30
0.0
  3
*D75
  1

  0
LINE
  5
56F
330
56D
100
AcDbEntity
  8
标注层
 62
     4
440
 16777216
370
     9
100
AcDbLine
 10
8070.60009765704
 20
1740.0
 30
0.0
 11
8070.60009765704
 21
1895.522691923892
 31
0.0
  0
LINE
  5
570
330
56D
100
AcDbEntity
  8
标注层
 62
     4
440
 16777216
370
     9
100
AcDbLine
 10
7746.400097657041
 20
1733.0
 30
0.0
 11
7746.400097657041
 21
1895.522691923892
 31
0.0
  0
LINE
  5
571
330
56D
100
AcDbEntity
  8
标注层
 62
     4
440
 16777216
370
     9
100
AcDbLine
 10
8060.600097657042
 20
1893.022691923892
 30
0.0
 11
7756.400097657041
 21
1893.022691923892
 31
0.0
  0
INSERT
  5
572
330
56D
100
AcDbEntity
  8
标注层
 62
     4
440
 16777216
370
     9
100
AcDbBlockReference
  2
_ClosedBlank
 10
8070.60009765704
 20
1893.022691923892
 30
0.0
 41
10.0
 42
10.0
 43
10.0
  0
INSERT
  5
573
330
56D
100
AcDbEntity
  8
标注层
 62
     4
440
 16777216
370
     9
100
AcDbBlockReference
  2
_ClosedBlank
 10
7746.400097657041
 20
1893.022691923892
 30
0.0
 41
10.0
 42
10.0
 43
10.0
 50
180.0
  0
MTEXT
  5
574
330
56D
100
AcDbEntity
  8
标注层
 62
     7
440
 16777216
100
AcDbMText
 10
7908.500097657038
 20
1906.072682809309
 30
0.0
 40
20.0
 41
0.0
 46
0.0
 71
     5
 72
     1
  1
\A1;324.2
 73
     1
 44
1.0
  0
POINT
  5
575
330
56D
100
AcDbEntity
  8
Defpoints
 62
     0
440
 16777216
100
AcDbPoint
 10
8070.60009765704
 20
1740.0
 30
0.0
  0
POINT
  5
576
330
56D
100
AcDbEntity
  8
Defpoints
 62
     0
440
 16777216
100
AcDbPoint
 10
7746.400097657041
 20
1733.0
 30
0.0
  0
POINT
  5
577
330
56D
100
AcDbEntity
  8
Defpoints
 62
     0
440
 16777216
100
AcDbPoint
 10
7746.400097657041
 20
1893.022691923892
 30
0.0
  0
ENDBLK
  5
578
330
56D
100
AcDbEntity
  8
0
100
AcDbBlockEnd
  0
BLOCK
  5
598
330
597
100
AcDbEntity
  8
0
100
AcDbBlockBegin
  2
*D76
 70
     1
 10
0.0
 20
0.0
 30
0.0
  3
*D76
  1

  0
LINE
  5
599
330
597
100
AcDbEntity
  8
标注层
 62
     4
440
 16777216
370
     9
100
AcDbLine
 10
7746.400097657041
 20
1733.0
 30
0.0
 11
7615.415056521481
 21
1733.0
 31
0.0
  0
LINE
  5
59A
330
597
100
AcDbEntity
  8
标注层
 62
     4
440
 16777216
370
     9
100
AcDbLine
 10
7746.400097657041
 20
7.0
 30
0.0
 11
7615.415056521481
 21
7.000000000000037
 31
0.0
  0
LINE
  5
59B
330
597
100
AcDbEntity
  8
标注层
 62
     4
440
 16777216
370
     9
100
AcDbLine
 10
7617.915056521481
 20
1723.0
 30
0.0
 11
7617.915056521481
 21
17.00000000000003
 31
0.0
  0
INSERT
  5
59C
330
597
100
AcDbEntity
  8
标注层
 62
     4
440
 16777216
370
     9
100
AcDbBlockReference
  2
_ClosedBlank
 10
7617.915056521481
 20
1733.0
 30
0.0
 41
10.0
 42
10.0
 43
10.0
 50
90.0
  0
INSERT
  5
59D
330
597
100
AcDbEntity
  8
标注层
 62
     4
440
 16777216
370
     9
100
AcDbBlockReference
  2
_ClosedBlank
 10
7617.915056521481
 20
7.000000000000037
 30
0.0
 41
10.0
 42
10.0
 43
10.0
 50
270.0
  0
MTEXT
  5
59E
330
597
100
AcDbEntity
  8
标注层
 62
     7
440
 16777216
100
AcDbMText
 10
7589.865065636065
 20
870.0000000000013
 30
0.0
 40
50.0
 41
0.0
 46
0.0
 71
     5
 72
     1
  1
\A1;1726
 11
0.0000000000000001
 21
1.0
 31
0.0
 73
     1
 44
1.0
  0
POINT
  5
59F
330
597
100
AcDbEntity
  8
Defpoints
 62
     0
440
 16777216
100
AcDbPoint
 10
7746.400097657041
 20
1733.0
 30
0.0
  0
POINT
  5
5A0
330
597
100
AcDbEntity
  8
Defpoints
 62
     0
440
 16777216
100
AcDbPoint
 10
7746.400097657041
 20
7.0
 30
0.0
  0
POINT
  5
5A1
330
597
100
AcDbEntity
  8
Defpoints
 62
     0
440
 16777216
100
AcDbPoint
 10
7617.915056521481
 20
7.000000000000037
 30
0.0
  0
ENDBLK
  5
5A2
330
597
100
AcDbEntity
  8
0
100
AcDbBlockEnd
  0
BLOCK
  5
5B5
330
5B4
100
AcDbEntity
  8
0
100
AcDbBlockBegin
  2
*D77
 70
     1
 10
0.0
 20
0.0
 30
0.0
  3
*D77
  1

  0
LINE
  5
5B6
330
5B4
100
AcDbEntity
  8
标注层
 62
     4
440
 16777216
370
     9
100
AcDbLine
 10
7902.300097657041
 20
1733.0
 30
0.0
 11
7902.300097657041
 21
1856.974966142799
 31
0.0
  0
LINE
  5
5B7
330
5B4
100
AcDbEntity
  8
标注层
 62
     4
440
 16777216
370
     9
100
AcDbLine
 10
8070.60009765704
 20
1740.0
 30
0.0
 11
8070.60009765704
 21
1856.974966142799
 31
0.0
  0
LINE
  5
5B8
330
5B4
100
AcDbEntity
  8
标注层
 62
     4
440
 16777216
370
     9
100
AcDbLine
 10
7912.300097657041
 20
1854.474966142799
 30
0.0
 11
8060.600097657042
 21
1854.474966142799
 31
0.0
  0
INSERT
  5
5B9
330
5B4
100
AcDbEntity
  8
标注层
 62
     4
440
 16777216
370
     9
100
AcDbBlockReference
  2
_ClosedBlank
 10
7902.300097657041
 20
1854.474966142799
 30
0.0
 41
10.0
 42
10.0
 43
10.0
 50
180.0
  0
INSERT
  5
5BA
330
5B4
100
AcDbEntity
  8
标注层
 62
     4
440
 16777216
370
     9
100
AcDbBlockReference
  2
_ClosedBlank
 10
8070.60009765704
 20
1854.474966142799
 30
0.0
 41
10.0
 42
10.0
 43
10.0
  0
MTEXT
  5
5BB
330
5B4
100
AcDbEntity
  8
标注层
 62
     7
440
 16777216
100
AcDbMText
 10
7986.450097657041
 20
1867.524957028216
 30
0.0
 40
20.0
 41
0.0
 46
0.0
 71
     5
 72
     1
  1
\A1;168.3
 73
     1
 44
1.0
  0
POINT
  5
5BC
330
5B4
100
AcDbEntity
  8
Defpoints
 62
     0
440
 16777216
100
AcDbPoint
 10
7902.300097657041
 20
1733.0
 30
0.0
  0
POINT
  5
5BD
330
5B4
100
AcDbEntity
  8
Defpoints
 62
     0
440
 16777216
100
AcDbPoint
 10
8070.60009765704
 20
1740.0
 30
0.0
  0
POINT
  5
5BE
330
5B4
100
AcDbEntity
  8
Defpoints
 62
     0
440
 16777216
100
AcDbPoint
 10
8070.60009765704
 20
1854.474966142799
 30
0.0
  0
ENDBLK
  5
5BF
330
5B4
100
AcDbEntity
  8
0
100
AcDbBlockEnd
  0
BLOCK
  5
5C4
330
5C3
100
AcDbEntity
  8
0
100
AcDbBlockBegin
  2
*D78
 70
     1
 10
0.0
 20
0.0
 30
0.0
  3
*D78
  1

  0
LINE
  5
5C5
330
5C3
100
AcDbEntity
  8
标注层
 62
     4
440
 16777216
370
     9
100
AcDbLine
 10
7902.300097657041
 20
1733.0
 30
0.0
 11
7902.300097657041
 21
1856.974966142799
 31
0.0
  0
LINE
  5
5C6
330
5C3
100
AcDbEntity
  8
标注层
 62
     4
440
 16777216
370
     9
100
AcDbLine
 10
7893.70009765704
 20
1733.0
 30
0.0
 11
7893.70009765704
 21
1856.974966142799
 31
0.0
  0
LINE
  5
5C7
330
5C3
100
AcDbEntity
  8
标注层
 62
     4
440
 16777216
370
     9
100
AcDbLine
 10
7912.300097657041
 20
1854.474966142799
 30
0.0
 11
7922.300097657042
 21
1854.474966142799
 31
0.0
  0
LINE
  5
5C8
330
5C3
100
AcDbEntity
  8
标注层
 62
     4
440
 16777216
370
     9
100
AcDbLine
 10
7883.700097657039
 20
1854.474966142799
 30
0.0
 11
7827.600115886204
 21
1854.474966142799
 31
0.0
  0
LINE
  5
5C9
330
5C3
100
AcDbEntity
  8
标注层
 62
     4
440
 16777216
370
     9
100
AcDbLine
 10
7902.300097657041
 20
1854.474966142799
 30
0.0
 11
7893.70009765704
 21
1854.474966142799
 31
0.0
  0
INSERT
  5
5CA
330
5C3
100
AcDbEntity
  8
标注层
 62
     4
440
 16777216
370
     9
100
AcDbBlockReference
  2
_ClosedBlank
 10
7902.300097657041
 20
1854.474966142799
 30
0.0
 41
10.0
 42
10.0
 43
10.0
 50
180.0
  0
INSERT
  5
5CB
330
5C3
100
AcDbEntity
  8
标注层
 62
     4
440
 16777216
370
     9
100
AcDbBlockReference
  2
_ClosedBlank
 10
7893.70009765704
 20
1854.474966142799
 30
0.0
 41
10.0
 42
10.0
 43
10.0
  0
MTEXT
  5
5CC
330
5C3
100
AcDbEntity
  8
标注层
 62
     7
440
 16777216
100
AcDbMText
 10
7850.650106771624
 20
1867.524957028216
 30
0.0
 40
20.0
 41
0.0
 46
0.0
 71
     5
 72
     1
  1
\A1;8.6
 73
     1
 44
1.0
  0
POINT
  5
5CD
330
5C3
100
AcDbEntity
  8
Defpoints
 62
     0
440
 16777216
100
AcDbPoint
 10
7902.300097657041
 20
1733.0
 30
0.0
  0
POINT
  5
5CE
330
5C3
100
AcDbEntity
  8
Defpoints
 62
     0
440
 16777216
100
AcDbPoint
 10
7893.70009765704
 20
1733.0
 30
0.0
  0
POINT
  5
5CF
330
5C3
100
AcDbEntity
  8
Defpoints
 62
     0
440
 16777216
100
AcDbPoint
 10
7893.70009765704
 20
1854.474966142799
 30
0.0
  0
ENDBLK
  5
5D0
330
5C3
100
AcDbEntity
  8
0
100
AcDbBlockEnd
  0
BLOCK
  5
5D5
330
5D4
100
AcDbEntity
  8
0
100
AcDbBlockBegin
  2
*D79
 70
     1
 10
0.0
 20
0.0
 30
0.0
  3
*D79
  1

  0
LINE
  5
5D6
330
5D4
100
AcDbEntity
  8
标注层
 62
     4
440
 16777216
370
     9
100
AcDbLine
 10
8056.100097657042
 20
1740.0
 30
0.0
 11
8056.100097657042
 21
1802.196782550338
 31
0.0
  0
LINE
  5
5D7
330
5D4
100
AcDbEntity
  8
标注层
 62
     4
440
 16777216
370
     9
100
AcDbLine
 10
8070.60009765704
 20
1740.0
 30
0.0
 11
8070.60009765704
 21
1802.196782550338
 31
0.0
  0
LINE
  5
5D8
330
5D4
100
AcDbEntity
  8
标注层
 62
     4
440
 16777216
370
     9
100
AcDbLine
 10
8046.100097657038
 20
1799.696782550338
 30
0.0
 11
8036.100097657039
 21
1799.696782550338
 31
0.0
  0
LINE
  5
5D9
330
5D4
100
AcDbEntity
  8
标注层
 62
     4
440
 16777216
370
     9
100
AcDbLine
 10
8080.600097657042
 20
1799.696782550338
 30
0.0
 11
8148.588968316762
 21
1799.696782550338
 31
0.0
  0
LINE
  5
5DA
330
5D4
100
AcDbEntity
  8
标注层
 62
     4
440
 16777216
370
     9
100
AcDbLine
 10
8056.100097657042
 20
1799.696782550338
 30
0.0
 11
8070.60009765704
 21
1799.696782550338
 31
0.0
  0
INSERT
  5
5DB
330
5D4
100
AcDbEntity
  8
标注层
 62
     4
440
 16777216
370
     9
100
AcDbBlockReference
  2
_ClosedBlank
 10
8056.100097657042
 20
1799.696782550338
 30
0.0
 41
10.0
 42
10.0
 43
10.0
  0
INSERT
  5
5DC
330
5D4
100
AcDbEntity
  8
标注层
 62
     4
440
 16777216
370
     9
100
AcDbBlockReference
  2
_ClosedBlank
 10
8070.60009765704
 20
1799.696782550338
 30
0.0
 41
10.0
 42
10.0
 43
10.0
 50
180.0
  0
MTEXT
  5
5DD
330
5D4
100
AcDbEntity
  8
标注层
 62
     7
440
 16777216
100
AcDbMText
 10
8119.5945329869
 20
1812.746773435755
 30
0.0
 40
20.0
 41
0.0
 46
0.0
 71
     5
 72
     1
  1
\A1;14.5
 73
     1
 44
1.0
  0
POINT
  5
5DE
330
5D4
100
AcDbEntity
  8
Defpoints
 62
     0
440
 16777216
100
AcDbPoint
 10
8056.100097657042
 20
1740.0
 30
0.0
  0
POINT
  5
5DF
330
5D4
100
AcDbEntity
  8
Defpoints
 62
     0
440
 16777216
100
AcDbPoint
 10
8070.60009765704
 20
1740.0
 30
0.0
  0
POINT
  5
5E0
330
5D4
100
AcDbEntity
  8
Defpoints
 62
     0
440
 16777216
100
AcDbPoint
 10
8070.60009765704
 20
1799.696782550338
 30
0.0
  0
ENDBLK
  5
5E1
330
5D4
100
AcDbEntity
  8
0
100
AcDbBlockEnd
  0
BLOCK
  5
5E6
330
5E5
100
AcDbEntity
  8
0
100
AcDbBlockBegin
  2
*D80
 70
     1
 10
0.0
 20
0.0
 30
0.0
  3
*D80
  1

  0
LINE
  5
5E7
330
5E5
100
AcDbEntity
  8
标注层
 62
     4
440
 16777216
370
     9
100
AcDbLine
 10
8056.100097657042
 20
1740.0
 30
0.0
 11
8056.100097657042
 21
1802.196782550338
 31
0.0
  0
LINE
  5
5E8
330
5E5
100
AcDbEntity
  8
标注层
 62
     4
440
 16777216
370
     9
100
AcDbLine
 10
8002.100097657041
 20
1740.0
 30
0.0
 11
8002.100097657041
 21
1802.196782550338
 31
0.0
  0
LINE
  5
5E9
330
5E5
100
AcDbEntity
  8
标注层
 62
     4
440
 16777216
370
     9
100
AcDbLine
 10
8046.100097657038
 20
1799.696782550338
 30
0.0
 11
8012.100097657041
 21
1799.696782550338
 31
0.0
  0
INSERT
  5
5EA
330
5E5
100
AcDbEntity
  8
标注层
 62
     4
440
 16777216
370
     9
100
AcDbBlockReference
  2
_ClosedBlank
 10
8056.100097657042
 20
1799.696782550338
 30
0.0
 41
10.0
 42
10.0
 43
10.0
  0
INSERT
  5
5EB
330
5E5
100
AcDbEntity
  8
标注层
 62
     4
440
 16777216
370
     9
100
AcDbBlockReference
  2
_ClosedBlank
 10
8002.100097657041
 20
1799.696782550338
 30
0.0
 41
10.0
 42
10.0
 43
10.0
 50
180.0
  0
MTEXT
  5
5EC
330
5E5
100
AcDbEntity
  8
标注层
 62
     7
440
 16777216
100
AcDbMText
 10
8029.100097657041
 20
1812.746773435755
 30
0.0
 40
20.0
 41
0.0
 46
0.0
 71
     5
 72
     1
  1
\A1;54
 73
     1
 44
1.0
  0
POINT
  5
5ED
330
5E5
100
AcDbEntity
  8
Defpoints
 62
     0
440
 16777216
100
AcDbPoint
 10
8056.100097657042
 20
1740.0
 30
0.0
  0
POINT
  5
5EE
330
5E5
100
AcDbEntity
  8
Defpoints
 62
     0
440
 16777216
100
AcDbPoint
 10
8002.100097657041
 20
1740.0
 30
0.0
  0
POINT
  5
5EF
330
5E5
100
AcDbEntity
  8
Defpoints
 62
     0
440
 16777216
100
AcDbPoint
 10
8002.100097657041
 20
1799.696782550338
 30
0.0
  0
ENDBLK
  5
5F0
330
5E5
100
AcDbEntity
  8
0
100
AcDbBlockEnd
  0
BLOCK
  5
5F5
330
5F4
100
AcDbEntity
  8
0
100
AcDbBlockBegin
  2
*D81
 70
     1
 10
0.0
 20
0.0
 30
0.0
  3
*D81
  1

  0
LINE
  5
5F6
330
5F4
100
AcDbEntity
  8
标注层
 62
     4
440
 16777216
370
     9
100
AcDbLine
 10
8002.100097657041
 20
1740.0
 30
0.0
 11
8002.100097657041
 21
1802.196782550338
 31
0.0
  0
LINE
  5
5F7
330
5F4
100
AcDbEntity
  8
标注层
 62
     4
440
 16777216
370
     9
100
AcDbLine
 10
7883.900097657042
 20
1733.0
 30
0.0
 11
7883.900097657042
 21
1802.196782550338
 31
0.0
  0
LINE
  5
5F8
330
5F4
100
AcDbEntity
  8
标注层
 62
     4
440
 16777216
370
     9
100
AcDbLine
 10
7992.100097657041
 20
1799.696782550338
 30
0.0
 11
7893.900097657041
 21
1799.696782550338
 31
0.0
  0
INSERT
  5
5F9
330
5F4
100
AcDbEntity
  8
标注层
 62
     4
440
 16777216
370
     9
100
AcDbBlockReference
  2
_ClosedBlank
 10
8002.100097657041
 20
1799.696782550338
 30
0.0
 41
10.0
 42
10.0
 43
10.0
  0
INSERT
  5
5FA
330
5F4
100
AcDbEntity
  8
标注层
 62
     4
440
 16777216
370
     9
100
AcDbBlockReference
  2
_ClosedBlank
 10
7883.900097657042
 20
1799.696782550338
 30
0.0
 41
10.0
 42
10.0
 43
10.0
 50
180.0
  0
MTEXT
  5
5FB
330
5F4
100
AcDbEntity
  8
标注层
 62
     7
440
 16777216
100
AcDbMText
 10
7943.000097657041
 20
1812.746773435755
 30
0.0
 40
20.0
 41
0.0
 46
0.0
 71
     5
 72
     1
  1
\A1;118.2
 73
     1
 44
1.0
  0
POINT
  5
5FC
330
5F4
100
AcDbEntity
  8
Defpoints
 62
     0
440
 16777216
100
AcDbPoint
 10
8002.100097657041
 20
1740.0
 30
0.0
  0
POINT
  5
5FD
330
5F4
100
AcDbEntity
  8
Defpoints
 62
     0
440
 16777216
100
AcDbPoint
 10
7883.900097657042
 20
1733.0
 30
0.0
  0
POINT
  5
5FE
330
5F4
100
AcDbEntity
  8
Defpoints
 62
     0
440
 16777216
100
AcDbPoint
 10
7883.900097657042
 20
1799.696782550338
 30
0.0
  0
ENDBLK
  5
5FF
330
5F4
100
AcDbEntity
  8
0
100
AcDbBlockEnd
  0
BLOCK
  5
604
330
603
100
AcDbEntity
  8
0
100
AcDbBlockBegin
  2
*D82
 70
     1
 10
0.0
 20
0.0
 30
0.0
  3
*D82
  1

  0
LINE
  5
605
330
603
100
AcDbEntity
  8
标注层
 62
     4
440
 16777216
370
     9
100
AcDbLine
 10
7883.900097657042
 20
1733.0
 30
0.0
 11
7883.900097657042
 21
1802.196782550338
 31
0.0
  0
LINE
  5
606
330
603
100
AcDbEntity
  8
标注层
 62
     4
440
 16777216
370
     9
100
AcDbLine
 10
7872.900097657039
 20
1733.0
 30
0.0
 11
7872.900097657039
 21
1802.196782550338
 31
0.0
  0
LINE
  5
607
330
603
100
AcDbEntity
  8
标注层
 62
     4
440
 16777216
370
     9
100
AcDbLine
 10
7893.900097657041
 20
1799.696782550338
 30
0.0
 11
7903.900097657039
 21
1799.696782550338
 31
0.0
  0
LINE
  5
608
330
603
100
AcDbEntity
  8
标注层
 62
     4
440
 16777216
370
     9
100
AcDbLine
 10
7862.900097657039
 20
1799.696782550338
 30
0.0
 11
7852.900097657038
 21
1799.696782550338
 31
0.0
  0
LINE
  5
609
330
603
100
AcDbEntity
  8
标注层
 62
     4
440
 16777216
370
     9
100
AcDbLine
 10
7883.900097657042
 20
1799.696782550338
 30
0.0
 11
7872.900097657039
 21
1799.696782550338
 31
0.0
  0
INSERT
  5
60A
330
603
100
AcDbEntity
  8
标注层
 62
     4
440
 16777216
370
     9
100
AcDbBlockReference
  2
_ClosedBlank
 10
7883.900097657042
 20
1799.696782550338
 30
0.0
 41
10.0
 42
10.0
 43
10.0
 50
180.0
  0
INSERT
  5
60B
330
603
100
AcDbEntity
  8
标注层
 62
     4
440
 16777216
370
     9
100
AcDbBlockReference
  2
_ClosedBlank
 10
7872.900097657039
 20
1799.696782550338
 30
0.0
 41
10.0
 42
10.0
 43
10.0
  0
MTEXT
  5
60C
330
603
100
AcDbEntity
  8
标注层
 62
     7
440
 16777216
100
AcDbMText
 10
7878.400097657038
 20
1812.746773435755
 30
0.0
 40
20.0
 41
0.0
 46
0.0
 71
     5
 72
     1
  1
\A1;11
 73
     1
 44
1.0
  0
POINT
  5
60D
330
603
100
AcDbEntity
  8
Defpoints
 62
     0
440
 16777216
100
AcDbPoint
 10
7883.900097657042
 20
1733.0
 30
0.0
  0
POINT
  5
60E
330
603
100
AcDbEntity
  8
Defpoints
 62
     0
440
 16777216
100
AcDbPoint
 10
7872.900097657039
 20
1733.0
 30
0.0
  0
POINT
  5
60F
330
603
100
AcDbEntity
  8
Defpoints
 62
     0
440
 16777216
100
AcDbPoint
 10
7872.900097657039
 20
1799.696782550338
 30
0.0
  0
ENDBLK
  5
610
330
603
100
AcDbEntity
  8
0
100
AcDbBlockEnd
  0
BLOCK
  5
615
330
614
100
AcDbEntity
  8
0
100
AcDbBlockBegin
  2
*D83
 70
     1
 10
0.0
 20
0.0
 30
0.0
  3
*D83
  1

  0
LINE
  5
616
330
614
100
AcDbEntity
  8
标注层
 62
     4
440
 16777216
370
     9
100
AcDbLine
 10
7872.900097657039
 20
1733.0
 30
0.0
 11
7872.900097657039
 21
1802.196782550338
 31
0.0
  0
LINE
  5
617
330
614
100
AcDbEntity
  8
标注层
 62
     4
440
 16777216
370
     9
100
AcDbLine
 10
7836.900097657039
 20
1733.0
 30
0.0
 11
7836.900097657039
 21
1802.196782550338
 31
0.0
  0
LINE
  5
618
330
614
100
AcDbEntity
  8
标注层
 62
     4
440
 16777216
370
     9
100
AcDbLine
 10
7862.900097657039
 20
1799.696782550338
 30
0.0
 11
7846.900097657038
 21
1799.696782550338
 31
0.0
  0
INSERT
  5
619
330
614
100
AcDbEntity
  8
标注层
 62
     4
440
 16777216
370
     9
100
AcDbBlockReference
  2
_ClosedBlank
 10
7872.900097657039
 20
1799.696782550338
 30
0.0
 41
10.0
 42
10.0
 43
10.0
  0
INSERT
  5
61A
330
614
100
AcDbEntity
  8
标注层
 62
     4
440
 16777216
370
     9
100
AcDbBlockReference
  2
_ClosedBlank
 10
7836.900097657039
 20
1799.696782550338
 30
0.0
 41
10.0
 42
10.0
 43
10.0
 50
180.0
  0
MTEXT
  5
61B
330
614
100
AcDbEntity
  8
标注层
 62
     7
440
 16777216
100
AcDbMText
 10
7854.900097657038
 20
1812.746773435755
 30
0.0
 40
20.0
 41
0.0
 46
0.0
 71
     5
 72
     1
  1
\A1;36
 73
     1
 44
1.0
  0
POINT
  5
61C
330
614
100
AcDbEntity
  8
Defpoints
 62
     0
440
 16777216
100
AcDbPoint
 10
7872.900097657039
 20
1733.0
 30
0.0
  0
POINT
  5
61D
330
614
100
AcDbEntity
  8
Defpoints
 62
     0
440
 16777216
100
AcDbPoint
 10
7836.900097657039
 20
1733.0
 30
0.0
  0
POINT
  5
61E
330
614
100
AcDbEntity
  8
Defpoints
 62
     0
440
 16777216
100
AcDbPoint
 10
7836.900097657039
 20
1799.696782550338
 30
0.0
  0
ENDBLK
  5
61F
330
614
100
AcDbEntity
  8
0
100
AcDbBlockEnd
  0
BLOCK
  5
624
330
623
100
AcDbEntity
  8
0
100
AcDbBlockBegin
  2
*D84
 70
     1
 10
0.0
 20
0.0
 30
0.0
  3
*D84
  1

  0
LINE
  5
625
330
623
100
AcDbEntity
  8
标注层
 62
     4
440
 16777216
370
     9
100
AcDbLine
 10
7836.900097657039
 20
1733.0
 30
0.0
 11
7836.900097657039
 21
1802.196782550338
 31
0.0
  0
LINE
  5
626
330
623
100
AcDbEntity
  8
标注层
 62
     4
440
 16777216
370
     9
100
AcDbLine
 10
7762.900097657039
 20
1733.0
 30
0.0
 11
7762.900097657039
 21
1802.196782550338
 31
0.0
  0
LINE
  5
627
330
623
100
AcDbEntity
  8
标注层
 62
     4
440
 16777216
370
     9
100
AcDbLine
 10
7826.900097657038
 20
1799.696782550338
 30
0.0
 11
7772.900097657039
 21
1799.696782550338
 31
0.0
  0
INSERT
  5
628
330
623
100
AcDbEntity
  8
标注层
 62
     4
440
 16777216
370
     9
100
AcDbBlockReference
  2
_ClosedBlank
 10
7836.900097657039
 20
1799.696782550338
 30
0.0
 41
10.0
 42
10.0
 43
10.0
  0
INSERT
  5
629
330
623
100
AcDbEntity
  8
标注层
 62
     4
440
 16777216
370
     9
100
AcDbBlockReference
  2
_ClosedBlank
 10
7762.900097657039
 20
1799.696782550338
 30
0.0
 41
10.0
 42
10.0
 43
10.0
 50
180.0
  0
MTEXT
  5
62A
330
623
100
AcDbEntity
  8
标注层
 62
     7
440
 16777216
100
AcDbMText
 10
7799.900097657038
 20
1812.746773435755
 30
0.0
 40
20.0
 41
0.0
 46
0.0
 71
     5
 72
     1
  1
\A1;74
 73
     1
 44
1.0
  0
POINT
  5
62B
330
623
100
AcDbEntity
  8
Defpoints
 62
     0
440
 16777216
100
AcDbPoint
 10
7836.900097657039
 20
1733.0
 30
0.0
  0
POINT
  5
62C
330
623
100
AcDbEntity
  8
Defpoints
 62
     0
440
 16777216
100
AcDbPoint
 10
7762.900097657039
 20
1733.0
 30
0.0
  0
POINT
  5
62D
330
623
100
AcDbEntity
  8
Defpoints
 62
     0
440
 16777216
100
AcDbPoint
 10
7762.900097657039
 20
1799.696782550338
 30
0.0
  0
ENDBLK
  5
62E
330
623
100
AcDbEntity
  8
0
100
AcDbBlockEnd
  0
BLOCK
  5
633
330
632
100
AcDbEntity
  8
0
100
AcDbBlockBegin
  2
*D85
 70
     1
 10
0.0
 20
0.0
 30
0.0
  3
*D85
  1

  0
LINE
  5
634
330
632
100
AcDbEntity
  8
标注层
 62
     4
440
 16777216
370
     9
100
AcDbLine
 10
7942.600097657039
 20
-6.0
 30
0.0
 11
7942.600097657039
 21
-75.06884176741005
 31
0.0
  0
LINE
  5
635
330
632
100
AcDbEntity
  8
标注层
 62
     4
440
 16777216
370
     9
100
AcDbLine
 10
8002.100097657041
 20
0.0
 30
0.0
 11
8002.100097657041
 21
-75.06884176741005
 31
0.0
  0
LINE
  5
636
330
632
100
AcDbEntity
  8
标注层
 62
     4
440
 16777216
370
     9
100
AcDbLine
 10
7932.600097657041
 20
-72.56884176741005
 30
0.0
 11
7922.600097657038
 21
-72.56884176741005
 31
0.0
  0
LINE
  5
637
330
632
100
AcDbEntity
  8
标注层
 62
     4
440
 16777216
370
     9
100
AcDbLine
 10
8012.100097657041
 20
-72.56884176741005
 30
0.0
 11
8081.644523872318
 21
-72.56884176741005
 31
0.0
  0
LINE
  5
638
330
632
100
AcDbEntity
  8
标注层
 62
     4
440
 16777216
370
     9
100
AcDbLine
 10
7942.600097657039
 20
-72.56884176741005
 30
0.0
 11
8002.100097657041
 21
-72.56884176741005
 31
0.0
  0
INSERT
  5
639
330
632
100
AcDbEntity
  8
标注层
 62
     4
440
 16777216
370
     9
100
AcDbBlockReference
  2
_ClosedBlank
 10
7942.600097657039
 20
-72.56884176741005
 30
0.0
 41
10.0
 42
10.0
 43
10.0
  0
INSERT
  5
63A
330
632
100
AcDbEntity
  8
标注层
 62
     4
440
 16777216
370
     9
100
AcDbBlockReference
  2
_ClosedBlank
 10
8002.100097657041
 20
-72.56884176741005
 30
0.0
 41
10.0
 42
10.0
 43
10.0
 50
180.0
  0
MTEXT
  5
63B
330
632
100
AcDbEntity
  8
标注层
 62
     7
440
 16777216
100
AcDbMText
 10
8051.872310764677
 20
-59.51885088199339
 30
0.0
 40
20.0
 41
0.0
 46
0.0
 71
     5
 72
     1
  1
\A1;59.5
 73
     1
 44
1.0
  0
POINT
  5
63C
330
632
100
AcDbEntity
  8
Defpoints
 62
     0
440
 16777216
100
AcDbPoint
 10
7942.600097657039
 20
-6.0
 30
0.0
  0
POINT
  5
63D
330
632
100
AcDbEntity
  8
Defpoints
 62
     0
440
 16777216
100
AcDbPoint
 10
8002.100097657041
 20
0.0
 30
0.0
  0
POINT
  5
63E
330
632
100
AcDbEntity
  8
Defpoints
 62
     0
440
 16777216
100
AcDbPoint
 10
8002.100097657041
 20
-72.56884176741005
 30
0.0
  0
ENDBLK
  5
63F
330
632
100
AcDbEntity
  8
0
100
AcDbBlockEnd
  0
BLOCK
  5
687
330
686
100
AcDbEntity
  8
0
100
AcDbBlockBegin
  2
*D88
 70
     1
 10
0.0
 20
0.0
 30
0.0
  3
*D88
  1

  0
LINE
  5
937
330
686
100
AcDbEntity
  8
绘图层
 62
     4
440
 16777216
370
     9
100
AcDbLine
 10
5048.07631566582
 20
1733.000000000001
 30
0.0
 11
4836.315317866111
 21
1733.000000000001
 31
0.0
  0
LINE
  5
938
330
686
100
AcDbEntity
  8
绘图层
 62
     4
440
 16777216
370
     9
100
AcDbLine
 10
5018.57631566582
 20
1740.000000000001
 30
0.0
 11
4836.315317866111
 21
1740.000000000001
 31
0.0
  0
LINE
  5
939
330
686
100
AcDbEntity
  8
绘图层
 62
     4
440
 16777216
370
     9
100
AcDbLine
 10
4838.81531786611
 20
1723.000000000001
 30
0.0
 11
4838.81531786611
 21
1713.000000000001
 31
0.0
  0
LINE
  5
93A
330
686
100
AcDbEntity
  8
绘图层
 62
     4
440
 16777216
370
     9
100
AcDbLine
 10
4838.81531786611
 20
1750.000000000001
 30
0.0
 11
4838.81531786611
 21
1776.93797059765
 31
0.0
  0
LINE
  5
93B
330
686
100
AcDbEntity
  8
绘图层
 62
     4
440
 16777216
370
     9
100
AcDbLine
 10
4838.81531786611
 20
1733.000000000001
 30
0.0
 11
4838.81531786611
 21
1740.000000000001
 31
0.0
  0
INSERT
  5
93C
330
686
100
AcDbEntity
  8
绘图层
 62
     4
440
 16777216
370
     9
100
AcDbBlockReference
  2
_ClosedBlank
 10
4838.81531786611
 20
1733.000000000001
 30
0.0
 41
10.0
 42
10.0
 43
10.0
 50
90.0
  0
INSERT
  5
93D
330
686
100
AcDbEntity
  8
绘图层
 62
     4
440
 16777216
370
     9
100
AcDbBlockReference
  2
_ClosedBlank
 10
4838.81531786611
 20
1740.000000000001
 30
0.0
 41
10.0
 42
10.0
 43
10.0
 50
270.0
  0
MTEXT
  5
93E
330
686
100
AcDbEntity
  8
绘图层
 62
     4
440
 16777216
100
AcDbMText
 10
4825.765326980693
 20
1768.468985298823
 30
0.0
 40
20.0
 41
0.0
 46
0.0
 71
     5
 72
     1
  1
\A1;7
 11
0.0000000000000001
 21
1.0
 31
0.0
 73
     1
 44
1.0
  0
POINT
  5
93F
330
686
100
AcDbEntity
  8
Defpoints
 62
     0
440
 16777216
100
AcDbPoint
 10
5048.07631566582
 20
1733.000000000001
 30
0.0
  0
POINT
  5
940
330
686
100
AcDbEntity
  8
Defpoints
 62
     0
440
 16777216
100
AcDbPoint
 10
5018.57631566582
 20
1740.000000000001
 30
0.0
  0
POINT
  5
941
330
686
100
AcDbEntity
  8
Defpoints
 62
     0
440
 16777216
100
AcDbPoint
 10
4838.81531786611
 20
1740.000000000001
 30
0.0
  0
ENDBLK
  5
688
330
686
100
AcDbEntity
  8
0
100
AcDbBlockEnd
  0
BLOCK
  5
6A3
330
6A2
100
AcDbEntity
  8
0
100
AcDbBlockBegin
  2
*D89
 70
     1
 10
0.0
 20
0.0
 30
0.0
  3
*D89
  1

  0
LINE
  5
942
330
6A2
100
AcDbEntity
  8
绘图层
 62
     4
440
 16777216
370
     9
100
AcDbLine
 10
6174.2765109799
 20
1733.000000000001
 30
0.0
 11
6428.736054852717
 21
1733.000000000001
 31
0.0
  0
LINE
  5
943
330
6A2
100
AcDbEntity
  8
绘图层
 62
     4
440
 16777216
370
     9
100
AcDbLine
 10
6203.776510979899
 20
1740.000000000001
 30
0.0
 11
6428.736054852717
 21
1740.000000000001
 31
0.0
  0
LINE
  5
944
330
6A2
100
AcDbEntity
  8
绘图层
 62
     4
440
 16777216
370
     9
100
AcDbLine
 10
6426.236054852719
 20
1723.000000000001
 30
0.0
 11
6426.236054852719
 21
1713.000000000001
 31
0.0
  0
LINE
  5
945
330
6A2
100
AcDbEntity
  8
绘图层
 62
     4
440
 16777216
370
     9
100
AcDbLine
 10
6426.236054852719
 20
1750.000000000001
 30
0.0
 11
6426.236054852719
 21
1776.93797059765
 31
0.0
  0
LINE
  5
946
330
6A2
100
AcDbEntity
  8
绘图层
 62
     4
440
 16777216
370
     9
100
AcDbLine
 10
6426.236054852719
 20
1733.000000000001
 30
0.0
 11
6426.236054852719
 21
1740.000000000001
 31
0.0
  0
INSERT
  5
947
330
6A2
100
AcDbEntity
  8
绘图层
 62
     4
440
 16777216
370
     9
100
AcDbBlockReference
  2
_ClosedBlank
 10
6426.236054852719
 20
1733.000000000001
 30
0.0
 41
10.0
 42
10.0
 43
10.0
 50
90.0
  0
INSERT
  5
948
330
6A2
100
AcDbEntity
  8
绘图层
 62
     4
440
 16777216
370
     9
100
AcDbBlockReference
  2
_ClosedBlank
 10
6426.236054852719
 20
1740.000000000001
 30
0.0
 41
10.0
 42
10.0
 43
10.0
 50
270.0
  0
MTEXT
  5
949
330
6A2
100
AcDbEntity
  8
绘图层
 62
     4
440
 16777216
100
AcDbMText
 10
6413.186063967299
 20
1768.468985298823
 30
0.0
 40
20.0
 41
0.0
 46
0.0
 71
     5
 72
     1
  1
\A1;7
 11
0.0000000000000001
 21
1.0
 31
0.0
 73
     1
 44
1.0
  0
POINT
  5
94A
330
6A2
100
AcDbEntity
  8
Defpoints
 62
     0
440
 16777216
100
AcDbPoint
 10
6174.2765109799
 20
1733.000000000001
 30
0.0
  0
POINT
  5
94B
330
6A2
100
AcDbEntity
  8
Defpoints
 62
     0
440
 16777216
100
AcDbPoint
 10
6203.776510979899
 20
1740.000000000001
 30
0.0
  0
POINT
  5
94C
330
6A2
100
AcDbEntity
  8
Defpoints
 62
     0
440
 16777216
100
AcDbPoint
 10
6426.236054852719
 20
1740.000000000001
 30
0.0
  0
ENDBLK
  5
6A4
330
6A2
100
AcDbEntity
  8
0
100
AcDbBlockEnd
  0
BLOCK
  5
6BF
330
6BE
100
AcDbEntity
  8
0
100
AcDbBlockBegin
  2
*D90
 70
     1
 10
0.0
 20
0.0
 30
0.0
  3
*D90
  1

  0
LINE
  5
6CD
330
6BE
100
AcDbEntity
  8
绘图层
 62
     4
440
 16777216
370
     9
100
AcDbLine
 10
2587.700000000002
 20
1740.000000000001
 30
0.0
 11
2394.401915592041
 21
1740.0
 31
0.0
  0
LINE
  5
6CE
330
6BE
100
AcDbEntity
  8
绘图层
 62
     4
440
 16777216
370
     9
100
AcDbLine
 10
2615.200000000001
 20
1733.000000000001
 30
0.0
 11
2394.401915592041
 21
1733.000000000001
 31
0.0
  0
LINE
  5
6CF
330
6BE
100
AcDbEntity
  8
绘图层
 62
     4
440
 16777216
370
     9
100
AcDbLine
 10
2396.901915592041
 20
1750.000000000001
 30
0.0
 11
2396.901915592041
 21
1760.000000000001
 31
0.0
  0
LINE
  5
6D0
330
6BE
100
AcDbEntity
  8
绘图层
 62
     4
440
 16777216
370
     9
100
AcDbLine
 10
2396.901915592041
 20
1723.0
 30
0.0
 11
2396.901915592041
 21
1696.062029402352
 31
0.0
  0
LINE
  5
6D1
330
6BE
100
AcDbEntity
  8
绘图层
 62
     4
440
 16777216
370
     9
100
AcDbLine
 10
2396.901915592041
 20
1740.0
 30
0.0
 11
2396.901915592041
 21
1733.000000000001
 31
0.0
  0
INSERT
  5
6D2
330
6BE
100
AcDbEntity
  8
绘图层
 62
     4
440
 16777216
370
     9
100
AcDbBlockReference
  2
_ClosedBlank
 10
2396.901915592041
 20
1740.0
 30
0.0
 41
10.0
 42
10.0
 43
10.0
 50
270.0
  0
INSERT
  5
6D3
330
6BE
100
AcDbEntity
  8
绘图层
 62
     4
440
 16777216
370
     9
100
AcDbBlockReference
  2
_ClosedBlank
 10
2396.901915592041
 20
1733.000000000001
 30
0.0
 41
10.0
 42
10.0
 43
10.0
 50
90.0
  0
MTEXT
  5
6D4
330
6BE
100
AcDbEntity
  8
绘图层
 62
     4
440
 16777216
100
AcDbMText
 10
2383.851924706625
 20
1704.531014701175
 30
0.0
 40
20.0
 41
0.0
 46
0.0
 71
     5
 72
     1
  1
\A1;7
 11
0.0000000000000001
 21
1.0
 31
0.0
 73
     1
 44
1.0
  0
POINT
  5
6D5
330
6BE
100
AcDbEntity
  8
Defpoints
 62
     0
440
 16777216
100
AcDbPoint
 10
2587.700000000002
 20
1740.000000000001
 30
0.0
  0
POINT
  5
6D6
330
6BE
100
AcDbEntity
  8
Defpoints
 62
     0
440
 16777216
100
AcDbPoint
 10
2615.200000000001
 20
1733.000000000001
 30
0.0
  0
POINT
  5
6D7
330
6BE
100
AcDbEntity
  8
Defpoints
 62
     0
440
 16777216
100
AcDbPoint
 10
2396.901915592041
 20
1733.000000000001
 30
0.0
  0
ENDBLK
  5
6C0
330
6BE
100
AcDbEntity
  8
0
100
AcDbBlockEnd
  0
BLOCK
  5
6DB
330
6DA
100
AcDbEntity
  8
0
100
AcDbBlockBegin
  2
*D91
 70
     1
 10
0.0
 20
0.0
 30
0.0
  3
*D91
  1

  0
LINE
  5
6E9
330
6DA
100
AcDbEntity
  8
绘图层
 62
     4
440
 16777216
370
     9
100
AcDbLine
 10
3684.800000000002
 20
1733.000000000001
 30
0.0
 11
3889.431196122361
 21
1733.000000000001
 31
0.0
  0
LINE
  5
6EA
330
6DA
100
AcDbEntity
  8
绘图层
 62
     4
440
 16777216
370
     9
100
AcDbLine
 10
3712.300000000001
 20
1740.000000000001
 30
0.0
 11
3889.431196122361
 21
1740.000000000001
 31
0.0
  0
LINE
  5
6EB
330
6DA
100
AcDbEntity
  8
绘图层
 62
     4
440
 16777216
370
     9
100
AcDbLine
 10
3886.931196122361
 20
1723.000000000001
 30
0.0
 11
3886.931196122361
 21
1713.000000000001
 31
0.0
  0
LINE
  5
6EC
330
6DA
100
AcDbEntity
  8
绘图层
 62
     4
440
 16777216
370
     9
100
AcDbLine
 10
3886.931196122361
 20
1750.000000000001
 30
0.0
 11
3886.931196122361
 21
1776.93797059765
 31
0.0
  0
LINE
  5
6ED
330
6DA
100
AcDbEntity
  8
绘图层
 62
     4
440
 16777216
370
     9
100
AcDbLine
 10
3886.931196122361
 20
1733.000000000001
 30
0.0
 11
3886.931196122361
 21
1740.000000000001
 31
0.0
  0
INSERT
  5
6EE
330
6DA
100
AcDbEntity
  8
绘图层
 62
     4
440
 16777216
370
     9
100
AcDbBlockReference
  2
_ClosedBlank
 10
3886.931196122361
 20
1733.000000000001
 30
0.0
 41
10.0
 42
10.0
 43
10.0
 50
90.0
  0
INSERT
  5
6EF
330
6DA
100
AcDbEntity
  8
绘图层
 62
     4
440
 16777216
370
     9
100
AcDbBlockReference
  2
_ClosedBlank
 10
3886.931196122361
 20
1740.000000000001
 30
0.0
 41
10.0
 42
10.0
 43
10.0
 50
270.0
  0
MTEXT
  5
6F0
330
6DA
100
AcDbEntity
  8
绘图层
 62
     4
440
 16777216
100
AcDbMText
 10
3873.881205236944
 20
1768.468985298824
 30
0.0
 40
20.0
 41
0.0
 46
0.0
 71
     5
 72
     1
  1
\A1;7
 11
0.0000000000000001
 21
1.0
 31
0.0
 73
     1
 44
1.0
  0
POINT
  5
6F1
330
6DA
100
AcDbEntity
  8
Defpoints
 62
     0
440
 16777216
100
AcDbPoint
 10
3684.800000000002
 20
1733.000000000001
 30
0.0
  0
POINT
  5
6F2
330
6DA
100
AcDbEntity
  8
Defpoints
 62
     0
440
 16777216
100
AcDbPoint
 10
3712.300000000001
 20
1740.000000000001
 30
0.0
  0
POINT
  5
6F3
330
6DA
100
AcDbEntity
  8
Defpoints
 62
     0
440
 16777216
100
AcDbPoint
 10
3886.931196122361
 20
1740.000000000001
 30
0.0
  0
ENDBLK
  5
6DC
330
6DA
100
AcDbEntity
  8
0
100
AcDbBlockEnd
  0
BLOCK
  5
6F7
330
6F6
100
AcDbEntity
  8
0
100
AcDbBlockBegin
  2
*D92
 70
     1
 10
0.0
 20
0.0
 30
0.0
  3
*D92
  1

  0
LINE
  5
705
330
6F6
100
AcDbEntity
  8
绘图层
 62
     4
440
 16777216
370
     9
100
AcDbLine
 10
3712.300000000001
 20
0.0
 30
0.0
 11
3895.299623583244
 21
0.0000000000000294
 31
0.0
  0
LINE
  5
706
330
6F6
100
AcDbEntity
  8
绘图层
 62
     4
440
 16777216
370
     9
100
AcDbLine
 10
3684.800000000001
 20
7.000000000000003
 30
0.0
 11
3895.299623583244
 21
7.000000000000037
 31
0.0
  0
LINE
  5
707
330
6F6
100
AcDbEntity
  8
绘图层
 62
     4
440
 16777216
370
     9
100
AcDbLine
 10
3892.799623583243
 20
-9.999999999999971
 30
0.0
 11
3892.799623583243
 21
-19.99999999999997
 31
0.0
  0
LINE
  5
708
330
6F6
100
AcDbEntity
  8
绘图层
 62
     4
440
 16777216
370
     9
100
AcDbLine
 10
3892.799623583243
 20
17.00000000000004
 30
0.0
 11
3892.799623583243
 21
43.93797059764902
 31
0.0
  0
LINE
  5
709
330
6F6
100
AcDbEntity
  8
绘图层
 62
     4
440
 16777216
370
     9
100
AcDbLine
 10
3892.799623583243
 20
0.000000000000029
 30
0.0
 11
3892.799623583243
 21
7.000000000000037
 31
0.0
  0
INSERT
  5
70A
330
6F6
100
AcDbEntity
  8
绘图层
 62
     4
440
 16777216
370
     9
100
AcDbBlockReference
  2
_ClosedBlank
 10
3892.799623583243
 20
0.000000000000029
 30
0.0
 41
10.0
 42
10.0
 43
10.0
 50
90.0
  0
INSERT
  5
70B
330
6F6
100
AcDbEntity
  8
绘图层
 62
     4
440
 16777216
370
     9
100
AcDbBlockReference
  2
_ClosedBlank
 10
3892.799623583243
 20
7.000000000000037
 30
0.0
 41
10.0
 42
10.0
 43
10.0
 50
270.0
  0
MTEXT
  5
70C
330
6F6
100
AcDbEntity
  8
绘图层
 62
     4
440
 16777216
100
AcDbMText
 10
3879.749632697826
 20
35.46898529882343
 30
0.0
 40
20.0
 41
0.0
 46
0.0
 71
     5
 72
     1
  1
\A1;7
 11
0.0000000000000001
 21
1.0
 31
0.0
 73
     1
 44
1.0
  0
POINT
  5
70D
330
6F6
100
AcDbEntity
  8
Defpoints
 62
     0
440
 16777216
100
AcDbPoint
 10
3712.300000000001
 20
0.0
 30
0.0
  0
POINT
  5
70E
330
6F6
100
AcDbEntity
  8
Defpoints
 62
     0
440
 16777216
100
AcDbPoint
 10
3684.800000000001
 20
7.000000000000003
 30
0.0
  0
POINT
  5
70F
330
6F6
100
AcDbEntity
  8
Defpoints
 62
     0
440
 16777216
100
AcDbPoint
 10
3892.799623583243
 20
7.000000000000037
 30
0.0
  0
ENDBLK
  5
6F8
330
6F6
100
AcDbEntity
  8
0
100
AcDbBlockEnd
  0
BLOCK
  5
712
330
711
100
AcDbEntity
  8
0
100
AcDbBlockBegin
  2
*D93
 70
     1
 10
0.0
 20
0.0
 30
0.0
  3
*D93
  1

  0
LINE
  5
714
330
711
100
AcDbEntity
  8
标注层
 62
     4
440
 16777216
370
     9
100
AcDbLine
 10
4890.576315665819
 20
1740.000000000001
 30
0.0
 11
4734.01996129247
 21
1740.000000000001
 31
0.0
  0
LINE
  5
715
330
711
100
AcDbEntity
  8
标注层
 62
     4
440
 16777216
370
     9
100
AcDbLine
 10
4890.576315665819
 20
0.0
 30
0.0
 11
4734.01996129247
 21
-0.0000000000000252
 31
0.0
  0
LINE
  5
716
330
711
100
AcDbEntity
  8
标注层
 62
     4
440
 16777216
370
     9
100
AcDbLine
 10
4736.519961292469
 20
1730.000000000001
 30
0.0
 11
4736.519961292469
 21
9.999999999999976
 31
0.0
  0
INSERT
  5
717
330
711
100
AcDbEntity
  8
标注层
 62
     4
440
 16777216
370
     9
100
AcDbBlockReference
  2
_ClosedBlank
 10
4736.519961292469
 20
1740.000000000001
 30
0.0
 41
10.0
 42
10.0
 43
10.0
 50
90.0
  0
INSERT
  5
718
330
711
100
AcDbEntity
  8
标注层
 62
     4
440
 16777216
370
     9
100
AcDbBlockReference
  2
_ClosedBlank
 10
4736.519961292469
 20
-0.0000000000000248
 30
0.0
 41
10.0
 42
10.0
 43
10.0
 50
270.0
  0
MTEXT
  5
719
330
711
100
AcDbEntity
  8
标注层
 62
     7
440
 16777216
100
AcDbMText
 10
4708.469970407053
 20
869.9999999999986
 30
0.0
 40
50.0
 41
0.0
 46
0.0
 71
     5
 72
     1
  1
\A1;1740
 11
0.0000000000000001
 21
1.0
 31
0.0
 73
     1
 44
1.0
  0
POINT
  5
71A
330
711
100
AcDbEntity
  8
Defpoints
 62
     0
440
 16777216
100
AcDbPoint
 10
4890.576315665819
 20
1740.000000000001
 30
0.0
  0
POINT
  5
71B
330
711
100
AcDbEntity
  8
Defpoints
 62
     0
440
 16777216
100
AcDbPoint
 10
4890.576315665819
 20
0.0
 30
0.0
  0
POINT
  5
71C
330
711
100
AcDbEntity
  8
Defpoints
 62
     0
440
 16777216
100
AcDbPoint
 10
4736.519961292469
 20
-0.0000000000000248
 30
0.0
  0
ENDBLK
  5
713
330
711
100
AcDbEntity
  8
0
100
AcDbBlockEnd
  0
BLOCK
  5
71E
330
71D
100
AcDbEntity
  8
0
100
AcDbBlockBegin
  2
*D94
 70
     1
 10
0.0
 20
0.0
 30
0.0
  3
*D94
  1

  0
LINE
  5
720
330
71D
100
AcDbEntity
  8
标注层
 62
     4
440
 16777216
370
     9
100
AcDbLine
 10
4890.576315665818
 20
1740.0
 30
0.0
 11
4890.576315665818
 21
1895.522691923892
 31
0.0
  0
LINE
  5
721
330
71D
100
AcDbEntity
  8
标注层
 62
     4
440
 16777216
370
     9
100
AcDbLine
 10
5214.776315665815
 20
1733.0
 30
0.0
 11
5214.776315665815
 21
1895.522691923892
 31
0.0
  0
LINE
  5
722
330
71D
100
AcDbEntity
  8
标注层
 62
     4
440
 16777216
370
     9
100
AcDbLine
 10
4900.576315665817
 20
1893.022691923892
 30
0.0
 11
5204.776315665815
 21
1893.022691923892
 31
0.0
  0
INSERT
  5
723
330
71D
100
AcDbEntity
  8
标注层
 62
     4
440
 16777216
370
     9
100
AcDbBlockReference
  2
_ClosedBlank
 10
4890.576315665818
 20
1893.022691923892
 30
0.0
 41
10.0
 42
10.0
 43
10.0
 50
180.0
  0
INSERT
  5
724
330
71D
100
AcDbEntity
  8
标注层
 62
     4
440
 16777216
370
     9
100
AcDbBlockReference
  2
_ClosedBlank
 10
5214.776315665815
 20
1893.022691923892
 30
0.0
 41
10.0
 42
10.0
 43
10.0
  0
MTEXT
  5
725
330
71D
100
AcDbEntity
  8
标注层
 62
     7
440
 16777216
100
AcDbMText
 10
5052.676315665816
 20
1906.072682809309
 30
0.0
 40
20.0
 41
0.0
 46
0.0
 71
     5
 72
     1
  1
\A1;324.2
 73
     1
 44
1.0
  0
POINT
  5
726
330
71D
100
AcDbEntity
  8
Defpoints
 62
     0
440
 16777216
100
AcDbPoint
 10
4890.576315665818
 20
1740.0
 30
0.0
  0
POINT
  5
727
330
71D
100
AcDbEntity
  8
Defpoints
 62
     0
440
 16777216
100
AcDbPoint
 10
5214.776315665815
 20
1733.0
 30
0.0
  0
POINT
  5
728
330
71D
100
AcDbEntity
  8
Defpoints
 62
     0
440
 16777216
100
AcDbPoint
 10
5214.776315665815
 20
1893.022691923892
 30
0.0
  0
ENDBLK
  5
71F
330
71D
100
AcDbEntity
  8
0
100
AcDbBlockEnd
  0
BLOCK
  5
72A
330
729
100
AcDbEntity
  8
0
100
AcDbBlockBegin
  2
*D95
 70
     1
 10
0.0
 20
0.0
 30
0.0
  3
*D95
  1

  0
LINE
  5
72C
330
729
100
AcDbEntity
  8
标注层
 62
     4
440
 16777216
370
     9
100
AcDbLine
 10
4999.076315665816
 20
852.25
 30
0.0
 11
4999.076315665816
 21
899.7965808192747
 31
0.0
  0
LINE
  5
72D
330
729
100
AcDbEntity
  8
标注层
 62
     4
440
 16777216
370
     9
100
AcDbLine
 10
4959.076315665818
 20
852.25
 30
0.0
 11
4959.076315665818
 21
899.7965808192747
 31
0.0
  0
LINE
  5
72E
330
729
100
AcDbEntity
  8
标注层
 62
     4
440
 16777216
370
     9
100
AcDbLine
 10
4989.076315665815
 20
897.2965808192746
 30
0.0
 11
4969.076315665818
 21
897.2965808192746
 31
0.0
  0
INSERT
  5
72F
330
729
100
AcDbEntity
  8
标注层
 62
     4
440
 16777216
370
     9
100
AcDbBlockReference
  2
_ClosedBlank
 10
4999.076315665816
 20
897.2965808192746
 30
0.0
 41
10.0
 42
10.0
 43
10.0
  0
INSERT
  5
730
330
729
100
AcDbEntity
  8
标注层
 62
     4
440
 16777216
370
     9
100
AcDbBlockReference
  2
_ClosedBlank
 10
4959.076315665818
 20
897.2965808192746
 30
0.0
 41
10.0
 42
10.0
 43
10.0
 50
180.0
  0
MTEXT
  5
731
330
729
100
AcDbEntity
  8
标注层
 62
     7
440
 16777216
100
AcDbMText
 10
4979.076315665817
 20
910.3465717046914
 30
0.0
 40
20.0
 41
0.0
 46
0.0
 71
     5
 72
     1
  1
\A1;40
 73
     1
 44
1.0
  0
POINT
  5
732
330
729
100
AcDbEntity
  8
Defpoints
 62
     0
440
 16777216
100
AcDbPoint
 10
4999.076315665816
 20
852.25
 30
0.0
  0
POINT
  5
733
330
729
100
AcDbEntity
  8
Defpoints
 62
     0
440
 16777216
100
AcDbPoint
 10
4959.076315665818
 20
852.25
 30
0.0
  0
POINT
  5
734
330
729
100
AcDbEntity
  8
Defpoints
 62
     0
440
 16777216
100
AcDbPoint
 10
4959.076315665818
 20
897.2965808192746
 30
0.0
  0
ENDBLK
  5
72B
330
729
100
AcDbEntity
  8
0
100
AcDbBlockEnd
  0
BLOCK
  5
736
330
735
100
AcDbEntity
  8
0
100
AcDbBlockBegin
  2
*D96
 70
     1
 10
0.0
 20
0.0
 30
0.0
  3
*D96
  1

  0
LINE
  5
738
330
735
100
AcDbEntity
  8
标注层
 62
     4
440
 16777216
370
     9
100
AcDbLine
 10
4981.326315665819
 20
816.0000000000005
 30
0.0
 11
4809.798138479145
 21
816.0000000000003
 31
0.0
  0
LINE
  5
739
330
735
100
AcDbEntity
  8
标注层
 62
     4
440
 16777216
370
     9
100
AcDbLine
 10
4890.576315665819
 20
0.0
 30
0.0
 11
4809.798138479145
 21
-0.000000000000013
 31
0.0
  0
LINE
  5
73A
330
735
100
AcDbEntity
  8
标注层
 62
     4
440
 16777216
370
     9
100
AcDbLine
 10
4812.298138479144
 20
806.0000000000004
 30
0.0
 11
4812.298138479144
 21
9.999999999999989
 31
0.0
  0
INSERT
  5
73B
330
735
100
AcDbEntity
  8
标注层
 62
     4
440
 16777216
370
     9
100
AcDbBlockReference
  2
_ClosedBlank
 10
4812.298138479144
 20
816.0000000000003
 30
0.0
 41
10.0
 42
10.0
 43
10.0
 50
90.0
  0
INSERT
  5
73C
330
735
100
AcDbEntity
  8
标注层
 62
     4
440
 16777216
370
     9
100
AcDbBlockReference
  2
_ClosedBlank
 10
4812.298138479144
 20
-0.0000000000000126
 30
0.0
 41
10.0
 42
10.0
 43
10.0
 50
270.0
  0
MTEXT
  5
73D
330
735
100
AcDbEntity
  8
标注层
 62
     7
440
 16777216
100
AcDbMText
 10
4789.248147593727
 20
407.9999999999986
 30
0.0
 40
40.0
 41
0.0
 46
0.0
 71
     5
 72
     1
  1
\A1;816
 11
0.0000000000000001
 21
1.0
 31
0.0
 73
     1
 44
1.0
  0
POINT
  5
73E
330
735
100
AcDbEntity
  8
Defpoints
 62
     0
440
 16777216
100
AcDbPoint
 10
4981.326315665819
 20
816.0000000000005
 30
0.0
  0
POINT
  5
73F
330
735
100
AcDbEntity
  8
Defpoints
 62
     0
440
 16777216
100
AcDbPoint
 10
4890.576315665819
 20
0.0
 30
0.0
  0
POINT
  5
740
330
735
100
AcDbEntity
  8
Defpoints
 62
     0
440
 16777216
100
AcDbPoint
 10
4812.298138479144
 20
-0.0000000000000126
 30
0.0
  0
ENDBLK
  5
737
330
735
100
AcDbEntity
  8
0
100
AcDbBlockEnd
  0
BLOCK
  5
742
330
741
100
AcDbEntity
  8
0
100
AcDbBlockBegin
  2
*D97
 70
     1
 10
0.0
 20
0.0
 30
0.0
  3
*D97
  1

  0
LINE
  5
744
330
741
100
AcDbEntity
  8
标注层
 62
     4
440
 16777216
370
     9
100
AcDbLine
 10
5214.776315665818
 20
1733.000000000001
 30
0.0
 11
5345.761356801379
 21
1733.000000000001
 31
0.0
  0
LINE
  5
745
330
741
100
AcDbEntity
  8
标注层
 62
     4
440
 16777216
370
     9
100
AcDbLine
 10
5214.776315665818
 20
7.000000000000003
 30
0.0
 11
5345.761356801379
 21
7.000000000000023
 31
0.0
  0
LINE
  5
746
330
741
100
AcDbEntity
  8
标注层
 62
     4
440
 16777216
370
     9
100
AcDbLine
 10
5343.261356801379
 20
1723.000000000001
 30
0.0
 11
5343.261356801379
 21
17.00000000000002
 31
0.0
  0
INSERT
  5
747
330
741
100
AcDbEntity
  8
标注层
 62
     4
440
 16777216
370
     9
100
AcDbBlockReference
  2
_ClosedBlank
 10
5343.261356801379
 20
1733.000000000001
 30
0.0
 41
10.0
 42
10.0
 43
10.0
 50
90.0
  0
INSERT
  5
748
330
741
100
AcDbEntity
  8
标注层
 62
     4
440
 16777216
370
     9
100
AcDbBlockReference
  2
_ClosedBlank
 10
5343.261356801379
 20
7.000000000000023
 30
0.0
 41
10.0
 42
10.0
 43
10.0
 50
270.0
  0
MTEXT
  5
749
330
741
100
AcDbEntity
  8
标注层
 62
     7
440
 16777216
100
AcDbMText
 10
5315.211365915962
 20
869.9999999999986
 30
0.0
 40
50.0
 41
0.0
 46
0.0
 71
     5
 72
     1
  1
\A1;1726
 11
0.0000000000000001
 21
1.0
 31
0.0
 73
     1
 44
1.0
  0
POINT
  5
74A
330
741
100
AcDbEntity
  8
Defpoints
 62
     0
440
 16777216
100
AcDbPoint
 10
5214.776315665818
 20
1733.000000000001
 30
0.0
  0
POINT
  5
74B
330
741
100
AcDbEntity
  8
Defpoints
 62
     0
440
 16777216
100
AcDbPoint
 10
5214.776315665818
 20
7.000000000000003
 30
0.0
  0
POINT
  5
74C
330
741
100
AcDbEntity
  8
Defpoints
 62
     0
440
 16777216
100
AcDbPoint
 10
5343.261356801379
 20
7.000000000000023
 30
0.0
  0
ENDBLK
  5
743
330
741
100
AcDbEntity
  8
0
100
AcDbBlockEnd
  0
BLOCK
  5
74E
330
74D
100
AcDbEntity
  8
0
100
AcDbBlockBegin
  2
*D98
 70
     1
 10
0.0
 20
0.0
 30
0.0
  3
*D98
  1

  0
LINE
  5
750
330
74D
100
AcDbEntity
  8
绘图层
 62
     4
440
 16777216
370
     9
100
AcDbLine
 10
4894.488651865569
 20
2135.672225480336
 30
0.0
 11
4894.488651865569
 21
2165.02298714469
 31
0.0
  0
LINE
  5
751
330
74D
100
AcDbEntity
  8
绘图层
 62
     4
440
 16777216
370
     9
100
AcDbLine
 10
4949.48865186557
 20
2135.672225480336
 30
0.0
 11
4949.48865186557
 21
2165.02298714469
 31
0.0
  0
LINE
  5
752
330
74D
100
AcDbEntity
  8
绘图层
 62
     4
440
 16777216
370
     9
100
AcDbLine
 10
4904.48865186557
 20
2162.52298714469
 30
0.0
 11
4939.48865186557
 21
2162.52298714469
 31
0.0
  0
INSERT
  5
753
330
74D
100
AcDbEntity
  8
绘图层
 62
     4
440
 16777216
370
     9
100
AcDbBlockReference
  2
_ClosedBlank
 10
4894.488651865569
 20
2162.52298714469
 30
0.0
 41
10.0
 42
10.0
 43
10.0
 50
180.0
  0
INSERT
  5
754
330
74D
100
AcDbEntity
  8
绘图层
 62
     4
440
 16777216
370
     9
100
AcDbBlockReference
  2
_ClosedBlank
 10
4949.48865186557
 20
2162.52298714469
 30
0.0
 41
10.0
 42
10.0
 43
10.0
  0
MTEXT
  5
755
330
74D
100
AcDbEntity
  8
绘图层
 62
     7
440
 16777216
100
AcDbMText
 10
4921.98865186557
 20
2175.572978030107
 30
0.0
 40
20.0
 41
0.0
 46
0.0
 71
     5
 72
     1
  1
\A1;55
 73
     1
 44
1.0
  0
POINT
  5
756
330
74D
100
AcDbEntity
  8
Defpoints
 62
     0
440
 16777216
100
AcDbPoint
 10
4894.488651865569
 20
2135.672225480336
 30
0.0
  0
POINT
  5
757
330
74D
100
AcDbEntity
  8
Defpoints
 62
     0
440
 16777216
100
AcDbPoint
 10
4949.48865186557
 20
2135.672225480336
 30
0.0
  0
POINT
  5
758
330
74D
100
AcDbEntity
  8
Defpoints
 62
     0
440
 16777216
100
AcDbPoint
 10
4949.48865186557
 20
2162.52298714469
 30
0.0
  0
ENDBLK
  5
74F
330
74D
100
AcDbEntity
  8
0
100
AcDbBlockEnd
  0
BLOCK
  5
75A
330
759
100
AcDbEntity
  8
0
100
AcDbBlockBegin
  2
*D99
 70
     1
 10
0.0
 20
0.0
 30
0.0
  3
*D99
  1

  0
LINE
  5
75C
330
759
100
AcDbEntity
  8
绘图层
 62
     4
440
 16777216
370
     9
100
AcDbLine
 10
4949.48865186557
 20
2008.672225480331
 30
0.0
 11
4949.48865186557
 21
1961.55680605255
 31
0.0
  0
LINE
  5
75D
330
759
100
AcDbEntity
  8
绘图层
 62
     4
440
 16777216
370
     9
100
AcDbLine
 10
4874.488651865569
 20
2008.672225480331
 30
0.0
 11
4874.488651865569
 21
1961.55680605255
 31
0.0
  0
LINE
  5
75E
330
759
100
AcDbEntity
  8
绘图层
 62
     4
440
 16777216
370
     9
100
AcDbLine
 10
4939.48865186557
 20
1964.056806052551
 30
0.0
 11
4884.48865186557
 21
1964.056806052551
 31
0.0
  0
INSERT
  5
75F
330
759
100
AcDbEntity
  8
绘图层
 62
     4
440
 16777216
370
     9
100
AcDbBlockReference
  2
_ClosedBlank
 10
4949.48865186557
 20
1964.056806052551
 30
0.0
 41
10.0
 42
10.0
 43
10.0
  0
INSERT
  5
760
330
759
100
AcDbEntity
  8
绘图层
 62
     4
440
 16777216
370
     9
100
AcDbBlockReference
  2
_ClosedBlank
 10
4874.488651865569
 20
1964.056806052551
 30
0.0
 41
10.0
 42
10.0
 43
10.0
 50
180.0
  0
MTEXT
  5
761
330
759
100
AcDbEntity
  8
绘图层
 62
     7
440
 16777216
100
AcDbMText
 10
4911.98865186557
 20
1977.106796937967
 30
0.0
 40
20.0
 41
0.0
 46
0.0
 71
     5
 72
     1
  1
\A1;75
 73
     1
 44
1.0
  0
POINT
  5
762
330
759
100
AcDbEntity
  8
Defpoints
 62
     0
440
 16777216
100
AcDbPoint
 10
4949.48865186557
 20
2008.672225480331
 30
0.0
  0
POINT
  5
763
330
759
100
AcDbEntity
  8
Defpoints
 62
     0
440
 16777216
100
AcDbPoint
 10
4874.488651865569
 20
2008.672225480331
 30
0.0
  0
POINT
  5
764
330
759
100
AcDbEntity
  8
Defpoints
 62
     0
440
 16777216
100
AcDbPoint
 10
4874.488651865569
 20
1964.056806052551
 30
0.0
  0
ENDBLK
  5
75B
330
759
100
AcDbEntity
  8
0
100
AcDbBlockEnd
  0
BLOCK
  5
766
330
765
100
AcDbEntity
  8
0
100
AcDbBlockBegin
  2
*D100
 70
     1
 10
0.0
 20
0.0
 30
0.0
  3
*D100
  1

  0
LINE
  5
768
330
765
100
AcDbEntity
  8
绘图层
 62
     4
440
 16777216
370
     9
100
AcDbLine
 10
4874.488651865571
 20
2008.672225480332
 30
0.0
 11
4843.419048319034
 21
2008.672225480332
 31
0.0
  0
LINE
  5
769
330
765
100
AcDbEntity
  8
绘图层
 62
     4
440
 16777216
370
     9
100
AcDbLine
 10
4874.488651865571
 20
2045.672225480333
 30
0.0
 11
4843.419048319034
 21
2045.672225480333
 31
0.0
  0
LINE
  5
76A
330
765
100
AcDbEntity
  8
绘图层
 62
     4
440
 16777216
370
     9
100
AcDbLine
 10
4845.919048319034
 20
2018.672225480332
 30
0.0
 11
4845.919048319034
 21
2035.672225480333
 31
0.0
  0
INSERT
  5
76B
330
765
100
AcDbEntity
  8
绘图层
 62
     4
440
 16777216
370
     9
100
AcDbBlockReference
  2
_ClosedBlank
 10
4845.919048319034
 20
2008.672225480332
 30
0.0
 41
10.0
 42
10.0
 43
10.0
 50
270.0
  0
INSERT
  5
76C
330
765
100
AcDbEntity
  8
绘图层
 62
     4
440
 16777216
370
     9
100
AcDbBlockReference
  2
_ClosedBlank
 10
4845.919048319034
 20
2045.672225480333
 30
0.0
 41
10.0
 42
10.0
 43
10.0
 50
90.0
  0
MTEXT
  5
76D
330
765
100
AcDbEntity
  8
绘图层
 62
     7
440
 16777216
100
AcDbMText
 10
4832.869057433617
 20
2027.172225480331
 30
0.0
 40
20.0
 41
0.0
 46
0.0
 71
     5
 72
     1
  1
\A1;37
 11
0.0000000000000001
 21
1.0
 31
0.0
 73
     1
 44
1.0
  0
POINT
  5
76E
330
765
100
AcDbEntity
  8
Defpoints
 62
     0
440
 16777216
100
AcDbPoint
 10
4874.488651865571
 20
2008.672225480332
 30
0.0
  0
POINT
  5
76F
330
765
100
AcDbEntity
  8
Defpoints
 62
     0
440
 16777216
100
AcDbPoint
 10
4874.488651865571
 20
2045.672225480333
 30
0.0
  0
POINT
  5
770
330
765
100
AcDbEntity
  8
Defpoints
 62
     0
440
 16777216
100
AcDbPoint
 10
4845.919048319034
 20
2045.672225480333
 30
0.0
  0
ENDBLK
  5
767
330
765
100
AcDbEntity
  8
0
100
AcDbBlockEnd
  0
BLOCK
  5
772
330
771
100
AcDbEntity
  8
0
100
AcDbBlockBegin
  2
*D101
 70
     1
 10
0.0
 20
0.0
 30
0.0
  3
*D101
  1

  0
LINE
  5
774
330
771
100
AcDbEntity
  8
绘图层
 62
     4
440
 16777216
370
     9
100
AcDbLine
 10
4874.488651865571
 20
2045.672225480333
 30
0.0
 11
4843.419048319034
 21
2045.672225480333
 31
0.0
  0
LINE
  5
775
330
771
100
AcDbEntity
  8
绘图层
 62
     4
440
 16777216
370
     9
100
AcDbLine
 10
4894.488651865572
 20
2135.672225480337
 30
0.0
 11
4843.419048319034
 21
2135.672225480337
 31
0.0
  0
LINE
  5
776
330
771
100
AcDbEntity
  8
绘图层
 62
     4
440
 16777216
370
     9
100
AcDbLine
 10
4845.919048319034
 20
2055.672225480333
 30
0.0
 11
4845.919048319034
 21
2125.672225480337
 31
0.0
  0
INSERT
  5
777
330
771
100
AcDbEntity
  8
绘图层
 62
     4
440
 16777216
370
     9
100
AcDbBlockReference
  2
_ClosedBlank
 10
4845.919048319036
 20
2045.672225480333
 30
0.0
 41
10.0
 42
10.0
 43
10.0
 50
270.0
  0
INSERT
  5
778
330
771
100
AcDbEntity
  8
绘图层
 62
     4
440
 16777216
370
     9
100
AcDbBlockReference
  2
_ClosedBlank
 10
4845.919048319034
 20
2135.672225480337
 30
0.0
 41
10.0
 42
10.0
 43
10.0
 50
90.0
  0
MTEXT
  5
779
330
771
100
AcDbEntity
  8
绘图层
 62
     7
440
 16777216
100
AcDbMText
 10
4832.869057433618
 20
2090.672225480333
 30
0.0
 40
20.0
 41
0.0
 46
0.0
 71
     5
 72
     1
  1
\A1;90
 11
0.0000000000000001
 21
1.0
 31
0.0
 73
     1
 44
1.0
  0
POINT
  5
77A
330
771
100
AcDbEntity
  8
Defpoints
 62
     0
440
 16777216
100
AcDbPoint
 10
4874.488651865571
 20
2045.672225480333
 30
0.0
  0
POINT
  5
77B
330
771
100
AcDbEntity
  8
Defpoints
 62
     0
440
 16777216
100
AcDbPoint
 10
4894.488651865572
 20
2135.672225480337
 30
0.0
  0
POINT
  5
77C
330
771
100
AcDbEntity
  8
Defpoints
 62
     0
440
 16777216
100
AcDbPoint
 10
4845.919048319034
 20
2135.672225480337
 30
0.0
  0
ENDBLK
  5
773
330
771
100
AcDbEntity
  8
0
100
AcDbBlockEnd
  0
BLOCK
  5
77E
330
77D
100
AcDbEntity
  8
0
100
AcDbBlockBegin
  2
*D102
 70
     1
 10
0.0
 20
0.0
 30
0.0
  3
*D102
  1

  0
LINE
  5
780
330
77D
100
AcDbEntity
  8
绘图层
 62
     4
440
 16777216
370
     9
100
AcDbLine
 10
4894.488651865572
 20
2135.672225480337
 30
0.0
 11
4797.35212439041
 21
2135.672225480337
 31
0.0
  0
LINE
  5
781
330
77D
100
AcDbEntity
  8
绘图层
 62
     4
440
 16777216
370
     9
100
AcDbLine
 10
4874.488651865571
 20
2008.672225480332
 30
0.0
 11
4797.352124390411
 21
2008.672225480332
 31
0.0
  0
LINE
  5
782
330
77D
100
AcDbEntity
  8
绘图层
 62
     4
440
 16777216
370
     9
100
AcDbLine
 10
4799.852124390411
 20
2125.672225480337
 30
0.0
 11
4799.852124390411
 21
2018.672225480332
 31
0.0
  0
INSERT
  5
783
330
77D
100
AcDbEntity
  8
绘图层
 62
     4
440
 16777216
370
     9
100
AcDbBlockReference
  2
_ClosedBlank
 10
4799.852124390411
 20
2135.672225480337
 30
0.0
 41
10.0
 42
10.0
 43
10.0
 50
90.0
  0
INSERT
  5
784
330
77D
100
AcDbEntity
  8
绘图层
 62
     4
440
 16777216
370
     9
100
AcDbBlockReference
  2
_ClosedBlank
 10
4799.852124390411
 20
2008.672225480332
 30
0.0
 41
10.0
 42
10.0
 43
10.0
 50
270.0
  0
MTEXT
  5
785
330
77D
100
AcDbEntity
  8
绘图层
 62
     7
440
 16777216
100
AcDbMText
 10
4786.802133504994
 20
2072.172225480332
 30
0.0
 40
20.0
 41
0.0
 46
0.0
 71
     5
 72
     1
  1
\A1;127
 11
0.0000000000000001
 21
1.0
 31
0.0
 73
     1
 44
1.0
  0
POINT
  5
786
330
77D
100
AcDbEntity
  8
Defpoints
 62
     0
440
 16777216
100
AcDbPoint
 10
4894.488651865572
 20
2135.672225480337
 30
0.0
  0
POINT
  5
787
330
77D
100
AcDbEntity
  8
Defpoints
 62
     0
440
 16777216
100
AcDbPoint
 10
4874.488651865571
 20
2008.672225480332
 30
0.0
  0
POINT
  5
788
330
77D
100
AcDbEntity
  8
Defpoints
 62
     0
440
 16777216
100
AcDbPoint
 10
4799.852124390411
 20
2008.672225480332
 30
0.0
  0
ENDBLK
  5
77F
330
77D
100
AcDbEntity
  8
0
100
AcDbBlockEnd
  0
BLOCK
  5
78A
330
789
100
AcDbEntity
  8
0
100
AcDbBlockBegin
  2
*D103
 70
     1
 10
0.0
 20
0.0
 30
0.0
  3
*D103
  1

  0
LINE
  5
78C
330
789
100
AcDbEntity
  8
绘图层
 62
     4
440
 16777216
370
     9
100
AcDbLine
 10
5098.881738002941
 20
2035.672225480332
 30
0.0
 11
5098.881738002941
 21
2139.911974094561
 31
0.0
  0
LINE
  5
78D
330
789
100
AcDbEntity
  8
绘图层
 62
     4
440
 16777216
370
     9
100
AcDbLine
 10
5423.081738002948
 20
2035.672225480332
 30
0.0
 11
5423.081738002948
 21
2139.911974094561
 31
0.0
  0
LINE
  5
78E
330
789
100
AcDbEntity
  8
绘图层
 62
     4
440
 16777216
370
     9
100
AcDbLine
 10
5108.881738002941
 20
2137.411974094561
 30
0.0
 11
5413.081738002947
 21
2137.411974094561
 31
0.0
  0
INSERT
  5
78F
330
789
100
AcDbEntity
  8
绘图层
 62
     4
440
 16777216
370
     9
100
AcDbBlockReference
  2
_ClosedBlank
 10
5098.881738002941
 20
2137.411974094561
 30
0.0
 41
10.0
 42
10.0
 43
10.0
 50
180.0
  0
INSERT
  5
790
330
789
100
AcDbEntity
  8
绘图层
 62
     4
440
 16777216
370
     9
100
AcDbBlockReference
  2
_ClosedBlank
 10
5423.081738002948
 20
2137.411974094561
 30
0.0
 41
10.0
 42
10.0
 43
10.0
  0
MTEXT
  5
791
330
789
100
AcDbEntity
  8
绘图层
 62
     7
440
 16777216
100
AcDbMText
 10
5260.981738002945
 20
2150.461964979978
 30
0.0
 40
20.0
 41
0.0
 46
0.0
 71
     5
 72
     1
  1
\A1;324.2
 73
     1
 44
1.0
  0
POINT
  5
792
330
789
100
AcDbEntity
  8
Defpoints
 62
     0
440
 16777216
100
AcDbPoint
 10
5098.881738002941
 20
2035.672225480332
 30
0.0
  0
POINT
  5
793
330
789
100
AcDbEntity
  8
Defpoints
 62
     0
440
 16777216
100
AcDbPoint
 10
5423.081738002948
 20
2035.672225480332
 30
0.0
  0
POINT
  5
794
330
789
100
AcDbEntity
  8
Defpoints
 62
     0
440
 16777216
100
AcDbPoint
 10
5423.081738002948
 20
2137.411974094561
 30
0.0
  0
ENDBLK
  5
78B
330
789
100
AcDbEntity
  8
0
100
AcDbBlockEnd
  0
BLOCK
  5
796
330
795
100
AcDbEntity
  8
0
100
AcDbBlockBegin
  2
*D104
 70
     1
 10
0.0
 20
0.0
 30
0.0
  3
*D104
  1

  0
LINE
  5
798
330
795
100
AcDbEntity
  8
绘图层
 62
     4
440
 16777216
370
     9
100
AcDbLine
 10
5254.781738002943
 20
2035.372225480329
 30
0.0
 11
5254.781738002943
 21
2090.292099787447
 31
0.0
  0
LINE
  5
799
330
795
100
AcDbEntity
  8
绘图层
 62
     4
440
 16777216
370
     9
100
AcDbLine
 10
5423.081738002948
 20
2035.672225480332
 30
0.0
 11
5423.081738002948
 21
2090.292099787447
 31
0.0
  0
LINE
  5
79A
330
795
100
AcDbEntity
  8
绘图层
 62
     4
440
 16777216
370
     9
100
AcDbLine
 10
5264.781738002943
 20
2087.792099787446
 30
0.0
 11
5413.081738002947
 21
2087.792099787446
 31
0.0
  0
INSERT
  5
79B
330
795
100
AcDbEntity
  8
绘图层
 62
     4
440
 16777216
370
     9
100
AcDbBlockReference
  2
_ClosedBlank
 10
5254.781738002943
 20
2087.792099787446
 30
0.0
 41
10.0
 42
10.0
 43
10.0
 50
180.0
  0
INSERT
  5
79C
330
795
100
AcDbEntity
  8
绘图层
 62
     4
440
 16777216
370
     9
100
AcDbBlockReference
  2
_ClosedBlank
 10
5423.081738002948
 20
2087.792099787446
 30
0.0
 41
10.0
 42
10.0
 43
10.0
  0
MTEXT
  5
79D
330
795
100
AcDbEntity
  8
绘图层
 62
     7
440
 16777216
100
AcDbMText
 10
5338.931738002945
 20
2100.842090672863
 30
0.0
 40
20.0
 41
0.0
 46
0.0
 71
     5
 72
     1
  1
\A1;168.3
 73
     1
 44
1.0
  0
POINT
  5
79E
330
795
100
AcDbEntity
  8
Defpoints
 62
     0
440
 16777216
100
AcDbPoint
 10
5254.781738002943
 20
2035.372225480329
 30
0.0
  0
POINT
  5
79F
330
795
100
AcDbEntity
  8
Defpoints
 62
     0
440
 16777216
100
AcDbPoint
 10
5423.081738002948
 20
2035.672225480332
 30
0.0
  0
POINT
  5
7A0
330
795
100
AcDbEntity
  8
Defpoints
 62
     0
440
 16777216
100
AcDbPoint
 10
5423.081738002948
 20
2087.792099787446
 30
0.0
  0
ENDBLK
  5
797
330
795
100
AcDbEntity
  8
0
100
AcDbBlockEnd
  0
BLOCK
  5
7A2
330
7A1
100
AcDbEntity
  8
0
100
AcDbBlockBegin
  2
*D105
 70
     1
 10
0.0
 20
0.0
 30
0.0
  3
*D105
  1

  0
LINE
  5
7A4
330
7A1
100
AcDbEntity
  8
绘图层
 62
     4
440
 16777216
370
     9
100
AcDbLine
 10
5254.781738002943
 20
2035.372225480329
 30
0.0
 11
5254.781738002943
 21
2090.292099787447
 31
0.0
  0
LINE
  5
7A5
330
7A1
100
AcDbEntity
  8
绘图层
 62
     4
440
 16777216
370
     9
100
AcDbLine
 10
5246.181738002942
 20
2035.372225480329
 30
0.0
 11
5246.181738002942
 21
2090.292099787447
 31
0.0
  0
LINE
  5
7A6
330
7A1
100
AcDbEntity
  8
绘图层
 62
     4
440
 16777216
370
     9
100
AcDbLine
 10
5264.781738002943
 20
2087.792099787446
 30
0.0
 11
5274.781738002943
 21
2087.792099787446
 31
0.0
  0
LINE
  5
7A7
330
7A1
100
AcDbEntity
  8
绘图层
 62
     4
440
 16777216
370
     9
100
AcDbLine
 10
5236.181738002943
 20
2087.792099787446
 30
0.0
 11
5179.858292544958
 21
2087.792099787446
 31
0.0
  0
LINE
  5
7A8
330
7A1
100
AcDbEntity
  8
绘图层
 62
     4
440
 16777216
370
     9
100
AcDbLine
 10
5254.781738002943
 20
2087.792099787446
 30
0.0
 11
5246.181738002942
 21
2087.792099787446
 31
0.0
  0
INSERT
  5
7A9
330
7A1
100
AcDbEntity
  8
绘图层
 62
     4
440
 16777216
370
     9
100
AcDbBlockReference
  2
_ClosedBlank
 10
5254.781738002943
 20
2087.792099787446
 30
0.0
 41
10.0
 42
10.0
 43
10.0
 50
180.0
  0
INSERT
  5
7AA
330
7A1
100
AcDbEntity
  8
绘图层
 62
     4
440
 16777216
370
     9
100
AcDbBlockReference
  2
_ClosedBlank
 10
5246.181738002942
 20
2087.792099787446
 30
0.0
 41
10.0
 42
10.0
 43
10.0
  0
MTEXT
  5
7AB
330
7A1
100
AcDbEntity
  8
绘图层
 62
     7
440
 16777216
100
AcDbMText
 10
5203.020015273951
 20
2100.842090672863
 30
0.0
 40
20.0
 41
0.0
 46
0.0
 71
     5
 72
     1
  1
\A1;8.6
 73
     1
 44
1.0
  0
POINT
  5
7AC
330
7A1
100
AcDbEntity
  8
Defpoints
 62
     0
440
 16777216
100
AcDbPoint
 10
5254.781738002943
 20
2035.372225480329
 30
0.0
  0
POINT
  5
7AD
330
7A1
100
AcDbEntity
  8
Defpoints
 62
     0
440
 16777216
100
AcDbPoint
 10
5246.181738002942
 20
2035.372225480329
 30
0.0
  0
POINT
  5
7AE
330
7A1
100
AcDbEntity
  8
Defpoints
 62
     0
440
 16777216
100
AcDbPoint
 10
5246.181738002942
 20
2087.792099787446
 30
0.0
  0
ENDBLK
  5
7A3
330
7A1
100
AcDbEntity
  8
0
100
AcDbBlockEnd
  0
BLOCK
  5
7B0
330
7AF
100
AcDbEntity
  8
0
100
AcDbBlockBegin
  2
*D106
 70
     1
 10
0.0
 20
0.0
 30
0.0
  3
*D106
  1

  0
LINE
  5
7B2
330
7AF
100
AcDbEntity
  8
绘图层
 62
     4
440
 16777216
370
     9
100
AcDbLine
 10
5408.581738002947
 20
2035.172225480332
 30
0.0
 11
5408.581738002947
 21
1976.777369839161
 31
0.0
  0
LINE
  5
7B3
330
7AF
100
AcDbEntity
  8
绘图层
 62
     4
440
 16777216
370
     9
100
AcDbLine
 10
5423.081738002948
 20
2034.872225480329
 30
0.0
 11
5423.081738002948
 21
1976.777369839161
 31
0.0
  0
LINE
  5
7B4
330
7AF
100
AcDbEntity
  8
绘图层
 62
     4
440
 16777216
370
     9
100
AcDbLine
 10
5398.581738002947
 20
1979.277369839161
 30
0.0
 11
5388.581738002947
 21
1979.277369839161
 31
0.0
  0
LINE
  5
7B5
330
7AF
100
AcDbEntity
  8
绘图层
 62
     4
440
 16777216
370
     9
100
AcDbLine
 10
5433.081738002948
 20
1979.277369839161
 30
0.0
 11
5501.360490723501
 21
1979.277369839161
 31
0.0
  0
LINE
  5
7B6
330
7AF
100
AcDbEntity
  8
绘图层
 62
     4
440
 16777216
370
     9
100
AcDbLine
 10
5408.581738002947
 20
1979.277369839161
 30
0.0
 11
5423.081738002948
 21
1979.277369839161
 31
0.0
  0
INSERT
  5
7B7
330
7AF
100
AcDbEntity
  8
绘图层
 62
     4
440
 16777216
370
     9
100
AcDbBlockReference
  2
_ClosedBlank
 10
5408.581738002947
 20
1979.277369839161
 30
0.0
 41
10.0
 42
10.0
 43
10.0
  0
INSERT
  5
7B8
330
7AF
100
AcDbEntity
  8
绘图层
 62
     4
440
 16777216
370
     9
100
AcDbBlockReference
  2
_ClosedBlank
 10
5423.081738002948
 20
1979.277369839161
 30
0.0
 41
10.0
 42
10.0
 43
10.0
 50
180.0
  0
MTEXT
  5
7B9
330
7AF
100
AcDbEntity
  8
绘图层
 62
     7
440
 16777216
100
AcDbMText
 10
5472.221114363225
 20
1992.327360724578
 30
0.0
 40
20.0
 41
0.0
 46
0.0
 71
     5
 72
     1
  1
\A1;14.5
 73
     1
 44
1.0
  0
POINT
  5
7BA
330
7AF
100
AcDbEntity
  8
Defpoints
 62
     0
440
 16777216
100
AcDbPoint
 10
5408.581738002947
 20
2035.172225480332
 30
0.0
  0
POINT
  5
7BB
330
7AF
100
AcDbEntity
  8
Defpoints
 62
     0
440
 16777216
100
AcDbPoint
 10
5423.081738002948
 20
2034.872225480329
 30
0.0
  0
POINT
  5
7BC
330
7AF
100
AcDbEntity
  8
Defpoints
 62
     0
440
 16777216
100
AcDbPoint
 10
5423.081738002948
 20
1979.277369839161
 30
0.0
  0
ENDBLK
  5
7B1
330
7AF
100
AcDbEntity
  8
0
100
AcDbBlockEnd
  0
BLOCK
  5
7BE
330
7BD
100
AcDbEntity
  8
0
100
AcDbBlockBegin
  2
*D107
 70
     1
 10
0.0
 20
0.0
 30
0.0
  3
*D107
  1

  0
LINE
  5
7C0
330
7BD
100
AcDbEntity
  8
绘图层
 62
     4
440
 16777216
370
     9
100
AcDbLine
 10
5408.581738002947
 20
2035.172225480332
 30
0.0
 11
5408.581738002947
 21
1976.777369839161
 31
0.0
  0
LINE
  5
7C1
330
7BD
100
AcDbEntity
  8
绘图层
 62
     4
440
 16777216
370
     9
100
AcDbLine
 10
5354.581738002948
 20
2035.172225480332
 30
0.0
 11
5354.581738002948
 21
1976.777369839161
 31
0.0
  0
LINE
  5
7C2
330
7BD
100
AcDbEntity
  8
绘图层
 62
     4
440
 16777216
370
     9
100
AcDbLine
 10
5398.581738002947
 20
1979.277369839161
 30
0.0
 11
5364.581738002947
 21
1979.277369839161
 31
0.0
  0
INSERT
  5
7C3
330
7BD
100
AcDbEntity
  8
绘图层
 62
     4
440
 16777216
370
     9
100
AcDbBlockReference
  2
_ClosedBlank
 10
5408.581738002947
 20
1979.277369839161
 30
0.0
 41
10.0
 42
10.0
 43
10.0
  0
INSERT
  5
7C4
330
7BD
100
AcDbEntity
  8
绘图层
 62
     4
440
 16777216
370
     9
100
AcDbBlockReference
  2
_ClosedBlank
 10
5354.581738002948
 20
1979.277369839161
 30
0.0
 41
10.0
 42
10.0
 43
10.0
 50
180.0
  0
MTEXT
  5
7C5
330
7BD
100
AcDbEntity
  8
绘图层
 62
     7
440
 16777216
100
AcDbMText
 10
5381.581738002948
 20
1992.327360724578
 30
0.0
 40
20.0
 41
0.0
 46
0.0
 71
     5
 72
     1
  1
\A1;54
 73
     1
 44
1.0
  0
POINT
  5
7C6
330
7BD
100
AcDbEntity
  8
Defpoints
 62
     0
440
 16777216
100
AcDbPoint
 10
5408.581738002947
 20
2035.172225480332
 30
0.0
  0
POINT
  5
7C7
330
7BD
100
AcDbEntity
  8
Defpoints
 62
     0
440
 16777216
100
AcDbPoint
 10
5354.581738002948
 20
2035.172225480332
 30
0.0
  0
POINT
  5
7C8
330
7BD
100
AcDbEntity
  8
Defpoints
 62
     0
440
 16777216
100
AcDbPoint
 10
5354.581738002948
 20
1979.277369839161
 30
0.0
  0
ENDBLK
  5
7BF
330
7BD
100
AcDbEntity
  8
0
100
AcDbBlockEnd
  0
BLOCK
  5
7CA
330
7C9
100
AcDbEntity
  8
0
100
AcDbBlockBegin
  2
*D108
 70
     1
 10
0.0
 20
0.0
 30
0.0
  3
*D108
  1

  0
LINE
  5
7CC
330
7C9
100
AcDbEntity
  8
绘图层
 62
     4
440
 16777216
370
     9
100
AcDbLine
 10
5354.581738002948
 20
2035.172225480332
 30
0.0
 11
5354.581738002948
 21
1976.777369839161
 31
0.0
  0
LINE
  5
7CD
330
7C9
100
AcDbEntity
  8
绘图层
 62
     4
440
 16777216
370
     9
100
AcDbLine
 10
5236.381738002942
 20
2035.172225480332
 30
0.0
 11
5236.381738002942
 21
1976.777369839161
 31
0.0
  0
LINE
  5
7CE
330
7C9
100
AcDbEntity
  8
绘图层
 62
     4
440
 16777216
370
     9
100
AcDbLine
 10
5344.581738002947
 20
1979.277369839161
 30
0.0
 11
5246.381738002941
 21
1979.277369839161
 31
0.0
  0
INSERT
  5
7CF
330
7C9
100
AcDbEntity
  8
绘图层
 62
     4
440
 16777216
370
     9
100
AcDbBlockReference
  2
_ClosedBlank
 10
5354.581738002948
 20
1979.277369839161
 30
0.0
 41
10.0
 42
10.0
 43
10.0
  0
INSERT
  5
7D0
330
7C9
100
AcDbEntity
  8
绘图层
 62
     4
440
 16777216
370
     9
100
AcDbBlockReference
  2
_ClosedBlank
 10
5236.381738002942
 20
1979.277369839161
 30
0.0
 41
10.0
 42
10.0
 43
10.0
 50
180.0
  0
MTEXT
  5
7D1
330
7C9
100
AcDbEntity
  8
绘图层
 62
     7
440
 16777216
100
AcDbMText
 10
5295.481738002944
 20
1992.327360724578
 30
0.0
 40
20.0
 41
0.0
 46
0.0
 71
     5
 72
     1
  1
\A1;118.2
 73
     1
 44
1.0
  0
POINT
  5
7D2
330
7C9
100
AcDbEntity
  8
Defpoints
 62
     0
440
 16777216
100
AcDbPoint
 10
5354.581738002948
 20
2035.172225480332
 30
0.0
  0
POINT
  5
7D3
330
7C9
100
AcDbEntity
  8
Defpoints
 62
     0
440
 16777216
100
AcDbPoint
 10
5236.381738002942
 20
2035.172225480332
 30
0.0
  0
POINT
  5
7D4
330
7C9
100
AcDbEntity
  8
Defpoints
 62
     0
440
 16777216
100
AcDbPoint
 10
5236.381738002942
 20
1979.277369839161
 30
0.0
  0
ENDBLK
  5
7CB
330
7C9
100
AcDbEntity
  8
0
100
AcDbBlockEnd
  0
BLOCK
  5
7D6
330
7D5
100
AcDbEntity
  8
0
100
AcDbBlockBegin
  2
*D109
 70
     1
 10
0.0
 20
0.0
 30
0.0
  3
*D109
  1

  0
LINE
  5
7D8
330
7D5
100
AcDbEntity
  8
绘图层
 62
     4
440
 16777216
370
     9
100
AcDbLine
 10
5236.381738002942
 20
2035.172225480332
 30
0.0
 11
5236.381738002942
 21
1976.777369839161
 31
0.0
  0
LINE
  5
7D9
330
7D5
100
AcDbEntity
  8
绘图层
 62
     4
440
 16777216
370
     9
100
AcDbLine
 10
5225.381738002941
 20
2035.172225480332
 30
0.0
 11
5225.381738002941
 21
1976.777369839161
 31
0.0
  0
LINE
  5
7DA
330
7D5
100
AcDbEntity
  8
绘图层
 62
     4
440
 16777216
370
     9
100
AcDbLine
 10
5246.381738002941
 20
1979.277369839161
 30
0.0
 11
5256.381738002941
 21
1979.277369839161
 31
0.0
  0
LINE
  5
7DB
330
7D5
100
AcDbEntity
  8
绘图层
 62
     4
440
 16777216
370
     9
100
AcDbLine
 10
5215.381738002942
 20
1979.277369839161
 30
0.0
 11
5205.381738002941
 21
1979.277369839161
 31
0.0
  0
LINE
  5
7DC
330
7D5
100
AcDbEntity
  8
绘图层
 62
     4
440
 16777216
370
     9
100
AcDbLine
 10
5236.381738002942
 20
1979.277369839161
 30
0.0
 11
5225.381738002941
 21
1979.277369839161
 31
0.0
  0
INSERT
  5
7DD
330
7D5
100
AcDbEntity
  8
绘图层
 62
     4
440
 16777216
370
     9
100
AcDbBlockReference
  2
_ClosedBlank
 10
5236.381738002942
 20
1979.277369839161
 30
0.0
 41
10.0
 42
10.0
 43
10.0
 50
180.0
  0
INSERT
  5
7DE
330
7D5
100
AcDbEntity
  8
绘图层
 62
     4
440
 16777216
370
     9
100
AcDbBlockReference
  2
_ClosedBlank
 10
5225.381738002941
 20
1979.277369839161
 30
0.0
 41
10.0
 42
10.0
 43
10.0
  0
MTEXT
  5
7DF
330
7D5
100
AcDbEntity
  8
绘图层
 62
     7
440
 16777216
100
AcDbMText
 10
5230.881738002942
 20
1992.327360724578
 30
0.0
 40
20.0
 41
0.0
 46
0.0
 71
     5
 72
     1
  1
\A1;11
 73
     1
 44
1.0
  0
POINT
  5
7E0
330
7D5
100
AcDbEntity
  8
Defpoints
 62
     0
440
 16777216
100
AcDbPoint
 10
5236.381738002942
 20
2035.172225480332
 30
0.0
  0
POINT
  5
7E1
330
7D5
100
AcDbEntity
  8
Defpoints
 62
     0
440
 16777216
100
AcDbPoint
 10
5225.381738002941
 20
2035.172225480332
 30
0.0
  0
POINT
  5
7E2
330
7D5
100
AcDbEntity
  8
Defpoints
 62
     0
440
 16777216
100
AcDbPoint
 10
5225.381738002941
 20
1979.277369839161
 30
0.0
  0
ENDBLK
  5
7D7
330
7D5
100
AcDbEntity
  8
0
100
AcDbBlockEnd
  0
BLOCK
  5
7E4
330
7E3
100
AcDbEntity
  8
0
100
AcDbBlockBegin
  2
*D110
 70
     1
 10
0.0
 20
0.0
 30
0.0
  3
*D110
  1

  0
LINE
  5
7E6
330
7E3
100
AcDbEntity
  8
绘图层
 62
     4
440
 16777216
370
     9
100
AcDbLine
 10
5225.381738002941
 20
2035.172225480332
 30
0.0
 11
5225.381738002941
 21
1976.777369839161
 31
0.0
  0
LINE
  5
7E7
330
7E3
100
AcDbEntity
  8
绘图层
 62
     4
440
 16777216
370
     9
100
AcDbLine
 10
5189.381738002942
 20
2035.172225480332
 30
0.0
 11
5189.381738002942
 21
1976.777369839161
 31
0.0
  0
LINE
  5
7E8
330
7E3
100
AcDbEntity
  8
绘图层
 62
     4
440
 16777216
370
     9
100
AcDbLine
 10
5215.381738002942
 20
1979.277369839161
 30
0.0
 11
5199.381738002941
 21
1979.277369839161
 31
0.0
  0
INSERT
  5
7E9
330
7E3
100
AcDbEntity
  8
绘图层
 62
     4
440
 16777216
370
     9
100
AcDbBlockReference
  2
_ClosedBlank
 10
5225.381738002941
 20
1979.277369839161
 30
0.0
 41
10.0
 42
10.0
 43
10.0
  0
INSERT
  5
7EA
330
7E3
100
AcDbEntity
  8
绘图层
 62
     4
440
 16777216
370
     9
100
AcDbBlockReference
  2
_ClosedBlank
 10
5189.381738002942
 20
1979.277369839161
 30
0.0
 41
10.0
 42
10.0
 43
10.0
 50
180.0
  0
MTEXT
  5
7EB
330
7E3
100
AcDbEntity
  8
绘图层
 62
     7
440
 16777216
100
AcDbMText
 10
5207.381738002942
 20
1992.327360724578
 30
0.0
 40
20.0
 41
0.0
 46
0.0
 71
     5
 72
     1
  1
\A1;36
 73
     1
 44
1.0
  0
POINT
  5
7EC
330
7E3
100
AcDbEntity
  8
Defpoints
 62
     0
440
 16777216
100
AcDbPoint
 10
5225.381738002941
 20
2035.172225480332
 30
0.0
  0
POINT
  5
7ED
330
7E3
100
AcDbEntity
  8
Defpoints
 62
     0
440
 16777216
100
AcDbPoint
 10
5189.381738002942
 20
2035.172225480332
 30
0.0
  0
POINT
  5
7EE
330
7E3
100
AcDbEntity
  8
Defpoints
 62
     0
440
 16777216
100
AcDbPoint
 10
5189.381738002942
 20
1979.277369839161
 30
0.0
  0
ENDBLK
  5
7E5
330
7E3
100
AcDbEntity
  8
0
100
AcDbBlockEnd
  0
BLOCK
  5
7F0
330
7EF
100
AcDbEntity
  8
0
100
AcDbBlockBegin
  2
*D111
 70
     1
 10
0.0
 20
0.0
 30
0.0
  3
*D111
  1

  0
LINE
  5
7F2
330
7EF
100
AcDbEntity
  8
绘图层
 62
     4
440
 16777216
370
     9
100
AcDbLine
 10
5189.381738002942
 20
2035.172225480332
 30
0.0
 11
5189.381738002942
 21
1976.777369839161
 31
0.0
  0
LINE
  5
7F3
330
7EF
100
AcDbEntity
  8
绘图层
 62
     4
440
 16777216
370
     9
100
AcDbLine
 10
5115.381738002941
 20
2035.172225480332
 30
0.0
 11
5115.381738002941
 21
1976.777369839161
 31
0.0
  0
LINE
  5
7F4
330
7EF
100
AcDbEntity
  8
绘图层
 62
     4
440
 16777216
370
     9
100
AcDbLine
 10
5179.381738002941
 20
1979.277369839161
 30
0.0
 11
5125.381738002942
 21
1979.277369839161
 31
0.0
  0
INSERT
  5
7F5
330
7EF
100
AcDbEntity
  8
绘图层
 62
     4
440
 16777216
370
     9
100
AcDbBlockReference
  2
_ClosedBlank
 10
5189.381738002942
 20
1979.277369839161
 30
0.0
 41
10.0
 42
10.0
 43
10.0
  0
INSERT
  5
7F6
330
7EF
100
AcDbEntity
  8
绘图层
 62
     4
440
 16777216
370
     9
100
AcDbBlockReference
  2
_ClosedBlank
 10
5115.381738002941
 20
1979.277369839161
 30
0.0
 41
10.0
 42
10.0
 43
10.0
 50
180.0
  0
MTEXT
  5
7F7
330
7EF
100
AcDbEntity
  8
绘图层
 62
     7
440
 16777216
100
AcDbMText
 10
5152.381738002941
 20
1992.327360724578
 30
0.0
 40
20.0
 41
0.0
 46
0.0
 71
     5
 72
     1
  1
\A1;74
 73
     1
 44
1.0
  0
POINT
  5
7F8
330
7EF
100
AcDbEntity
  8
Defpoints
 62
     0
440
 16777216
100
AcDbPoint
 10
5189.381738002942
 20
2035.172225480332
 30
0.0
  0
POINT
  5
7F9
330
7EF
100
AcDbEntity
  8
Defpoints
 62
     0
440
 16777216
100
AcDbPoint
 10
5115.381738002941
 20
2035.172225480332
 30
0.0
  0
POINT
  5
7FA
330
7EF
100
AcDbEntity
  8
Defpoints
 62
     0
440
 16777216
100
AcDbPoint
 10
5115.381738002941
 20
1979.277369839161
 30
0.0
  0
ENDBLK
  5
7F1
330
7EF
100
AcDbEntity
  8
0
100
AcDbBlockEnd
  0
BLOCK
  5
7FC
330
7FB
100
AcDbEntity
  8
0
100
AcDbBlockBegin
  2
*D112
 70
     1
 10
0.0
 20
0.0
 30
0.0
  3
*D112
  1

  0
LINE
  5
7FE
330
7FB
100
AcDbEntity
  8
标注层
 62
     4
440
 16777216
370
     9
100
AcDbLine
 10
5058.876315665816
 20
1733.0
 30
0.0
 11
5058.876315665816
 21
1856.974966142799
 31
0.0
  0
LINE
  5
7FF
330
7FB
100
AcDbEntity
  8
标注层
 62
     4
440
 16777216
370
     9
100
AcDbLine
 10
4890.576315665818
 20
1740.0
 30
0.0
 11
4890.576315665818
 21
1856.974966142799
 31
0.0
  0
LINE
  5
800
330
7FB
100
AcDbEntity
  8
标注层
 62
     4
440
 16777216
370
     9
100
AcDbLine
 10
5048.876315665817
 20
1854.474966142799
 30
0.0
 11
4900.576315665817
 21
1854.474966142799
 31
0.0
  0
INSERT
  5
801
330
7FB
100
AcDbEntity
  8
标注层
 62
     4
440
 16777216
370
     9
100
AcDbBlockReference
  2
_ClosedBlank
 10
5058.876315665816
 20
1854.474966142799
 30
0.0
 41
10.0
 42
10.0
 43
10.0
  0
INSERT
  5
802
330
7FB
100
AcDbEntity
  8
标注层
 62
     4
440
 16777216
370
     9
100
AcDbBlockReference
  2
_ClosedBlank
 10
4890.576315665818
 20
1854.474966142799
 30
0.0
 41
10.0
 42
10.0
 43
10.0
 50
180.0
  0
MTEXT
  5
803
330
7FB
100
AcDbEntity
  8
标注层
 62
     7
440
 16777216
100
AcDbMText
 10
4974.726315665817
 20
1867.524957028216
 30
0.0
 40
20.0
 41
0.0
 46
0.0
 71
     5
 72
     1
  1
\A1;168.3
 73
     1
 44
1.0
  0
POINT
  5
804
330
7FB
100
AcDbEntity
  8
Defpoints
 62
     0
440
 16777216
100
AcDbPoint
 10
5058.876315665816
 20
1733.0
 30
0.0
  0
POINT
  5
805
330
7FB
100
AcDbEntity
  8
Defpoints
 62
     0
440
 16777216
100
AcDbPoint
 10
4890.576315665818
 20
1740.0
 30
0.0
  0
POINT
  5
806
330
7FB
100
AcDbEntity
  8
Defpoints
 62
     0
440
 16777216
100
AcDbPoint
 10
4890.576315665818
 20
1854.474966142799
 30
0.0
  0
ENDBLK
  5
7FD
330
7FB
100
AcDbEntity
  8
0
100
AcDbBlockEnd
  0
BLOCK
  5
808
330
807
100
AcDbEntity
  8
0
100
AcDbBlockBegin
  2
*D113
 70
     1
 10
0.0
 20
0.0
 30
0.0
  3
*D113
  1

  0
LINE
  5
80A
330
807
100
AcDbEntity
  8
标注层
 62
     4
440
 16777216
370
     9
100
AcDbLine
 10
5058.876315665816
 20
1733.0
 30
0.0
 11
5058.876315665816
 21
1856.974966142799
 31
0.0
  0
LINE
  5
80B
330
807
100
AcDbEntity
  8
标注层
 62
     4
440
 16777216
370
     9
100
AcDbLine
 10
5067.476315665818
 20
1733.0
 30
0.0
 11
5067.476315665818
 21
1856.974966142799
 31
0.0
  0
LINE
  5
80C
330
807
100
AcDbEntity
  8
标注层
 62
     4
440
 16777216
370
     9
100
AcDbLine
 10
5048.876315665817
 20
1854.474966142799
 30
0.0
 11
5038.876315665817
 21
1854.474966142799
 31
0.0
  0
LINE
  5
80D
330
807
100
AcDbEntity
  8
标注层
 62
     4
440
 16777216
370
     9
100
AcDbLine
 10
5077.476315665817
 20
1854.474966142799
 30
0.0
 11
5133.799761123801
 21
1854.474966142799
 31
0.0
  0
LINE
  5
80E
330
807
100
AcDbEntity
  8
标注层
 62
     4
440
 16777216
370
     9
100
AcDbLine
 10
5058.876315665816
 20
1854.474966142799
 30
0.0
 11
5067.476315665818
 21
1854.474966142799
 31
0.0
  0
INSERT
  5
80F
330
807
100
AcDbEntity
  8
标注层
 62
     4
440
 16777216
370
     9
100
AcDbBlockReference
  2
_ClosedBlank
 10
5058.876315665816
 20
1854.474966142799
 30
0.0
 41
10.0
 42
10.0
 43
10.0
  0
INSERT
  5
810
330
807
100
AcDbEntity
  8
标注层
 62
     4
440
 16777216
370
     9
100
AcDbBlockReference
  2
_ClosedBlank
 10
5067.476315665818
 20
1854.474966142799
 30
0.0
 41
10.0
 42
10.0
 43
10.0
 50
180.0
  0
MTEXT
  5
811
330
807
100
AcDbEntity
  8
标注层
 62
     7
440
 16777216
100
AcDbMText
 10
5110.638038394809
 20
1867.524957028216
 30
0.0
 40
20.0
 41
0.0
 46
0.0
 71
     5
 72
     1
  1
\A1;8.6
 73
     1
 44
1.0
  0
POINT
  5
812
330
807
100
AcDbEntity
  8
Defpoints
 62
     0
440
 16777216
100
AcDbPoint
 10
5058.876315665816
 20
1733.0
 30
0.0
  0
POINT
  5
813
330
807
100
AcDbEntity
  8
Defpoints
 62
     0
440
 16777216
100
AcDbPoint
 10
5067.476315665818
 20
1733.0
 30
0.0
  0
POINT
  5
814
330
807
100
AcDbEntity
  8
Defpoints
 62
     0
440
 16777216
100
AcDbPoint
 10
5067.476315665818
 20
1854.474966142799
 30
0.0
  0
ENDBLK
  5
809
330
807
100
AcDbEntity
  8
0
100
AcDbBlockEnd
  0
BLOCK
  5
816
330
815
100
AcDbEntity
  8
0
100
AcDbBlockBegin
  2
*D114
 70
     1
 10
0.0
 20
0.0
 30
0.0
  3
*D114
  1

  0
LINE
  5
818
330
815
100
AcDbEntity
  8
标注层
 62
     4
440
 16777216
370
     9
100
AcDbLine
 10
4905.076315665818
 20
1740.0
 30
0.0
 11
4905.076315665818
 21
1802.196782550338
 31
0.0
  0
LINE
  5
819
330
815
100
AcDbEntity
  8
标注层
 62
     4
440
 16777216
370
     9
100
AcDbLine
 10
4890.576315665818
 20
1740.0
 30
0.0
 11
4890.576315665818
 21
1802.196782550338
 31
0.0
  0
LINE
  5
81A
330
815
100
AcDbEntity
  8
标注层
 62
     4
440
 16777216
370
     9
100
AcDbLine
 10
4915.076315665817
 20
1799.696782550338
 30
0.0
 11
4925.076315665818
 21
1799.696782550338
 31
0.0
  0
LINE
  5
81B
330
815
100
AcDbEntity
  8
标注层
 62
     4
440
 16777216
370
     9
100
AcDbLine
 10
4880.576315665818
 20
1799.696782550338
 30
0.0
 11
4812.297562945264
 21
1799.696782550338
 31
0.0
  0
LINE
  5
81C
330
815
100
AcDbEntity
  8
标注层
 62
     4
440
 16777216
370
     9
100
AcDbLine
 10
4905.076315665818
 20
1799.696782550338
 30
0.0
 11
4890.576315665818
 21
1799.696782550338
 31
0.0
  0
INSERT
  5
81D
330
815
100
AcDbEntity
  8
标注层
 62
     4
440
 16777216
370
     9
100
AcDbBlockReference
  2
_ClosedBlank
 10
4905.076315665818
 20
1799.696782550338
 30
0.0
 41
10.0
 42
10.0
 43
10.0
 50
180.0
  0
INSERT
  5
81E
330
815
100
AcDbEntity
  8
标注层
 62
     4
440
 16777216
370
     9
100
AcDbBlockReference
  2
_ClosedBlank
 10
4890.576315665818
 20
1799.696782550338
 30
0.0
 41
10.0
 42
10.0
 43
10.0
  0
MTEXT
  5
81F
330
815
100
AcDbEntity
  8
标注层
 62
     7
440
 16777216
100
AcDbMText
 10
4841.43693930554
 20
1812.746773435755
 30
0.0
 40
20.0
 41
0.0
 46
0.0
 71
     5
 72
     1
  1
\A1;14.5
 73
     1
 44
1.0
  0
POINT
  5
820
330
815
100
AcDbEntity
  8
Defpoints
 62
     0
440
 16777216
100
AcDbPoint
 10
4905.076315665818
 20
1740.0
 30
0.0
  0
POINT
  5
821
330
815
100
AcDbEntity
  8
Defpoints
 62
     0
440
 16777216
100
AcDbPoint
 10
4890.576315665818
 20
1740.0
 30
0.0
  0
POINT
  5
822
330
815
100
AcDbEntity
  8
Defpoints
 62
     0
440
 16777216
100
AcDbPoint
 10
4890.576315665818
 20
1799.696782550338
 30
0.0
  0
ENDBLK
  5
817
330
815
100
AcDbEntity
  8
0
100
AcDbBlockEnd
  0
BLOCK
  5
824
330
823
100
AcDbEntity
  8
0
100
AcDbBlockBegin
  2
*D115
 70
     1
 10
0.0
 20
0.0
 30
0.0
  3
*D115
  1

  0
LINE
  5
826
330
823
100
AcDbEntity
  8
标注层
 62
     4
440
 16777216
370
     9
100
AcDbLine
 10
4905.076315665818
 20
1740.0
 30
0.0
 11
4905.076315665818
 21
1802.196782550338
 31
0.0
  0
LINE
  5
827
330
823
100
AcDbEntity
  8
标注层
 62
     4
440
 16777216
370
     9
100
AcDbLine
 10
4959.076315665818
 20
1740.0
 30
0.0
 11
4959.076315665818
 21
1802.196782550338
 31
0.0
  0
LINE
  5
828
330
823
100
AcDbEntity
  8
标注层
 62
     4
440
 16777216
370
     9
100
AcDbLine
 10
4915.076315665817
 20
1799.696782550338
 30
0.0
 11
4949.076315665817
 21
1799.696782550338
 31
0.0
  0
INSERT
  5
829
330
823
100
AcDbEntity
  8
标注层
 62
     4
440
 16777216
370
     9
100
AcDbBlockReference
  2
_ClosedBlank
 10
4905.076315665818
 20
1799.696782550338
 30
0.0
 41
10.0
 42
10.0
 43
10.0
 50
180.0
  0
INSERT
  5
82A
330
823
100
AcDbEntity
  8
标注层
 62
     4
440
 16777216
370
     9
100
AcDbBlockReference
  2
_ClosedBlank
 10
4959.076315665818
 20
1799.696782550338
 30
0.0
 41
10.0
 42
10.0
 43
10.0
  0
MTEXT
  5
82B
330
823
100
AcDbEntity
  8
标注层
 62
     7
440
 16777216
100
AcDbMText
 10
4932.076315665818
 20
1812.746773435755
 30
0.0
 40
20.0
 41
0.0
 46
0.0
 71
     5
 72
     1
  1
\A1;54
 73
     1
 44
1.0
  0
POINT
  5
82C
330
823
100
AcDbEntity
  8
Defpoints
 62
     0
440
 16777216
100
AcDbPoint
 10
4905.076315665818
 20
1740.0
 30
0.0
  0
POINT
  5
82D
330
823
100
AcDbEntity
  8
Defpoints
 62
     0
440
 16777216
100
AcDbPoint
 10
4959.076315665818
 20
1740.0
 30
0.0
  0
POINT
  5
82E
330
823
100
AcDbEntity
  8
Defpoints
 62
     0
440
 16777216
100
AcDbPoint
 10
4959.076315665818
 20
1799.696782550338
 30
0.0
  0
ENDBLK
  5
825
330
823
100
AcDbEntity
  8
0
100
AcDbBlockEnd
  0
BLOCK
  5
830
330
82F
100
AcDbEntity
  8
0
100
AcDbBlockBegin
  2
*D116
 70
     1
 10
0.0
 20
0.0
 30
0.0
  3
*D116
  1

  0
LINE
  5
832
330
82F
100
AcDbEntity
  8
标注层
 62
     4
440
 16777216
370
     9
100
AcDbLine
 10
4959.076315665818
 20
1740.0
 30
0.0
 11
4959.076315665818
 21
1802.196782550338
 31
0.0
  0
LINE
  5
833
330
82F
100
AcDbEntity
  8
标注层
 62
     4
440
 16777216
370
     9
100
AcDbLine
 10
5077.276315665819
 20
1733.0
 30
0.0
 11
5077.276315665819
 21
1802.196782550338
 31
0.0
  0
LINE
  5
834
330
82F
100
AcDbEntity
  8
标注层
 62
     4
440
 16777216
370
     9
100
AcDbLine
 10
4969.076315665818
 20
1799.696782550338
 30
0.0
 11
5067.276315665818
 21
1799.696782550338
 31
0.0
  0
INSERT
  5
835
330
82F
100
AcDbEntity
  8
标注层
 62
     4
440
 16777216
370
     9
100
AcDbBlockReference
  2
_ClosedBlank
 10
4959.076315665818
 20
1799.696782550338
 30
0.0
 41
10.0
 42
10.0
 43
10.0
 50
180.0
  0
INSERT
  5
836
330
82F
100
AcDbEntity
  8
标注层
 62
     4
440
 16777216
370
     9
100
AcDbBlockReference
  2
_ClosedBlank
 10
5077.276315665819
 20
1799.696782550338
 30
0.0
 41
10.0
 42
10.0
 43
10.0
  0
MTEXT
  5
837
330
82F
100
AcDbEntity
  8
标注层
 62
     7
440
 16777216
100
AcDbMText
 10
5018.176315665818
 20
1812.746773435755
 30
0.0
 40
20.0
 41
0.0
 46
0.0
 71
     5
 72
     1
  1
\A1;118.2
 73
     1
 44
1.0
  0
POINT
  5
838
330
82F
100
AcDbEntity
  8
Defpoints
 62
     0
440
 16777216
100
AcDbPoint
 10
4959.076315665818
 20
1740.0
 30
0.0
  0
POINT
  5
839
330
82F
100
AcDbEntity
  8
Defpoints
 62
     0
440
 16777216
100
AcDbPoint
 10
5077.276315665819
 20
1733.0
 30
0.0
  0
POINT
  5
83A
330
82F
100
AcDbEntity
  8
Defpoints
 62
     0
440
 16777216
100
AcDbPoint
 10
5077.276315665819
 20
1799.696782550338
 30
0.0
  0
ENDBLK
  5
831
330
82F
100
AcDbEntity
  8
0
100
AcDbBlockEnd
  0
BLOCK
  5
83C
330
83B
100
AcDbEntity
  8
0
100
AcDbBlockBegin
  2
*D117
 70
     1
 10
0.0
 20
0.0
 30
0.0
  3
*D117
  1

  0
LINE
  5
83E
330
83B
100
AcDbEntity
  8
标注层
 62
     4
440
 16777216
370
     9
100
AcDbLine
 10
5077.276315665819
 20
1733.0
 30
0.0
 11
5077.276315665819
 21
1802.196782550338
 31
0.0
  0
LINE
  5
83F
330
83B
100
AcDbEntity
  8
标注层
 62
     4
440
 16777216
370
     9
100
AcDbLine
 10
5088.276315665819
 20
1733.0
 30
0.0
 11
5088.276315665819
 21
1802.196782550338
 31
0.0
  0
LINE
  5
840
330
83B
100
AcDbEntity
  8
标注层
 62
     4
440
 16777216
370
     9
100
AcDbLine
 10
5067.276315665818
 20
1799.696782550338
 30
0.0
 11
5057.276315665818
 21
1799.696782550338
 31
0.0
  0
LINE
  5
841
330
83B
100
AcDbEntity
  8
标注层
 62
     4
440
 16777216
370
     9
100
AcDbLine
 10
5098.276315665819
 20
1799.696782550338
 30
0.0
 11
5108.276315665818
 21
1799.696782550338
 31
0.0
  0
LINE
  5
842
330
83B
100
AcDbEntity
  8
标注层
 62
     4
440
 16777216
370
     9
100
AcDbLine
 10
5077.276315665819
 20
1799.696782550338
 30
0.0
 11
5088.276315665819
 21
1799.696782550338
 31
0.0
  0
INSERT
  5
843
330
83B
100
AcDbEntity
  8
标注层
 62
     4
440
 16777216
370
     9
100
AcDbBlockReference
  2
_ClosedBlank
 10
5077.276315665819
 20
1799.696782550338
 30
0.0
 41
10.0
 42
10.0
 43
10.0
  0
INSERT
  5
844
330
83B
100
AcDbEntity
  8
标注层
 62
     4
440
 16777216
370
     9
100
AcDbBlockReference
  2
_ClosedBlank
 10
5088.276315665819
 20
1799.696782550338
 30
0.0
 41
10.0
 42
10.0
 43
10.0
 50
180.0
  0
MTEXT
  5
845
330
83B
100
AcDbEntity
  8
标注层
 62
     7
440
 16777216
100
AcDbMText
 10
5082.776315665818
 20
1812.746773435755
 30
0.0
 40
20.0
 41
0.0
 46
0.0
 71
     5
 72
     1
  1
\A1;11
 73
     1
 44
1.0
  0
POINT
  5
846
330
83B
100
AcDbEntity
  8
Defpoints
 62
     0
440
 16777216
100
AcDbPoint
 10
5077.276315665819
 20
1733.0
 30
0.0
  0
POINT
  5
847
330
83B
100
AcDbEntity
  8
Defpoints
 62
     0
440
 16777216
100
AcDbPoint
 10
5088.276315665819
 20
1733.0
 30
0.0
  0
POINT
  5
848
330
83B
100
AcDbEntity
  8
Defpoints
 62
     0
440
 16777216
100
AcDbPoint
 10
5088.276315665819
 20
1799.696782550338
 30
0.0
  0
ENDBLK
  5
83D
330
83B
100
AcDbEntity
  8
0
100
AcDbBlockEnd
  0
BLOCK
  5
84A
330
849
100
AcDbEntity
  8
0
100
AcDbBlockBegin
  2
*D118
 70
     1
 10
0.0
 20
0.0
 30
0.0
  3
*D118
  1

  0
LINE
  5
84C
330
849
100
AcDbEntity
  8
标注层
 62
     4
440
 16777216
370
     9
100
AcDbLine
 10
5088.276315665819
 20
1733.0
 30
0.0
 11
5088.276315665819
 21
1802.196782550338
 31
0.0
  0
LINE
  5
84D
330
849
100
AcDbEntity
  8
标注层
 62
     4
440
 16777216
370
     9
100
AcDbLine
 10
5124.276315665818
 20
1733.0
 30
0.0
 11
5124.276315665818
 21
1802.196782550338
 31
0.0
  0
LINE
  5
84E
330
849
100
AcDbEntity
  8
标注层
 62
     4
440
 16777216
370
     9
100
AcDbLine
 10
5098.276315665819
 20
1799.696782550338
 30
0.0
 11
5114.276315665819
 21
1799.696782550338
 31
0.0
  0
INSERT
  5
84F
330
849
100
AcDbEntity
  8
标注层
 62
     4
440
 16777216
370
     9
100
AcDbBlockReference
  2
_ClosedBlank
 10
5088.276315665819
 20
1799.696782550338
 30
0.0
 41
10.0
 42
10.0
 43
10.0
 50
180.0
  0
INSERT
  5
850
330
849
100
AcDbEntity
  8
标注层
 62
     4
440
 16777216
370
     9
100
AcDbBlockReference
  2
_ClosedBlank
 10
5124.276315665818
 20
1799.696782550338
 30
0.0
 41
10.0
 42
10.0
 43
10.0
  0
MTEXT
  5
851
330
849
100
AcDbEntity
  8
标注层
 62
     7
440
 16777216
100
AcDbMText
 10
5106.276315665819
 20
1812.746773435755
 30
0.0
 40
20.0
 41
0.0
 46
0.0
 71
     5
 72
     1
  1
\A1;36
 73
     1
 44
1.0
  0
POINT
  5
852
330
849
100
AcDbEntity
  8
Defpoints
 62
     0
440
 16777216
100
AcDbPoint
 10
5088.276315665819
 20
1733.0
 30
0.0
  0
POINT
  5
853
330
849
100
AcDbEntity
  8
Defpoints
 62
     0
440
 16777216
100
AcDbPoint
 10
5124.276315665818
 20
1733.0
 30
0.0
  0
POINT
  5
854
330
849
100
AcDbEntity
  8
Defpoints
 62
     0
440
 16777216
100
AcDbPoint
 10
5124.276315665818
 20
1799.696782550338
 30
0.0
  0
ENDBLK
  5
84B
330
849
100
AcDbEntity
  8
0
100
AcDbBlockEnd
  0
BLOCK
  5
856
330
855
100
AcDbEntity
  8
0
100
AcDbBlockBegin
  2
*D119
 70
     1
 10
0.0
 20
0.0
 30
0.0
  3
*D119
  1

  0
LINE
  5
858
330
855
100
AcDbEntity
  8
标注层
 62
     4
440
 16777216
370
     9
100
AcDbLine
 10
5124.276315665818
 20
1733.0
 30
0.0
 11
5124.276315665818
 21
1802.196782550338
 31
0.0
  0
LINE
  5
859
330
855
100
AcDbEntity
  8
标注层
 62
     4
440
 16777216
370
     9
100
AcDbLine
 10
5198.276315665818
 20
1733.0
 30
0.0
 11
5198.276315665818
 21
1802.196782550338
 31
0.0
  0
LINE
  5
85A
330
855
100
AcDbEntity
  8
标注层
 62
     4
440
 16777216
370
     9
100
AcDbLine
 10
5134.276315665818
 20
1799.696782550338
 30
0.0
 11
5188.276315665818
 21
1799.696782550338
 31
0.0
  0
INSERT
  5
85B
330
855
100
AcDbEntity
  8
标注层
 62
     4
440
 16777216
370
     9
100
AcDbBlockReference
  2
_ClosedBlank
 10
5124.276315665818
 20
1799.696782550338
 30
0.0
 41
10.0
 42
10.0
 43
10.0
 50
180.0
  0
INSERT
  5
85C
330
855
100
AcDbEntity
  8
标注层
 62
     4
440
 16777216
370
     9
100
AcDbBlockReference
  2
_ClosedBlank
 10
5198.276315665818
 20
1799.696782550338
 30
0.0
 41
10.0
 42
10.0
 43
10.0
  0
MTEXT
  5
85D
330
855
100
AcDbEntity
  8
标注层
 62
     7
440
 16777216
100
AcDbMText
 10
5161.276315665818
 20
1812.746773435755
 30
0.0
 40
20.0
 41
0.0
 46
0.0
 71
     5
 72
     1
  1
\A1;74
 73
     1
 44
1.0
  0
POINT
  5
85E
330
855
100
AcDbEntity
  8
Defpoints
 62
     0
440
 16777216
100
AcDbPoint
 10
5124.276315665818
 20
1733.0
 30
0.0
  0
POINT
  5
85F
330
855
100
AcDbEntity
  8
Defpoints
 62
     0
440
 16777216
100
AcDbPoint
 10
5198.276315665818
 20
1733.0
 30
0.0
  0
POINT
  5
860
330
855
100
AcDbEntity
  8
Defpoints
 62
     0
440
 16777216
100
AcDbPoint
 10
5198.276315665818
 20
1799.696782550338
 30
0.0
  0
ENDBLK
  5
857
330
855
100
AcDbEntity
  8
0
100
AcDbBlockEnd
  0
BLOCK
  5
862
330
861
100
AcDbEntity
  8
0
100
AcDbBlockBegin
  2
*D120
 70
     1
 10
0.0
 20
0.0
 30
0.0
  3
*D120
  1

  0
LINE
  5
864
330
861
100
AcDbEntity
  8
标注层
 62
     4
440
 16777216
370
     9
100
AcDbLine
 10
5018.576315665818
 20
-6.0
 30
0.0
 11
5018.576315665818
 21
-75.06884176741005
 31
0.0
  0
LINE
  5
865
330
861
100
AcDbEntity
  8
标注层
 62
     4
440
 16777216
370
     9
100
AcDbLine
 10
4959.076315665818
 20
0.0
 30
0.0
 11
4959.076315665818
 21
-75.06884176741005
 31
0.0
  0
LINE
  5
866
330
861
100
AcDbEntity
  8
标注层
 62
     4
440
 16777216
370
     9
100
AcDbLine
 10
5028.576315665818
 20
-72.56884176741005
 30
0.0
 11
5038.576315665817
 21
-72.56884176741005
 31
0.0
  0
LINE
  5
867
330
861
100
AcDbEntity
  8
标注层
 62
     4
440
 16777216
370
     9
100
AcDbLine
 10
4949.076315665817
 20
-72.56884176741005
 30
0.0
 11
4879.233317135208
 21
-72.56884176741005
 31
0.0
  0
LINE
  5
868
330
861
100
AcDbEntity
  8
标注层
 62
     4
440
 16777216
370
     9
100
AcDbLine
 10
5018.576315665818
 20
-72.56884176741005
 30
0.0
 11
4959.076315665818
 21
-72.56884176741005
 31
0.0
  0
INSERT
  5
869
330
861
100
AcDbEntity
  8
标注层
 62
     4
440
 16777216
370
     9
100
AcDbBlockReference
  2
_ClosedBlank
 10
5018.576315665818
 20
-72.56884176741005
 30
0.0
 41
10.0
 42
10.0
 43
10.0
 50
180.0
  0
INSERT
  5
86A
330
861
100
AcDbEntity
  8
标注层
 62
     4
440
 16777216
370
     9
100
AcDbBlockReference
  2
_ClosedBlank
 10
4959.076315665818
 20
-72.56884176741005
 30
0.0
 41
10.0
 42
10.0
 43
10.0
  0
MTEXT
  5
86B
330
861
100
AcDbEntity
  8
标注层
 62
     7
440
 16777216
100
AcDbMText
 10
4909.154816400512
 20
-59.51885088199339
 30
0.0
 40
20.0
 41
0.0
 46
0.0
 71
     5
 72
     1
  1
\A1;59.5
 73
     1
 44
1.0
  0
POINT
  5
86C
330
861
100
AcDbEntity
  8
Defpoints
 62
     0
440
 16777216
100
AcDbPoint
 10
5018.576315665818
 20
-6.0
 30
0.0
  0
POINT
  5
86D
330
861
100
AcDbEntity
  8
Defpoints
 62
     0
440
 16777216
100
AcDbPoint
 10
4959.076315665818
 20
0.0
 30
0.0
  0
POINT
  5
86E
330
861
100
AcDbEntity
  8
Defpoints
 62
     0
440
 16777216
100
AcDbPoint
 10
4959.076315665818
 20
-72.56884176741005
 30
0.0
  0
ENDBLK
  5
863
330
861
100
AcDbEntity
  8
0
100
AcDbBlockEnd
  0
BLOCK
  5
870
330
86F
100
AcDbEntity
  8
0
100
AcDbBlockBegin
  2
*D121
 70
     1
 10
0.0
 20
0.0
 30
0.0
  3
*D121
  1

  0
LINE
  5
872
330
86F
100
AcDbEntity
  8
标注层
 62
     4
440
 16777216
370
     9
100
AcDbLine
 10
4959.076315665818
 20
0.0
 30
0.0
 11
4959.076315665818
 21
-123.5489226459904
 31
0.0
  0
LINE
  5
873
330
86F
100
AcDbEntity
  8
标注层
 62
     4
440
 16777216
370
     9
100
AcDbLine
 10
5048.076315665818
 20
0.0
 30
0.0
 11
5048.076315665818
 21
-123.5489226459904
 31
0.0
  0
LINE
  5
874
330
86F
100
AcDbEntity
  8
标注层
 62
     4
440
 16777216
370
     9
100
AcDbLine
 10
4969.076315665818
 20
-121.0489226459904
 30
0.0
 11
5038.076315665819
 21
-121.0489226459904
 31
0.0
  0
INSERT
  5
875
330
86F
100
AcDbEntity
  8
标注层
 62
     4
440
 16777216
370
     9
100
AcDbBlockReference
  2
_ClosedBlank
 10
4959.076315665818
 20
-121.0489226459904
 30
0.0
 41
10.0
 42
10.0
 43
10.0
 50
180.0
  0
INSERT
  5
876
330
86F
100
AcDbEntity
  8
标注层
 62
     4
440
 16777216
370
     9
100
AcDbBlockReference
  2
_ClosedBlank
 10
5048.076315665818
 20
-121.0489226459904
 30
0.0
 41
10.0
 42
10.0
 43
10.0
  0
MTEXT
  5
877
330
86F
100
AcDbEntity
  8
标注层
 62
     7
440
 16777216
100
AcDbMText
 10
5003.576315665817
 20
-107.9989317605737
 30
0.0
 40
20.0
 41
0.0
 46
0.0
 71
     5
 72
     1
  1
\A1;89
 73
     1
 44
1.0
  0
POINT
  5
878
330
86F
100
AcDbEntity
  8
Defpoints
 62
     0
440
 16777216
100
AcDbPoint
 10
4959.076315665818
 20
0.0
 30
0.0
  0
POINT
  5
879
330
86F
100
AcDbEntity
  8
Defpoints
 62
     0
440
 16777216
100
AcDbPoint
 10
5048.076315665818
 20
0.0
 30
0.0
  0
POINT
  5
87A
330
86F
100
AcDbEntity
  8
Defpoints
 62
     0
440
 16777216
100
AcDbPoint
 10
5048.076315665818
 20
-121.0489226459904
 30
0.0
  0
ENDBLK
  5
871
330
86F
100
AcDbEntity
  8
0
100
AcDbBlockEnd
  0
BLOCK
  5
87C
330
87B
100
AcDbEntity
  8
0
100
AcDbBlockBegin
  2
*D122
 70
     1
 10
0.0
 20
0.0
 30
0.0
  3
*D122
  1

  0
LINE
  5
87E
330
87B
100
AcDbEntity
  8
标注层
 62
     4
440
 16777216
370
     9
100
AcDbLine
 10
6331.776510979902
 20
1740.000000000001
 30
0.0
 11
6488.33286535325
 21
1740.000000000001
 31
0.0
  0
LINE
  5
87F
330
87B
100
AcDbEntity
  8
标注层
 62
     4
440
 16777216
370
     9
100
AcDbLine
 10
6331.776510979902
 20
0.0
 30
0.0
 11
6488.33286535325
 21
0.0000000000000252
 31
0.0
  0
LINE
  5
880
330
87B
100
AcDbEntity
  8
标注层
 62
     4
440
 16777216
370
     9
100
AcDbLine
 10
6485.832865353249
 20
1730.000000000001
 30
0.0
 11
6485.832865353249
 21
10.00000000000002
 31
0.0
  0
INSERT
  5
881
330
87B
100
AcDbEntity
  8
标注层
 62
     4
440
 16777216
370
     9
100
AcDbBlockReference
  2
_ClosedBlank
 10
6485.832865353249
 20
1740.000000000001
 30
0.0
 41
10.0
 42
10.0
 43
10.0
 50
90.0
  0
INSERT
  5
882
330
87B
100
AcDbEntity
  8
标注层
 62
     4
440
 16777216
370
     9
100
AcDbBlockReference
  2
_ClosedBlank
 10
6485.832865353249
 20
0.0000000000000248
 30
0.0
 41
10.0
 42
10.0
 43
10.0
 50
270.0
  0
MTEXT
  5
883
330
87B
100
AcDbEntity
  8
标注层
 62
     7
440
 16777216
100
AcDbMText
 10
6457.782874467831
 20
869.9999999999985
 30
0.0
 40
50.0
 41
0.0
 46
0.0
 71
     5
 72
     1
  1
\A1;1740
 11
0.0000000000000001
 21
1.0
 31
0.0
 73
     1
 44
1.0
  0
POINT
  5
884
330
87B
100
AcDbEntity
  8
Defpoints
 62
     0
440
 16777216
100
AcDbPoint
 10
6331.776510979902
 20
1740.000000000001
 30
0.0
  0
POINT
  5
885
330
87B
100
AcDbEntity
  8
Defpoints
 62
     0
440
 16777216
100
AcDbPoint
 10
6331.776510979902
 20
0.0
 30
0.0
  0
POINT
  5
886
330
87B
100
AcDbEntity
  8
Defpoints
 62
     0
440
 16777216
100
AcDbPoint
 10
6485.832865353249
 20
0.0000000000000248
 30
0.0
  0
ENDBLK
  5
87D
330
87B
100
AcDbEntity
  8
0
100
AcDbBlockEnd
  0
BLOCK
  5
888
330
887
100
AcDbEntity
  8
0
100
AcDbBlockBegin
  2
*D123
 70
     1
 10
0.0
 20
0.0
 30
0.0
  3
*D123
  1

  0
LINE
  5
88A
330
887
100
AcDbEntity
  8
标注层
 62
     4
440
 16777216
370
     9
100
AcDbLine
 10
6331.776510979898
 20
1740.0
 30
0.0
 11
6331.776510979898
 21
1895.522691923892
 31
0.0
  0
LINE
  5
88B
330
887
100
AcDbEntity
  8
标注层
 62
     4
440
 16777216
370
     9
100
AcDbLine
 10
6007.576510979898
 20
1733.0
 30
0.0
 11
6007.576510979898
 21
1895.522691923892
 31
0.0
  0
LINE
  5
88C
330
887
100
AcDbEntity
  8
标注层
 62
     4
440
 16777216
370
     9
100
AcDbLine
 10
6321.776510979898
 20
1893.022691923892
 30
0.0
 11
6017.576510979899
 21
1893.022691923892
 31
0.0
  0
INSERT
  5
88D
330
887
100
AcDbEntity
  8
标注层
 62
     4
440
 16777216
370
     9
100
AcDbBlockReference
  2
_ClosedBlank
 10
6331.776510979898
 20
1893.022691923892
 30
0.0
 41
10.0
 42
10.0
 43
10.0
  0
INSERT
  5
88E
330
887
100
AcDbEntity
  8
标注层
 62
     4
440
 16777216
370
     9
100
AcDbBlockReference
  2
_ClosedBlank
 10
6007.576510979898
 20
1893.022691923892
 30
0.0
 41
10.0
 42
10.0
 43
10.0
 50
180.0
  0
MTEXT
  5
88F
330
887
100
AcDbEntity
  8
标注层
 62
     7
440
 16777216
100
AcDbMText
 10
6169.676510979898
 20
1906.072682809309
 30
0.0
 40
20.0
 41
0.0
 46
0.0
 71
     5
 72
     1
  1
\A1;324.2
 73
     1
 44
1.0
  0
POINT
  5
890
330
887
100
AcDbEntity
  8
Defpoints
 62
     0
440
 16777216
100
AcDbPoint
 10
6331.776510979898
 20
1740.0
 30
0.0
  0
POINT
  5
891
330
887
100
AcDbEntity
  8
Defpoints
 62
     0
440
 16777216
100
AcDbPoint
 10
6007.576510979898
 20
1733.0
 30
0.0
  0
POINT
  5
892
330
887
100
AcDbEntity
  8
Defpoints
 62
     0
440
 16777216
100
AcDbPoint
 10
6007.576510979898
 20
1893.022691923892
 30
0.0
  0
ENDBLK
  5
889
330
887
100
AcDbEntity
  8
0
100
AcDbBlockEnd
  0
BLOCK
  5
894
330
893
100
AcDbEntity
  8
0
100
AcDbBlockBegin
  2
*D124
 70
     1
 10
0.0
 20
0.0
 30
0.0
  3
*D124
  1

  0
LINE
  5
896
330
893
100
AcDbEntity
  8
标注层
 62
     4
440
 16777216
370
     9
100
AcDbLine
 10
6223.276510979898
 20
852.25
 30
0.0
 11
6223.276510979898
 21
899.7965808192747
 31
0.0
  0
LINE
  5
897
330
893
100
AcDbEntity
  8
标注层
 62
     4
440
 16777216
370
     9
100
AcDbLine
 10
6263.276510979899
 20
852.25
 30
0.0
 11
6263.276510979899
 21
899.7965808192747
 31
0.0
  0
LINE
  5
898
330
893
100
AcDbEntity
  8
标注层
 62
     4
440
 16777216
370
     9
100
AcDbLine
 10
6233.276510979898
 20
897.2965808192746
 30
0.0
 11
6253.276510979898
 21
897.2965808192746
 31
0.0
  0
INSERT
  5
899
330
893
100
AcDbEntity
  8
标注层
 62
     4
440
 16777216
370
     9
100
AcDbBlockReference
  2
_ClosedBlank
 10
6223.276510979898
 20
897.2965808192746
 30
0.0
 41
10.0
 42
10.0
 43
10.0
 50
180.0
  0
INSERT
  5
89A
330
893
100
AcDbEntity
  8
标注层
 62
     4
440
 16777216
370
     9
100
AcDbBlockReference
  2
_ClosedBlank
 10
6263.276510979899
 20
897.2965808192746
 30
0.0
 41
10.0
 42
10.0
 43
10.0
  0
MTEXT
  5
89B
330
893
100
AcDbEntity
  8
标注层
 62
     7
440
 16777216
100
AcDbMText
 10
6243.276510979899
 20
910.3465717046914
 30
0.0
 40
20.0
 41
0.0
 46
0.0
 71
     5
 72
     1
  1
\A1;40
 73
     1
 44
1.0
  0
POINT
  5
89C
330
893
100
AcDbEntity
  8
Defpoints
 62
     0
440
 16777216
100
AcDbPoint
 10
6223.276510979898
 20
852.25
 30
0.0
  0
POINT
  5
89D
330
893
100
AcDbEntity
  8
Defpoints
 62
     0
440
 16777216
100
AcDbPoint
 10
6263.276510979899
 20
852.25
 30
0.0
  0
POINT
  5
89E
330
893
100
AcDbEntity
  8
Defpoints
 62
     0
440
 16777216
100
AcDbPoint
 10
6263.276510979899
 20
897.2965808192746
 30
0.0
  0
ENDBLK
  5
895
330
893
100
AcDbEntity
  8
0
100
AcDbBlockEnd
  0
BLOCK
  5
8A0
330
89F
100
AcDbEntity
  8
0
100
AcDbBlockBegin
  2
*D125
 70
     1
 10
0.0
 20
0.0
 30
0.0
  3
*D125
  1

  0
LINE
  5
8A2
330
89F
100
AcDbEntity
  8
标注层
 62
     4
440
 16777216
370
     9
100
AcDbLine
 10
6241.026510979899
 20
816.0000000000005
 30
0.0
 11
6412.554688166576
 21
816.0000000000005
 31
0.0
  0
LINE
  5
8A3
330
89F
100
AcDbEntity
  8
标注层
 62
     4
440
 16777216
370
     9
100
AcDbLine
 10
6331.776510979902
 20
0.0
 30
0.0
 11
6412.554688166576
 21
0.000000000000013
 31
0.0
  0
LINE
  5
8A4
330
89F
100
AcDbEntity
  8
标注层
 62
     4
440
 16777216
370
     9
100
AcDbLine
 10
6410.054688166574
 20
806.0000000000005
 30
0.0
 11
6410.054688166574
 21
10.00000000000001
 31
0.0
  0
INSERT
  5
8A5
330
89F
100
AcDbEntity
  8
标注层
 62
     4
440
 16777216
370
     9
100
AcDbBlockReference
  2
_ClosedBlank
 10
6410.054688166574
 20
816.0000000000005
 30
0.0
 41
10.0
 42
10.0
 43
10.0
 50
90.0
  0
INSERT
  5
8A6
330
89F
100
AcDbEntity
  8
标注层
 62
     4
440
 16777216
370
     9
100
AcDbBlockReference
  2
_ClosedBlank
 10
6410.054688166574
 20
0.0000000000000126
 30
0.0
 41
10.0
 42
10.0
 43
10.0
 50
270.0
  0
MTEXT
  5
8A7
330
89F
100
AcDbEntity
  8
标注层
 62
     7
440
 16777216
100
AcDbMText
 10
6387.004697281157
 20
407.9999999999983
 30
0.0
 40
40.0
 41
0.0
 46
0.0
 71
     5
 72
     1
  1
\A1;816
 11
0.0000000000000001
 21
1.0
 31
0.0
 73
     1
 44
1.0
  0
POINT
  5
8A8
330
89F
100
AcDbEntity
  8
Defpoints
 62
     0
440
 16777216
100
AcDbPoint
 10
6241.026510979899
 20
816.0000000000005
 30
0.0
  0
POINT
  5
8A9
330
89F
100
AcDbEntity
  8
Defpoints
 62
     0
440
 16777216
100
AcDbPoint
 10
6331.776510979902
 20
0.0
 30
0.0
  0
POINT
  5
8AA
330
89F
100
AcDbEntity
  8
Defpoints
 62
     0
440
 16777216
100
AcDbPoint
 10
6410.054688166574
 20
0.0000000000000126
 30
0.0
  0
ENDBLK
  5
8A1
330
89F
100
AcDbEntity
  8
0
100
AcDbBlockEnd
  0
BLOCK
  5
8AC
330
8AB
100
AcDbEntity
  8
0
100
AcDbBlockBegin
  2
*D126
 70
     1
 10
0.0
 20
0.0
 30
0.0
  3
*D126
  1

  0
LINE
  5
8AE
330
8AB
100
AcDbEntity
  8
标注层
 62
     4
440
 16777216
370
     9
100
AcDbLine
 10
6007.576510979901
 20
1733.000000000001
 30
0.0
 11
5876.591469844339
 21
1733.000000000001
 31
0.0
  0
LINE
  5
8AF
330
8AB
100
AcDbEntity
  8
标注层
 62
     4
440
 16777216
370
     9
100
AcDbLine
 10
6007.576510979901
 20
7.000000000000003
 30
0.0
 11
5876.591469844339
 21
6.999999999999982
 31
0.0
  0
LINE
  5
8B0
330
8AB
100
AcDbEntity
  8
标注层
 62
     4
440
 16777216
370
     9
100
AcDbLine
 10
5879.09146984434
 20
1723.000000000001
 30
0.0
 11
5879.09146984434
 21
16.99999999999998
 31
0.0
  0
INSERT
  5
8B1
330
8AB
100
AcDbEntity
  8
标注层
 62
     4
440
 16777216
370
     9
100
AcDbBlockReference
  2
_ClosedBlank
 10
5879.09146984434
 20
1733.000000000001
 30
0.0
 41
10.0
 42
10.0
 43
10.0
 50
90.0
  0
INSERT
  5
8B2
330
8AB
100
AcDbEntity
  8
标注层
 62
     4
440
 16777216
370
     9
100
AcDbBlockReference
  2
_ClosedBlank
 10
5879.09146984434
 20
6.999999999999983
 30
0.0
 41
10.0
 42
10.0
 43
10.0
 50
270.0
  0
MTEXT
  5
8B3
330
8AB
100
AcDbEntity
  8
标注层
 62
     7
440
 16777216
100
AcDbMText
 10
5851.041478958922
 20
869.9999999999985
 30
0.0
 40
50.0
 41
0.0
 46
0.0
 71
     5
 72
     1
  1
\A1;1726
 11
0.0000000000000001
 21
1.0
 31
0.0
 73
     1
 44
1.0
  0
POINT
  5
8B4
330
8AB
100
AcDbEntity
  8
Defpoints
 62
     0
440
 16777216
100
AcDbPoint
 10
6007.576510979901
 20
1733.000000000001
 30
0.0
  0
POINT
  5
8B5
330
8AB
100
AcDbEntity
  8
Defpoints
 62
     0
440
 16777216
100
AcDbPoint
 10
6007.576510979901
 20
7.000000000000003
 30
0.0
  0
POINT
  5
8B6
330
8AB
100
AcDbEntity
  8
Defpoints
 62
     0
440
 16777216
100
AcDbPoint
 10
5879.09146984434
 20
6.999999999999983
 30
0.0
  0
ENDBLK
  5
8AD
330
8AB
100
AcDbEntity
  8
0
100
AcDbBlockEnd
  0
BLOCK
  5
8B8
330
8B7
100
AcDbEntity
  8
0
100
AcDbBlockBegin
  2
*D127
 70
     1
 10
0.0
 20
0.0
 30
0.0
  3
*D127
  1

  0
LINE
  5
8BA
330
8B7
100
AcDbEntity
  8
标注层
 62
     4
440
 16777216
370
     9
100
AcDbLine
 10
6163.476510979898
 20
1733.0
 30
0.0
 11
6163.476510979898
 21
1856.974966142799
 31
0.0
  0
LINE
  5
8BB
330
8B7
100
AcDbEntity
  8
标注层
 62
     4
440
 16777216
370
     9
100
AcDbLine
 10
6331.776510979898
 20
1740.0
 30
0.0
 11
6331.776510979898
 21
1856.974966142799
 31
0.0
  0
LINE
  5
8BC
330
8B7
100
AcDbEntity
  8
标注层
 62
     4
440
 16777216
370
     9
100
AcDbLine
 10
6173.476510979899
 20
1854.474966142799
 30
0.0
 11
6321.776510979898
 21
1854.474966142799
 31
0.0
  0
INSERT
  5
8BD
330
8B7
100
AcDbEntity
  8
标注层
 62
     4
440
 16777216
370
     9
100
AcDbBlockReference
  2
_ClosedBlank
 10
6163.476510979898
 20
1854.474966142799
 30
0.0
 41
10.0
 42
10.0
 43
10.0
 50
180.0
  0
INSERT
  5
8BE
330
8B7
100
AcDbEntity
  8
标注层
 62
     4
440
 16777216
370
     9
100
AcDbBlockReference
  2
_ClosedBlank
 10
6331.776510979898
 20
1854.474966142799
 30
0.0
 41
10.0
 42
10.0
 43
10.0
  0
MTEXT
  5
8BF
330
8B7
100
AcDbEntity
  8
标注层
 62
     7
440
 16777216
100
AcDbMText
 10
6247.626510979898
 20
1867.524957028216
 30
0.0
 40
20.0
 41
0.0
 46
0.0
 71
     5
 72
     1
  1
\A1;168.3
 73
     1
 44
1.0
  0
POINT
  5
8C0
330
8B7
100
AcDbEntity
  8
Defpoints
 62
     0
440
 16777216
100
AcDbPoint
 10
6163.476510979898
 20
1733.0
 30
0.0
  0
POINT
  5
8C1
330
8B7
100
AcDbEntity
  8
Defpoints
 62
     0
440
 16777216
100
AcDbPoint
 10
6331.776510979898
 20
1740.0
 30
0.0
  0
POINT
  5
8C2
330
8B7
100
AcDbEntity
  8
Defpoints
 62
     0
440
 16777216
100
AcDbPoint
 10
6331.776510979898
 20
1854.474966142799
 30
0.0
  0
ENDBLK
  5
8B9
330
8B7
100
AcDbEntity
  8
0
100
AcDbBlockEnd
  0
BLOCK
  5
8C4
330
8C3
100
AcDbEntity
  8
0
100
AcDbBlockBegin
  2
*D128
 70
     1
 10
0.0
 20
0.0
 30
0.0
  3
*D128
  1

  0
LINE
  5
8C6
330
8C3
100
AcDbEntity
  8
标注层
 62
     4
440
 16777216
370
     9
100
AcDbLine
 10
6163.476510979898
 20
1733.0
 30
0.0
 11
6163.476510979898
 21
1856.974966142799
 31
0.0
  0
LINE
  5
8C7
330
8C3
100
AcDbEntity
  8
标注层
 62
     4
440
 16777216
370
     9
100
AcDbLine
 10
6154.876510979898
 20
1733.0
 30
0.0
 11
6154.876510979898
 21
1856.974966142799
 31
0.0
  0
LINE
  5
8C8
330
8C3
100
AcDbEntity
  8
标注层
 62
     4
440
 16777216
370
     9
100
AcDbLine
 10
6173.476510979899
 20
1854.474966142799
 30
0.0
 11
6183.476510979899
 21
1854.474966142799
 31
0.0
  0
LINE
  5
8C9
330
8C3
100
AcDbEntity
  8
标注层
 62
     4
440
 16777216
370
     9
100
AcDbLine
 10
6144.876510979898
 20
1854.474966142799
 30
0.0
 11
6088.553065521914
 21
1854.474966142799
 31
0.0
  0
LINE
  5
8CA
330
8C3
100
AcDbEntity
  8
标注层
 62
     4
440
 16777216
370
     9
100
AcDbLine
 10
6163.476510979898
 20
1854.474966142799
 30
0.0
 11
6154.876510979898
 21
1854.474966142799
 31
0.0
  0
INSERT
  5
8CB
330
8C3
100
AcDbEntity
  8
标注层
 62
     4
440
 16777216
370
     9
100
AcDbBlockReference
  2
_ClosedBlank
 10
6163.476510979898
 20
1854.474966142799
 30
0.0
 41
10.0
 42
10.0
 43
10.0
 50
180.0
  0
INSERT
  5
8CC
330
8C3
100
AcDbEntity
  8
标注层
 62
     4
440
 16777216
370
     9
100
AcDbBlockReference
  2
_ClosedBlank
 10
6154.876510979898
 20
1854.474966142799
 30
0.0
 41
10.0
 42
10.0
 43
10.0
  0
MTEXT
  5
8CD
330
8C3
100
AcDbEntity
  8
标注层
 62
     7
440
 16777216
100
AcDbMText
 10
6111.714788250907
 20
1867.524957028216
 30
0.0
 40
20.0
 41
0.0
 46
0.0
 71
     5
 72
     1
  1
\A1;8.6
 73
     1
 44
1.0
  0
POINT
  5
8CE
330
8C3
100
AcDbEntity
  8
Defpoints
 62
     0
440
 16777216
100
AcDbPoint
 10
6163.476510979898
 20
1733.0
 30
0.0
  0
POINT
  5
8CF
330
8C3
100
AcDbEntity
  8
Defpoints
 62
     0
440
 16777216
100
AcDbPoint
 10
6154.876510979898
 20
1733.0
 30
0.0
  0
POINT
  5
8D0
330
8C3
100
AcDbEntity
  8
Defpoints
 62
     0
440
 16777216
100
AcDbPoint
 10
6154.876510979898
 20
1854.474966142799
 30
0.0
  0
ENDBLK
  5
8C5
330
8C3
100
AcDbEntity
  8
0
100
AcDbBlockEnd
  0
BLOCK
  5
8D2
330
8D1
100
AcDbEntity
  8
0
100
AcDbBlockBegin
  2
*D129
 70
     1
 10
0.0
 20
0.0
 30
0.0
  3
*D129
  1

  0
LINE
  5
8D4
330
8D1
100
AcDbEntity
  8
标注层
 62
     4
440
 16777216
370
     9
100
AcDbLine
 10
6317.276510979898
 20
1740.0
 30
0.0
 11
6317.276510979898
 21
1802.196782550338
 31
0.0
  0
LINE
  5
8D5
330
8D1
100
AcDbEntity
  8
标注层
 62
     4
440
 16777216
370
     9
100
AcDbLine
 10
6331.776510979898
 20
1740.0
 30
0.0
 11
6331.776510979898
 21
1802.196782550338
 31
0.0
  0
LINE
  5
8D6
330
8D1
100
AcDbEntity
  8
标注层
 62
     4
440
 16777216
370
     9
100
AcDbLine
 10
6307.276510979899
 20
1799.696782550338
 30
0.0
 11
6297.276510979898
 21
1799.696782550338
 31
0.0
  0
LINE
  5
8D7
330
8D1
100
AcDbEntity
  8
标注层
 62
     4
440
 16777216
370
     9
100
AcDbLine
 10
6341.776510979898
 20
1799.696782550338
 30
0.0
 11
6410.055263700453
 21
1799.696782550338
 31
0.0
  0
LINE
  5
8D8
330
8D1
100
AcDbEntity
  8
标注层
 62
     4
440
 16777216
370
     9
100
AcDbLine
 10
6317.276510979898
 20
1799.696782550338
 30
0.0
 11
6331.776510979898
 21
1799.696782550338
 31
0.0
  0
INSERT
  5
8D9
330
8D1
100
AcDbEntity
  8
标注层
 62
     4
440
 16777216
370
     9
100
AcDbBlockReference
  2
_ClosedBlank
 10
6317.276510979898
 20
1799.696782550338
 30
0.0
 41
10.0
 42
10.0
 43
10.0
  0
INSERT
  5
8DA
330
8D1
100
AcDbEntity
  8
标注层
 62
     4
440
 16777216
370
     9
100
AcDbBlockReference
  2
_ClosedBlank
 10
6331.776510979898
 20
1799.696782550338
 30
0.0
 41
10.0
 42
10.0
 43
10.0
 50
180.0
  0
MTEXT
  5
8DB
330
8D1
100
AcDbEntity
  8
标注层
 62
     7
440
 16777216
100
AcDbMText
 10
6380.915887340176
 20
1812.746773435755
 30
0.0
 40
20.0
 41
0.0
 46
0.0
 71
     5
 72
     1
  1
\A1;14.5
 73
     1
 44
1.0
  0
POINT
  5
8DC
330
8D1
100
AcDbEntity
  8
Defpoints
 62
     0
440
 16777216
100
AcDbPoint
 10
6317.276510979898
 20
1740.0
 30
0.0
  0
POINT
  5
8DD
330
8D1
100
AcDbEntity
  8
Defpoints
 62
     0
440
 16777216
100
AcDbPoint
 10
6331.776510979898
 20
1740.0
 30
0.0
  0
POINT
  5
8DE
330
8D1
100
AcDbEntity
  8
Defpoints
 62
     0
440
 16777216
100
AcDbPoint
 10
6331.776510979898
 20
1799.696782550338
 30
0.0
  0
ENDBLK
  5
8D3
330
8D1
100
AcDbEntity
  8
0
100
AcDbBlockEnd
  0
BLOCK
  5
8E0
330
8DF
100
AcDbEntity
  8
0
100
AcDbBlockBegin
  2
*D130
 70
     1
 10
0.0
 20
0.0
 30
0.0
  3
*D130
  1

  0
LINE
  5
8E2
330
8DF
100
AcDbEntity
  8
标注层
 62
     4
440
 16777216
370
     9
100
AcDbLine
 10
6317.276510979898
 20
1740.0
 30
0.0
 11
6317.276510979898
 21
1802.196782550338
 31
0.0
  0
LINE
  5
8E3
330
8DF
100
AcDbEntity
  8
标注层
 62
     4
440
 16777216
370
     9
100
AcDbLine
 10
6263.276510979899
 20
1740.0
 30
0.0
 11
6263.276510979899
 21
1802.196782550338
 31
0.0
  0
LINE
  5
8E4
330
8DF
100
AcDbEntity
  8
标注层
 62
     4
440
 16777216
370
     9
100
AcDbLine
 10
6307.276510979899
 20
1799.696782550338
 30
0.0
 11
6273.276510979898
 21
1799.696782550338
 31
0.0
  0
INSERT
  5
8E5
330
8DF
100
AcDbEntity
  8
标注层
 62
     4
440
 16777216
370
     9
100
AcDbBlockReference
  2
_ClosedBlank
 10
6317.276510979898
 20
1799.696782550338
 30
0.0
 41
10.0
 42
10.0
 43
10.0
  0
INSERT
  5
8E6
330
8DF
100
AcDbEntity
  8
标注层
 62
     4
440
 16777216
370
     9
100
AcDbBlockReference
  2
_ClosedBlank
 10
6263.276510979899
 20
1799.696782550338
 30
0.0
 41
10.0
 42
10.0
 43
10.0
 50
180.0
  0
MTEXT
  5
8E7
330
8DF
100
AcDbEntity
  8
标注层
 62
     7
440
 16777216
100
AcDbMText
 10
6290.276510979898
 20
1812.746773435755
 30
0.0
 40
20.0
 41
0.0
 46
0.0
 71
     5
 72
     1
  1
\A1;54
 73
     1
 44
1.0
  0
POINT
  5
8E8
330
8DF
100
AcDbEntity
  8
Defpoints
 62
     0
440
 16777216
100
AcDbPoint
 10
6317.276510979898
 20
1740.0
 30
0.0
  0
POINT
  5
8E9
330
8DF
100
AcDbEntity
  8
Defpoints
 62
     0
440
 16777216
100
AcDbPoint
 10
6263.276510979899
 20
1740.0
 30
0.0
  0
POINT
  5
8EA
330
8DF
100
AcDbEntity
  8
Defpoints
 62
     0
440
 16777216
100
AcDbPoint
 10
6263.276510979899
 20
1799.696782550338
 30
0.0
  0
ENDBLK
  5
8E1
330
8DF
100
AcDbEntity
  8
0
100
AcDbBlockEnd
  0
BLOCK
  5
8EC
330
8EB
100
AcDbEntity
  8
0
100
AcDbBlockBegin
  2
*D131
 70
     1
 10
0.0
 20
0.0
 30
0.0
  3
*D131
  1

  0
LINE
  5
8EE
330
8EB
100
AcDbEntity
  8
标注层
 62
     4
440
 16777216
370
     9
100
AcDbLine
 10
6263.276510979899
 20
1740.0
 30
0.0
 11
6263.276510979899
 21
1802.196782550338
 31
0.0
  0
LINE
  5
8EF
330
8EB
100
AcDbEntity
  8
标注层
 62
     4
440
 16777216
370
     9
100
AcDbLine
 10
6145.076510979898
 20
1733.0
 30
0.0
 11
6145.076510979898
 21
1802.196782550338
 31
0.0
  0
LINE
  5
8F0
330
8EB
100
AcDbEntity
  8
标注层
 62
     4
440
 16777216
370
     9
100
AcDbLine
 10
6253.276510979898
 20
1799.696782550338
 30
0.0
 11
6155.076510979899
 21
1799.696782550338
 31
0.0
  0
INSERT
  5
8F1
330
8EB
100
AcDbEntity
  8
标注层
 62
     4
440
 16777216
370
     9
100
AcDbBlockReference
  2
_ClosedBlank
 10
6263.276510979899
 20
1799.696782550338
 30
0.0
 41
10.0
 42
10.0
 43
10.0
  0
INSERT
  5
8F2
330
8EB
100
AcDbEntity
  8
标注层
 62
     4
440
 16777216
370
     9
100
AcDbBlockReference
  2
_ClosedBlank
 10
6145.076510979898
 20
1799.696782550338
 30
0.0
 41
10.0
 42
10.0
 43
10.0
 50
180.0
  0
MTEXT
  5
8F3
330
8EB
100
AcDbEntity
  8
标注层
 62
     7
440
 16777216
100
AcDbMText
 10
6204.176510979898
 20
1812.746773435755
 30
0.0
 40
20.0
 41
0.0
 46
0.0
 71
     5
 72
     1
  1
\A1;118.2
 73
     1
 44
1.0
  0
POINT
  5
8F4
330
8EB
100
AcDbEntity
  8
Defpoints
 62
     0
440
 16777216
100
AcDbPoint
 10
6263.276510979899
 20
1740.0
 30
0.0
  0
POINT
  5
8F5
330
8EB
100
AcDbEntity
  8
Defpoints
 62
     0
440
 16777216
100
AcDbPoint
 10
6145.076510979898
 20
1733.0
 30
0.0
  0
POINT
  5
8F6
330
8EB
100
AcDbEntity
  8
Defpoints
 62
     0
440
 16777216
100
AcDbPoint
 10
6145.076510979898
 20
1799.696782550338
 30
0.0
  0
ENDBLK
  5
8ED
330
8EB
100
AcDbEntity
  8
0
100
AcDbBlockEnd
  0
BLOCK
  5
8F8
330
8F7
100
AcDbEntity
  8
0
100
AcDbBlockBegin
  2
*D132
 70
     1
 10
0.0
 20
0.0
 30
0.0
  3
*D132
  1

  0
LINE
  5
8FA
330
8F7
100
AcDbEntity
  8
标注层
 62
     4
440
 16777216
370
     9
100
AcDbLine
 10
6145.076510979898
 20
1733.0
 30
0.0
 11
6145.076510979898
 21
1802.196782550338
 31
0.0
  0
LINE
  5
8FB
330
8F7
100
AcDbEntity
  8
标注层
 62
     4
440
 16777216
370
     9
100
AcDbLine
 10
6134.076510979896
 20
1733.0
 30
0.0
 11
6134.076510979896
 21
1802.196782550338
 31
0.0
  0
LINE
  5
8FC
330
8F7
100
AcDbEntity
  8
标注层
 62
     4
440
 16777216
370
     9
100
AcDbLine
 10
6155.076510979899
 20
1799.696782550338
 30
0.0
 11
6165.076510979899
 21
1799.696782550338
 31
0.0
  0
LINE
  5
8FD
330
8F7
100
AcDbEntity
  8
标注层
 62
     4
440
 16777216
370
     9
100
AcDbLine
 10
6124.076510979896
 20
1799.696782550338
 30
0.0
 11
6114.076510979896
 21
1799.696782550338
 31
0.0
  0
LINE
  5
8FE
330
8F7
100
AcDbEntity
  8
标注层
 62
     4
440
 16777216
370
     9
100
AcDbLine
 10
6145.076510979898
 20
1799.696782550338
 30
0.0
 11
6134.076510979896
 21
1799.696782550338
 31
0.0
  0
INSERT
  5
8FF
330
8F7
100
AcDbEntity
  8
标注层
 62
     4
440
 16777216
370
     9
100
AcDbBlockReference
  2
_ClosedBlank
 10
6145.076510979898
 20
1799.696782550338
 30
0.0
 41
10.0
 42
10.0
 43
10.0
 50
180.0
  0
INSERT
  5
900
330
8F7
100
AcDbEntity
  8
标注层
 62
     4
440
 16777216
370
     9
100
AcDbBlockReference
  2
_ClosedBlank
 10
6134.076510979896
 20
1799.696782550338
 30
0.0
 41
10.0
 42
10.0
 43
10.0
  0
MTEXT
  5
901
330
8F7
100
AcDbEntity
  8
标注层
 62
     7
440
 16777216
100
AcDbMText
 10
6139.576510979898
 20
1812.746773435755
 30
0.0
 40
20.0
 41
0.0
 46
0.0
 71
     5
 72
     1
  1
\A1;11
 73
     1
 44
1.0
  0
POINT
  5
902
330
8F7
100
AcDbEntity
  8
Defpoints
 62
     0
440
 16777216
100
AcDbPoint
 10
6145.076510979898
 20
1733.0
 30
0.0
  0
POINT
  5
903
330
8F7
100
AcDbEntity
  8
Defpoints
 62
     0
440
 16777216
100
AcDbPoint
 10
6134.076510979896
 20
1733.0
 30
0.0
  0
POINT
  5
904
330
8F7
100
AcDbEntity
  8
Defpoints
 62
     0
440
 16777216
100
AcDbPoint
 10
6134.076510979896
 20
1799.696782550338
 30
0.0
  0
ENDBLK
  5
8F9
330
8F7
100
AcDbEntity
  8
0
100
AcDbBlockEnd
  0
BLOCK
  5
906
330
905
100
AcDbEntity
  8
0
100
AcDbBlockBegin
  2
*D133
 70
     1
 10
0.0
 20
0.0
 30
0.0
  3
*D133
  1

  0
LINE
  5
908
330
905
100
AcDbEntity
  8
标注层
 62
     4
440
 16777216
370
     9
100
AcDbLine
 10
6134.076510979896
 20
1733.0
 30
0.0
 11
6134.076510979896
 21
1802.196782550338
 31
0.0
  0
LINE
  5
909
330
905
100
AcDbEntity
  8
标注层
 62
     4
440
 16777216
370
     9
100
AcDbLine
 10
6098.076510979896
 20
1733.0
 30
0.0
 11
6098.076510979896
 21
1802.196782550338
 31
0.0
  0
LINE
  5
90A
330
905
100
AcDbEntity
  8
标注层
 62
     4
440
 16777216
370
     9
100
AcDbLine
 10
6124.076510979896
 20
1799.696782550338
 30
0.0
 11
6108.076510979896
 21
1799.696782550338
 31
0.0
  0
INSERT
  5
90B
330
905
100
AcDbEntity
  8
标注层
 62
     4
440
 16777216
370
     9
100
AcDbBlockReference
  2
_ClosedBlank
 10
6134.076510979896
 20
1799.696782550338
 30
0.0
 41
10.0
 42
10.0
 43
10.0
  0
INSERT
  5
90C
330
905
100
AcDbEntity
  8
标注层
 62
     4
440
 16777216
370
     9
100
AcDbBlockReference
  2
_ClosedBlank
 10
6098.076510979896
 20
1799.696782550338
 30
0.0
 41
10.0
 42
10.0
 43
10.0
 50
180.0
  0
MTEXT
  5
90D
330
905
100
AcDbEntity
  8
标注层
 62
     7
440
 16777216
100
AcDbMText
 10
6116.076510979896
 20
1812.746773435755
 30
0.0
 40
20.0
 41
0.0
 46
0.0
 71
     5
 72
     1
  1
\A1;36
 73
     1
 44
1.0
  0
POINT
  5
90E
330
905
100
AcDbEntity
  8
Defpoints
 62
     0
440
 16777216
100
AcDbPoint
 10
6134.076510979896
 20
1733.0
 30
0.0
  0
POINT
  5
90F
330
905
100
AcDbEntity
  8
Defpoints
 62
     0
440
 16777216
100
AcDbPoint
 10
6098.076510979896
 20
1733.0
 30
0.0
  0
POINT
  5
910
330
905
100
AcDbEntity
  8
Defpoints
 62
     0
440
 16777216
100
AcDbPoint
 10
6098.076510979896
 20
1799.696782550338
 30
0.0
  0
ENDBLK
  5
907
330
905
100
AcDbEntity
  8
0
100
AcDbBlockEnd
  0
BLOCK
  5
912
330
911
100
AcDbEntity
  8
0
100
AcDbBlockBegin
  2
*D134
 70
     1
 10
0.0
 20
0.0
 30
0.0
  3
*D134
  1

  0
LINE
  5
914
330
911
100
AcDbEntity
  8
标注层
 62
     4
440
 16777216
370
     9
100
AcDbLine
 10
6098.076510979896
 20
1733.0
 30
0.0
 11
6098.076510979896
 21
1802.196782550338
 31
0.0
  0
LINE
  5
915
330
911
100
AcDbEntity
  8
标注层
 62
     4
440
 16777216
370
     9
100
AcDbLine
 10
6024.076510979895
 20
1733.0
 30
0.0
 11
6024.076510979895
 21
1802.196782550338
 31
0.0
  0
LINE
  5
916
330
911
100
AcDbEntity
  8
标注层
 62
     4
440
 16777216
370
     9
100
AcDbLine
 10
6088.076510979895
 20
1799.696782550338
 30
0.0
 11
6034.076510979896
 21
1799.696782550338
 31
0.0
  0
INSERT
  5
917
330
911
100
AcDbEntity
  8
标注层
 62
     4
440
 16777216
370
     9
100
AcDbBlockReference
  2
_ClosedBlank
 10
6098.076510979896
 20
1799.696782550338
 30
0.0
 41
10.0
 42
10.0
 43
10.0
  0
INSERT
  5
918
330
911
100
AcDbEntity
  8
标注层
 62
     4
440
 16777216
370
     9
100
AcDbBlockReference
  2
_ClosedBlank
 10
6024.076510979895
 20
1799.696782550338
 30
0.0
 41
10.0
 42
10.0
 43
10.0
 50
180.0
  0
MTEXT
  5
919
330
911
100
AcDbEntity
  8
标注层
 62
     7
440
 16777216
100
AcDbMText
 10
6061.076510979896
 20
1812.746773435755
 30
0.0
 40
20.0
 41
0.0
 46
0.0
 71
     5
 72
     1
  1
\A1;74
 73
     1
 44
1.0
  0
POINT
  5
91A
330
911
100
AcDbEntity
  8
Defpoints
 62
     0
440
 16777216
100
AcDbPoint
 10
6098.076510979896
 20
1733.0
 30
0.0
  0
POINT
  5
91B
330
911
100
AcDbEntity
  8
Defpoints
 62
     0
440
 16777216
100
AcDbPoint
 10
6024.076510979895
 20
1733.0
 30
0.0
  0
POINT
  5
91C
330
911
100
AcDbEntity
  8
Defpoints
 62
     0
440
 16777216
100
AcDbPoint
 10
6024.076510979895
 20
1799.696782550338
 30
0.0
  0
ENDBLK
  5
913
330
911
100
AcDbEntity
  8
0
100
AcDbBlockEnd
  0
BLOCK
  5
91E
330
91D
100
AcDbEntity
  8
0
100
AcDbBlockBegin
  2
*D135
 70
     1
 10
0.0
 20
0.0
 30
0.0
  3
*D135
  1

  0
LINE
  5
920
330
91D
100
AcDbEntity
  8
标注层
 62
     4
440
 16777216
370
     9
100
AcDbLine
 10
6203.776510979896
 20
-6.0
 30
0.0
 11
6203.776510979896
 21
-75.06884176741005
 31
0.0
  0
LINE
  5
921
330
91D
100
AcDbEntity
  8
标注层
 62
     4
440
 16777216
370
     9
100
AcDbLine
 10
6263.276510979899
 20
0.0
 30
0.0
 11
6263.276510979899
 21
-75.06884176741005
 31
0.0
  0
LINE
  5
922
330
91D
100
AcDbEntity
  8
标注层
 62
     4
440
 16777216
370
     9
100
AcDbLine
 10
6193.776510979896
 20
-72.56884176741005
 30
0.0
 11
6183.776510979896
 21
-72.56884176741005
 31
0.0
  0
LINE
  5
923
330
91D
100
AcDbEntity
  8
标注层
 62
     4
440
 16777216
370
     9
100
AcDbLine
 10
6273.276510979898
 20
-72.56884176741005
 30
0.0
 11
6343.119509510509
 21
-72.56884176741005
 31
0.0
  0
LINE
  5
924
330
91D
100
AcDbEntity
  8
标注层
 62
     4
440
 16777216
370
     9
100
AcDbLine
 10
6203.776510979896
 20
-72.56884176741005
 30
0.0
 11
6263.276510979899
 21
-72.56884176741005
 31
0.0
  0
INSERT
  5
925
330
91D
100
AcDbEntity
  8
标注层
 62
     4
440
 16777216
370
     9
100
AcDbBlockReference
  2
_ClosedBlank
 10
6203.776510979896
 20
-72.56884176741005
 30
0.0
 41
10.0
 42
10.0
 43
10.0
  0
INSERT
  5
926
330
91D
100
AcDbEntity
  8
标注层
 62
     4
440
 16777216
370
     9
100
AcDbBlockReference
  2
_ClosedBlank
 10
6263.276510979899
 20
-72.56884176741005
 30
0.0
 41
10.0
 42
10.0
 43
10.0
 50
180.0
  0
MTEXT
  5
927
330
91D
100
AcDbEntity
  8
标注层
 62
     7
440
 16777216
100
AcDbMText
 10
6313.198010245203
 20
-59.51885088199339
 30
0.0
 40
20.0
 41
0.0
 46
0.0
 71
     5
 72
     1
  1
\A1;59.5
 73
     1
 44
1.0
  0
POINT
  5
928
330
91D
100
AcDbEntity
  8
Defpoints
 62
     0
440
 16777216
100
AcDbPoint
 10
6203.776510979896
 20
-6.0
 30
0.0
  0
POINT
  5
929
330
91D
100
AcDbEntity
  8
Defpoints
 62
     0
440
 16777216
100
AcDbPoint
 10
6263.276510979899
 20
0.0
 30
0.0
  0
POINT
  5
92A
330
91D
100
AcDbEntity
  8
Defpoints
 62
     0
440
 16777216
100
AcDbPoint
 10
6263.276510979899
 20
-72.56884176741005
 30
0.0
  0
ENDBLK
  5
91F
330
91D
100
AcDbEntity
  8
0
100
AcDbBlockEnd
  0
BLOCK
  5
92C
330
92B
100
AcDbEntity
  8
0
100
AcDbBlockBegin
  2
*D136
 70
     1
 10
0.0
 20
0.0
 30
0.0
  3
*D136
  1

  0
LINE
  5
92E
330
92B
100
AcDbEntity
  8
标注层
 62
     4
440
 16777216
370
     9
100
AcDbLine
 10
6263.276510979899
 20
0.0
 30
0.0
 11
6263.276510979899
 21
-123.5489226459904
 31
0.0
  0
LINE
  5
92F
330
92B
100
AcDbEntity
  8
标注层
 62
     4
440
 16777216
370
     9
100
AcDbLine
 10
6174.276510979896
 20
0.0
 30
0.0
 11
6174.276510979896
 21
-123.5489226459904
 31
0.0
  0
LINE
  5
930
330
92B
100
AcDbEntity
  8
标注层
 62
     4
440
 16777216
370
     9
100
AcDbLine
 10
6253.276510979898
 20
-121.0489226459904
 30
0.0
 11
6184.276510979896
 21
-121.0489226459904
 31
0.0
  0
INSERT
  5
931
330
92B
100
AcDbEntity
  8
标注层
 62
     4
440
 16777216
370
     9
100
AcDbBlockReference
  2
_ClosedBlank
 10
6263.276510979899
 20
-121.0489226459904
 30
0.0
 41
10.0
 42
10.0
 43
10.0
  0
INSERT
  5
932
330
92B
100
AcDbEntity
  8
标注层
 62
     4
440
 16777216
370
     9
100
AcDbBlockReference
  2
_ClosedBlank
 10
6174.276510979896
 20
-121.0489226459904
 30
0.0
 41
10.0
 42
10.0
 43
10.0
 50
180.0
  0
MTEXT
  5
933
330
92B
100
AcDbEntity
  8
标注层
 62
     7
440
 16777216
100
AcDbMText
 10
6218.776510979896
 20
-107.9989317605737
 30
0.0
 40
20.0
 41
0.0
 46
0.0
 71
     5
 72
     1
  1
\A1;89
 73
     1
 44
1.0
  0
POINT
  5
934
330
92B
100
AcDbEntity
  8
Defpoints
 62
     0
440
 16777216
100
AcDbPoint
 10
6263.276510979899
 20
0.0
 30
0.0
  0
POINT
  5
935
330
92B
100
AcDbEntity
  8
Defpoints
 62
     0
440
 16777216
100
AcDbPoint
 10
6174.276510979896
 20
0.0
 30
0.0
  0
POINT
  5
936
330
92B
100
AcDbEntity
  8
Defpoints
 62
     0
440
 16777216
100
AcDbPoint
 10
6174.276510979896
 20
-121.0489226459904
 30
0.0
  0
ENDBLK
  5
92D
330
92B
100
AcDbEntity
  8
0
100
AcDbBlockEnd
  0
ENDSEC
  0
SECTION
  2
ENTITIES
  0
LINE
  5
53
330
2
100
AcDbEntity
  8
0
100
AcDbLine
 10
2424.004249309809
 20
2214.157665663192
 30
0.0
 11
2424.004249309809
 21
2228.157665663192
 31
0.0
  0
LINE
  5
54
330
2
100
AcDbEntity
  8
0
100
AcDbLine
 10
2422.004249309809
 20
2214.157665663192
 30
0.0
 11
2422.004249309809
 21
2226.157665663191
 31
0.0
  0
LINE
  5
55
330
2
100
AcDbEntity
  8
0
 62
   250
100
AcDbLine
 10
2423.004249309809
 20
2214.157665663192
 30
0.0
 11
2423.004249309809
 21
2227.157665663193
 31
0.0
  0
LINE
  5
56
330
2
100
AcDbEntity
  8
0
100
AcDbLine
 10
2422.004249309809
 20
2226.157665663191
 30
0.0
 11
2374.004249309809
 21
2226.157665663191
 31
0.0
  0
LINE
  5
57
330
2
100
AcDbEntity
  8
0
 62
   250
100
AcDbLine
 10
2423.004249309809
 20
2227.157665663193
 30
0.0
 11
2373.004249309809
 21
2227.157665663193
 31
0.0
  0
LINE
  5
58
330
2
100
AcDbEntity
  8
0
100
AcDbLine
 10
2372.004249309805
 20
2228.157665663192
 30
0.0
 11
2372.004249309809
 21
2126.157665663184
 31
0.0
  0
LINE
  5
59
330
2
100
AcDbEntity
  8
0
100
AcDbLine
 10
2374.004249309809
 20
2226.157665663191
 30
0.0
 11
2374.004249309809
 21
2124.157665663181
 31
0.0
  0
LINE
  5
5A
330
2
100
AcDbEntity
  8
0
 62
   250
100
AcDbLine
 10
2373.004249309809
 20
2227.157665663193
 30
0.0
 11
2373.004249309809
 21
2125.157665663181
 31
0.0
  0
LINE
  5
5B
330
2
100
AcDbEntity
  8
0
100
AcDbLine
 10
2422.004249309809
 20
2214.157665663192
 30
0.0
 11
2424.004249309809
 21
2214.157665663192
 31
0.0
  0
LINE
  5
5C
102
{ACAD_REACTORS
330
88
102
}
330
2
100
AcDbEntity
  8
0
100
AcDbLine
 10
2424.004249309811
 20
2103.15766566318
 30
0.0
 11
2352.004249309813
 21
2103.15766566318
 31
0.0
  0
LINE
  5
5D
330
2
100
AcDbEntity
  8
0
100
AcDbLine
 10
2422.004249309811
 20
2105.157665663181
 30
0.0
 11
2354.004249309813
 21
2105.157665663181
 31
0.0
  0
LINE
  5
5E
330
2
100
AcDbEntity
  8
0
 62
   250
100
AcDbLine
 10
2423.004249309812
 20
2104.15766566318
 30
0.0
 11
2353.004249309813
 21
2104.15766566318
 31
0.0
  0
LINE
  5
5F
330
2
100
AcDbEntity
  8
0
100
AcDbLine
 10
2424.004249309811
 20
2117.157665663181
 30
0.0
 11
2424.004249309811
 21
2103.15766566318
 31
0.0
  0
LINE
  5
60
330
2
100
AcDbEntity
  8
0
100
AcDbLine
 10
2422.004249309811
 20
2117.157665663181
 30
0.0
 11
2422.004249309811
 21
2105.157665663181
 31
0.0
  0
LINE
  5
61
330
2
100
AcDbEntity
  8
0
 62
   250
100
AcDbLine
 10
2423.004249309812
 20
2117.157665663181
 30
0.0
 11
2423.004249309812
 21
2104.15766566318
 31
0.0
  0
LINE
  5
62
330
2
100
AcDbEntity
  8
0
100
AcDbLine
 10
2422.004249309811
 20
2117.157665663181
 30
0.0
 11
2424.004249309811
 21
2117.157665663181
 31
0.0
  0
LINE
  5
63
330
2
100
AcDbEntity
  8
0
100
AcDbLine
 10
2352.004249309813
 20
2126.157665663181
 30
0.0
 11
2372.004249309809
 21
2126.157665663184
 31
0.0
  0
LINE
  5
64
330
2
100
AcDbEntity
  8
0
100
AcDbLine
 10
2354.004249309813
 20
2124.157665663195
 30
0.0
 11
2374.004249309809
 21
2124.157665663181
 31
0.0
  0
LINE
  5
65
330
2
100
AcDbEntity
  8
0
 62
   250
100
AcDbLine
 10
2353.004249309813
 20
2125.157665663195
 30
0.0
 11
2373.004249309809
 21
2125.157665663181
 31
0.0
  0
LINE
  5
66
102
{ACAD_REACTORS
330
2F9
102
}
330
2
100
AcDbEntity
  8
0
100
AcDbLine
 10
2352.004249309813
 20
2126.157665663181
 30
0.0
 11
2352.004249309813
 21
2103.15766566318
 31
0.0
  0
LINE
  5
67
330
2
100
AcDbEntity
  8
0
100
AcDbLine
 10
2354.004249309813
 20
2124.157665663195
 30
0.0
 11
2354.004249309813
 21
2105.157665663181
 31
0.0
  0
LINE
  5
68
330
2
100
AcDbEntity
  8
0
 62
   250
100
AcDbLine
 10
2353.004249309813
 20
2125.157665663195
 30
0.0
 11
2353.004249309813
 21
2104.15766566318
 31
0.0
  0
LINE
  5
69
102
{ACAD_REACTORS
330
6C
102
}
330
2
100
AcDbEntity
  8
0
100
AcDbLine
 10
2372.004249309805
 20
2228.157665663192
 30
0.0
 11
2424.004249309809
 21
2228.157665663192
 31
0.0
  0
DIMENSION
  5
6A
102
{ACAD_XDICTIONARY
360
6B
102
}
102
{ACAD_REACTORS
330
6C
102
}
330
2
100
AcDbEntity
  8
绘图层
100
AcDbDimension
280
     0
  2
*D50
 10
2424.004249309809
 20
2253.901943786339
 30
0.0
 11
2398.004249309807
 21
2266.951934671756
 31
0.0
 71
     5
 42
52.00000000000365
 73
     0
 74
     0
 75
     0
  3
ISO-25$0
100
AcDbAlignedDimension
 13
2372.004249309805
 23
2228.157665663192
 33
0.0
 14
2424.004249309809
 24
2228.157665663192
 34
0.0
100
AcDbRotatedDimension
1001
ACAD
1000
DSTYLE
1002
{
1070
   178
1070
     7
1002
}
  0
DIMENSION
  5
86
102
{ACAD_XDICTIONARY
360
87
102
}
102
{ACAD_REACTORS
330
88
102
}
330
2
100
AcDbEntity
  8
绘图层
100
AcDbDimension
280
     0
  2
*D51
 10
2424.004249309811
 20
2061.867319516583
 30
0.0
 11
2388.004249309812
 21
2074.917310402
 31
0.0
 71
     5
 42
71.99999999999818
 73
     0
 74
     0
 75
     0
  3
ISO-25$0
100
AcDbAlignedDimension
 13
2352.004249309813
 23
2103.15766566318
 33
0.0
 14
2424.004249309811
 24
2103.15766566318
 34
0.0
100
AcDbRotatedDimension
1001
ACAD
1000
DSTYLE
1002
{
1070
   178
1070
     7
1002
}
  0
TEXT
  5
95
330
2
100
AcDbEntity
  8
基础信息
100
AcDbText
 10
2309.354057301112
 20
-211.0597335097118
 30
0.0
 40
30.0
  1
开槽正：166
100
AcDbText
  0
TEXT
  5
97
330
2
100
AcDbEntity
  8
基础信息
100
AcDbText
 10
2309.354057301112
 20
-261.0597335097118
 30
0.0
 40
30.0
  1
开槽反：13、50、123 、20、70
100
AcDbText
  0
TEXT
  5
98
330
2
100
AcDbEntity
  8
基础信息
100
AcDbText
 10
4785.796699703438
 20
-202.1046801840421
 30
0.0
 40
30.0
  1
开槽正：168.3、8.6
100
AcDbText
  0
TEXT
  5
99
330
2
100
AcDbEntity
  8
基础信息
100
AcDbText
 10
4785.796699703438
 20
-252.1046801840421
 30
0.0
 40
30.0
  1
开槽反：14.5、54、118.2 、11、36、74
100
AcDbText
  0
LINE
  5
9A
330
2
100
AcDbEntity
  8
0
  6
Continuous
 62
     7
370
    15
100
AcDbLine
 10
4890.576315665818
 20
1740.0
 30
0.0
 11
4890.576315665818
 21
0.0
 31
0.0
  0
LINE
  5
9B
102
{ACAD_REACTORS
330
AC
102
}
330
2
100
AcDbEntity
  8
0
  6
Continuous
 62
     7
370
    15
100
AcDbLine
 10
5018.576315665818
 20
0.0
 30
0.0
 11
4890.576315665818
 21
0.0
 31
0.0
  0
LINE
  5
9C
102
{ACAD_REACTORS
330
413
102
}
330
2
100
AcDbEntity
  8
0
  6
Continuous
 62
     7
370
    15
100
AcDbLine
 10
5018.576315665818
 20
0.0
 30
0.0
 11
5018.576315665818
 21
-12.0
 31
0.0
  0
LINE
  5
9D
330
2
100
AcDbEntity
  8
0
  6
Continuous
 62
     7
370
    15
100
AcDbLine
 10
5019.576315665819
 20
-13.0
 30
0.0
 11
5047.076315665818
 21
-13.0
 31
0.0
  0
LINE
  5
9E
330
2
100
AcDbEntity
  8
0
  6
Continuous
 62
     7
370
    15
100
AcDbLine
 10
5048.076315665818
 20
-12.0
 30
0.0
 11
5048.076315665818
 21
7.0
 31
0.0
  0
LINE
  5
9F
330
2
100
AcDbEntity
  8
0
  6
Continuous
 62
     7
370
    15
100
AcDbLine
 10
5048.076315665818
 20
7.0
 30
0.0
 11
5214.776315665815
 21
7.0
 31
0.0
  0
LINE
  5
A0
102
{ACAD_REACTORS
330
EE
102
}
330
2
100
AcDbEntity
  8
0
  6
Continuous
 62
     7
370
    15
100
AcDbLine
 10
5214.776315665815
 20
1733.0
 30
0.0
 11
5214.776315665815
 21
7.0
 31
0.0
  0
LINE
  5
A1
102
{ACAD_REACTORS
330
BC
330
2CA
330
2DB
330
2EA
102
}
330
2
100
AcDbEntity
  8
0
  6
Continuous
 62
     7
370
    15
100
AcDbLine
 10
5214.776315665815
 20
1733.0
 30
0.0
 11
5048.076315665818
 21
1733.0
 31
0.0
  0
LINE
  5
A2
102
{ACAD_REACTORS
330
6A0
102
}
330
2
100
AcDbEntity
  8
0
  6
Continuous
 62
     7
370
    15
100
AcDbLine
 10
5048.076315665818
 20
1733.0
 30
0.0
 11
5048.076315665818
 21
1752.0
 31
0.0
  0
LINE
  5
A3
330
2
100
AcDbEntity
  8
0
  6
Continuous
 62
     7
370
    15
100
AcDbLine
 10
5019.576315665819
 20
1753.0
 30
0.0
 11
5047.076315665818
 21
1753.0
 31
0.0
  0
LINE
  5
A4
330
2
100
AcDbEntity
  8
0
  6
Continuous
 62
     7
370
    15
100
AcDbLine
 10
5018.576315665818
 20
1752.0
 30
0.0
 11
5018.576315665818
 21
1740.0
 31
0.0
  0
LINE
  5
A5
102
{ACAD_REACTORS
330
AC
330
6A0
102
}
330
2
100
AcDbEntity
  8
0
  6
Continuous
 62
     7
370
    15
100
AcDbLine
 10
5018.576315665818
 20
1740.0
 30
0.0
 11
4890.576315665818
 21
1740.0
 31
0.0
  0
ARC
  5
A6
330
2
100
AcDbEntity
  8
0
  6
Continuous
 62
     7
370
    15
100
AcDbCircle
 10
5019.576315665819
 20
-12.0
 30
0.0
 40
1.00000000000015
100
AcDbArc
 50
180.0
 51
270.0
  0
ARC
  5
A7
330
2
100
AcDbEntity
  8
0
  6
Continuous
 62
     7
370
    15
100
AcDbCircle
 10
5047.076315665818
 20
-12.0
 30
0.0
 40
0.9999999999997459
100
AcDbArc
 50
270.0
 51
0.0
  0
ARC
  5
A8
330
2
100
AcDbEntity
  8
0
  6
Continuous
 62
     7
370
    15
100
AcDbCircle
 10
5047.076315665818
 20
1752.0
 30
0.0
 40
1.0
100
AcDbArc
 50
0.0
 51
90.0
  0
ARC
  5
A9
330
2
100
AcDbEntity
  8
0
  6
Continuous
 62
     7
370
    15
100
AcDbCircle
 10
5019.576315665819
 20
1752.0
 30
0.0
 40
0.9999999999998223
100
AcDbArc
 50
90.0
 51
180.0
  0
DIMENSION
  5
AA
102
{ACAD_XDICTIONARY
360
AB
102
}
102
{ACAD_REACTORS
330
AC
102
}
330
2
100
AcDbEntity
  8
标注层
100
AcDbDimension
280
     0
  2
*D93
 10
4736.519961292469
 20
-0.0000000000000248
 30
0.0
 11
4708.469970407053
 21
869.9999999999986
 31
0.0
 70
    32
 71
     5
 42
1740.0
 73
     0
 74
     0
 75
     0
  3
ISO-25$0
100
AcDbAlignedDimension
 13
4890.576315665818
 23
1740.0
 33
0.0
 14
4890.576315665818
 24
0.0
 34
0.0
 50
90.0
100
AcDbRotatedDimension
1001
ACAD
1000
DSTYLE
1002
{
1070
   140
1040
50.0
1070
   178
1070
     7
1002
}
  0
DIMENSION
  5
BA
102
{ACAD_XDICTIONARY
360
BB
102
}
102
{ACAD_REACTORS
330
BC
102
}
330
2
100
AcDbEntity
  8
标注层
100
AcDbDimension
280
     0
  2
*D94
 10
5214.776315665815
 20
1893.022691923892
 30
0.0
 11
5052.676315665816
 21
1906.072682809309
 31
0.0
 70
    32
 71
     5
 42
324.199999999998
 73
     0
 74
     0
 75
     0
  3
ISO-25$0
100
AcDbAlignedDimension
 13
4890.576315665818
 23
1740.0
 33
0.0
 14
5214.776315665815
 24
1733.0
 34
0.0
 50
180.0
100
AcDbRotatedDimension
1001
ACAD
1000
DSTYLE
1002
{
1070
   140
1040
20.0
1070
   178
1070
     7
1002
}
  0
INSERT
  5
C9
330
2
100
AcDbEntity
  8
Cutting
100
AcDbBlockReference
  2
DKCXK1
 10
4999.076315665816
 20
816.0
 30
0.0
 41
-1.0
 50
180.0
  0
DIMENSION
  5
D2
330
2
100
AcDbEntity
  8
标注层
100
AcDbDimension
280
     0
  2
*D95
 10
4959.076315665818
 20
897.2965808192746
 30
0.0
 11
4979.076315665817
 21
910.3465717046914
 31
0.0
 70
    32
 71
     5
 42
39.99999999999818
 73
     0
 74
     0
 75
     0
  3
ISO-25$0
100
AcDbAlignedDimension
 13
4999.076315665816
 23
852.25
 33
0.0
 14
4959.076315665818
 24
852.25
 34
0.0
 50
180.0
100
AcDbRotatedDimension
1001
ACAD
1000
DSTYLE
1002
{
1070
   178
1070
     7
1002
}
  0
DIMENSION
  5
DF
330
2
100
AcDbEntity
  8
标注层
100
AcDbDimension
280
     0
  2
*D96
 10
4812.298138479144
 20
-0.0000000000000126
 30
0.0
 11
4789.248147593727
 21
407.9999999999986
 31
0.0
 70
    32
 71
     5
 42
816.0000000000001
 73
     0
 74
     0
 75
     0
  3
ISO-25$0
100
AcDbAlignedDimension
 13
4981.326315665818
 23
816.0
 33
0.0
 14
4890.576315665818
 24
0.0
 34
0.0
 50
270.0
100
AcDbRotatedDimension
1001
ACAD
1000
DSTYLE
1002
{
1070
   140
1040
40.0
1070
   178
1070
     7
1002
}
  0
DIMENSION
  5
EC
102
{ACAD_XDICTIONARY
360
ED
102
}
102
{ACAD_REACTORS
330
EE
102
}
330
2
100
AcDbEntity
  8
标注层
100
AcDbDimension
280
     0
  2
*D97
 10
5343.261356801379
 20
7.000000000000023
 30
0.0
 11
5315.211365915962
 21
869.9999999999986
 31
0.0
 70
    32
 71
     5
 42
1726.0
 73
     0
 74
     0
 75
     0
  3
ISO-25$0
100
AcDbAlignedDimension
 13
5214.776315665815
 23
1733.0
 33
0.0
 14
5214.776315665815
 24
7.0
 34
0.0
 50
90.0
100
AcDbRotatedDimension
1001
ACAD
1000
DSTYLE
1002
{
1070
   140
1040
50.0
1070
   178
1070
     7
1002
}
  0
LINE
  5
FB
102
{ACAD_REACTORS
330
29B
102
}
330
2
100
AcDbEntity
  8
标注层
  6
ACAD_ISO02W100
 62
     5
100
AcDbLine
 10
4905.076315665818
 20
0.0
 30
0.0
 11
4905.076315665818
 21
1740.0
 31
0.0
  0
LINE
  5
FD
102
{ACAD_REACTORS
330
2AC
330
413
102
}
330
2
100
AcDbEntity
  8
标注层
  6
ACAD_ISO02W100
 62
     5
100
AcDbLine
 10
4959.076315665818
 20
0.0
 30
0.0
 11
4959.076315665818
 21
1740.0
 31
0.0
  0
LINE
  5
FE
102
{ACAD_REACTORS
330
2BB
330
2CA
102
}
330
2
100
AcDbEntity
  8
标注层
  6
ACAD_ISO02W100
 62
     5
100
AcDbLine
 10
5077.276315665819
 20
7.0
 30
0.0
 11
5077.276315665819
 21
1733.0
 31
0.0
  0
LINE
  5
FF
102
{ACAD_REACTORS
330
2CA
330
2DB
102
}
330
2
100
AcDbEntity
  8
标注层
  6
ACAD_ISO02W100
 62
     5
100
AcDbLine
 10
5088.276315665819
 20
7.0
 30
0.0
 11
5088.276315665819
 21
1733.0
 31
0.0
  0
LINE
  5
100
102
{ACAD_REACTORS
330
2DB
102
}
330
2
100
AcDbEntity
  8
标注层
  6
ACAD_ISO02W100
 62
     5
100
AcDbLine
 10
5124.276315665818
 20
7.0
 30
0.0
 11
5124.276315665818
 21
1733.0
 31
0.0
  0
LINE
  5
101
102
{ACAD_REACTORS
330
2EA
102
}
330
2
100
AcDbEntity
  8
标注层
  6
ACAD_ISO02W100
 62
     5
100
AcDbLine
 10
5198.276315665818
 20
7.0
 30
0.0
 11
5198.276315665818
 21
1733.0
 31
0.0
  0
LINE
  5
102
102
{ACAD_REACTORS
330
27B
102
}
330
2
100
AcDbEntity
  8
标注层
  6
ACAD_ISO02W100
 62
     6
100
AcDbLine
 10
5058.876315665816
 20
7.0
 30
0.0
 11
5058.876315665816
 21
1733.0
 31
0.0
  0
LINE
  5
103
102
{ACAD_REACTORS
330
28A
102
}
330
2
100
AcDbEntity
  8
标注层
  6
ACAD_ISO02W100
 62
     6
100
AcDbLine
 10
5067.476315665818
 20
7.0
 30
0.0
 11
5067.476315665818
 21
1733.0
 31
0.0
  0
INSERT
  5
104
330
2
100
AcDbEntity
  8
Cutting
100
AcDbBlockReference
  2
DK1
 10
4896.576315665818
 20
30.0
 30
0.0
  0
INSERT
  5
10C
330
2
100
AcDbEntity
  8
Cutting
100
AcDbBlockReference
  2
DK1
 10
4896.576315665818
 20
1710.0
 30
0.0
  0
INSERT
  5
10D
330
2
100
AcDbEntity
  8
Cutting
100
AcDbBlockReference
  2
DK1
 10
4896.576315665818
 20
870.0
 30
0.0
  0
INSERT
  5
10E
330
2
100
AcDbEntity
  8
Cutting
100
AcDbBlockReference
  2
DK1
 10
5209.776315665817
 20
1718.0
 30
0.0
  0
INSERT
  5
10F
330
2
100
AcDbEntity
  8
Cutting
100
AcDbBlockReference
  2
DK1
 10
5209.776315665817
 20
870.0
 30
0.0
  0
INSERT
  5
110
330
2
100
AcDbEntity
  8
Cutting
100
AcDbBlockReference
  2
DK1
 10
5209.776315665817
 20
22.0
 30
0.0
 41
-1.0
 50
180.0
  0
LINE
  5
111
330
2
100
AcDbEntity
  8
0
  6
Continuous
 62
     7
370
    15
100
AcDbLine
 10
2587.700000000001
 20
1751.5
 30
0.0
 11
2587.700000000001
 21
1740.0
 31
0.0
  0
LINE
  5
112
102
{ACAD_REACTORS
330
6D8
102
}
330
2
100
AcDbEntity
  8
0
  6
Continuous
 62
     7
370
    15
100
AcDbLine
 10
2587.700000000001
 20
1740.0
 30
0.0
 11
2557.5
 21
1740.0
 31
0.0
  0
LINE
  5
113
330
2
100
AcDbEntity
  8
0
  6
Continuous
 62
     7
370
    15
100
AcDbLine
 10
2557.5
 20
1747.0
 30
0.0
 11
2557.5
 21
1740.0
 31
0.0
  0
LINE
  5
114
330
2
100
AcDbEntity
  8
0
  6
Continuous
 62
     7
370
    15
100
AcDbLine
 10
2556.5
 20
1748.0
 30
0.0
 11
2550.499999999999
 21
1748.0
 31
0.0
  0
LINE
  5
115
330
2
100
AcDbEntity
  8
0
  6
Continuous
 62
     7
370
    15
100
AcDbLine
 10
2549.5
 20
1747.0
 30
0.0
 11
2549.5
 21
1740.0
 31
0.0
  0
LINE
  5
116
330
2
100
AcDbEntity
  8
0
  6
Continuous
 62
     7
370
    15
100
AcDbLine
 10
2549.5
 20
1740.0
 30
0.0
 11
2465.5
 21
1740.0
 31
0.0
  0
LINE
  5
117
330
2
100
AcDbEntity
  8
0
  6
Continuous
 62
     7
370
    15
100
AcDbLine
 10
2465.5
 20
1740.0
 30
0.0
 11
2465.5
 21
0.0
 31
0.0
  0
LINE
  5
118
102
{ACAD_REACTORS
330
13B
330
431
102
}
330
2
100
AcDbEntity
  8
0
  6
Continuous
 62
     7
370
    15
100
AcDbLine
 10
2465.5
 20
0.0
 30
0.0
 11
2549.5
 21
0.0
 31
0.0
  0
LINE
  5
119
330
2
100
AcDbEntity
  8
0
  6
Continuous
 62
     7
370
    15
100
AcDbLine
 10
2549.5
 20
-7.0
 30
0.0
 11
2549.5
 21
0.0
 31
0.0
  0
LINE
  5
11A
330
2
100
AcDbEntity
  8
0
  6
Continuous
 62
     7
370
    15
100
AcDbLine
 10
2550.5
 20
-8.0
 30
0.0
 11
2556.5
 21
-8.0
 31
0.0
  0
LINE
  5
11B
330
2
100
AcDbEntity
  8
0
  6
Continuous
 62
     7
370
    15
100
AcDbLine
 10
2557.5
 20
-7.0
 30
0.0
 11
2557.5
 21
0.0
 31
0.0
  0
LINE
  5
11C
330
2
100
AcDbEntity
  8
0
  6
Continuous
 62
     7
370
    15
100
AcDbLine
 10
2557.5
 20
0.0
 30
0.0
 11
2587.700000000001
 21
0.0
 31
0.0
  0
LINE
  5
11D
102
{ACAD_REACTORS
330
431
102
}
330
2
100
AcDbEntity
  8
0
  6
Continuous
 62
     7
370
    15
100
AcDbLine
 10
2587.700000000001
 20
0.0
 30
0.0
 11
2587.700000000001
 21
-11.5
 31
0.0
  0
LINE
  5
11E
330
2
100
AcDbEntity
  8
0
  6
Continuous
 62
     7
370
    15
100
AcDbLine
 10
2589.200000000001
 20
-13.0
 30
0.0
 11
2613.700000000001
 21
-13.0
 31
0.0
  0
LINE
  5
11F
102
{ACAD_REACTORS
330
442
102
}
330
2
100
AcDbEntity
  8
0
  6
Continuous
 62
     7
370
    15
100
AcDbLine
 10
2615.200000000001
 20
-11.5
 30
0.0
 11
2615.200000000001
 21
7.0
 31
0.0
  0
LINE
  5
120
330
2
100
AcDbEntity
  8
0
  6
Continuous
 62
     7
370
    15
100
AcDbLine
 10
2615.200000000001
 20
7.0
 30
0.0
 11
2656.0
 21
7.0
 31
0.0
  0
LINE
  5
121
330
2
100
AcDbEntity
  8
0
  6
Continuous
 62
     7
370
    15
100
AcDbLine
 10
2656.0
 20
0.0
 30
0.0
 11
2656.0
 21
7.0
 31
0.0
  0
LINE
  5
122
330
2
100
AcDbEntity
  8
0
  6
Continuous
 62
     7
370
    15
100
AcDbLine
 10
2657.0
 20
-1.0
 30
0.0
 11
2663.0
 21
-1.0
 31
0.0
  0
LINE
  5
123
330
2
100
AcDbEntity
  8
0
  6
Continuous
 62
     7
370
    15
100
AcDbLine
 10
2664.0
 20
0.0
 30
0.0
 11
2664.0
 21
7.0
 31
0.0
  0
LINE
  5
124
330
2
100
AcDbEntity
  8
0
  6
Continuous
 62
     7
370
    15
100
AcDbLine
 10
2664.0
 20
7.0
 30
0.0
 11
2754.5
 21
7.0
 31
0.0
  0
LINE
  5
125
102
{ACAD_REACTORS
330
158
102
}
330
2
100
AcDbEntity
  8
0
  6
Continuous
 62
     7
370
    15
100
AcDbLine
 10
2754.5
 20
1733.0
 30
0.0
 11
2754.5
 21
7.0
 31
0.0
  0
LINE
  5
126
330
2
100
AcDbEntity
  8
0
  6
Continuous
 62
     7
370
    15
100
AcDbLine
 10
2754.5
 20
1733.0
 30
0.0
 11
2664.0
 21
1733.0
 31
0.0
  0
LINE
  5
127
330
2
100
AcDbEntity
  8
0
  6
Continuous
 62
     7
370
    15
100
AcDbLine
 10
2664.0
 20
1740.0
 30
0.0
 11
2664.0
 21
1733.0
 31
0.0
  0
LINE
  5
128
330
2
100
AcDbEntity
  8
0
  6
Continuous
 62
     7
370
    15
100
AcDbLine
 10
2663.0
 20
1741.0
 30
0.0
 11
2657.0
 21
1741.0
 31
0.0
  0
LINE
  5
129
330
2
100
AcDbEntity
  8
0
  6
Continuous
 62
     7
370
    15
100
AcDbLine
 10
2656.0
 20
1740.0
 30
0.0
 11
2656.0
 21
1733.0
 31
0.0
  0
LINE
  5
12A
330
2
100
AcDbEntity
  8
0
  6
Continuous
 62
     7
370
    15
100
AcDbLine
 10
2656.0
 20
1733.0
 30
0.0
 11
2615.200000000001
 21
1733.0
 31
0.0
  0
LINE
  5
12B
102
{ACAD_REACTORS
330
6D8
102
}
330
2
100
AcDbEntity
  8
0
  6
Continuous
 62
     7
370
    15
100
AcDbLine
 10
2615.200000000001
 20
1733.0
 30
0.0
 11
2615.200000000001
 21
1751.5
 31
0.0
  0
LINE
  5
12C
330
2
100
AcDbEntity
  8
0
  6
Continuous
 62
     7
370
    15
100
AcDbLine
 10
2589.200000000001
 20
1753.0
 30
0.0
 11
2613.700000000001
 21
1753.0
 31
0.0
  0
ARC
  5
12D
330
2
100
AcDbEntity
  8
0
  6
Continuous
 62
     7
370
    15
100
AcDbCircle
 10
2589.200000000001
 20
1751.5
 30
0.0
 40
1.50000000000046
100
AcDbArc
 50
90.0
 51
180.0
  0
ARC
  5
12E
330
2
100
AcDbEntity
  8
0
  6
Continuous
 62
     7
370
    15
100
AcDbCircle
 10
2556.5
 20
1747.0
 30
0.0
 40
1.000000000000227
100
AcDbArc
 50
0.0
 51
90.0
  0
ARC
  5
12F
330
2
100
AcDbEntity
  8
0
  6
Continuous
 62
     7
370
    15
100
AcDbCircle
 10
2550.499999999999
 20
1747.0
 30
0.0
 40
1.0
100
AcDbArc
 50
90.0
 51
180.0
  0
ARC
  5
130
330
2
100
AcDbEntity
  8
0
  6
Continuous
 62
     7
370
    15
100
AcDbCircle
 10
2550.5
 20
-7.0
 30
0.0
 40
0.9999999999999218
100
AcDbArc
 50
180.0
 51
270.0
  0
ARC
  5
131
330
2
100
AcDbEntity
  8
0
  6
Continuous
 62
     7
370
    15
100
AcDbCircle
 10
2556.5
 20
-7.0
 30
0.0
 40
1.0000000000002
100
AcDbArc
 50
270.0
 51
0.0
  0
ARC
  5
132
330
2
100
AcDbEntity
  8
0
  6
Continuous
 62
     7
370
    15
100
AcDbCircle
 10
2589.200000000001
 20
-11.5
 30
0.0
 40
1.499999999999908
100
AcDbArc
 50
180.0
 51
270.0
  0
ARC
  5
133
330
2
100
AcDbEntity
  8
0
  6
Continuous
 62
     7
370
    15
100
AcDbCircle
 10
2613.700000000001
 20
-11.5
 30
0.0
 40
1.500000000000119
100
AcDbArc
 50
270.0
 51
0.0
  0
ARC
  5
134
330
2
100
AcDbEntity
  8
0
  6
Continuous
 62
     7
370
    15
100
AcDbCircle
 10
2657.0
 20
0.0
 30
0.0
 40
1.000000000000154
100
AcDbArc
 50
180.0
 51
270.0
  0
ARC
  5
135
330
2
100
AcDbEntity
  8
0
  6
Continuous
 62
     7
370
    15
100
AcDbCircle
 10
2663.0
 20
0.0
 30
0.0
 40
0.9999999999997726
100
AcDbArc
 50
270.0
 51
0.0
  0
ARC
  5
136
330
2
100
AcDbEntity
  8
0
  6
Continuous
 62
     7
370
    15
100
AcDbCircle
 10
2663.0
 20
1740.0
 30
0.0
 40
1.000000000000026
100
AcDbArc
 50
0.0
 51
90.0
  0
ARC
  5
137
330
2
100
AcDbEntity
  8
0
  6
Continuous
 62
     7
370
    15
100
AcDbCircle
 10
2657.0
 20
1740.0
 30
0.0
 40
0.9999999999998864
100
AcDbArc
 50
90.0
 51
180.0
  0
ARC
  5
138
330
2
100
AcDbEntity
  8
0
  6
Continuous
 62
     7
370
    15
100
AcDbCircle
 10
2613.700000000001
 20
1751.5
 30
0.0
 40
1.500000000000055
100
AcDbArc
 50
0.0
 51
90.0
  0
DIMENSION
  5
139
102
{ACAD_XDICTIONARY
360
13A
102
}
102
{ACAD_REACTORS
330
13B
102
}
330
2
100
AcDbEntity
  8
标注层
100
AcDbDimension
280
     0
  2
*D55
 10
2291.946335092827
 20
0.0000000000000492
 30
0.0
 11
2263.89634420741
 21
870.0000000000002
 31
0.0
 71
     5
 42
1740.0
 73
     0
 74
     0
 75
     0
  3
ISO-25$0
100
AcDbAlignedDimension
 13
2465.5
 23
1740.0
 33
0.0
 14
2465.5
 24
0.0
 34
0.0
 50
90.0
100
AcDbRotatedDimension
1001
ACAD
1000
DSTYLE
1002
{
1070
   178
1070
     7
1070
   140
1040
50.0
1002
}
  0
LWPOLYLINE
  5
148
330
2
100
AcDbEntity
  8
0
 62
     7
100
AcDbPolyline
 90
        4
 70
     1
 43
0.0
 10
2550.250048828126
 20
835.0
 10
2584.750048828126
 20
835.0
 10
2584.750048828126
 20
797.0
 10
2550.250048828126
 20
797.0
  0
DIMENSION
  5
149
330
2
100
AcDbEntity
  8
标注层
100
AcDbDimension
280
     0
  2
*D10
 10
2377.473167546414
 20
816.0
 30
0.0
 11
2354.423176660997
 21
408.0000000000002
 31
0.0
 71
     5
 42
816.0
 73
     0
 74
     0
 75
     0
  3
ISO-25$0
100
AcDbAlignedDimension
 13
2465.5
 23
0.0
 33
0.0
 14
2550.250048828126
 24
816.0
 34
0.0
 50
270.0
100
AcDbRotatedDimension
1001
ACAD
1000
DSTYLE
1002
{
1070
   140
1040
40.0
1070
   178
1070
     7
1002
}
  0
DIMENSION
  5
156
102
{ACAD_XDICTIONARY
360
157
102
}
102
{ACAD_REACTORS
330
158
102
}
330
2
100
AcDbEntity
  8
标注层
100
AcDbDimension
280
     0
  2
*D56
 10
2870.505328903004
 20
6.999999999999968
 30
0.0
 11
2842.455338017587
 21
870.0000000000002
 31
0.0
 71
     5
 42
1726.0
 73
     0
 74
     0
 75
     0
  3
ISO-25$0
100
AcDbAlignedDimension
 13
2754.5
 23
1733.0
 33
0.0
 14
2754.5
 24
7.0
 34
0.0
 50
90.0
100
AcDbRotatedDimension
1001
ACAD
1000
DSTYLE
1002
{
1070
   140
1040
50.0
1070
   178
1070
     7
1002
}
  0
LINE
  5
165
102
{ACAD_REACTORS
330
3C4
102
}
330
2
100
AcDbEntity
  8
标注层
  6
ACAD_ISO02W100
 62
     5
100
AcDbLine
 10
2478.5
 20
0.0
 30
0.0
 11
2478.5
 21
1740.0
 31
0.0
  0
LINE
  5
166
102
{ACAD_REACTORS
330
3D5
330
431
102
}
330
2
100
AcDbEntity
  8
标注层
  6
ACAD_ISO02W100
 62
     5
100
AcDbLine
 10
2528.5
 20
0.0
 30
0.0
 11
2528.5
 21
1740.0
 31
0.0
  0
LINE
  5
167
102
{ACAD_REACTORS
330
3B5
102
}
330
2
100
AcDbEntity
  8
标注层
  6
ACAD_ISO02W100
 62
     6
100
AcDbLine
 10
2631.5
 20
7.0
 30
0.0
 11
2631.5
 21
1733.0
 31
0.0
  0
LINE
  5
168
102
{ACAD_REACTORS
330
3E4
102
}
330
2
100
AcDbEntity
  8
标注层
  6
ACAD_ISO02W100
 62
     5
100
AcDbLine
 10
2651.5
 20
7.0
 30
0.0
 11
2651.5
 21
1733.0
 31
0.0
  0
LINE
  5
169
102
{ACAD_REACTORS
330
3F3
102
}
330
2
100
AcDbEntity
  8
标注层
  6
ACAD_ISO02W100
 62
     5
100
AcDbLine
 10
2671.5
 20
7.0
 30
0.0
 11
2671.5
 21
1733.0
 31
0.0
  0
LINE
  5
16A
102
{ACAD_REACTORS
330
404
102
}
330
2
100
AcDbEntity
  8
标注层
  6
ACAD_ISO02W100
 62
     5
100
AcDbLine
 10
2741.5
 20
7.0
 30
0.0
 11
2741.5
 21
1733.0
 31
0.0
  0
INSERT
  5
16B
330
2
100
AcDbEntity
  8
Cutting
100
AcDbBlockReference
  2
GK1
 10
2471.5
 20
30.0
 30
0.0
  0
INSERT
  5
171
330
2
100
AcDbEntity
  8
Cutting
100
AcDbBlockReference
  2
GK1
 10
2471.5
 20
1710.0
 30
0.0
  0
INSERT
  5
172
330
2
100
AcDbEntity
  8
Cutting
100
AcDbBlockReference
  2
GK1
 10
2471.5
 20
870.0
 30
0.0
  0
INSERT
  5
173
330
2
100
AcDbEntity
  8
Cutting
100
AcDbBlockReference
  2
GK1
 10
2748.5
 20
22.0
 30
0.0
  0
INSERT
  5
174
330
2
100
AcDbEntity
  8
Cutting
100
AcDbBlockReference
  2
GK1
 10
2748.5
 20
1718.0
 30
0.0
  0
INSERT
  5
175
330
2
100
AcDbEntity
  8
Cutting
100
AcDbBlockReference
  2
GK1
 10
2748.5
 20
870.0
 30
0.0
  0
DIMENSION
  5
176
330
2
100
AcDbEntity
  8
绘图层
100
AcDbDimension
280
     0
  2
*D98
 10
4949.48865186557
 20
2162.52298714469
 30
0.0
 11
4921.98865186557
 21
2175.572978030107
 31
0.0
 70
    32
 71
     5
 42
55.0
 73
     0
 74
     0
 75
     0
  3
ISO-25$0
100
AcDbAlignedDimension
 13
4894.488651865569
 23
2135.672225480336
 33
0.0
 14
4949.48865186557
 24
2135.672225480336
 34
0.0
100
AcDbRotatedDimension
1001
ACAD
1000
DSTYLE
1002
{
1070
   178
1070
     7
1002
}
  0
DIMENSION
  5
183
330
2
100
AcDbEntity
  8
绘图层
100
AcDbDimension
280
     0
  2
*D99
 10
4874.488651865569
 20
1964.056806052551
 30
0.0
 11
4911.98865186557
 21
1977.106796937967
 31
0.0
 70
    32
 71
     5
 42
75.0
 73
     0
 74
     0
 75
     0
  3
ISO-25$0
100
AcDbAlignedDimension
 13
4949.48865186557
 23
2008.672225480331
 33
0.0
 14
4874.488651865569
 24
2008.672225480331
 34
0.0
100
AcDbRotatedDimension
1001
ACAD
1000
DSTYLE
1002
{
1070
   178
1070
     7
1002
}
  0
DIMENSION
  5
190
330
2
100
AcDbEntity
  8
绘图层
100
AcDbDimension
280
     0
  2
*D100
 10
4845.919048319034
 20
2045.672225480333
 30
0.0
 11
4832.869057433617
 21
2027.172225480331
 31
0.0
 70
    32
 71
     5
 42
37.00000000000114
 73
     0
 74
     0
 75
     0
  3
ISO-25$0
100
AcDbAlignedDimension
 13
4874.488651865569
 23
2008.672225480331
 33
0.0
 14
4874.488651865569
 24
2045.672225480332
 34
0.0
 50
90.0
100
AcDbRotatedDimension
1001
ACAD
1000
DSTYLE
1002
{
1070
   178
1070
     7
1002
}
  0
DIMENSION
  5
19D
330
2
100
AcDbEntity
  8
绘图层
100
AcDbDimension
280
     0
  2
*D101
 10
4845.919048319034
 20
2135.672225480337
 30
0.0
 11
4832.869057433618
 21
2090.672225480333
 31
0.0
 70
    32
 71
     5
 42
90.00000000000387
 73
     0
 74
     0
 75
     0
  3
ISO-25$0
100
AcDbAlignedDimension
 13
4874.488651865569
 23
2045.672225480332
 33
0.0
 14
4894.488651865569
 24
2135.672225480336
 34
0.0
 50
90.0
100
AcDbRotatedDimension
1001
ACAD
1000
DSTYLE
1002
{
1070
   178
1070
     7
1002
}
  0
DIMENSION
  5
1AA
330
2
100
AcDbEntity
  8
绘图层
100
AcDbDimension
280
     0
  2
*D102
 10
4799.852124390411
 20
2008.672225480332
 30
0.0
 11
4786.802133504994
 21
2072.172225480332
 31
0.0
 70
    32
 71
     5
 42
127.000000000005
 73
     0
 74
     0
 75
     0
  3
ISO-25$0
100
AcDbAlignedDimension
 13
4894.488651865569
 23
2135.672225480336
 33
0.0
 14
4874.488651865569
 24
2008.672225480331
 34
0.0
 50
90.0
100
AcDbRotatedDimension
1001
ACAD
1000
DSTYLE
1002
{
1070
   178
1070
     7
1002
}
  0
DIMENSION
  5
1B7
330
2
100
AcDbEntity
  8
标注层
100
AcDbDimension
280
     0
  2
*D57
 10
2528.5
 20
873.9653329031861
 30
0.0
 11
2548.400024414063
 21
873.9653329031861
 31
0.0
 70
   128
 71
     5
 42
39.00004882812618
 73
     0
 74
     0
 75
     0
  3
ISO-25$0
100
AcDbAlignedDimension
 13
2567.500048828126
 23
835.0
 33
0.0
 14
2528.5
 24
835.0
 34
0.0
100
AcDbRotatedDimension
1001
ACAD
1000
DSTYLE
1002
{
1070
   178
1070
     7
1002
}
  0
LWPOLYLINE
  5
1C4
330
2
100
AcDbEntity
  8
绘图层
100
AcDbPolyline
 90
       10
 70
     0
 43
0.0
 10
4949.48865186557
 20
2120.672225480335
 10
4949.48865186557
 20
2135.672225480336
 10
4894.488651865569
 20
2135.672225480336
 10
4894.488651865569
 20
2035.672225480332
 10
4886.488651865569
 20
2035.672225480332
 10
4886.488651865569
 20
2045.672225480332
 10
4874.488651865569
 20
2045.672225480332
 10
4874.488651865569
 20
2008.672225480331
 10
4949.48865186557
 20
2008.672225480331
 10
4949.48865186557
 20
2025.672225480332
  0
LWPOLYLINE
  5
1C5
330
2
100
AcDbEntity
  8
绘图层
 62
     6
100
AcDbPolyline
 90
       10
 70
     0
 43
0.0
 10
4949.188651865568
 20
2120.672225480335
 10
4949.188651865568
 20
2135.372225480333
 10
4894.78865186557
 20
2135.372225480333
 10
4894.78865186557
 20
2035.372225480329
 10
4886.18865186557
 20
2035.372225480329
 10
4886.18865186557
 20
2045.372225480329
 10
4874.78865186557
 20
2045.372225480329
 10
4874.78865186557
 20
2008.972225480331
 10
4949.188651865568
 20
2008.972225480331
 10
4949.188651865568
 20
2025.672225480332
  0
LWPOLYLINE
  5
1C6
330
2
100
AcDbEntity
  8
绘图层
100
AcDbPolyline
 90
       10
 70
     0
 43
0.0
 10
4948.68865186557
 20
2120.672225480335
 10
4948.68865186557
 20
2134.872225480332
 10
4895.28865186557
 20
2134.872225480332
 10
4895.28865186557
 20
2034.872225480329
 10
4885.688651865569
 20
2034.872225480329
 10
4885.688651865569
 20
2044.872225480329
 10
4875.28865186557
 20
2044.872225480329
 10
4875.28865186557
 20
2009.472225480331
 10
4948.68865186557
 20
2009.472225480331
 10
4948.68865186557
 20
2025.672225480332
  0
LWPOLYLINE
  5
1C7
330
2
100
AcDbEntity
  8
绘图层
 62
     6
100
AcDbPolyline
 90
       10
 70
     0
 43
0.0
 10
4948.988651865569
 20
2120.672225480335
 10
4948.988651865569
 20
2135.172225480335
 10
4894.98865186557
 20
2135.172225480335
 10
4894.98865186557
 20
2035.172225480332
 10
4885.988651865569
 20
2035.172225480332
 10
4885.988651865569
 20
2045.172225480332
 10
4874.988651865569
 20
2045.172225480332
 10
4874.988651865569
 20
2009.172225480332
 10
4948.988651865569
 20
2009.172225480332
 10
4948.988651865569
 20
2025.672225480332
  0
LINE
  5
1C8
102
{ACAD_REACTORS
330
1EE
102
}
330
2
100
AcDbEntity
  8
绘图层
100
AcDbLine
 10
5423.081738002948
 20
2035.672225480332
 30
0.0
 11
5408.081738002948
 21
2035.672225480332
 31
0.0
  0
LINE
  5
1C9
330
2
100
AcDbEntity
  8
绘图层
100
AcDbLine
 10
5409.081738002948
 20
2035.672225480332
 30
0.0
 11
5354.081738002947
 21
2035.672225480332
 31
0.0
  0
LINE
  5
1CA
330
2
100
AcDbEntity
  8
绘图层
100
AcDbLine
 10
5355.081738002948
 20
2035.672225480332
 30
0.0
 11
5255.081738002944
 21
2035.672225480332
 31
0.0
  0
LINE
  5
1CB
330
2
100
AcDbEntity
  8
绘图层
100
AcDbLine
 10
5254.481738002943
 20
2035.672225480332
 30
0.0
 11
5246.481738002943
 21
2035.672225480332
 31
0.0
  0
LINE
  5
1CC
330
2
100
AcDbEntity
  8
绘图层
100
AcDbLine
 10
5245.881738002942
 20
2035.672225480332
 30
0.0
 11
5235.881738002941
 21
2035.672225480332
 31
0.0
  0
LINE
  5
1CD
330
2
100
AcDbEntity
  8
绘图层
100
AcDbLine
 10
5236.881738002942
 20
2035.672225480332
 30
0.0
 11
5224.881738002942
 21
2035.672225480332
 31
0.0
  0
LINE
  5
1CE
330
2
100
AcDbEntity
  8
绘图层
100
AcDbLine
 10
5225.881738002941
 20
2035.672225480332
 30
0.0
 11
5188.881738002942
 21
2035.672225480332
 31
0.0
  0
LINE
  5
1CF
330
2
100
AcDbEntity
  8
绘图层
100
AcDbLine
 10
5189.881738002942
 20
2035.672225480332
 30
0.0
 11
5114.881738002941
 21
2035.672225480332
 31
0.0
  0
LINE
  5
1D0
102
{ACAD_REACTORS
330
1EE
102
}
330
2
100
AcDbEntity
  8
绘图层
100
AcDbLine
 10
5115.881738002941
 20
2035.672225480332
 30
0.0
 11
5098.881738002941
 21
2035.672225480332
 31
0.0
  0
LINE
  5
1D1
330
2
100
AcDbEntity
  8
绘图层
 62
     6
100
AcDbLine
 10
5423.081738002948
 20
2035.372225480329
 30
0.0
 11
5408.381738002948
 21
2035.372225480329
 31
0.0
  0
LINE
  5
1D2
330
2
100
AcDbEntity
  8
绘图层
 62
     6
100
AcDbLine
 10
5408.781738002947
 20
2035.372225480329
 30
0.0
 11
5354.381738002949
 21
2035.372225480329
 31
0.0
  0
LINE
  5
1D3
102
{ACAD_REACTORS
330
1FD
102
}
330
2
100
AcDbEntity
  8
绘图层
 62
     6
100
AcDbLine
 10
5354.781738002947
 20
2035.372225480329
 30
0.0
 11
5254.781738002943
 21
2035.372225480329
 31
0.0
  0
LINE
  5
1D4
330
2
100
AcDbEntity
  8
绘图层
 62
     6
100
AcDbLine
 10
5254.781738002943
 20
2035.372225480329
 30
0.0
 11
5246.181738002942
 21
2035.372225480329
 31
0.0
  0
LINE
  5
1D5
102
{ACAD_REACTORS
330
20C
102
}
330
2
100
AcDbEntity
  8
绘图层
 62
     6
100
AcDbLine
 10
5246.181738002942
 20
2035.372225480329
 30
0.0
 11
5236.181738002943
 21
2035.372225480329
 31
0.0
  0
LINE
  5
1D6
330
2
100
AcDbEntity
  8
绘图层
 62
     6
100
AcDbLine
 10
5236.581738002941
 20
2035.372225480329
 30
0.0
 11
5225.18173800294
 21
2035.372225480329
 31
0.0
  0
LINE
  5
1D7
330
2
100
AcDbEntity
  8
绘图层
 62
     6
100
AcDbLine
 10
5225.58173800294
 20
2035.372225480329
 30
0.0
 11
5189.18173800294
 21
2035.372225480329
 31
0.0
  0
LINE
  5
1D8
330
2
100
AcDbEntity
  8
绘图层
 62
     6
100
AcDbLine
 10
5189.581738002941
 20
2035.372225480329
 30
0.0
 11
5115.181738002942
 21
2035.372225480329
 31
0.0
  0
LINE
  5
1D9
330
2
100
AcDbEntity
  8
绘图层
 62
     6
100
AcDbLine
 10
5115.581738002941
 20
2035.372225480329
 30
0.0
 11
5098.881738002941
 21
2035.372225480329
 31
0.0
  0
LINE
  5
1DA
102
{ACAD_REACTORS
330
21D
102
}
330
2
100
AcDbEntity
  8
绘图层
100
AcDbLine
 10
5423.081738002948
 20
2034.872225480329
 30
0.0
 11
5408.881738002949
 21
2034.872225480329
 31
0.0
  0
LINE
  5
1DB
330
2
100
AcDbEntity
  8
绘图层
100
AcDbLine
 10
5408.281738002947
 20
2034.872225480329
 30
0.0
 11
5354.881738002948
 21
2034.872225480329
 31
0.0
  0
LINE
  5
1DC
330
2
100
AcDbEntity
  8
绘图层
100
AcDbLine
 10
5354.281738002947
 20
2034.872225480329
 30
0.0
 11
5254.281738002942
 21
2034.872225480329
 31
0.0
  0
LINE
  5
1DD
330
2
100
AcDbEntity
  8
绘图层
100
AcDbLine
 10
5255.281738002943
 20
2034.872225480329
 30
0.0
 11
5245.681738002943
 21
2034.872225480329
 31
0.0
  0
LINE
  5
1DE
330
2
100
AcDbEntity
  8
绘图层
100
AcDbLine
 10
5246.681738002942
 20
2034.872225480329
 30
0.0
 11
5236.681738002943
 21
2034.872225480329
 31
0.0
  0
LINE
  5
1DF
330
2
100
AcDbEntity
  8
绘图层
100
AcDbLine
 10
5236.08173800294
 20
2034.872225480329
 30
0.0
 11
5225.681738002942
 21
2034.872225480329
 31
0.0
  0
LINE
  5
1E0
330
2
100
AcDbEntity
  8
绘图层
100
AcDbLine
 10
5225.08173800294
 20
2034.872225480329
 30
0.0
 11
5189.681738002942
 21
2034.872225480329
 31
0.0
  0
LINE
  5
1E1
330
2
100
AcDbEntity
  8
绘图层
100
AcDbLine
 10
5189.08173800294
 20
2034.872225480329
 30
0.0
 11
5115.68173800294
 21
2034.872225480329
 31
0.0
  0
LINE
  5
1E2
330
2
100
AcDbEntity
  8
绘图层
100
AcDbLine
 10
5115.08173800294
 20
2034.872225480329
 30
0.0
 11
5098.881738002941
 21
2034.872225480329
 31
0.0
  0
LINE
  5
1E3
330
2
100
AcDbEntity
  8
绘图层
 62
     6
100
AcDbLine
 10
5423.081738002948
 20
2035.172225480332
 30
0.0
 11
5408.581738002947
 21
2035.172225480332
 31
0.0
  0
LINE
  5
1E4
102
{ACAD_REACTORS
330
21D
102
}
330
2
100
AcDbEntity
  8
绘图层
 62
     6
100
AcDbLine
 10
5408.581738002947
 20
2035.172225480332
 30
0.0
 11
5354.581738002948
 21
2035.172225480332
 31
0.0
  0
LINE
  5
1E5
102
{ACAD_REACTORS
330
22E
102
}
330
2
100
AcDbEntity
  8
绘图层
 62
     6
100
AcDbLine
 10
5354.581738002948
 20
2035.172225480332
 30
0.0
 11
5254.581738002944
 21
2035.172225480332
 31
0.0
  0
LINE
  5
1E6
330
2
100
AcDbEntity
  8
绘图层
 62
     6
100
AcDbLine
 10
5254.981738002943
 20
2035.172225480332
 30
0.0
 11
5245.981738002942
 21
2035.172225480332
 31
0.0
  0
LINE
  5
1E7
330
2
100
AcDbEntity
  8
绘图层
 62
     6
100
AcDbLine
 10
5246.381738002942
 20
2035.172225480332
 30
0.0
 11
5236.381738002942
 21
2035.172225480332
 31
0.0
  0
LINE
  5
1E8
102
{ACAD_REACTORS
330
23D
330
24C
102
}
330
2
100
AcDbEntity
  8
绘图层
 62
     6
100
AcDbLine
 10
5236.381738002942
 20
2035.172225480332
 30
0.0
 11
5225.381738002941
 21
2035.172225480332
 31
0.0
  0
LINE
  5
1E9
330
2
100
AcDbEntity
  8
绘图层
 62
     6
100
AcDbLine
 10
5225.381738002941
 20
2035.172225480332
 30
0.0
 11
5189.381738002942
 21
2035.172225480332
 31
0.0
  0
LINE
  5
1EA
102
{ACAD_REACTORS
330
25D
102
}
330
2
100
AcDbEntity
  8
绘图层
 62
     6
100
AcDbLine
 10
5189.381738002942
 20
2035.172225480332
 30
0.0
 11
5115.381738002941
 21
2035.172225480332
 31
0.0
  0
LINE
  5
1EB
102
{ACAD_REACTORS
330
26C
102
}
330
2
100
AcDbEntity
  8
绘图层
 62
     6
100
AcDbLine
 10
5115.381738002941
 20
2035.172225480332
 30
0.0
 11
5098.881738002941
 21
2035.172225480332
 31
0.0
  0
DIMENSION
  5
1EC
102
{ACAD_XDICTIONARY
360
1ED
102
}
102
{ACAD_REACTORS
330
1EE
102
}
330
2
100
AcDbEntity
  8
绘图层
100
AcDbDimension
280
     0
  2
*D103
 10
5423.081738002948
 20
2137.411974094561
 30
0.0
 11
5260.981738002945
 21
2150.461964979978
 31
0.0
 70
    32
 71
     5
 42
324.2000000000062
 73
     0
 74
     0
 75
     0
  3
ISO-25$0
100
AcDbAlignedDimension
 13
5098.881738002941
 23
2035.672225480332
 33
0.0
 14
5423.081738002948
 24
2035.672225480332
 34
0.0
100
AcDbRotatedDimension
1001
ACAD
1000
DSTYLE
1002
{
1070
   178
1070
     7
1002
}
  0
DIMENSION
  5
1FB
102
{ACAD_XDICTIONARY
360
1FC
102
}
102
{ACAD_REACTORS
330
1FD
102
}
330
2
100
AcDbEntity
  8
绘图层
100
AcDbDimension
280
     0
  2
*D104
 10
5423.081738002948
 20
2087.792099787446
 30
0.0
 11
5338.931738002945
 21
2100.842090672863
 31
0.0
 70
    32
 71
     5
 42
168.3000000000047
 73
     0
 74
     0
 75
     0
  3
ISO-25$0
100
AcDbAlignedDimension
 13
5254.781738002943
 23
2035.372225480329
 33
0.0
 14
5423.081738002948
 24
2035.672225480332
 34
0.0
100
AcDbRotatedDimension
1001
ACAD
1000
DSTYLE
1002
{
1070
   178
1070
     7
1002
}
  0
DIMENSION
  5
20A
102
{ACAD_XDICTIONARY
360
20B
102
}
102
{ACAD_REACTORS
330
20C
102
}
330
2
100
AcDbEntity
  8
绘图层
100
AcDbDimension
280
     0
  2
*D105
 10
5246.181738002942
 20
2087.792099787446
 30
0.0
 11
5203.020015273951
 21
2100.842090672863
 31
0.0
 70
    32
 71
     5
 42
8.600000000000363
 73
     0
 74
     0
 75
     0
  3
ISO-25$0
100
AcDbAlignedDimension
 13
5254.781738002943
 23
2035.372225480329
 33
0.0
 14
5246.181738002942
 24
2035.372225480329
 34
0.0
100
AcDbRotatedDimension
1001
ACAD
1000
DSTYLE
1002
{
1070
   178
1070
     7
1002
}
  0
DIMENSION
  5
21B
102
{ACAD_XDICTIONARY
360
21C
102
}
102
{ACAD_REACTORS
330
21D
102
}
330
2
100
AcDbEntity
  8
绘图层
100
AcDbDimension
280
     0
  2
*D106
 10
5423.081738002948
 20
1979.277369839161
 30
0.0
 11
5472.221114363225
 21
1992.327360724578
 31
0.0
 70
    32
 71
     5
 42
14.5
 73
     0
 74
     0
 75
     0
  3
ISO-25$0
100
AcDbAlignedDimension
 13
5408.581738002947
 23
2035.172225480332
 33
0.0
 14
5423.081738002948
 24
2034.872225480329
 34
0.0
100
AcDbRotatedDimension
1001
ACAD
1000
DSTYLE
1002
{
1070
   178
1070
     7
1002
}
  0
DIMENSION
  5
22C
102
{ACAD_XDICTIONARY
360
22D
102
}
102
{ACAD_REACTORS
330
22E
102
}
330
2
100
AcDbEntity
  8
绘图层
100
AcDbDimension
280
     0
  2
*D107
 10
5354.581738002948
 20
1979.277369839161
 30
0.0
 11
5381.581738002948
 21
1992.327360724578
 31
0.0
 70
    32
 71
     5
 42
54.0
 73
     0
 74
     0
 75
     0
  3
ISO-25$0
100
AcDbAlignedDimension
 13
5408.581738002947
 23
2035.172225480332
 33
0.0
 14
5354.581738002948
 24
2035.172225480332
 34
0.0
100
AcDbRotatedDimension
1001
ACAD
1000
DSTYLE
1002
{
1070
   178
1070
     7
1002
}
  0
DIMENSION
  5
23B
102
{ACAD_XDICTIONARY
360
23C
102
}
102
{ACAD_REACTORS
330
23D
102
}
330
2
100
AcDbEntity
  8
绘图层
100
AcDbDimension
280
     0
  2
*D108
 10
5236.381738002942
 20
1979.277369839161
 30
0.0
 11
5295.481738002944
 21
1992.327360724578
 31
0.0
 70
    32
 71
     5
 42
118.2000000000062
 73
     0
 74
     0
 75
     0
  3
ISO-25$0
100
AcDbAlignedDimension
 13
5354.581738002948
 23
2035.172225480332
 33
0.0
 14
5236.381738002942
 24
2035.172225480332
 34
0.0
100
AcDbRotatedDimension
1001
ACAD
1000
DSTYLE
1002
{
1070
   178
1070
     7
1002
}
  0
DIMENSION
  5
24A
102
{ACAD_XDICTIONARY
360
24B
102
}
102
{ACAD_REACTORS
330
24C
102
}
330
2
100
AcDbEntity
  8
绘图层
100
AcDbDimension
280
     0
  2
*D109
 10
5225.381738002941
 20
1979.277369839161
 30
0.0
 11
5230.881738002942
 21
1979.277369839161
 31
0.0
 70
   160
 71
     5
 42
11.0
 73
     0
 74
     0
 75
     0
  3
ISO-25$0
100
AcDbAlignedDimension
 13
5236.381738002942
 23
2035.172225480332
 33
0.0
 14
5225.381738002941
 24
2035.172225480332
 34
0.0
100
AcDbRotatedDimension
1001
ACAD
1000
DSTYLE
1002
{
1070
   178
1070
     7
1002
}
  0
DIMENSION
  5
25B
102
{ACAD_XDICTIONARY
360
25C
102
}
102
{ACAD_REACTORS
330
25D
102
}
330
2
100
AcDbEntity
  8
绘图层
100
AcDbDimension
280
     0
  2
*D110
 10
5189.381738002942
 20
1979.277369839161
 30
0.0
 11
5207.381738002942
 21
1992.327360724578
 31
0.0
 70
    32
 71
     5
 42
36.0
 73
     0
 74
     0
 75
     0
  3
ISO-25$0
100
AcDbAlignedDimension
 13
5225.381738002941
 23
2035.172225480332
 33
0.0
 14
5189.381738002942
 24
2035.172225480332
 34
0.0
100
AcDbRotatedDimension
1001
ACAD
1000
DSTYLE
1002
{
1070
   178
1070
     7
1002
}
  0
DIMENSION
  5
26A
102
{ACAD_XDICTIONARY
360
26B
102
}
102
{ACAD_REACTORS
330
26C
102
}
330
2
100
AcDbEntity
  8
绘图层
100
AcDbDimension
280
     0
  2
*D111
 10
5115.381738002941
 20
1979.277369839161
 30
0.0
 11
5152.381738002941
 21
1992.327360724578
 31
0.0
 70
    32
 71
     5
 42
74.0
 73
     0
 74
     0
 75
     0
  3
ISO-25$0
100
AcDbAlignedDimension
 13
5189.381738002942
 23
2035.172225480332
 33
0.0
 14
5115.381738002941
 24
2035.172225480332
 34
0.0
100
AcDbRotatedDimension
1001
ACAD
1000
DSTYLE
1002
{
1070
   178
1070
     7
1002
}
  0
DIMENSION
  5
279
102
{ACAD_XDICTIONARY
360
27A
102
}
102
{ACAD_REACTORS
330
27B
102
}
330
2
100
AcDbEntity
  8
标注层
100
AcDbDimension
280
     0
  2
*D112
 10
4890.576315665818
 20
1854.474966142799
 30
0.0
 11
4974.726315665817
 21
1867.524957028216
 31
0.0
 70
    32
 71
     5
 42
168.2999999999992
 73
     0
 74
     0
 75
     0
  3
ISO-25$0
100
AcDbAlignedDimension
 13
5058.876315665816
 23
1733.0
 33
0.0
 14
4890.576315665818
 24
1740.0
 34
0.0
100
AcDbRotatedDimension
1001
ACAD
1000
DSTYLE
1002
{
1070
   178
1070
     7
1002
}
  0
DIMENSION
  5
288
102
{ACAD_XDICTIONARY
360
289
102
}
102
{ACAD_REACTORS
330
28A
102
}
330
2
100
AcDbEntity
  8
标注层
100
AcDbDimension
280
     0
  2
*D113
 10
5067.476315665818
 20
1854.474966142799
 30
0.0
 11
5110.638038394809
 21
1867.524957028216
 31
0.0
 70
    32
 71
     5
 42
8.600000000000363
 73
     0
 74
     0
 75
     0
  3
ISO-25$0
100
AcDbAlignedDimension
 13
5058.876315665816
 23
1733.0
 33
0.0
 14
5067.476315665818
 24
1733.0
 34
0.0
100
AcDbRotatedDimension
1001
ACAD
1000
DSTYLE
1002
{
1070
   178
1070
     7
1002
}
  0
DIMENSION
  5
299
102
{ACAD_XDICTIONARY
360
29A
102
}
102
{ACAD_REACTORS
330
29B
102
}
330
2
100
AcDbEntity
  8
标注层
100
AcDbDimension
280
     0
  2
*D114
 10
4890.576315665818
 20
1799.696782550338
 30
0.0
 11
4841.43693930554
 21
1812.746773435755
 31
0.0
 70
    32
 71
     5
 42
14.5
 73
     0
 74
     0
 75
     0
  3
ISO-25$0
100
AcDbAlignedDimension
 13
4905.076315665818
 23
1740.0
 33
0.0
 14
4890.576315665818
 24
1740.0
 34
0.0
100
AcDbRotatedDimension
1001
ACAD
1000
DSTYLE
1002
{
1070
   178
1070
     7
1002
}
  0
DIMENSION
  5
2AA
102
{ACAD_XDICTIONARY
360
2AB
102
}
102
{ACAD_REACTORS
330
2AC
102
}
330
2
100
AcDbEntity
  8
标注层
100
AcDbDimension
280
     0
  2
*D115
 10
4959.076315665818
 20
1799.696782550338
 30
0.0
 11
4932.076315665818
 21
1812.746773435755
 31
0.0
 70
    32
 71
     5
 42
54.0
 73
     0
 74
     0
 75
     0
  3
ISO-25$0
100
AcDbAlignedDimension
 13
4905.076315665818
 23
1740.0
 33
0.0
 14
4959.076315665818
 24
1740.0
 34
0.0
100
AcDbRotatedDimension
1001
ACAD
1000
DSTYLE
1002
{
1070
   178
1070
     7
1002
}
  0
DIMENSION
  5
2B9
102
{ACAD_XDICTIONARY
360
2BA
102
}
102
{ACAD_REACTORS
330
2BB
102
}
330
2
100
AcDbEntity
  8
标注层
100
AcDbDimension
280
     0
  2
*D116
 10
5077.276315665819
 20
1799.696782550338
 30
0.0
 11
5018.176315665818
 21
1812.746773435755
 31
0.0
 70
    32
 71
     5
 42
118.2000000000007
 73
     0
 74
     0
 75
     0
  3
ISO-25$0
100
AcDbAlignedDimension
 13
4959.076315665818
 23
1740.0
 33
0.0
 14
5077.276315665819
 24
1733.0
 34
0.0
100
AcDbRotatedDimension
1001
ACAD
1000
DSTYLE
1002
{
1070
   178
1070
     7
1002
}
  0
DIMENSION
  5
2C8
102
{ACAD_XDICTIONARY
360
2C9
102
}
102
{ACAD_REACTORS
330
2CA
102
}
330
2
100
AcDbEntity
  8
标注层
100
AcDbDimension
280
     0
  2
*D117
 10
5088.276315665819
 20
1799.696782550338
 30
0.0
 11
5082.776315665818
 21
1799.696782550338
 31
0.0
 70
   160
 71
     5
 42
11.0
 73
     0
 74
     0
 75
     0
  3
ISO-25$0
100
AcDbAlignedDimension
 13
5077.276315665819
 23
1733.0
 33
0.0
 14
5088.276315665819
 24
1733.0
 34
0.0
100
AcDbRotatedDimension
1001
ACAD
1000
DSTYLE
1002
{
1070
   178
1070
     7
1002
}
  0
DIMENSION
  5
2D9
102
{ACAD_XDICTIONARY
360
2DA
102
}
102
{ACAD_REACTORS
330
2DB
102
}
330
2
100
AcDbEntity
  8
标注层
100
AcDbDimension
280
     0
  2
*D118
 10
5124.276315665818
 20
1799.696782550338
 30
0.0
 11
5106.276315665819
 21
1812.746773435755
 31
0.0
 70
    32
 71
     5
 42
36.0
 73
     0
 74
     0
 75
     0
  3
ISO-25$0
100
AcDbAlignedDimension
 13
5088.276315665819
 23
1733.0
 33
0.0
 14
5124.276315665818
 24
1733.0
 34
0.0
100
AcDbRotatedDimension
1001
ACAD
1000
DSTYLE
1002
{
1070
   178
1070
     7
1002
}
  0
DIMENSION
  5
2E8
102
{ACAD_XDICTIONARY
360
2E9
102
}
102
{ACAD_REACTORS
330
2EA
102
}
330
2
100
AcDbEntity
  8
标注层
100
AcDbDimension
280
     0
  2
*D119
 10
5198.276315665818
 20
1799.696782550338
 30
0.0
 11
5161.276315665818
 21
1812.746773435755
 31
0.0
 70
    32
 71
     5
 42
74.0
 73
     0
 74
     0
 75
     0
  3
ISO-25$0
100
AcDbAlignedDimension
 13
5124.276315665818
 23
1733.0
 33
0.0
 14
5198.276315665818
 24
1733.0
 34
0.0
100
AcDbRotatedDimension
1001
ACAD
1000
DSTYLE
1002
{
1070
   178
1070
     7
1002
}
  0
DIMENSION
  5
2F7
102
{ACAD_XDICTIONARY
360
2F8
102
}
102
{ACAD_REACTORS
330
2F9
102
}
330
2
100
AcDbEntity
  8
绘图层
100
AcDbDimension
280
     0
  2
*D33
 10
2312.051880538726
 20
2103.15766566318
 30
0.0
 11
2312.051880538726
 21
2114.657665663181
 31
0.0
 70
   128
 71
     5
 42
23.0
 73
     0
 74
     0
 75
     0
  3
ISO-25$0
100
AcDbAlignedDimension
 13
2352.004249309813
 23
2126.157665663181
 33
0.0
 14
2352.004249309813
 24
2103.15766566318
 34
0.0
 50
90.0
100
AcDbRotatedDimension
1001
ACAD
1000
DSTYLE
1002
{
1070
   178
1070
     7
1002
}
  0
DIMENSION
  5
308
330
2
100
AcDbEntity
  8
绘图层
100
AcDbDimension
280
     0
  2
*D4
 10
2312.051880538726
 20
2228.157665663192
 30
0.0
 11
2299.001889653309
 21
2177.157665663187
 31
0.0
 71
     5
 42
102.0000000000109
 73
     0
 74
     0
 75
     0
  3
ISO-25$0
100
AcDbAlignedDimension
 13
2352.004249309813
 23
2126.157665663181
 33
0.0
 14
2372.004249309805
 24
2228.157665663192
 34
0.0
 50
90.0
100
AcDbRotatedDimension
1001
ACAD
1000
DSTYLE
1002
{
1070
   178
1070
     7
1002
}
  0
DIMENSION
  5
315
330
2
100
AcDbEntity
  8
绘图层
100
AcDbDimension
280
     0
  2
*D5
 10
2270.359827671753
 20
2103.15766566318
 30
0.0
 11
2257.309836786336
 21
2165.657665663187
 31
0.0
 71
     5
 42
125.0000000000109
 73
     0
 74
     0
 75
     0
  3
ISO-25$0
100
AcDbAlignedDimension
 13
2372.004249309805
 23
2228.157665663192
 33
0.0
 14
2352.004249309813
 24
2103.15766566318
 34
0.0
 50
90.0
100
AcDbRotatedDimension
1001
ACAD
1000
DSTYLE
1002
{
1070
   178
1070
     7
1002
}
  0
LINE
  5
322
330
2
100
AcDbEntity
  8
0
100
AcDbLine
 10
2825.792426142336
 20
2126.157665663184
 30
0.0
 11
2811.792426142336
 21
2126.157665663184
 31
0.0
  0
LINE
  5
323
330
2
100
AcDbEntity
  8
0
100
AcDbLine
 10
2825.792426142336
 20
2124.157665663184
 30
0.0
 11
2813.792426142336
 21
2124.157665663184
 31
0.0
  0
LINE
  5
324
330
2
100
AcDbEntity
  8
0
 62
   250
100
AcDbLine
 10
2825.792426142336
 20
2125.157665663184
 30
0.0
 11
2812.792426142336
 21
2125.157665663184
 31
0.0
  0
LINE
  5
325
330
2
100
AcDbEntity
  8
0
100
AcDbLine
 10
2811.792426142336
 20
2124.157665663184
 30
0.0
 11
2763.792426142336
 21
2124.157665663184
 31
0.0
  0
LINE
  5
326
102
{ACAD_REACTORS
330
359
330
379
102
}
330
2
100
AcDbEntity
  8
0
 62
   250
100
AcDbLine
 10
2812.792426142336
 20
2125.157665663184
 30
0.0
 11
2762.792426142336
 21
2125.157665663184
 31
0.0
  0
LINE
  5
327
330
2
100
AcDbEntity
  8
0
100
AcDbLine
 10
2763.792426142335
 20
2126.157665663188
 30
0.0
 11
2660.792426142328
 21
2126.157665663184
 31
0.0
  0
LINE
  5
328
330
2
100
AcDbEntity
  8
0
100
AcDbLine
 10
2761.792426142335
 20
2124.157665663184
 30
0.0
 11
2658.792426142324
 21
2124.157665663184
 31
0.0
  0
LINE
  5
329
102
{ACAD_REACTORS
330
36A
102
}
330
2
100
AcDbEntity
  8
0
 62
   250
100
AcDbLine
 10
2762.792426142335
 20
2125.157665663184
 30
0.0
 11
2659.792426142326
 21
2125.157665663184
 31
0.0
  0
LINE
  5
32A
102
{ACAD_REACTORS
330
359
102
}
330
2
100
AcDbEntity
  8
0
100
AcDbLine
 10
2825.792426142336
 20
2124.157665663184
 30
0.0
 11
2825.792426142336
 21
2126.157665663184
 31
0.0
  0
LINE
  5
32B
330
2
100
AcDbEntity
  8
0
100
AcDbLine
 10
2548.792426142319
 20
2126.157665663195
 30
0.0
 11
2620.792426142318
 21
2126.157665663195
 31
0.0
  0
LINE
  5
32C
330
2
100
AcDbEntity
  8
0
100
AcDbLine
 10
2550.792426142319
 20
2124.157665663195
 30
0.0
 11
2618.792426142317
 21
2124.157665663195
 31
0.0
  0
LINE
  5
32D
102
{ACAD_REACTORS
330
388
102
}
330
2
100
AcDbEntity
  8
0
 62
   250
100
AcDbLine
 10
2549.792426142319
 20
2125.157665663195
 30
0.0
 11
2619.792426142317
 21
2125.157665663195
 31
0.0
  0
LINE
  5
32E
330
2
100
AcDbEntity
  8
0
100
AcDbLine
 10
2536.792426142319
 20
2126.157665663195
 30
0.0
 11
2550.792426142319
 21
2126.157665663195
 31
0.0
  0
LINE
  5
32F
330
2
100
AcDbEntity
  8
0
100
AcDbLine
 10
2536.792426142319
 20
2124.157665663195
 30
0.0
 11
2548.792426142319
 21
2124.157665663195
 31
0.0
  0
LINE
  5
330
102
{ACAD_REACTORS
330
399
102
}
330
2
100
AcDbEntity
  8
0
 62
   250
100
AcDbLine
 10
2536.792426142319
 20
2125.157665663195
 30
0.0
 11
2549.792426142319
 21
2125.157665663195
 31
0.0
  0
LINE
  5
331
102
{ACAD_REACTORS
330
33B
102
}
330
2
100
AcDbEntity
  8
0
100
AcDbLine
 10
2536.792426142319
 20
2124.157665663195
 30
0.0
 11
2536.792426142319
 21
2126.157665663195
 31
0.0
  0
LINE
  5
332
330
2
100
AcDbEntity
  8
0
100
AcDbLine
 10
2638.79242614233
 20
2126.157665663181
 30
0.0
 11
2658.792426142326
 21
2126.157665663184
 31
0.0
  0
LINE
  5
333
330
2
100
AcDbEntity
  8
0
100
AcDbLine
 10
2640.79242614233
 20
2124.157665663195
 30
0.0
 11
2660.792426142326
 21
2124.157665663181
 31
0.0
  0
LINE
  5
334
102
{ACAD_REACTORS
330
34A
330
379
102
}
330
2
100
AcDbEntity
  8
0
 62
   250
100
AcDbLine
 10
2639.79242614233
 20
2125.157665663195
 30
0.0
 11
2659.792426142326
 21
2125.157665663181
 31
0.0
  0
LINE
  5
335
330
2
100
AcDbEntity
  8
0
100
AcDbLine
 10
2640.792426142319
 20
2126.157665663195
 30
0.0
 11
2618.792426142317
 21
2126.157665663195
 31
0.0
  0
LINE
  5
336
330
2
100
AcDbEntity
  8
0
100
AcDbLine
 10
2638.79242614233
 20
2124.157665663195
 30
0.0
 11
2620.792426142315
 21
2124.157665663195
 31
0.0
  0
LINE
  5
337
102
{ACAD_REACTORS
330
388
330
399
102
}
330
2
100
AcDbEntity
  8
0
 62
   250
100
AcDbLine
 10
2639.79242614233
 20
2125.157665663195
 30
0.0
 11
2619.792426142317
 21
2125.157665663195
 31
0.0
  0
LINE
  5
338
330
2
100
AcDbEntity
  8
0
100
AcDbLine
 10
2761.792426142332
 20
2126.157665663184
 30
0.0
 11
2813.792426142336
 21
2126.157665663184
 31
0.0
  0
DIMENSION
  5
339
102
{ACAD_XDICTIONARY
360
33A
102
}
102
{ACAD_REACTORS
330
33B
102
}
330
2
100
AcDbEntity
  8
绘图层
100
AcDbDimension
280
     0
  2
*D34
 10
2825.792426142336
 20
2226.057259190064
 30
0.0
 11
2681.292426142328
 21
2239.10725007548
 31
0.0
 71
     5
 42
289.0000000000168
 73
     0
 74
     0
 75
     0
  3
ISO-25$0
100
AcDbAlignedDimension
 13
2536.792426142319
 23
2126.157665663195
 33
0.0
 14
2825.792426142336
 24
2126.157665663195
 34
0.0
100
AcDbRotatedDimension
1001
ACAD
1000
DSTYLE
1002
{
1070
   178
1070
     7
1002
}
  0
DIMENSION
  5
348
102
{ACAD_XDICTIONARY
360
349
102
}
102
{ACAD_REACTORS
330
34A
102
}
330
2
100
AcDbEntity
  8
绘图层
100
AcDbDimension
280
     0
  2
*D35
 10
2825.792426142336
 20
2177.35746242663
 30
0.0
 11
2742.792426142331
 21
2190.407453312046
 31
0.0
 71
     5
 42
166.00000000001
 73
     0
 74
     0
 75
     0
  3
ISO-25$0
100
AcDbAlignedDimension
 13
2659.792426142326
 23
2125.157665663181
 33
0.0
 14
2825.792426142336
 24
2126.157665663195
 34
0.0
100
AcDbRotatedDimension
1001
ACAD
1000
DSTYLE
1002
{
1070
   178
1070
     7
1002
}
  0
DIMENSION
  5
357
102
{ACAD_XDICTIONARY
360
358
102
}
102
{ACAD_REACTORS
330
359
102
}
330
2
100
AcDbEntity
  8
绘图层
100
AcDbDimension
280
     0
  2
*D36
 10
2825.792426142336
 20
2076.924924778963
 30
0.0
 11
2860.564639249975
 21
2089.97491566438
 31
0.0
 71
     5
 42
13.0
 73
     0
 74
     0
 75
     0
  3
ISO-25$0
100
AcDbAlignedDimension
 13
2812.792426142336
 23
2125.157665663184
 33
0.0
 14
2825.792426142336
 24
2124.157665663184
 34
0.0
100
AcDbRotatedDimension
1001
ACAD
1000
DSTYLE
1002
{
1070
   178
1070
     7
1002
}
  0
DIMENSION
  5
368
102
{ACAD_XDICTIONARY
360
369
102
}
102
{ACAD_REACTORS
330
36A
102
}
330
2
100
AcDbEntity
  8
绘图层
100
AcDbDimension
280
     0
  2
*D37
 10
2762.792426142335
 20
2076.924924778963
 30
0.0
 11
2787.792426142336
 21
2089.97491566438
 31
0.0
 71
     5
 42
50.00000000000091
 73
     0
 74
     0
 75
     0
  3
ISO-25$0
100
AcDbAlignedDimension
 13
2812.792426142336
 23
2125.157665663184
 33
0.0
 14
2762.792426142335
 24
2125.157665663184
 34
0.0
100
AcDbRotatedDimension
1001
ACAD
1000
DSTYLE
1002
{
1070
   178
1070
     7
1002
}
  0
DIMENSION
  5
377
102
{ACAD_XDICTIONARY
360
378
102
}
102
{ACAD_REACTORS
330
379
102
}
330
2
100
AcDbEntity
  8
绘图层
100
AcDbDimension
280
     0
  2
*D38
 10
2639.79242614233
 20
2076.924924778963
 30
0.0
 11
2701.292426142333
 21
2089.97491566438
 31
0.0
 71
     5
 42
123.0000000000063
 73
     0
 74
     0
 75
     0
  3
ISO-25$0
100
AcDbAlignedDimension
 13
2762.792426142336
 23
2125.157665663184
 33
0.0
 14
2639.79242614233
 24
2125.157665663195
 34
0.0
100
AcDbRotatedDimension
1001
ACAD
1000
DSTYLE
1002
{
1070
   178
1070
     7
1002
}
  0
DIMENSION
  5
386
102
{ACAD_XDICTIONARY
360
387
102
}
102
{ACAD_REACTORS
330
388
102
}
330
2
100
AcDbEntity
  8
绘图层
100
AcDbDimension
280
     0
  2
*D39
 10
2619.792426142317
 20
2076.924924778963
 30
0.0
 11
2629.792426142323
 21
2076.924924778963
 31
0.0
 70
   128
 71
     5
 42
20.00000000001228
 73
     0
 74
     0
 75
     0
  3
ISO-25$0
100
AcDbAlignedDimension
 13
2639.79242614233
 23
2125.157665663195
 33
0.0
 14
2619.792426142317
 24
2125.157665663195
 34
0.0
100
AcDbRotatedDimension
1001
ACAD
1000
DSTYLE
1002
{
1070
   178
1070
     7
1002
}
  0
DIMENSION
  5
397
102
{ACAD_XDICTIONARY
360
398
102
}
102
{ACAD_REACTORS
330
399
102
}
330
2
100
AcDbEntity
  8
绘图层
100
AcDbDimension
280
     0
  2
*D40
 10
2549.792426142319
 20
2076.924924778963
 30
0.0
 11
2584.792426142318
 21
2089.97491566438
 31
0.0
 71
     5
 42
69.99999999999772
 73
     0
 74
     0
 75
     0
  3
ISO-25$0
100
AcDbAlignedDimension
 13
2619.792426142317
 23
2125.157665663195
 33
0.0
 14
2549.792426142319
 24
2125.157665663195
 34
0.0
100
AcDbRotatedDimension
1001
ACAD
1000
DSTYLE
1002
{
1070
   178
1070
     7
1002
}
  0
DIMENSION
  5
3A6
330
2
100
AcDbEntity
  8
标注层
100
AcDbDimension
280
     0
  2
*D6
 10
2754.5
 20
1877.64215493451
 30
0.0
 11
2610.0
 21
1890.692145819927
 31
0.0
 71
     5
 42
289.0000000000005
 73
     0
 74
     0
 75
     0
  3
ISO-25$0
100
AcDbAlignedDimension
 13
2465.5
 23
1740.0
 33
0.0
 14
2754.5
 24
1733.0
 34
0.0
100
AcDbRotatedDimension
1001
ACAD
1000
DSTYLE
1002
{
1070
   178
1070
     7
1002
}
  0
DIMENSION
  5
3B3
102
{ACAD_XDICTIONARY
360
3B4
102
}
102
{ACAD_REACTORS
330
3B5
102
}
330
2
100
AcDbEntity
  8
标注层
100
AcDbDimension
280
     0
  2
*D41
 10
2631.5
 20
1840.786928043686
 30
0.0
 11
2548.5
 21
1853.836918929103
 31
0.0
 71
     5
 42
166.0
 73
     0
 74
     0
 75
     0
  3
ISO-25$0
100
AcDbAlignedDimension
 13
2465.5
 23
1740.0
 33
0.0
 14
2631.5
 24
1733.0
 34
0.0
100
AcDbRotatedDimension
1001
ACAD
1000
DSTYLE
1002
{
1070
   178
1070
     7
1002
}
  0
DIMENSION
  5
3C2
102
{ACAD_XDICTIONARY
360
3C3
102
}
102
{ACAD_REACTORS
330
3C4
102
}
330
2
100
AcDbEntity
  8
标注层
100
AcDbDimension
280
     0
  2
*D42
 10
2465.5
 20
1791.643464021843
 30
0.0
 11
2430.727786892362
 21
1804.69345490726
 31
0.0
 71
     5
 42
13.0
 73
     0
 74
     0
 75
     0
  3
ISO-25$0
100
AcDbAlignedDimension
 13
2478.5
 23
1740.0
 33
0.0
 14
2465.5
 24
1740.0
 34
0.0
100
AcDbRotatedDimension
1001
ACAD
1000
DSTYLE
1002
{
1070
   178
1070
     7
1002
}
  0
DIMENSION
  5
3D3
102
{ACAD_XDICTIONARY
360
3D4
102
}
102
{ACAD_REACTORS
330
3D5
102
}
330
2
100
AcDbEntity
  8
标注层
100
AcDbDimension
280
     0
  2
*D43
 10
2528.5
 20
1791.643464021843
 30
0.0
 11
2503.5
 21
1804.69345490726
 31
0.0
 71
     5
 42
50.0
 73
     0
 74
     0
 75
     0
  3
ISO-25$0
100
AcDbAlignedDimension
 13
2478.5
 23
1740.0
 33
0.0
 14
2528.5
 24
1740.0
 34
0.0
100
AcDbRotatedDimension
1001
ACAD
1000
DSTYLE
1002
{
1070
   178
1070
     7
1002
}
  0
DIMENSION
  5
3E2
102
{ACAD_XDICTIONARY
360
3E3
102
}
102
{ACAD_REACTORS
330
3E4
102
}
330
2
100
AcDbEntity
  8
标注层
100
AcDbDimension
280
     0
  2
*D44
 10
2651.5
 20
1791.643464021843
 30
0.0
 11
2590.0
 21
1804.69345490726
 31
0.0
 71
     5
 42
123.0
 73
     0
 74
     0
 75
     0
  3
ISO-25$0
100
AcDbAlignedDimension
 13
2528.5
 23
1740.0
 33
0.0
 14
2651.5
 24
1733.0
 34
0.0
100
AcDbRotatedDimension
1001
ACAD
1000
DSTYLE
1002
{
1070
   178
1070
     7
1002
}
  0
DIMENSION
  5
3F1
102
{ACAD_XDICTIONARY
360
3F2
102
}
102
{ACAD_REACTORS
330
3F3
102
}
330
2
100
AcDbEntity
  8
标注层
100
AcDbDimension
280
     0
  2
*D45
 10
2671.5
 20
1791.643464021843
 30
0.0
 11
2661.5
 21
1791.643464021843
 31
0.0
 70
   128
 71
     5
 42
20.0
 73
     0
 74
     0
 75
     0
  3
ISO-25$0
100
AcDbAlignedDimension
 13
2651.5
 23
1733.0
 33
0.0
 14
2671.5
 24
1733.0
 34
0.0
100
AcDbRotatedDimension
1001
ACAD
1000
DSTYLE
1002
{
1070
   178
1070
     7
1002
}
  0
DIMENSION
  5
402
102
{ACAD_XDICTIONARY
360
403
102
}
102
{ACAD_REACTORS
330
404
102
}
330
2
100
AcDbEntity
  8
标注层
100
AcDbDimension
280
     0
  2
*D46
 10
2741.5
 20
1791.643464021843
 30
0.0
 11
2706.5
 21
1804.69345490726
 31
0.0
 71
     5
 42
70.00000000000046
 73
     0
 74
     0
 75
     0
  3
ISO-25$0
100
AcDbAlignedDimension
 13
2671.5
 23
1733.0
 33
0.0
 14
2741.5
 24
1733.0
 34
0.0
100
AcDbRotatedDimension
1001
ACAD
1000
DSTYLE
1002
{
1070
   178
1070
     7
1002
}
  0
DIMENSION
  5
411
102
{ACAD_XDICTIONARY
360
412
102
}
102
{ACAD_REACTORS
330
413
102
}
330
2
100
AcDbEntity
  8
标注层
100
AcDbDimension
280
     0
  2
*D120
 10
4959.076315665818
 20
-72.56884176741005
 30
0.0
 11
4909.154816400512
 21
-59.51885088199339
 31
0.0
 70
    32
 71
     5
 42
59.5
 73
     0
 74
     0
 75
     0
  3
ISO-25$0
100
AcDbAlignedDimension
 13
5018.576315665818
 23
-6.0
 33
0.0
 14
4959.076315665818
 24
0.0
 34
0.0
100
AcDbRotatedDimension
1001
ACAD
1000
DSTYLE
1002
{
1070
   178
1070
     7
1002
}
  0
DIMENSION
  5
422
330
2
100
AcDbEntity
  8
标注层
100
AcDbDimension
280
     0
  2
*D121
 10
5048.076315665818
 20
-121.0489226459904
 30
0.0
 11
5003.576315665817
 21
-107.9989317605737
 31
0.0
 70
    32
 71
     5
 42
89.0000000000009
 73
     0
 74
     0
 75
     0
  3
ISO-25$0
100
AcDbAlignedDimension
 13
4959.076315665818
 23
0.0
 33
0.0
 14
5048.076315665818
 24
0.0
 34
0.0
100
AcDbRotatedDimension
1001
ACAD
1000
DSTYLE
1002
{
1070
   178
1070
     7
1002
}
  0
DIMENSION
  5
42F
102
{ACAD_XDICTIONARY
360
430
102
}
102
{ACAD_REACTORS
330
431
102
}
330
2
100
AcDbEntity
  8
标注层
100
AcDbDimension
280
     0
  2
*D48
 10
2528.5
 20
-78.88289107022865
 30
0.0
 11
2478.727786892361
 21
-65.83290018481199
 31
0.0
 71
     5
 42
59.20000000000118
 73
     0
 74
     0
 75
     0
  3
ISO-25$0
100
AcDbAlignedDimension
 13
2587.700000000001
 23
-5.75
 33
0.0
 14
2528.5
 24
0.0
 34
0.0
100
AcDbRotatedDimension
1001
ACAD
1000
DSTYLE
1002
{
1070
   178
1070
     7
1002
}
  0
DIMENSION
  5
440
102
{ACAD_XDICTIONARY
360
441
102
}
102
{ACAD_REACTORS
330
442
102
}
330
2
100
AcDbEntity
  8
标注层
100
AcDbDimension
280
     0
  2
*D49
 10
2615.200000000001
 20
-128.6949997888587
 30
0.0
 11
2571.850000000001
 21
-115.645008903442
 31
0.0
 71
     5
 42
86.70000000000118
 73
     0
 74
     0
 75
     0
  3
ISO-25$0
100
AcDbAlignedDimension
 13
2528.5
 23
0.0
 33
0.0
 14
2615.200000000001
 24
-2.25
 34
0.0
100
AcDbRotatedDimension
1001
ACAD
1000
DSTYLE
1002
{
1070
   178
1070
     7
1002
}
  0
MTEXT
  5
44F
330
2
100
AcDbEntity
  8
绘图层
100
AcDbMText
 10
2130.0
 20
2564.125489429964
 30
0.0
 40
50.0
 41
1244.026546453642
 46
0.0
 71
     1
 72
     5
  1
2.0的铁板
 73
     1
 44
1.0
  0
MTEXT
  5
450
330
2
100
AcDbEntity
  8
绘图层
100
AcDbMText
 10
4591.176413322857
 20
2564.125489429964
 30
0.0
 40
50.0
 41
1244.026546453642
 46
0.0
 71
     1
 72
     5
  1
0.8的不锈钢镀铜
 73
     1
 44
1.0
  0
LWPOLYLINE
  5
451
330
2
100
AcDbEntity
  8
绘图层
 62
     5
100
AcDbPolyline
 90
        4
 70
     1
 43
0.0
 10
2100.0
 20
2594.125489429964
 10
4200.0
 20
2594.125489429964
 10
4200.0
 20
-400.0
 10
2100.0
 20
-400.0
  0
LWPOLYLINE
  5
452
330
2
100
AcDbEntity
  8
绘图层
 62
     5
100
AcDbPolyline
 90
        4
 70
     1
 43
0.0
 10
4561.176413322857
 20
2594.125489429964
 10
6661.176413322857
 20
2594.125489429964
 10
6661.176413322857
 20
-400.0
 10
4561.176413322857
 20
-400.0
  0
LINE
  5
453
330
2
100
AcDbEntity
  8
0
  6
Continuous
 62
     7
370
    15
100
AcDbLine
 10
3712.299999999999
 20
1751.5
 30
0.0
 11
3712.299999999999
 21
1740.0
 31
0.0
  0
LINE
  5
454
102
{ACAD_REACTORS
330
6F4
102
}
330
2
100
AcDbEntity
  8
0
  6
Continuous
 62
     7
370
    15
100
AcDbLine
 10
3712.299999999999
 20
1740.0
 30
0.0
 11
3742.500000000001
 21
1740.0
 31
0.0
  0
LINE
  5
455
330
2
100
AcDbEntity
  8
0
  6
Continuous
 62
     7
370
    15
100
AcDbLine
 10
3742.500000000001
 20
1747.0
 30
0.0
 11
3742.500000000001
 21
1740.0
 31
0.0
  0
LINE
  5
456
330
2
100
AcDbEntity
  8
0
  6
Continuous
 62
     7
370
    15
100
AcDbLine
 10
3743.5
 20
1748.0
 30
0.0
 11
3749.500000000001
 21
1748.0
 31
0.0
  0
LINE
  5
457
330
2
100
AcDbEntity
  8
0
  6
Continuous
 62
     7
370
    15
100
AcDbLine
 10
3750.500000000002
 20
1747.0
 30
0.0
 11
3750.500000000002
 21
1740.0
 31
0.0
  0
LINE
  5
458
330
2
100
AcDbEntity
  8
0
  6
Continuous
 62
     7
370
    15
100
AcDbLine
 10
3750.500000000002
 20
1740.0
 30
0.0
 11
3834.500000000002
 21
1740.0
 31
0.0
  0
LINE
  5
459
330
2
100
AcDbEntity
  8
0
  6
Continuous
 62
     7
370
    15
100
AcDbLine
 10
3834.500000000002
 20
1740.0
 30
0.0
 11
3834.5
 21
0.0
 31
0.0
  0
LINE
  5
45A
102
{ACAD_REACTORS
330
47D
330
52D
102
}
330
2
100
AcDbEntity
  8
0
  6
Continuous
 62
     7
370
    15
100
AcDbLine
 10
3834.5
 20
0.0
 30
0.0
 11
3750.500000000002
 21
0.0
 31
0.0
  0
LINE
  5
45B
330
2
100
AcDbEntity
  8
0
  6
Continuous
 62
     7
370
    15
100
AcDbLine
 10
3750.500000000002
 20
-7.0
 30
0.0
 11
3750.500000000002
 21
0.0
 31
0.0
  0
LINE
  5
45C
330
2
100
AcDbEntity
  8
0
  6
Continuous
 62
     7
370
    15
100
AcDbLine
 10
3749.5
 20
-8.0
 30
0.0
 11
3743.5
 21
-8.0
 31
0.0
  0
LINE
  5
45D
330
2
100
AcDbEntity
  8
0
  6
Continuous
 62
     7
370
    15
100
AcDbLine
 10
3742.500000000001
 20
-7.0
 30
0.0
 11
3742.500000000001
 21
0.0
 31
0.0
  0
LINE
  5
45E
330
2
100
AcDbEntity
  8
0
  6
Continuous
 62
     7
370
    15
100
AcDbLine
 10
3742.500000000001
 20
0.0
 30
0.0
 11
3712.299999999999
 21
0.0
 31
0.0
  0
LINE
  5
45F
102
{ACAD_REACTORS
330
52D
330
710
102
}
330
2
100
AcDbEntity
  8
0
  6
Continuous
 62
     7
370
    15
100
AcDbLine
 10
3712.299999999999
 20
0.0
 30
0.0
 11
3712.299999999999
 21
-11.5
 31
0.0
  0
LINE
  5
460
330
2
100
AcDbEntity
  8
0
  6
Continuous
 62
     7
370
    15
100
AcDbLine
 10
3710.800000000001
 20
-13.0
 30
0.0
 11
3686.299999999999
 21
-13.0
 31
0.0
  0
LINE
  5
461
102
{ACAD_REACTORS
330
53E
102
}
330
2
100
AcDbEntity
  8
0
  6
Continuous
 62
     7
370
    15
100
AcDbLine
 10
3684.799999999999
 20
-11.5
 30
0.0
 11
3684.799999999999
 21
7.0
 31
0.0
  0
LINE
  5
462
102
{ACAD_REACTORS
330
710
102
}
330
2
100
AcDbEntity
  8
0
  6
Continuous
 62
     7
370
    15
100
AcDbLine
 10
3684.799999999999
 20
7.0
 30
0.0
 11
3644.0
 21
7.0
 31
0.0
  0
LINE
  5
463
330
2
100
AcDbEntity
  8
0
  6
Continuous
 62
     7
370
    15
100
AcDbLine
 10
3644.0
 20
0.0
 30
0.0
 11
3644.0
 21
7.0
 31
0.0
  0
LINE
  5
464
330
2
100
AcDbEntity
  8
0
  6
Continuous
 62
     7
370
    15
100
AcDbLine
 10
3643.0
 20
-1.0
 30
0.0
 11
3637.0
 21
-1.0
 31
0.0
  0
LINE
  5
465
330
2
100
AcDbEntity
  8
0
  6
Continuous
 62
     7
370
    15
100
AcDbLine
 10
3636.0
 20
0.0
 30
0.0
 11
3636.0
 21
7.0
 31
0.0
  0
LINE
  5
466
330
2
100
AcDbEntity
  8
0
  6
Continuous
 62
     7
370
    15
100
AcDbLine
 10
3636.0
 20
7.0
 30
0.0
 11
3545.5
 21
7.0
 31
0.0
  0
LINE
  5
467
102
{ACAD_REACTORS
330
49A
102
}
330
2
100
AcDbEntity
  8
0
  6
Continuous
 62
     7
370
    15
100
AcDbLine
 10
3545.5
 20
1733.0
 30
0.0
 11
3545.5
 21
7.0
 31
0.0
  0
LINE
  5
468
330
2
100
AcDbEntity
  8
0
  6
Continuous
 62
     7
370
    15
100
AcDbLine
 10
3545.5
 20
1733.0
 30
0.0
 11
3636.000000000001
 21
1733.0
 31
0.0
  0
LINE
  5
469
330
2
100
AcDbEntity
  8
0
  6
Continuous
 62
     7
370
    15
100
AcDbLine
 10
3636.000000000001
 20
1740.0
 30
0.0
 11
3636.000000000001
 21
1733.0
 31
0.0
  0
LINE
  5
46A
330
2
100
AcDbEntity
  8
0
  6
Continuous
 62
     7
370
    15
100
AcDbLine
 10
3637.0
 20
1741.0
 30
0.0
 11
3643.000000000002
 21
1741.0
 31
0.0
  0
LINE
  5
46B
330
2
100
AcDbEntity
  8
0
  6
Continuous
 62
     7
370
    15
100
AcDbLine
 10
3644.000000000001
 20
1740.0
 30
0.0
 11
3644.000000000001
 21
1733.0
 31
0.0
  0
LINE
  5
46C
330
2
100
AcDbEntity
  8
0
  6
Continuous
 62
     7
370
    15
100
AcDbLine
 10
3644.000000000001
 20
1733.0
 30
0.0
 11
3684.800000000001
 21
1733.0
 31
0.0
  0
LINE
  5
46D
102
{ACAD_REACTORS
330
6F4
102
}
330
2
100
AcDbEntity
  8
0
  6
Continuous
 62
     7
370
    15
100
AcDbLine
 10
3684.800000000001
 20
1733.0
 30
0.0
 11
3684.800000000001
 21
1751.5
 31
0.0
  0
LINE
  5
46E
330
2
100
AcDbEntity
  8
0
  6
Continuous
 62
     7
370
    15
100
AcDbLine
 10
3710.800000000001
 20
1753.0
 30
0.0
 11
3686.3
 21
1753.0
 31
0.0
  0
ARC
  5
46F
330
2
100
AcDbEntity
  8
0
  6
Continuous
 62
     7
370
    15
100
AcDbCircle
 10
3710.800000000001
 20
1751.5
 30
0.0
 40
1.50000000000046
100
AcDbArc
 50
0.000000000000007
 51
90.0
  0
ARC
  5
470
330
2
100
AcDbEntity
  8
0
  6
Continuous
 62
     7
370
    15
100
AcDbCircle
 10
3743.5
 20
1747.0
 30
0.0
 40
1.000000000000227
100
AcDbArc
 50
90.0
 51
180.0
  0
ARC
  5
471
330
2
100
AcDbEntity
  8
0
  6
Continuous
 62
     7
370
    15
100
AcDbCircle
 10
3749.500000000001
 20
1747.0
 30
0.0
 40
1.0
100
AcDbArc
 50
0.000000000000007
 51
90.0
  0
ARC
  5
472
330
2
100
AcDbEntity
  8
0
  6
Continuous
 62
     7
370
    15
100
AcDbCircle
 10
3749.5
 20
-7.0
 30
0.0
 40
0.9999999999999218
100
AcDbArc
 50
270.0
 51
0.000000000000007
  0
ARC
  5
473
330
2
100
AcDbEntity
  8
0
  6
Continuous
 62
     7
370
    15
100
AcDbCircle
 10
3743.5
 20
-7.0
 30
0.0
 40
1.0000000000002
100
AcDbArc
 50
180.0
 51
270.0
  0
ARC
  5
474
330
2
100
AcDbEntity
  8
0
  6
Continuous
 62
     7
370
    15
100
AcDbCircle
 10
3710.800000000001
 20
-11.5
 30
0.0
 40
1.499999999999908
100
AcDbArc
 50
270.0
 51
0.000000000000007
  0
ARC
  5
475
330
2
100
AcDbEntity
  8
0
  6
Continuous
 62
     7
370
    15
100
AcDbCircle
 10
3686.299999999999
 20
-11.5
 30
0.0
 40
1.500000000000119
100
AcDbArc
 50
180.0
 51
270.0
  0
ARC
  5
476
330
2
100
AcDbEntity
  8
0
  6
Continuous
 62
     7
370
    15
100
AcDbCircle
 10
3643.0
 20
0.0
 30
0.0
 40
1.000000000000154
100
AcDbArc
 50
270.0
 51
0.000000000000007
  0
ARC
  5
477
330
2
100
AcDbEntity
  8
0
  6
Continuous
 62
     7
370
    15
100
AcDbCircle
 10
3637.0
 20
0.0
 30
0.0
 40
0.9999999999997726
100
AcDbArc
 50
180.0
 51
270.0
  0
ARC
  5
478
330
2
100
AcDbEntity
  8
0
  6
Continuous
 62
     7
370
    15
100
AcDbCircle
 10
3637.0
 20
1740.0
 30
0.0
 40
1.000000000000026
100
AcDbArc
 50
90.0
 51
180.0
  0
ARC
  5
479
330
2
100
AcDbEntity
  8
0
  6
Continuous
 62
     7
370
    15
100
AcDbCircle
 10
3643.000000000002
 20
1740.0
 30
0.0
 40
0.9999999999998864
100
AcDbArc
 50
0.000000000000007
 51
90.0
  0
ARC
  5
47A
330
2
100
AcDbEntity
  8
0
  6
Continuous
 62
     7
370
    15
100
AcDbCircle
 10
3686.3
 20
1751.5
 30
0.0
 40
1.500000000000055
100
AcDbArc
 50
90.0
 51
180.0
  0
DIMENSION
  5
47B
102
{ACAD_XDICTIONARY
360
47C
102
}
102
{ACAD_REACTORS
330
47D
102
}
330
2
100
AcDbEntity
  8
标注层
100
AcDbDimension
280
     0
  2
*D61
 10
4008.053664907173
 20
-0.0000000000000492
 30
0.0
 11
3980.003674021757
 21
870.0000000000006
 31
0.0
 71
     5
 42
1740.0
 73
     0
 74
     0
 75
     0
  3
ISO-25$0
100
AcDbAlignedDimension
 13
3834.500000000002
 23
1740.0
 33
0.0
 14
3834.5
 24
0.0
 34
0.0
 50
90.0
100
AcDbRotatedDimension
1001
ACAD
1000
DSTYLE
1002
{
1070
   178
1070
     7
1070
   140
1040
50.0
1002
}
  0
LWPOLYLINE
  5
48A
330
2
100
AcDbEntity
  8
0
 62
     7
100
AcDbPolyline
 90
        4
 70
     1
 43
0.0
 10
3749.749951171875
 20
835.0
 10
3715.249951171875
 20
835.0
 10
3715.249951171875
 20
797.0
 10
3749.749951171875
 20
797.0
  0
DIMENSION
  5
48B
330
2
100
AcDbEntity
  8
标注层
100
AcDbDimension
280
     0
  2
*D58
 10
3922.526832453586
 20
815.9999999999996
 30
0.0
 11
3899.476841568169
 21
408.0000000000005
 31
0.0
 71
     5
 42
816.0
 73
     0
 74
     0
 75
     0
  3
ISO-25$0
100
AcDbAlignedDimension
 13
3834.500000000002
 23
0.0
 33
0.0
 14
3749.749951171875
 24
816.0
 34
0.0
 50
270.0
100
AcDbRotatedDimension
1001
ACAD
1000
DSTYLE
1002
{
1070
   140
1040
40.0
1070
   178
1070
     7
1002
}
  0
DIMENSION
  5
498
102
{ACAD_XDICTIONARY
360
499
102
}
102
{ACAD_REACTORS
330
49A
102
}
330
2
100
AcDbEntity
  8
标注层
100
AcDbDimension
280
     0
  2
*D62
 10
3429.494671096996
 20
7.000000000000031
 30
0.0
 11
3401.444680211579
 21
870.0000000000002
 31
0.0
 71
     5
 42
1726.0
 73
     0
 74
     0
 75
     0
  3
ISO-25$0
100
AcDbAlignedDimension
 13
3545.5
 23
1733.0
 33
0.0
 14
3545.5
 24
7.0
 34
0.0
 50
90.0
100
AcDbRotatedDimension
1001
ACAD
1000
DSTYLE
1002
{
1070
   140
1040
50.0
1070
   178
1070
     7
1002
}
  0
LINE
  5
4A7
102
{ACAD_REACTORS
330
4DE
102
}
330
2
100
AcDbEntity
  8
标注层
  6
ACAD_ISO02W100
 62
     5
100
AcDbLine
 10
3821.5
 20
0.0
 30
0.0
 11
3821.5
 21
1740.0
 31
0.0
  0
LINE
  5
4A8
102
{ACAD_REACTORS
330
4EF
330
52D
102
}
330
2
100
AcDbEntity
  8
标注层
  6
ACAD_ISO02W100
 62
     5
100
AcDbLine
 10
3771.5
 20
0.0
 30
0.0
 11
3771.5
 21
1740.0
 31
0.0
  0
LINE
  5
4A9
102
{ACAD_REACTORS
330
4CF
102
}
330
2
100
AcDbEntity
  8
标注层
  6
ACAD_ISO02W100
 62
     6
100
AcDbLine
 10
3668.5
 20
7.0
 30
0.0
 11
3668.5
 21
1733.0
 31
0.0
  0
LINE
  5
4AA
102
{ACAD_REACTORS
330
4FE
102
}
330
2
100
AcDbEntity
  8
标注层
  6
ACAD_ISO02W100
 62
     5
100
AcDbLine
 10
3648.500000000002
 20
7.0
 30
0.0
 11
3648.500000000002
 21
1733.0
 31
0.0
  0
LINE
  5
4AB
102
{ACAD_REACTORS
330
50D
102
}
330
2
100
AcDbEntity
  8
标注层
  6
ACAD_ISO02W100
 62
     5
100
AcDbLine
 10
3628.500000000002
 20
7.0
 30
0.0
 11
3628.500000000002
 21
1733.0
 31
0.0
  0
LINE
  5
4AC
102
{ACAD_REACTORS
330
51E
102
}
330
2
100
AcDbEntity
  8
标注层
  6
ACAD_ISO02W100
 62
     5
100
AcDbLine
 10
3558.5
 20
7.0
 30
0.0
 11
3558.5
 21
1733.0
 31
0.0
  0
INSERT
  5
4AD
330
2
100
AcDbEntity
  8
Cutting
100
AcDbBlockReference
  2
GK1
 10
3828.5
 20
30.0
 30
0.0
 41
-1.0
  0
INSERT
  5
4AE
330
2
100
AcDbEntity
  8
Cutting
100
AcDbBlockReference
  2
GK1
 10
3828.5
 20
1710.0
 30
0.0
 41
-1.0
  0
INSERT
  5
4AF
330
2
100
AcDbEntity
  8
Cutting
100
AcDbBlockReference
  2
GK1
 10
3828.5
 20
870.0
 30
0.0
 41
-1.0
  0
INSERT
  5
4B0
330
2
100
AcDbEntity
  8
Cutting
100
AcDbBlockReference
  2
GK1
 10
3551.5
 20
22.0
 30
0.0
 41
-1.0
  0
INSERT
  5
4B1
330
2
100
AcDbEntity
  8
Cutting
100
AcDbBlockReference
  2
GK1
 10
3551.5
 20
1718.0
 30
0.0
 41
-1.0
  0
INSERT
  5
4B2
330
2
100
AcDbEntity
  8
Cutting
100
AcDbBlockReference
  2
GK1
 10
3551.5
 20
870.0
 30
0.0
 41
-1.0
  0
DIMENSION
  5
4B3
330
2
100
AcDbEntity
  8
标注层
100
AcDbDimension
280
     0
  2
*D59
 10
3771.5
 20
873.9653329031861
 30
0.0
 11
3751.599975585938
 21
873.9653329031861
 31
0.0
 70
   128
 71
     5
 42
39.00004882812618
 73
     0
 74
     0
 75
     0
  3
ISO-25$0
100
AcDbAlignedDimension
 13
3732.499951171874
 23
835.0
 33
0.0
 14
3771.5
 24
835.0
 34
0.0
 50
180.0
100
AcDbRotatedDimension
1001
ACAD
1000
DSTYLE
1002
{
1070
   178
1070
     7
1002
}
  0
DIMENSION
  5
4C0
330
2
100
AcDbEntity
  8
标注层
100
AcDbDimension
280
     0
  2
*D60
 10
3545.5
 20
1877.64215493451
 30
0.0
 11
3690.0
 21
1890.692145819927
 31
0.0
 71
     5
 42
289.0000000000005
 73
     0
 74
     0
 75
     0
  3
ISO-25$0
100
AcDbAlignedDimension
 13
3834.500000000002
 23
1740.0
 33
0.0
 14
3545.5
 24
1733.0
 34
0.0
 50
180.0
100
AcDbRotatedDimension
1001
ACAD
1000
DSTYLE
1002
{
1070
   178
1070
     7
1002
}
  0
DIMENSION
  5
4CD
102
{ACAD_XDICTIONARY
360
4CE
102
}
102
{ACAD_REACTORS
330
4CF
102
}
330
2
100
AcDbEntity
  8
标注层
100
AcDbDimension
280
     0
  2
*D63
 10
3668.5
 20
1840.786928043686
 30
0.0
 11
3751.500000000002
 21
1853.836918929103
 31
0.0
 71
     5
 42
166.0
 73
     0
 74
     0
 75
     0
  3
ISO-25$0
100
AcDbAlignedDimension
 13
3834.500000000002
 23
1740.0
 33
0.0
 14
3668.5
 24
1733.0
 34
0.0
 50
180.0
100
AcDbRotatedDimension
1001
ACAD
1000
DSTYLE
1002
{
1070
   178
1070
     7
1002
}
  0
DIMENSION
  5
4DC
102
{ACAD_XDICTIONARY
360
4DD
102
}
102
{ACAD_REACTORS
330
4DE
102
}
330
2
100
AcDbEntity
  8
标注层
100
AcDbDimension
280
     0
  2
*D64
 10
3834.500000000002
 20
1791.643464021843
 30
0.0
 11
3869.27221310764
 21
1804.69345490726
 31
0.0
 71
     5
 42
13.0
 73
     0
 74
     0
 75
     0
  3
ISO-25$0
100
AcDbAlignedDimension
 13
3821.5
 23
1740.0
 33
0.0
 14
3834.500000000002
 24
1740.0
 34
0.0
 50
180.0
100
AcDbRotatedDimension
1001
ACAD
1000
DSTYLE
1002
{
1070
   178
1070
     7
1002
}
  0
DIMENSION
  5
4ED
102
{ACAD_XDICTIONARY
360
4EE
102
}
102
{ACAD_REACTORS
330
4EF
102
}
330
2
100
AcDbEntity
  8
标注层
100
AcDbDimension
280
     0
  2
*D65
 10
3771.5
 20
1791.643464021843
 30
0.0
 11
3796.5
 21
1804.69345490726
 31
0.0
 71
     5
 42
50.0
 73
     0
 74
     0
 75
     0
  3
ISO-25$0
100
AcDbAlignedDimension
 13
3821.5
 23
1740.0
 33
0.0
 14
3771.5
 24
1740.0
 34
0.0
 50
180.0
100
AcDbRotatedDimension
1001
ACAD
1000
DSTYLE
1002
{
1070
   178
1070
     7
1002
}
  0
DIMENSION
  5
4FC
102
{ACAD_XDICTIONARY
360
4FD
102
}
102
{ACAD_REACTORS
330
4FE
102
}
330
2
100
AcDbEntity
  8
标注层
100
AcDbDimension
280
     0
  2
*D66
 10
3648.500000000002
 20
1791.643464021843
 30
0.0
 11
3710.000000000002
 21
1804.69345490726
 31
0.0
 71
     5
 42
123.0
 73
     0
 74
     0
 75
     0
  3
ISO-25$0
100
AcDbAlignedDimension
 13
3771.5
 23
1740.0
 33
0.0
 14
3648.500000000002
 24
1733.0
 34
0.0
 50
180.0
100
AcDbRotatedDimension
1001
ACAD
1000
DSTYLE
1002
{
1070
   178
1070
     7
1002
}
  0
DIMENSION
  5
50B
102
{ACAD_XDICTIONARY
360
50C
102
}
102
{ACAD_REACTORS
330
50D
102
}
330
2
100
AcDbEntity
  8
标注层
100
AcDbDimension
280
     0
  2
*D67
 10
3628.500000000002
 20
1791.643464021843
 30
0.0
 11
3638.5
 21
1791.643464021843
 31
0.0
 70
   128
 71
     5
 42
20.0
 73
     0
 74
     0
 75
     0
  3
ISO-25$0
100
AcDbAlignedDimension
 13
3648.500000000002
 23
1733.0
 33
0.0
 14
3628.500000000002
 24
1733.0
 34
0.0
 50
180.0
100
AcDbRotatedDimension
1001
ACAD
1000
DSTYLE
1002
{
1070
   178
1070
     7
1002
}
  0
DIMENSION
  5
51C
102
{ACAD_XDICTIONARY
360
51D
102
}
102
{ACAD_REACTORS
330
51E
102
}
330
2
100
AcDbEntity
  8
标注层
100
AcDbDimension
280
     0
  2
*D68
 10
3558.5
 20
1791.643464021843
 30
0.0
 11
3593.500000000002
 21
1804.69345490726
 31
0.0
 71
     5
 42
70.00000000000046
 73
     0
 74
     0
 75
     0
  3
ISO-25$0
100
AcDbAlignedDimension
 13
3628.500000000002
 23
1733.0
 33
0.0
 14
3558.5
 24
1733.0
 34
0.0
 50
180.0
100
AcDbRotatedDimension
1001
ACAD
1000
DSTYLE
1002
{
1070
   178
1070
     7
1002
}
  0
DIMENSION
  5
52B
102
{ACAD_XDICTIONARY
360
52C
102
}
102
{ACAD_REACTORS
330
52D
102
}
330
2
100
AcDbEntity
  8
标注层
100
AcDbDimension
280
     0
  2
*D69
 10
3771.5
 20
-78.88289107022865
 30
0.0
 11
3821.27221310764
 21
-65.83290018481199
 31
0.0
 71
     5
 42
59.20000000000118
 73
     0
 74
     0
 75
     0
  3
ISO-25$0
100
AcDbAlignedDimension
 13
3712.299999999999
 23
-5.75
 33
0.0
 14
3771.5
 24
0.0
 34
0.0
 50
180.0
100
AcDbRotatedDimension
1001
ACAD
1000
DSTYLE
1002
{
1070
   178
1070
     7
1002
}
  0
DIMENSION
  5
53C
102
{ACAD_XDICTIONARY
360
53D
102
}
102
{ACAD_REACTORS
330
53E
102
}
330
2
100
AcDbEntity
  8
标注层
100
AcDbDimension
280
     0
  2
*D70
 10
3684.799999999999
 20
-128.6949997888587
 30
0.0
 11
3728.149999999999
 21
-115.645008903442
 31
0.0
 71
     5
 42
86.70000000000118
 73
     0
 74
     0
 75
     0
  3
ISO-25$0
100
AcDbAlignedDimension
 13
3771.5
 23
0.0
 33
0.0
 14
3684.799999999999
 24
-2.25
 34
0.0
 50
180.0
100
AcDbRotatedDimension
1001
ACAD
1000
DSTYLE
1002
{
1070
   178
1070
     7
1002
}
  0
LINE
  5
54B
330
2
100
AcDbEntity
  8
0
  6
Continuous
 62
     7
370
    15
100
AcDbLine
 10
6331.776510979898
 20
1740.0
 30
0.0
 11
6331.776510979898
 21
0.0
 31
0.0
  0
LINE
  5
54C
102
{ACAD_REACTORS
330
55D
102
}
330
2
100
AcDbEntity
  8
0
  6
Continuous
 62
     7
370
    15
100
AcDbLine
 10
6203.776510979896
 20
0.0
 30
0.0
 11
6331.776510979898
 21
0.0
 31
0.0
  0
LINE
  5
54D
102
{ACAD_REACTORS
330
631
102
}
330
2
100
AcDbEntity
  8
0
  6
Continuous
 62
     7
370
    15
100
AcDbLine
 10
6203.776510979896
 20
0.0
 30
0.0
 11
6203.776510979896
 21
-12.0
 31
0.0
  0
LINE
  5
54E
330
2
100
AcDbEntity
  8
0
  6
Continuous
 62
     7
370
    15
100
AcDbLine
 10
6202.776510979898
 20
-13.0
 30
0.0
 11
6175.276510979898
 21
-13.0
 31
0.0
  0
LINE
  5
54F
330
2
100
AcDbEntity
  8
0
  6
Continuous
 62
     7
370
    15
100
AcDbLine
 10
6174.276510979896
 20
-12.0
 30
0.0
 11
6174.276510979896
 21
7.0
 31
0.0
  0
LINE
  5
550
330
2
100
AcDbEntity
  8
0
  6
Continuous
 62
     7
370
    15
100
AcDbLine
 10
6174.276510979896
 20
7.0
 30
0.0
 11
6007.576510979898
 21
7.0
 31
0.0
  0
LINE
  5
551
102
{ACAD_REACTORS
330
596
102
}
330
2
100
AcDbEntity
  8
0
  6
Continuous
 62
     7
370
    15
100
AcDbLine
 10
6007.576510979898
 20
1733.0
 30
0.0
 11
6007.576510979898
 21
7.0
 31
0.0
  0
LINE
  5
552
102
{ACAD_REACTORS
330
56C
330
602
330
613
330
622
102
}
330
2
100
AcDbEntity
  8
0
  6
Continuous
 62
     7
370
    15
100
AcDbLine
 10
6007.576510979898
 20
1733.0
 30
0.0
 11
6174.276510979896
 21
1733.0
 31
0.0
  0
LINE
  5
553
102
{ACAD_REACTORS
330
6BC
102
}
330
2
100
AcDbEntity
  8
0
  6
Continuous
 62
     7
370
    15
100
AcDbLine
 10
6174.276510979896
 20
1733.0
 30
0.0
 11
6174.276510979896
 21
1752.0
 31
0.0
  0
LINE
  5
554
330
2
100
AcDbEntity
  8
0
  6
Continuous
 62
     7
370
    15
100
AcDbLine
 10
6202.776510979898
 20
1753.0
 30
0.0
 11
6175.276510979898
 21
1753.0
 31
0.0
  0
LINE
  5
555
330
2
100
AcDbEntity
  8
0
  6
Continuous
 62
     7
370
    15
100
AcDbLine
 10
6203.776510979896
 20
1752.0
 30
0.0
 11
6203.776510979896
 21
1740.0
 31
0.0
  0
LINE
  5
556
102
{ACAD_REACTORS
330
55D
330
6BC
102
}
330
2
100
AcDbEntity
  8
0
  6
Continuous
 62
     7
370
    15
100
AcDbLine
 10
6203.776510979896
 20
1740.0
 30
0.0
 11
6331.776510979898
 21
1740.0
 31
0.0
  0
ARC
  5
557
330
2
100
AcDbEntity
  8
0
  6
Continuous
 62
     7
370
    15
100
AcDbCircle
 10
6202.776510979898
 20
-12.0
 30
0.0
 40
1.00000000000015
100
AcDbArc
 50
270.0
 51
0.000000000000007
  0
ARC
  5
558
330
2
100
AcDbEntity
  8
0
  6
Continuous
 62
     7
370
    15
100
AcDbCircle
 10
6175.276510979898
 20
-12.0
 30
0.0
 40
0.9999999999997459
100
AcDbArc
 50
180.0
 51
270.0
  0
ARC
  5
559
330
2
100
AcDbEntity
  8
0
  6
Continuous
 62
     7
370
    15
100
AcDbCircle
 10
6175.276510979898
 20
1752.0
 30
0.0
 40
1.0
100
AcDbArc
 50
90.0
 51
180.0
  0
ARC
  5
55A
330
2
100
AcDbEntity
  8
0
  6
Continuous
 62
     7
370
    15
100
AcDbCircle
 10
6202.776510979898
 20
1752.0
 30
0.0
 40
0.9999999999998223
100
AcDbArc
 50
0.000000000000007
 51
90.0
  0
DIMENSION
  5
55B
102
{ACAD_XDICTIONARY
360
55C
102
}
102
{ACAD_REACTORS
330
55D
102
}
330
2
100
AcDbEntity
  8
标注层
100
AcDbDimension
280
     0
  2
*D122
 10
6485.832865353249
 20
0.0000000000000248
 30
0.0
 11
6457.782874467831
 21
869.9999999999985
 31
0.0
 70
    32
 71
     5
 42
1740.0
 73
     0
 74
     0
 75
     0
  3
ISO-25$0
100
AcDbAlignedDimension
 13
6331.776510979898
 23
1740.0
 33
0.0
 14
6331.776510979898
 24
0.0
 34
0.0
 50
90.0
100
AcDbRotatedDimension
1001
ACAD
1000
DSTYLE
1002
{
1070
   140
1040
50.0
1070
   178
1070
     7
1002
}
  0
DIMENSION
  5
56A
102
{ACAD_XDICTIONARY
360
56B
102
}
102
{ACAD_REACTORS
330
56C
102
}
330
2
100
AcDbEntity
  8
标注层
100
AcDbDimension
280
     0
  2
*D123
 10
6007.576510979898
 20
1893.022691923892
 30
0.0
 11
6169.676510979898
 21
1906.072682809309
 31
0.0
 70
    32
 71
     5
 42
324.1999999999998
 73
     0
 74
     0
 75
     0
  3
ISO-25$0
100
AcDbAlignedDimension
 13
6331.776510979898
 23
1740.0
 33
0.0
 14
6007.576510979898
 24
1733.0
 34
0.0
 50
0.000000000000007
100
AcDbRotatedDimension
1001
ACAD
1000
DSTYLE
1002
{
1070
   140
1040
20.0
1070
   178
1070
     7
1002
}
  0
INSERT
  5
579
330
2
100
AcDbEntity
  8
Cutting
100
AcDbBlockReference
  2
DKCXK1
 10
6223.276510979898
 20
816.0
 30
0.0
 50
180.0
  0
DIMENSION
  5
57A
330
2
100
AcDbEntity
  8
标注层
100
AcDbDimension
280
     0
  2
*D124
 10
6263.276510979899
 20
897.2965808192746
 30
0.0
 11
6243.276510979899
 21
910.3465717046914
 31
0.0
 70
    32
 71
     5
 42
40.0
 73
     0
 74
     0
 75
     0
  3
ISO-25$0
100
AcDbAlignedDimension
 13
6223.276510979898
 23
852.25
 33
0.0
 14
6263.276510979899
 24
852.25
 34
0.0
 50
0.000000000000007
100
AcDbRotatedDimension
1001
ACAD
1000
DSTYLE
1002
{
1070
   178
1070
     7
1002
}
  0
DIMENSION
  5
587
330
2
100
AcDbEntity
  8
标注层
100
AcDbDimension
280
     0
  2
*D125
 10
6410.054688166574
 20
0.0000000000000126
 30
0.0
 11
6387.004697281157
 21
407.9999999999983
 31
0.0
 70
    32
 71
     5
 42
816.0000000000001
 73
     0
 74
     0
 75
     0
  3
ISO-25$0
100
AcDbAlignedDimension
 13
6241.026510979896
 23
816.0
 33
0.0
 14
6331.776510979898
 24
0.0
 34
0.0
 50
270.0
100
AcDbRotatedDimension
1001
ACAD
1000
DSTYLE
1002
{
1070
   140
1040
40.0
1070
   178
1070
     7
1002
}
  0
DIMENSION
  5
594
102
{ACAD_XDICTIONARY
360
595
102
}
102
{ACAD_REACTORS
330
596
102
}
330
2
100
AcDbEntity
  8
标注层
100
AcDbDimension
280
     0
  2
*D126
 10
5879.09146984434
 20
6.999999999999983
 30
0.0
 11
5851.041478958922
 21
869.9999999999985
 31
0.0
 70
    32
 71
     5
 42
1726.0
 73
     0
 74
     0
 75
     0
  3
ISO-25$0
100
AcDbAlignedDimension
 13
6007.576510979898
 23
1733.0
 33
0.0
 14
6007.576510979898
 24
7.0
 34
0.0
 50
90.0
100
AcDbRotatedDimension
1001
ACAD
1000
DSTYLE
1002
{
1070
   140
1040
50.0
1070
   178
1070
     7
1002
}
  0
LINE
  5
5A3
102
{ACAD_REACTORS
330
5D3
102
}
330
2
100
AcDbEntity
  8
标注层
  6
ACAD_ISO02W100
 62
     5
100
AcDbLine
 10
6317.276510979898
 20
0.0
 30
0.0
 11
6317.276510979898
 21
1740.0
 31
0.0
  0
LINE
  5
5A4
102
{ACAD_REACTORS
330
5E4
330
631
102
}
330
2
100
AcDbEntity
  8
标注层
  6
ACAD_ISO02W100
 62
     5
100
AcDbLine
 10
6263.276510979899
 20
0.0
 30
0.0
 11
6263.276510979899
 21
1740.0
 31
0.0
  0
LINE
  5
5A5
102
{ACAD_REACTORS
330
5F3
330
602
102
}
330
2
100
AcDbEntity
  8
标注层
  6
ACAD_ISO02W100
 62
     5
100
AcDbLine
 10
6145.076510979898
 20
7.0
 30
0.0
 11
6145.076510979898
 21
1733.0
 31
0.0
  0
LINE
  5
5A6
102
{ACAD_REACTORS
330
602
330
613
102
}
330
2
100
AcDbEntity
  8
标注层
  6
ACAD_ISO02W100
 62
     5
100
AcDbLine
 10
6134.076510979896
 20
7.0
 30
0.0
 11
6134.076510979896
 21
1733.0
 31
0.0
  0
LINE
  5
5A7
102
{ACAD_REACTORS
330
613
102
}
330
2
100
AcDbEntity
  8
标注层
  6
ACAD_ISO02W100
 62
     5
100
AcDbLine
 10
6098.076510979896
 20
7.0
 30
0.0
 11
6098.076510979896
 21
1733.0
 31
0.0
  0
LINE
  5
5A8
102
{ACAD_REACTORS
330
622
102
}
330
2
100
AcDbEntity
  8
标注层
  6
ACAD_ISO02W100
 62
     5
100
AcDbLine
 10
6024.076510979895
 20
7.0
 30
0.0
 11
6024.076510979895
 21
1733.0
 31
0.0
  0
LINE
  5
5A9
102
{ACAD_REACTORS
330
5B3
102
}
330
2
100
AcDbEntity
  8
标注层
  6
ACAD_ISO02W100
 62
     6
100
AcDbLine
 10
6163.476510979898
 20
7.0
 30
0.0
 11
6163.476510979898
 21
1733.0
 31
0.0
  0
LINE
  5
5AA
102
{ACAD_REACTORS
330
5C2
102
}
330
2
100
AcDbEntity
  8
标注层
  6
ACAD_ISO02W100
 62
     6
100
AcDbLine
 10
6154.876510979898
 20
7.0
 30
0.0
 11
6154.876510979898
 21
1733.0
 31
0.0
  0
INSERT
  5
5AB
330
2
100
AcDbEntity
  8
Cutting
100
AcDbBlockReference
  2
DK1
 10
6325.776510979899
 20
30.0
 30
0.0
 41
-1.0
  0
INSERT
  5
5AC
330
2
100
AcDbEntity
  8
Cutting
100
AcDbBlockReference
  2
DK1
 10
6325.776510979899
 20
1710.0
 30
0.0
 41
-1.0
  0
INSERT
  5
5AD
330
2
100
AcDbEntity
  8
Cutting
100
AcDbBlockReference
  2
DK1
 10
6325.776510979899
 20
870.0
 30
0.0
 41
-1.0
  0
INSERT
  5
5AE
330
2
100
AcDbEntity
  8
Cutting
100
AcDbBlockReference
  2
DK1
 10
6012.576510979898
 20
1718.0
 30
0.0
 41
-1.0
  0
INSERT
  5
5AF
330
2
100
AcDbEntity
  8
Cutting
100
AcDbBlockReference
  2
DK1
 10
6012.576510979898
 20
870.0
 30
0.0
 41
-1.0
  0
INSERT
  5
5B0
330
2
100
AcDbEntity
  8
Cutting
100
AcDbBlockReference
  2
DK1
 10
6012.576510979898
 20
22.0
 30
0.0
 50
180.0
  0
DIMENSION
  5
5B1
102
{ACAD_XDICTIONARY
360
5B2
102
}
102
{ACAD_REACTORS
330
5B3
102
}
330
2
100
AcDbEntity
  8
标注层
100
AcDbDimension
280
     0
  2
*D127
 10
6331.776510979898
 20
1854.474966142799
 30
0.0
 11
6247.626510979898
 21
1867.524957028216
 31
0.0
 70
    32
 71
     5
 42
168.3000000000002
 73
     0
 74
     0
 75
     0
  3
ISO-25$0
100
AcDbAlignedDimension
 13
6163.476510979898
 23
1733.0
 33
0.0
 14
6331.776510979898
 24
1740.0
 34
0.0
 50
180.0
100
AcDbRotatedDimension
1001
ACAD
1000
DSTYLE
1002
{
1070
   178
1070
     7
1002
}
  0
DIMENSION
  5
5C0
102
{ACAD_XDICTIONARY
360
5C1
102
}
102
{ACAD_REACTORS
330
5C2
102
}
330
2
100
AcDbEntity
  8
标注层
100
AcDbDimension
280
     0
  2
*D128
 10
6154.876510979898
 20
1854.474966142799
 30
0.0
 11
6111.714788250907
 21
1867.524957028216
 31
0.0
 70
    32
 71
     5
 42
8.600000000000363
 73
     0
 74
     0
 75
     0
  3
ISO-25$0
100
AcDbAlignedDimension
 13
6163.476510979898
 23
1733.0
 33
0.0
 14
6154.876510979898
 24
1733.0
 34
0.0
 50
180.0
100
AcDbRotatedDimension
1001
ACAD
1000
DSTYLE
1002
{
1070
   178
1070
     7
1002
}
  0
DIMENSION
  5
5D1
102
{ACAD_XDICTIONARY
360
5D2
102
}
102
{ACAD_REACTORS
330
5D3
102
}
330
2
100
AcDbEntity
  8
标注层
100
AcDbDimension
280
     0
  2
*D129
 10
6331.776510979898
 20
1799.696782550338
 30
0.0
 11
6380.915887340176
 21
1812.746773435755
 31
0.0
 70
    32
 71
     5
 42
14.5
 73
     0
 74
     0
 75
     0
  3
ISO-25$0
100
AcDbAlignedDimension
 13
6317.276510979898
 23
1740.0
 33
0.0
 14
6331.776510979898
 24
1740.0
 34
0.0
 50
180.0
100
AcDbRotatedDimension
1001
ACAD
1000
DSTYLE
1002
{
1070
   178
1070
     7
1002
}
  0
DIMENSION
  5
5E2
102
{ACAD_XDICTIONARY
360
5E3
102
}
102
{ACAD_REACTORS
330
5E4
102
}
330
2
100
AcDbEntity
  8
标注层
100
AcDbDimension
280
     0
  2
*D130
 10
6263.276510979899
 20
1799.696782550338
 30
0.0
 11
6290.276510979898
 21
1812.746773435755
 31
0.0
 70
    32
 71
     5
 42
54.0
 73
     0
 74
     0
 75
     0
  3
ISO-25$0
100
AcDbAlignedDimension
 13
6317.276510979898
 23
1740.0
 33
0.0
 14
6263.276510979899
 24
1740.0
 34
0.0
 50
180.0
100
AcDbRotatedDimension
1001
ACAD
1000
DSTYLE
1002
{
1070
   178
1070
     7
1002
}
  0
DIMENSION
  5
5F1
102
{ACAD_XDICTIONARY
360
5F2
102
}
102
{ACAD_REACTORS
330
5F3
102
}
330
2
100
AcDbEntity
  8
标注层
100
AcDbDimension
280
     0
  2
*D131
 10
6145.076510979898
 20
1799.696782550338
 30
0.0
 11
6204.176510979898
 21
1812.746773435755
 31
0.0
 70
    32
 71
     5
 42
118.1999999999998
 73
     0
 74
     0
 75
     0
  3
ISO-25$0
100
AcDbAlignedDimension
 13
6263.276510979899
 23
1740.0
 33
0.0
 14
6145.076510979898
 24
1733.0
 34
0.0
 50
180.0
100
AcDbRotatedDimension
1001
ACAD
1000
DSTYLE
1002
{
1070
   178
1070
     7
1002
}
  0
DIMENSION
  5
600
102
{ACAD_XDICTIONARY
360
601
102
}
102
{ACAD_REACTORS
330
602
102
}
330
2
100
AcDbEntity
  8
标注层
100
AcDbDimension
280
     0
  2
*D132
 10
6134.076510979896
 20
1799.696782550338
 30
0.0
 11
6139.576510979898
 21
1799.696782550338
 31
0.0
 70
   160
 71
     5
 42
11.00000000000273
 73
     0
 74
     0
 75
     0
  3
ISO-25$0
100
AcDbAlignedDimension
 13
6145.076510979898
 23
1733.0
 33
0.0
 14
6134.076510979896
 24
1733.0
 34
0.0
 50
180.0
100
AcDbRotatedDimension
1001
ACAD
1000
DSTYLE
1002
{
1070
   178
1070
     7
1002
}
  0
DIMENSION
  5
611
102
{ACAD_XDICTIONARY
360
612
102
}
102
{ACAD_REACTORS
330
613
102
}
330
2
100
AcDbEntity
  8
标注层
100
AcDbDimension
280
     0
  2
*D133
 10
6098.076510979896
 20
1799.696782550338
 30
0.0
 11
6116.076510979896
 21
1812.746773435755
 31
0.0
 70
    32
 71
     5
 42
36.0
 73
     0
 74
     0
 75
     0
  3
ISO-25$0
100
AcDbAlignedDimension
 13
6134.076510979896
 23
1733.0
 33
0.0
 14
6098.076510979896
 24
1733.0
 34
0.0
 50
180.0
100
AcDbRotatedDimension
1001
ACAD
1000
DSTYLE
1002
{
1070
   178
1070
     7
1002
}
  0
DIMENSION
  5
620
102
{ACAD_XDICTIONARY
360
621
102
}
102
{ACAD_REACTORS
330
622
102
}
330
2
100
AcDbEntity
  8
标注层
100
AcDbDimension
280
     0
  2
*D134
 10
6024.076510979895
 20
1799.696782550338
 30
0.0
 11
6061.076510979896
 21
1812.746773435755
 31
0.0
 70
    32
 71
     5
 42
74.0
 73
     0
 74
     0
 75
     0
  3
ISO-25$0
100
AcDbAlignedDimension
 13
6098.076510979896
 23
1733.0
 33
0.0
 14
6024.076510979895
 24
1733.0
 34
0.0
 50
180.0
100
AcDbRotatedDimension
1001
ACAD
1000
DSTYLE
1002
{
1070
   178
1070
     7
1002
}
  0
DIMENSION
  5
62F
102
{ACAD_XDICTIONARY
360
630
102
}
102
{ACAD_REACTORS
330
631
102
}
330
2
100
AcDbEntity
  8
标注层
100
AcDbDimension
280
     0
  2
*D135
 10
6263.276510979899
 20
-72.56884176741005
 30
0.0
 11
6313.198010245203
 21
-59.51885088199339
 31
0.0
 70
    32
 71
     5
 42
59.50000000000272
 73
     0
 74
     0
 75
     0
  3
ISO-25$0
100
AcDbAlignedDimension
 13
6203.776510979896
 23
-6.0
 33
0.0
 14
6263.276510979899
 24
0.0
 34
0.0
 50
180.0
100
AcDbRotatedDimension
1001
ACAD
1000
DSTYLE
1002
{
1070
   178
1070
     7
1002
}
  0
DIMENSION
  5
640
330
2
100
AcDbEntity
  8
标注层
100
AcDbDimension
280
     0
  2
*D136
 10
6174.276510979896
 20
-121.0489226459904
 30
0.0
 11
6218.776510979896
 21
-107.9989317605737
 31
0.0
 70
    32
 71
     5
 42
89.00000000000273
 73
     0
 74
     0
 75
     0
  3
ISO-25$0
100
AcDbAlignedDimension
 13
6263.276510979899
 23
0.0
 33
0.0
 14
6174.276510979896
 24
0.0
 34
0.0
 50
180.0
100
AcDbRotatedDimension
1001
ACAD
1000
DSTYLE
1002
{
1070
   178
1070
     7
1002
}
  0
DIMENSION
  5
685
102
{ACAD_XDICTIONARY
360
694
102
}
102
{ACAD_REACTORS
330
6A0
102
}
330
2
100
AcDbEntity
  8
绘图层
100
AcDbDimension
280
     0
  2
*D88
 10
4838.81531786611
 20
1740.000000000001
 30
0.0
 11
4825.765326980693
 21
1768.468985298823
 31
0.0
 70
    32
 71
     5
 42
7.0
 73
     0
 74
     0
 75
     0
  3
ISO-25$0
100
AcDbAlignedDimension
 13
5048.076315665818
 23
1733.0
 33
0.0
 14
5018.576315665818
 24
1740.0
 34
0.0
 50
90.0
100
AcDbRotatedDimension
1001
ACAD
1000
DSTYLE
1002
{
1070
    50
1040
1.570796326794896
1002
}
  0
DIMENSION
  5
6A1
102
{ACAD_XDICTIONARY
360
6B0
102
}
102
{ACAD_REACTORS
330
6BC
102
}
330
2
100
AcDbEntity
  8
绘图层
100
AcDbDimension
280
     0
  2
*D89
 10
6426.236054852719
 20
1740.000000000001
 30
0.0
 11
6413.186063967299
 21
1768.468985298823
 31
0.0
 70
    32
 71
     5
 42
7.0
 73
     0
 74
     0
 75
     0
  3
ISO-25$0
100
AcDbAlignedDimension
 13
6174.276510979896
 23
1733.0
 33
0.0
 14
6203.776510979896
 24
1740.0
 34
0.0
 50
90.0
100
AcDbRotatedDimension
1001
ACAD
1000
DSTYLE
1002
{
1070
    50
1040
1.570796326794896
1002
}
  0
DIMENSION
  5
6BD
102
{ACAD_XDICTIONARY
360
6CC
102
}
102
{ACAD_REACTORS
330
6D8
102
}
330
2
100
AcDbEntity
  8
绘图层
100
AcDbDimension
280
     0
  2
*D90
 10
2396.901915592041
 20
1733.000000000001
 30
0.0
 11
2383.851924706625
 21
1704.531014701175
 31
0.0
 70
    32
 71
     5
 42
7.0
 73
     0
 74
     0
 75
     0
  3
ISO-25$0
100
AcDbAlignedDimension
 13
2587.700000000001
 23
1740.0
 33
0.0
 14
2615.200000000001
 24
1733.0
 34
0.0
 50
90.0
100
AcDbRotatedDimension
1001
ACAD
1000
DSTYLE
1002
{
1070
    50
1040
1.570796326794896
1002
}
  0
DIMENSION
  5
6D9
102
{ACAD_XDICTIONARY
360
6E8
102
}
102
{ACAD_REACTORS
330
6F4
102
}
330
2
100
AcDbEntity
  8
绘图层
100
AcDbDimension
280
     0
  2
*D91
 10
3886.931196122361
 20
1740.000000000001
 30
0.0
 11
3873.881205236944
 21
1768.468985298824
 31
0.0
 70
    32
 71
     5
 42
7.0
 73
     0
 74
     0
 75
     0
  3
ISO-25$0
100
AcDbAlignedDimension
 13
3684.800000000001
 23
1733.0
 33
0.0
 14
3712.299999999999
 24
1740.0
 34
0.0
 50
90.0
100
AcDbRotatedDimension
1001
ACAD
1000
DSTYLE
1002
{
1070
    50
1040
1.570796326794896
1002
}
  0
DIMENSION
  5
6F5
102
{ACAD_XDICTIONARY
360
704
102
}
102
{ACAD_REACTORS
330
710
102
}
330
2
100
AcDbEntity
  8
绘图层
100
AcDbDimension
280
     0
  2
*D92
 10
3892.799623583243
 20
7.000000000000037
 30
0.0
 11
3879.749632697826
 21
35.46898529882343
 31
0.0
 70
    32
 71
     5
 42
7.000000000000007
 73
     0
 74
     0
 75
     0
  3
ISO-25$0
100
AcDbAlignedDimension
 13
3712.299999999999
 23
0.0
 33
0.0
 14
3684.799999999999
 24
7.0
 34
0.0
 50
90.0
100
AcDbRotatedDimension
1001
ACAD
1000
DSTYLE
1002
{
1070
    50
1040
1.570796326794896
1002
}
  0
ENDSEC
  0
SECTION
  2
OBJECTS
  0
DICTIONARY
  5
9
330
0
100
AcDbDictionary
281
     1
  3
ACAD_CIP_PREVIOUS_PRODUCT_INFO
350
673
  3
ACAD_COLOR
350
2F
  3
ACAD_DETAILVIEWSTYLE
350
66F
  3
ACAD_GROUP
350
2A
  3
ACAD_LAYOUT
350
F
  3
ACAD_MATERIAL
350
B
  3
ACAD_MLEADERSTYLE
350
32
  3
ACAD_MLINESTYLE
350
2B
  3
ACAD_PLOTSETTINGS
350
2C
  3
ACAD_PLOTSTYLENAME
350
8
  3
ACAD_SCALELIST
350
30
  3
ACAD_SECTIONVIEWSTYLE
350
66D
  3
ACAD_TABLESTYLE
350
31
  3
ACAD_VISUALSTYLE
350
24
  3
ACDB_RECOMPOSE_DATA
350
97A
  3
AcDbVariableDictionary
350
33
  3
AcDsDecomposeData
350
980
  0
DICTIONARY
  5
16
330
15
100
AcDbDictionary
280
     1
281
     1
  3
ACAD_LAYERSTATES
360
17
  0
DICTIONARY
  5
94D
330
6
100
AcDbDictionary
280
     1
281
     1
  3
ADSK_XREC_LAYER_RECONCILED
360
94E
  0
DICTIONARY
  5
94F
330
CA
100
AcDbDictionary
280
     1
281
     1
  3
ADSK_XREC_LAYER_RECONCILED
360
950
  0
DICTIONARY
  5
951
330
3D
100
AcDbDictionary
280
     1
281
     1
  3
ADSK_XREC_LAYER_RECONCILED
360
952
  0
DICTIONARY
  5
953
330
96
100
AcDbDictionary
280
     1
281
     1
  3
ADSK_XREC_LAYER_RECONCILED
360
954
  0
DICTIONARY
  5
955
330
AD
100
AcDbDictionary
280
     1
281
     1
  3
ADSK_XREC_LAYER_RECONCILED
360
956
  0
DICTIONARY
  5
3
330
2
100
AcDbDictionary
280
     1
281
     1
  3
ACAD_SORTENTS
360
64D
  0
DICTIONARY
  5
16D
330
16C
100
AcDbDictionary
280
     1
281
     1
  0
DICTIONARY
  5
6B
330
6A
100
AcDbDictionary
280
     1
281
     1
  3
ACAD_DIMASSOC
360
6C
  0
DICTIONARY
  5
87
330
86
100
AcDbDictionary
280
     1
281
     1
  3
ACAD_DIMASSOC
360
88
  0
DICTIONARY
  5
AB
330
AA
100
AcDbDictionary
280
     1
281
     1
  3
ACAD_DIMASSOC
360
AC
  0
DICTIONARY
  5
BB
330
BA
100
AcDbDictionary
280
     1
281
     1
  3
ACAD_DIMASSOC
360
BC
  0
DICTIONARY
  5
ED
330
EC
100
AcDbDictionary
280
     1
281
     1
  3
ACAD_DIMASSOC
360
EE
  0
DICTIONARY
  5
13A
330
139
100
AcDbDictionary
280
     1
281
     1
  3
ACAD_DIMASSOC
360
13B
  0
DICTIONARY
  5
157
330
156
100
AcDbDictionary
280
     1
281
     1
  3
ACAD_DIMASSOC
360
158
  0
DICTIONARY
  5
1ED
330
1EC
100
AcDbDictionary
280
     1
281
     1
  3
ACAD_DIMASSOC
360
1EE
  0
DICTIONARY
  5
1FC
330
1FB
100
AcDbDictionary
280
     1
281
     1
  3
ACAD_DIMASSOC
360
1FD
  0
DICTIONARY
  5
20B
330
20A
100
AcDbDictionary
280
     1
281
     1
  3
ACAD_DIMASSOC
360
20C
  0
DICTIONARY
  5
21C
330
21B
100
AcDbDictionary
280
     1
281
     1
  3
ACAD_DIMASSOC
360
21D
  0
DICTIONARY
  5
22D
330
22C
100
AcDbDictionary
280
     1
281
     1
  3
ACAD_DIMASSOC
360
22E
  0
DICTIONARY
  5
23C
330
23B
100
AcDbDictionary
280
     1
281
     1
  3
ACAD_DIMASSOC
360
23D
  0
DICTIONARY
  5
24B
330
24A
100
AcDbDictionary
280
     1
281
     1
  3
ACAD_DIMASSOC
360
24C
  0
DICTIONARY
  5
25C
330
25B
100
AcDbDictionary
280
     1
281
     1
  3
ACAD_DIMASSOC
360
25D
  0
DICTIONARY
  5
26B
330
26A
100
AcDbDictionary
280
     1
281
     1
  3
ACAD_DIMASSOC
360
26C
  0
DICTIONARY
  5
27A
330
279
100
AcDbDictionary
280
     1
281
     1
  3
ACAD_DIMASSOC
360
27B
  0
DICTIONARY
  5
289
330
288
100
AcDbDictionary
280
     1
281
     1
  3
ACAD_DIMASSOC
360
28A
  0
DICTIONARY
  5
29A
330
299
100
AcDbDictionary
280
     1
281
     1
  3
ACAD_DIMASSOC
360
29B
  0
DICTIONARY
  5
2AB
330
2AA
100
AcDbDictionary
280
     1
281
     1
  3
ACAD_DIMASSOC
360
2AC
  0
DICTIONARY
  5
2BA
330
2B9
100
AcDbDictionary
280
     1
281
     1
  3
ACAD_DIMASSOC
360
2BB
  0
DICTIONARY
  5
2C9
330
2C8
100
AcDbDictionary
280
     1
281
     1
  3
ACAD_DIMASSOC
360
2CA
  0
DICTIONARY
  5
2DA
330
2D9
100
AcDbDictionary
280
     1
281
     1
  3
ACAD_DIMASSOC
360
2DB
  0
DICTIONARY
  5
2E9
330
2E8
100
AcDbDictionary
280
     1
281
     1
  3
ACAD_DIMASSOC
360
2EA
  0
DICTIONARY
  5
2F8
330
2F7
100
AcDbDictionary
280
     1
281
     1
  3
ACAD_DIMASSOC
360
2F9
  0
DICTIONARY
  5
33A
330
339
100
AcDbDictionary
280
     1
281
     1
  3
ACAD_DIMASSOC
360
33B
  0
DICTIONARY
  5
349
330
348
100
AcDbDictionary
280
     1
281
     1
  3
ACAD_DIMASSOC
360
34A
  0
DICTIONARY
  5
358
330
357
100
AcDbDictionary
280
     1
281
     1
  3
ACAD_DIMASSOC
360
359
  0
DICTIONARY
  5
369
330
368
100
AcDbDictionary
280
     1
281
     1
  3
ACAD_DIMASSOC
360
36A
  0
DICTIONARY
  5
378
330
377
100
AcDbDictionary
280
     1
281
     1
  3
ACAD_DIMASSOC
360
379
  0
DICTIONARY
  5
387
330
386
100
AcDbDictionary
280
     1
281
     1
  3
ACAD_DIMASSOC
360
388
  0
DICTIONARY
  5
398
330
397
100
AcDbDictionary
280
     1
281
     1
  3
ACAD_DIMASSOC
360
399
  0
DICTIONARY
  5
3B4
330
3B3
100
AcDbDictionary
280
     1
281
     1
  3
ACAD_DIMASSOC
360
3B5
  0
DICTIONARY
  5
3C3
330
3C2
100
AcDbDictionary
280
     1
281
     1
  3
ACAD_DIMASSOC
360
3C4
  0
DICTIONARY
  5
3D4
330
3D3
100
AcDbDictionary
280
     1
281
     1
  3
ACAD_DIMASSOC
360
3D5
  0
DICTIONARY
  5
3E3
330
3E2
100
AcDbDictionary
280
     1
281
     1
  3
ACAD_DIMASSOC
360
3E4
  0
DICTIONARY
  5
3F2
330
3F1
100
AcDbDictionary
280
     1
281
     1
  3
ACAD_DIMASSOC
360
3F3
  0
DICTIONARY
  5
403
330
402
100
AcDbDictionary
280
     1
281
     1
  3
ACAD_DIMASSOC
360
404
  0
DICTIONARY
  5
412
330
411
100
AcDbDictionary
280
     1
281
     1
  3
ACAD_DIMASSOC
360
413
  0
DICTIONARY
  5
430
330
42F
100
AcDbDictionary
280
     1
281
     1
  3
ACAD_DIMASSOC
360
431
  0
DICTIONARY
  5
441
330
440
100
AcDbDictionary
280
     1
281
     1
  3
ACAD_DIMASSOC
360
442
  0
DICTIONARY
  5
47C
330
47B
100
AcDbDictionary
280
     1
281
     1
  3
ACAD_DIMASSOC
360
47D
  0
DICTIONARY
  5
499
330
498
100
AcDbDictionary
280
     1
281
     1
  3
ACAD_DIMASSOC
360
49A
  0
DICTIONARY
  5
4CE
330
4CD
100
AcDbDictionary
280
     1
281
     1
  3
ACAD_DIMASSOC
360
4CF
  0
DICTIONARY
  5
4DD
330
4DC
100
AcDbDictionary
280
     1
281
     1
  3
ACAD_DIMASSOC
360
4DE
  0
DICTIONARY
  5
4EE
330
4ED
100
AcDbDictionary
280
     1
281
     1
  3
ACAD_DIMASSOC
360
4EF
  0
DICTIONARY
  5
4FD
330
4FC
100
AcDbDictionary
280
     1
281
     1
  3
ACAD_DIMASSOC
360
4FE
  0
DICTIONARY
  5
50C
330
50B
100
AcDbDictionary
280
     1
281
     1
  3
ACAD_DIMASSOC
360
50D
  0
DICTIONARY
  5
51D
330
51C
100
AcDbDictionary
280
     1
281
     1
  3
ACAD_DIMASSOC
360
51E
  0
DICTIONARY
  5
52C
330
52B
100
AcDbDictionary
280
     1
281
     1
  3
ACAD_DIMASSOC
360
52D
  0
DICTIONARY
  5
53D
330
53C
100
AcDbDictionary
280
     1
281
     1
  3
ACAD_DIMASSOC
360
53E
  0
DICTIONARY
  5
55C
330
55B
100
AcDbDictionary
280
     1
281
     1
  3
ACAD_DIMASSOC
360
55D
  0
DICTIONARY
  5
56B
330
56A
100
AcDbDictionary
280
     1
281
     1
  3
ACAD_DIMASSOC
360
56C
  0
DICTIONARY
  5
595
330
594
100
AcDbDictionary
280
     1
281
     1
  3
ACAD_DIMASSOC
360
596
  0
DICTIONARY
  5
5B2
330
5B1
100
AcDbDictionary
280
     1
281
     1
  3
ACAD_DIMASSOC
360
5B3
  0
DICTIONARY
  5
5C1
330
5C0
100
AcDbDictionary
280
     1
281
     1
  3
ACAD_DIMASSOC
360
5C2
  0
DICTIONARY
  5
5D2
330
5D1
100
AcDbDictionary
280
     1
281
     1
  3
ACAD_DIMASSOC
360
5D3
  0
DICTIONARY
  5
5E3
330
5E2
100
AcDbDictionary
280
     1
281
     1
  3
ACAD_DIMASSOC
360
5E4
  0
DICTIONARY
  5
5F2
330
5F1
100
AcDbDictionary
280
     1
281
     1
  3
ACAD_DIMASSOC
360
5F3
  0
DICTIONARY
  5
601
330
600
100
AcDbDictionary
280
     1
281
     1
  3
ACAD_DIMASSOC
360
602
  0
DICTIONARY
  5
612
330
611
100
AcDbDictionary
280
     1
281
     1
  3
ACAD_DIMASSOC
360
613
  0
DICTIONARY
  5
621
330
620
100
AcDbDictionary
280
     1
281
     1
  3
ACAD_DIMASSOC
360
622
  0
DICTIONARY
  5
630
330
62F
100
AcDbDictionary
280
     1
281
     1
  3
ACAD_DIMASSOC
360
631
  0
DICTIONARY
  5
694
330
685
100
AcDbDictionary
280
     1
281
     1
  3
ACAD_DIMASSOC
360
6A0
  0
DICTIONARY
  5
6B0
330
6A1
100
AcDbDictionary
280
     1
281
     1
  3
ACAD_DIMASSOC
360
6BC
  0
DICTIONARY
  5
6CC
330
6BD
100
AcDbDictionary
280
     1
281
     1
  3
ACAD_DIMASSOC
360
6D8
  0
DICTIONARY
  5
6E8
330
6D9
100
AcDbDictionary
280
     1
281
     1
  3
ACAD_DIMASSOC
360
6F4
  0
DICTIONARY
  5
704
330
6F5
100
AcDbDictionary
280
     1
281
     1
  3
ACAD_DIMASSOC
360
710
  0
XRECORD
  5
673
102
{ACAD_REACTORS
330
9
102
}
330
9
100
AcDbXrecord
280
     1
300
ACD
300
2021
300

  0
DICTIONARY
  5
2F
102
{ACAD_REACTORS
330
9
102
}
330
9
100
AcDbDictionary
281
     1
  0
DICTIONARY
  5
66F
102
{ACAD_REACTORS
330
9
102
}
330
9
100
AcDbDictionary
281
     1
  3
Metric50
350
670
  0
DICTIONARY
  5
2A
102
{ACAD_REACTORS
330
9
102
}
330
9
100
AcDbDictionary
281
     1
  0
DICTIONARY
  5
F
102
{ACAD_REACTORS
330
9
102
}
330
9
100
AcDbDictionary
281
     1
  3
Model
350
E
  3
布局1
350
14
  0
DICTIONARY
  5
B
102
{ACAD_REACTORS
330
9
102
}
330
9
100
AcDbDictionary
281
     1
  3
ByBlock
350
2E
  3
ByLayer
350
2D
  3
Global
350
A
  0
DICTIONARY
  5
32
102
{ACAD_REACTORS
330
9
102
}
330
9
100
AcDbDictionary
281
     1
  3
Standard
350
66C
  0
DICTIONARY
  5
2B
102
{ACAD_REACTORS
330
9
102
}
330
9
100
AcDbDictionary
281
     1
  3
Standard
350
3E
  0
DICTIONARY
  5
2C
102
{ACAD_REACTORS
330
9
102
}
330
9
100
AcDbDictionary
281
     1
  0
ACDBDICTIONARYWDFLT
  5
8
102
{ACAD_REACTORS
330
9
102
}
330
9
100
AcDbDictionary
281
     1
  3
Normal
350
7
100
AcDbDictionaryWithDefault
340
7
  0
DICTIONARY
  5
30
102
{ACAD_REACTORS
330
9
102
}
330
9
100
AcDbDictionary
281
     1
  3
A0
350
42
  3
A1
350
43
  3
A2
350
44
  3
A3
350
45
  3
A4
350
46
  3
A5
350
47
  3
A6
350
48
  3
A7
350
49
  3
A8
350
4A
  3
A9
350
4B
  3
B0
350
4C
  3
B1
350
4D
  3
B2
350
4E
  3
B3
350
4F
  3
B4
350
50
  3
B5
350
51
  3
B6
350
52
  0
DICTIONARY
  5
66D
102
{ACAD_REACTORS
330
9
102
}
330
9
100
AcDbDictionary
281
     1
  3
Metric50
350
66E
  0
DICTIONARY
  5
31
102
{ACAD_REACTORS
330
9
102
}
330
9
100
AcDbDictionary
281
     1
  3
Standard
350
3F
  0
DICTIONARY
  5
24
102
{ACAD_REACTORS
330
9
102
}
330
9
100
AcDbDictionary
281
     1
  3
2dWireframe
350
23
  3
3dWireframe
350
41
  3
Basic
350
65A
  3
Brighten
350
65F
  3
ColorChange
350
663
  3
Conceptual
350
65D
  3
Dim
350
65E
  3
EdgeColorOff
350
66B
  3
Facepattern
350
662
  3
Flat
350
656
  3
FlatWithEdges
350
657
  3
Gouraud
350
658
  3
GouraudWithEdges
350
659
  3
Hidden
350
65C
  3
JitterOff
350
669
  3
Linepattern
350
661
  3
OverhangOff
350
66A
  3
Realistic
350
40
  3
Shaded
350
668
  3
Shaded with edges
350
667
  3
Shades of Gray
350
664
  3
Sketchy
350
665
  3
Thicken
350
660
  3
Wireframe
350
65B
  3
X-Ray
350
666
  0
XRECORD
  5
97A
102
{ACAD_REACTORS
330
9
102
}
330
9
100
AcDbXrecord
280
     1
 90
        1
330
3F
  0
DICTIONARY
  5
33
102
{ACAD_REACTORS
330
9
102
}
330
9
100
AcDbDictionary
281
     1
  3
CANNOSCALE
350
34
  3
CMLEADERSTYLE
350
35
  3
CTABLESTYLE
350
36
  3
CVIEWDETAILSTYLE
350
37
  3
CVIEWSECTIONSTYLE
350
38
  3
LAYEREVAL
350
39
  3
LAYERNOTIFY
350
3A
  3
LIGHTINGUNITS
350
3B
  3
MSLTSCALE
350
3C
  0
DICTIONARY
  5
980
102
{ACAD_REACTORS
330
9
102
}
330
9
100
AcDbDictionary
281
     1
  3
AcDsRecords
350
982
  3
AcDsSchemas
350
981
1001
ACAD
1070
     2
  0
DICTIONARY
  5
17
102
{ACAD_REACTORS
330
16
102
}
330
16
100
AcDbDictionary
281
     1
  0
XRECORD
  5
94E
102
{ACAD_REACTORS
330
94D
102
}
330
94D
100
AcDbXrecord
280
     1
290
     1
  0
XRECORD
  5
950
102
{ACAD_REACTORS
330
94F
102
}
330
94F
100
AcDbXrecord
280
     1
290
     1
  0
XRECORD
  5
952
102
{ACAD_REACTORS
330
951
102
}
330
951
100
AcDbXrecord
280
     1
290
     1
  0
XRECORD
  5
954
102
{ACAD_REACTORS
330
953
102
}
330
953
100
AcDbXrecord
280
     1
290
     1
  0
XRECORD
  5
956
102
{ACAD_REACTORS
330
955
102
}
330
955
100
AcDbXrecord
280
     1
290
     1
  0
SORTENTSTABLE
  5
64D
102
{ACAD_REACTORS
330
3
102
}
330
3
100
AcDbSortentsTable
330
2
  0
DIMASSOC
  5
6C
102
{ACAD_REACTORS
330
6B
102
}
330
6B
100
AcDbDimAssoc
330
6A
 90
        3
 70
     0
 71
     0
  1
AcDbOsnapPointRef
 72
    13
331
69
 73
     2
 91
        0
 40
0.0
 10
0.0
 20
0.0
 30
2.000000000000000E+50
 75
     0
  1
AcDbOsnapPointRef
 72
     1
331
69
 73
     2
 91
        0
 40
1.0
 10
0.0
 20
0.0
 30
2.000000000000000E+50
 75
     0
  0
DIMASSOC
  5
88
102
{ACAD_REACTORS
330
87
102
}
330
87
100
AcDbDimAssoc
330
86
 90
        3
 70
     0
 71
     0
  1
AcDbOsnapPointRef
 72
     1
331
5C
 73
     2
 91
        0
 40
1.0
 10
0.0
 20
0.0
 30
2.000000000000000E+50
 75
     0
  1
AcDbOsnapPointRef
 72
    13
331
5C
 73
     2
 91
        0
 40
0.0
 10
0.0
 20
0.0
 30
2.000000000000000E+50
 75
     0
  0
DIMASSOC
  5
AC
102
{ACAD_REACTORS
330
AB
102
}
330
AB
100
AcDbDimAssoc
330
AA
 90
        3
 70
     0
 71
     0
  1
AcDbOsnapPointRef
 72
     1
331
A5
 73
     2
 91
        0
 40
1.0
 10
0.0
 20
0.0
 30
2.000000000000000E+50
 75
     0
  1
AcDbOsnapPointRef
 72
     1
331
9B
 73
     2
 91
        0
 40
1.0
 10
0.0
 20
0.0
 30
2.000000000000000E+50
 75
     0
  0
DIMASSOC
  5
BC
102
{ACAD_REACTORS
330
BB
102
}
330
BB
100
AcDbDimAssoc
330
BA
 90
        2
 70
     0
 71
     0
  1
AcDbOsnapPointRef
 72
    13
331
A1
 73
     2
 91
        0
 40
0.0
 10
0.0
 20
0.0
 30
2.000000000000000E+50
 75
     0
  0
DIMASSOC
  5
EE
102
{ACAD_REACTORS
330
ED
102
}
330
ED
100
AcDbDimAssoc
330
EC
 90
        3
 70
     0
 71
     0
  1
AcDbOsnapPointRef
 72
    13
331
A0
 73
     2
 91
        0
 40
0.0
 10
0.0
 20
0.0
 30
2.000000000000000E+50
 75
     0
  1
AcDbOsnapPointRef
 72
     1
331
A0
 73
     2
 91
        0
 40
1.0
 10
0.0
 20
0.0
 30
2.000000000000000E+50
 75
     0
  0
DIMASSOC
  5
13B
102
{ACAD_REACTORS
330
13A
102
}
330
13A
100
AcDbDimAssoc
330
139
 90
        2
 70
     0
 71
     0
  1
AcDbOsnapPointRef
 72
    13
331
118
 73
     2
 91
        0
 40
0.0
 10
0.0
 20
0.0
 30
2.000000000000000E+50
 75
     0
  0
DIMASSOC
  5
158
102
{ACAD_REACTORS
330
157
102
}
330
157
100
AcDbDimAssoc
330
156
 90
        3
 70
     0
 71
     0
  1
AcDbOsnapPointRef
 72
    13
331
125
 73
     2
 91
        0
 40
0.0
 10
0.0
 20
0.0
 30
2.000000000000000E+50
 75
     0
  1
AcDbOsnapPointRef
 72
     1
331
125
 73
     2
 91
        0
 40
1.0
 10
0.0
 20
0.0
 30
2.000000000000000E+50
 75
     0
  0
DIMASSOC
  5
1EE
102
{ACAD_REACTORS
330
1ED
102
}
330
1ED
100
AcDbDimAssoc
330
1EC
 90
        3
 70
     0
 71
     0
  1
AcDbOsnapPointRef
 72
     1
331
1D0
 73
     2
 91
        0
 40
1.0
 10
0.0
 20
0.0
 30
2.000000000000000E+50
 75
     0
  1
AcDbOsnapPointRef
 72
    13
331
1C8
 73
     2
 91
        0
 40
0.0
 10
0.0
 20
0.0
 30
2.000000000000000E+50
 75
     0
  0
DIMASSOC
  5
1FD
102
{ACAD_REACTORS
330
1FC
102
}
330
1FC
100
AcDbDimAssoc
330
1FB
 90
        1
 70
     0
 71
     0
  1
AcDbOsnapPointRef
 72
     1
331
1D3
 73
     2
 91
        0
 40
1.0
 10
0.0
 20
0.0
 30
2.000000000000000E+50
 75
     0
  0
DIMASSOC
  5
20C
102
{ACAD_REACTORS
330
20B
102
}
330
20B
100
AcDbDimAssoc
330
20A
 90
        2
 70
     0
 71
     0
  1
AcDbOsnapPointRef
 72
    13
331
1D5
 73
     2
 91
        0
 40
0.0
 10
0.0
 20
0.0
 30
2.000000000000000E+50
 75
     0
  0
DIMASSOC
  5
21D
102
{ACAD_REACTORS
330
21C
102
}
330
21C
100
AcDbDimAssoc
330
21B
 90
        3
 70
     0
 71
     0
  1
AcDbOsnapPointRef
 72
    13
331
1E4
 73
     2
 91
        0
 40
0.0
 10
0.0
 20
0.0
 30
2.000000000000000E+50
 75
     0
  1
AcDbOsnapPointRef
 72
    13
331
1DA
 73
     2
 91
        0
 40
0.0
 10
0.0
 20
0.0
 30
2.000000000000000E+50
 75
     0
  0
DIMASSOC
  5
22E
102
{ACAD_REACTORS
330
22D
102
}
330
22D
100
AcDbDimAssoc
330
22C
 90
        2
 70
     0
 71
     0
  1
AcDbOsnapPointRef
 72
    13
331
1E5
 73
     2
 91
        0
 40
0.0
 10
0.0
 20
0.0
 30
2.000000000000000E+50
 75
     0
  0
DIMASSOC
  5
23D
102
{ACAD_REACTORS
330
23C
102
}
330
23C
100
AcDbDimAssoc
330
23B
 90
        2
 70
     0
 71
     0
  1
AcDbOsnapPointRef
 72
    13
331
1E8
 73
     2
 91
        0
 40
0.0
 10
0.0
 20
0.0
 30
2.000000000000000E+50
 75
     0
  0
DIMASSOC
  5
24C
102
{ACAD_REACTORS
330
24B
102
}
330
24B
100
AcDbDimAssoc
330
24A
 90
        2
 70
     0
 71
     0
  1
AcDbOsnapPointRef
 72
     1
331
1E8
 73
     2
 91
        0
 40
1.0
 10
0.0
 20
0.0
 30
2.000000000000000E+50
 75
     0
  0
DIMASSOC
  5
25D
102
{ACAD_REACTORS
330
25C
102
}
330
25C
100
AcDbDimAssoc
330
25B
 90
        2
 70
     0
 71
     0
  1
AcDbOsnapPointRef
 72
    13
331
1EA
 73
     2
 91
        0
 40
0.0
 10
0.0
 20
0.0
 30
2.000000000000000E+50
 75
     0
  0
DIMASSOC
  5
26C
102
{ACAD_REACTORS
330
26B
102
}
330
26B
100
AcDbDimAssoc
330
26A
 90
        2
 70
     0
 71
     0
  1
AcDbOsnapPointRef
 72
    13
331
1EB
 73
     2
 91
        0
 40
0.0
 10
0.0
 20
0.0
 30
2.000000000000000E+50
 75
     0
  0
DIMASSOC
  5
27B
102
{ACAD_REACTORS
330
27A
102
}
330
27A
100
AcDbDimAssoc
330
279
 90
        1
 70
     0
 71
     0
  1
AcDbOsnapPointRef
 72
     1
331
102
 73
     2
 91
        0
 40
0.9999999999999998
 10
0.0
 20
0.0
 30
2.000000000000000E+50
 75
     0
  0
DIMASSOC
  5
28A
102
{ACAD_REACTORS
330
289
102
}
330
289
100
AcDbDimAssoc
330
288
 90
        2
 70
     0
 71
     0
  1
AcDbOsnapPointRef
 72
     1
331
103
 73
     2
 91
        0
 40
0.9999999999999998
 10
0.0
 20
0.0
 30
2.000000000000000E+50
 75
     0
  0
DIMASSOC
  5
29B
102
{ACAD_REACTORS
330
29A
102
}
330
29A
100
AcDbDimAssoc
330
299
 90
        1
 70
     0
 71
     0
  1
AcDbOsnapPointRef
 72
     1
331
FB
 73
     2
 91
        0
 40
1.0
 10
0.0
 20
0.0
 30
2.000000000000000E+50
 75
     0
  0
DIMASSOC
  5
2AC
102
{ACAD_REACTORS
330
2AB
102
}
330
2AB
100
AcDbDimAssoc
330
2AA
 90
        2
 70
     0
 71
     0
  1
AcDbOsnapPointRef
 72
     1
331
FD
 73
     2
 91
        0
 40
1.0
 10
0.0
 20
0.0
 30
2.000000000000000E+50
 75
     0
  0
DIMASSOC
  5
2BB
102
{ACAD_REACTORS
330
2BA
102
}
330
2BA
100
AcDbDimAssoc
330
2B9
 90
        2
 70
     0
 71
     0
  1
AcDbOsnapPointRef
 72
     1
331
FE
 73
     2
 91
        0
 40
1.0
 10
0.0
 20
0.0
 30
2.000000000000000E+50
 75
     0
  0
DIMASSOC
  5
2CA
102
{ACAD_REACTORS
330
2C9
102
}
330
2C9
100
AcDbDimAssoc
330
2C8
 90
        3
 70
     0
 71
     0
  1
AcDbOsnapPointRef
 72
     6
331
FE
 73
     2
 91
        0
 40
1.0
 10
0.0
 20
0.0
 30
0.0
332
A1
 74
     2
 92
        0
 75
     0
  1
AcDbOsnapPointRef
 72
     6
331
FF
 73
     2
 91
        0
 40
1.0
 10
0.0
 20
0.0
 30
0.0
332
A1
 74
     2
 92
        0
 75
     0
  0
DIMASSOC
  5
2DB
102
{ACAD_REACTORS
330
2DA
102
}
330
2DA
100
AcDbDimAssoc
330
2D9
 90
        3
 70
     0
 71
     0
  1
AcDbOsnapPointRef
 72
     1
331
FF
 73
     2
 91
        0
 40
1.0
 10
0.0
 20
0.0
 30
2.000000000000000E+50
 75
     0
  1
AcDbOsnapPointRef
 72
     6
331
100
 73
     2
 91
        0
 40
1.0
 10
0.0
 20
0.0
 30
0.0
332
A1
 74
     2
 92
        0
 75
     0
  0
DIMASSOC
  5
2EA
102
{ACAD_REACTORS
330
2E9
102
}
330
2E9
100
AcDbDimAssoc
330
2E8
 90
        2
 70
     0
 71
     0
  1
AcDbOsnapPointRef
 72
     6
331
101
 73
     2
 91
        0
 40
1.0
 10
0.0
 20
0.0
 30
0.0
332
A1
 74
     2
 92
        0
 75
     0
  0
DIMASSOC
  5
2F9
102
{ACAD_REACTORS
330
2F8
102
}
330
2F8
100
AcDbDimAssoc
330
2F7
 90
        1
 70
     0
 71
     0
  1
AcDbOsnapPointRef
 72
    13
331
66
 73
     2
 91
        0
 40
0.0
 10
0.0
 20
0.0
 30
2.000000000000000E+50
 75
     0
  0
DIMASSOC
  5
33B
102
{ACAD_REACTORS
330
33A
102
}
330
33A
100
AcDbDimAssoc
330
339
 90
        1
 70
     0
 71
     0
  1
AcDbOsnapPointRef
 72
     1
331
331
 73
     2
 91
        0
 40
1.0
 10
0.0
 20
0.0
 30
2.000000000000000E+50
 75
     0
  0
DIMASSOC
  5
34A
102
{ACAD_REACTORS
330
349
102
}
330
349
100
AcDbDimAssoc
330
348
 90
        1
 70
     0
 71
     0
  1
AcDbOsnapPointRef
 72
     1
331
334
 73
     2
 91
        0
 40
1.0
 10
0.0
 20
0.0
 30
2.000000000000000E+50
 75
     0
  0
DIMASSOC
  5
359
102
{ACAD_REACTORS
330
358
102
}
330
358
100
AcDbDimAssoc
330
357
 90
        3
 70
     0
 71
     0
  1
AcDbOsnapPointRef
 72
    13
331
326
 73
     2
 91
        0
 40
0.0
 10
0.0
 20
0.0
 30
2.000000000000000E+50
 75
     0
  1
AcDbOsnapPointRef
 72
    13
331
32A
 73
     2
 91
        0
 40
0.0
 10
0.0
 20
0.0
 30
2.000000000000000E+50
 75
     0
  0
DIMASSOC
  5
36A
102
{ACAD_REACTORS
330
369
102
}
330
369
100
AcDbDimAssoc
330
368
 90
        2
 70
     0
 71
     0
  1
AcDbOsnapPointRef
 72
    13
331
329
 73
     2
 91
        0
 40
0.0
 10
0.0
 20
0.0
 30
2.000000000000000E+50
 75
     0
  0
DIMASSOC
  5
379
102
{ACAD_REACTORS
330
378
102
}
330
378
100
AcDbDimAssoc
330
377
 90
        3
 70
     0
 71
     0
  1
AcDbOsnapPointRef
 72
     1
331
326
 73
     2
 91
        0
 40
1.0
 10
0.0
 20
0.0
 30
2.000000000000000E+50
 75
     0
  1
AcDbOsnapPointRef
 72
    13
331
334
 73
     2
 91
        0
 40
0.0
 10
0.0
 20
0.0
 30
2.000000000000000E+50
 75
     0
  0
DIMASSOC
  5
388
102
{ACAD_REACTORS
330
387
102
}
330
387
100
AcDbDimAssoc
330
386
 90
        3
 70
     0
 71
     0
  1
AcDbOsnapPointRef
 72
    13
331
337
 73
     2
 91
        0
 40
0.0
 10
0.0
 20
0.0
 30
2.000000000000000E+50
 75
     0
  1
AcDbOsnapPointRef
 72
     1
331
32D
 73
     2
 91
        0
 40
1.0
 10
0.0
 20
0.0
 30
2.000000000000000E+50
 75
     0
  0
DIMASSOC
  5
399
102
{ACAD_REACTORS
330
398
102
}
330
398
100
AcDbDimAssoc
330
397
 90
        3
 70
     0
 71
     0
  1
AcDbOsnapPointRef
 72
     1
331
337
 73
     2
 91
        0
 40
1.0
 10
0.0
 20
0.0
 30
2.000000000000000E+50
 75
     0
  1
AcDbOsnapPointRef
 72
     1
331
330
 73
     2
 91
        0
 40
1.0
 10
0.0
 20
0.0
 30
2.000000000000000E+50
 75
     0
  0
DIMASSOC
  5
3B5
102
{ACAD_REACTORS
330
3B4
102
}
330
3B4
100
AcDbDimAssoc
330
3B3
 90
        2
 70
     0
 71
     0
  1
AcDbOsnapPointRef
 72
     1
331
167
 73
     2
 91
        0
 40
0.9999999999999998
 10
0.0
 20
0.0
 30
2.000000000000000E+50
 75
     0
  0
DIMASSOC
  5
3C4
102
{ACAD_REACTORS
330
3C3
102
}
330
3C3
100
AcDbDimAssoc
330
3C2
 90
        1
 70
     0
 71
     0
  1
AcDbOsnapPointRef
 72
     1
331
165
 73
     2
 91
        0
 40
1.0
 10
0.0
 20
0.0
 30
2.000000000000000E+50
 75
     0
  0
DIMASSOC
  5
3D5
102
{ACAD_REACTORS
330
3D4
102
}
330
3D4
100
AcDbDimAssoc
330
3D3
 90
        2
 70
     0
 71
     0
  1
AcDbOsnapPointRef
 72
     1
331
166
 73
     2
 91
        0
 40
1.0
 10
0.0
 20
0.0
 30
2.000000000000000E+50
 75
     0
  0
DIMASSOC
  5
3E4
102
{ACAD_REACTORS
330
3E3
102
}
330
3E3
100
AcDbDimAssoc
330
3E2
 90
        2
 70
     0
 71
     0
  1
AcDbOsnapPointRef
 72
     1
331
168
 73
     2
 91
        0
 40
0.9999999999999998
 10
0.0
 20
0.0
 30
2.000000000000000E+50
 75
     0
  0
DIMASSOC
  5
3F3
102
{ACAD_REACTORS
330
3F2
102
}
330
3F2
100
AcDbDimAssoc
330
3F1
 90
        2
 70
     0
 71
     0
  1
AcDbOsnapPointRef
 72
     1
331
169
 73
     2
 91
        0
 40
0.9999999999999998
 10
0.0
 20
0.0
 30
2.000000000000000E+50
 75
     0
  0
DIMASSOC
  5
404
102
{ACAD_REACTORS
330
403
102
}
330
403
100
AcDbDimAssoc
330
402
 90
        2
 70
     0
 71
     0
  1
AcDbOsnapPointRef
 72
     1
331
16A
 73
     2
 91
        0
 40
0.9999999999999998
 10
0.0
 20
0.0
 30
2.000000000000000E+50
 75
     0
  0
DIMASSOC
  5
413
102
{ACAD_REACTORS
330
412
102
}
330
412
100
AcDbDimAssoc
330
411
 90
        3
 70
     0
 71
     0
  1
AcDbOsnapPointRef
 72
     2
331
9C
 73
     2
 91
        0
 40
0.5
 10
0.0
 20
0.0
 30
0.0
 75
     0
  1
AcDbOsnapPointRef
 72
    13
331
FD
 73
     2
 91
        0
 40
0.0
 10
0.0
 20
0.0
 30
2.000000000000000E+50
 75
     0
  0
DIMASSOC
  5
431
102
{ACAD_REACTORS
330
430
102
}
330
430
100
AcDbDimAssoc
330
42F
 90
        3
 70
     0
 71
     0
  1
AcDbOsnapPointRef
 72
     2
331
11D
 73
     2
 91
        0
 40
0.5
 10
0.0
 20
0.0
 30
0.0
 75
     0
  1
AcDbOsnapPointRef
 72
     6
331
166
 73
     2
 91
        0
 40
0.0
 10
0.0
 20
0.0
 30
0.0
332
118
 74
     2
 92
        0
 75
     0
  0
DIMASSOC
  5
442
102
{ACAD_REACTORS
330
441
102
}
330
441
100
AcDbDimAssoc
330
440
 90
        2
 70
     0
 71
     0
  1
AcDbOsnapPointRef
 72
     2
331
11F
 73
     2
 91
        0
 40
0.5
 10
0.0
 20
0.0
 30
0.0
 75
     0
  0
DIMASSOC
  5
47D
102
{ACAD_REACTORS
330
47C
102
}
330
47C
100
AcDbDimAssoc
330
47B
 90
        2
 70
     0
 71
     0
  1
AcDbOsnapPointRef
 72
    13
331
45A
 73
     2
 91
        0
 40
0.0
 10
0.0
 20
0.0
 30
2.000000000000000E+50
 75
     0
  0
DIMASSOC
  5
49A
102
{ACAD_REACTORS
330
499
102
}
330
499
100
AcDbDimAssoc
330
498
 90
        3
 70
     0
 71
     0
  1
AcDbOsnapPointRef
 72
    13
331
467
 73
     2
 91
        0
 40
0.0
 10
0.0
 20
0.0
 30
2.000000000000000E+50
 75
     0
  1
AcDbOsnapPointRef
 72
     1
331
467
 73
     2
 91
        0
 40
1.0
 10
0.0
 20
0.0
 30
2.000000000000000E+50
 75
     0
  0
DIMASSOC
  5
4CF
102
{ACAD_REACTORS
330
4CE
102
}
330
4CE
100
AcDbDimAssoc
330
4CD
 90
        2
 70
     0
 71
     0
  1
AcDbOsnapPointRef
 72
     1
331
4A9
 73
     2
 91
        0
 40
0.9999999999999998
 10
0.0
 20
0.0
 30
2.000000000000000E+50
 75
     0
  0
DIMASSOC
  5
4DE
102
{ACAD_REACTORS
330
4DD
102
}
330
4DD
100
AcDbDimAssoc
330
4DC
 90
        1
 70
     0
 71
     0
  1
AcDbOsnapPointRef
 72
     1
331
4A7
 73
     2
 91
        0
 40
1.0
 10
0.0
 20
0.0
 30
2.000000000000000E+50
 75
     0
  0
DIMASSOC
  5
4EF
102
{ACAD_REACTORS
330
4EE
102
}
330
4EE
100
AcDbDimAssoc
330
4ED
 90
        2
 70
     0
 71
     0
  1
AcDbOsnapPointRef
 72
     1
331
4A8
 73
     2
 91
        0
 40
1.0
 10
0.0
 20
0.0
 30
2.000000000000000E+50
 75
     0
  0
DIMASSOC
  5
4FE
102
{ACAD_REACTORS
330
4FD
102
}
330
4FD
100
AcDbDimAssoc
330
4FC
 90
        2
 70
     0
 71
     0
  1
AcDbOsnapPointRef
 72
     1
331
4AA
 73
     2
 91
        0
 40
0.9999999999999998
 10
0.0
 20
0.0
 30
2.000000000000000E+50
 75
     0
  0
DIMASSOC
  5
50D
102
{ACAD_REACTORS
330
50C
102
}
330
50C
100
AcDbDimAssoc
330
50B
 90
        2
 70
     0
 71
     0
  1
AcDbOsnapPointRef
 72
     1
331
4AB
 73
     2
 91
        0
 40
0.9999999999999998
 10
0.0
 20
0.0
 30
2.000000000000000E+50
 75
     0
  0
DIMASSOC
  5
51E
102
{ACAD_REACTORS
330
51D
102
}
330
51D
100
AcDbDimAssoc
330
51C
 90
        2
 70
     0
 71
     0
  1
AcDbOsnapPointRef
 72
     1
331
4AC
 73
     2
 91
        0
 40
0.9999999999999998
 10
0.0
 20
0.0
 30
2.000000000000000E+50
 75
     0
  0
DIMASSOC
  5
52D
102
{ACAD_REACTORS
330
52C
102
}
330
52C
100
AcDbDimAssoc
330
52B
 90
        3
 70
     0
 71
     0
  1
AcDbOsnapPointRef
 72
     2
331
45F
 73
     2
 91
        0
 40
0.5
 10
0.0
 20
0.0
 30
0.0
 75
     0
  1
AcDbOsnapPointRef
 72
     6
331
4A8
 73
     2
 91
        0
 40
0.0
 10
0.0
 20
0.0
 30
0.0
332
45A
 74
     2
 92
        0
 75
     0
  0
DIMASSOC
  5
53E
102
{ACAD_REACTORS
330
53D
102
}
330
53D
100
AcDbDimAssoc
330
53C
 90
        2
 70
     0
 71
     0
  1
AcDbOsnapPointRef
 72
     2
331
461
 73
     2
 91
        0
 40
0.5
 10
0.0
 20
0.0
 30
0.0
 75
     0
  0
DIMASSOC
  5
55D
102
{ACAD_REACTORS
330
55C
102
}
330
55C
100
AcDbDimAssoc
330
55B
 90
        3
 70
     0
 71
     0
  1
AcDbOsnapPointRef
 72
     1
331
556
 73
     2
 91
        0
 40
1.0
 10
0.0
 20
0.0
 30
2.000000000000000E+50
 75
     0
  1
AcDbOsnapPointRef
 72
     1
331
54C
 73
     2
 91
        0
 40
1.0
 10
0.0
 20
0.0
 30
2.000000000000000E+50
 75
     0
  0
DIMASSOC
  5
56C
102
{ACAD_REACTORS
330
56B
102
}
330
56B
100
AcDbDimAssoc
330
56A
 90
        2
 70
     0
 71
     0
  1
AcDbOsnapPointRef
 72
    13
331
552
 73
     2
 91
        0
 40
0.0
 10
0.0
 20
0.0
 30
2.000000000000000E+50
 75
     0
  0
DIMASSOC
  5
596
102
{ACAD_REACTORS
330
595
102
}
330
595
100
AcDbDimAssoc
330
594
 90
        3
 70
     0
 71
     0
  1
AcDbOsnapPointRef
 72
    13
331
551
 73
     2
 91
        0
 40
0.0
 10
0.0
 20
0.0
 30
2.000000000000000E+50
 75
     0
  1
AcDbOsnapPointRef
 72
     1
331
551
 73
     2
 91
        0
 40
1.0
 10
0.0
 20
0.0
 30
2.000000000000000E+50
 75
     0
  0
DIMASSOC
  5
5B3
102
{ACAD_REACTORS
330
5B2
102
}
330
5B2
100
AcDbDimAssoc
330
5B1
 90
        1
 70
     0
 71
     0
  1
AcDbOsnapPointRef
 72
     1
331
5A9
 73
     2
 91
        0
 40
0.9999999999999998
 10
0.0
 20
0.0
 30
2.000000000000000E+50
 75
     0
  0
DIMASSOC
  5
5C2
102
{ACAD_REACTORS
330
5C1
102
}
330
5C1
100
AcDbDimAssoc
330
5C0
 90
        2
 70
     0
 71
     0
  1
AcDbOsnapPointRef
 72
     1
331
5AA
 73
     2
 91
        0
 40
0.9999999999999998
 10
0.0
 20
0.0
 30
2.000000000000000E+50
 75
     0
  0
DIMASSOC
  5
5D3
102
{ACAD_REACTORS
330
5D2
102
}
330
5D2
100
AcDbDimAssoc
330
5D1
 90
        1
 70
     0
 71
     0
  1
AcDbOsnapPointRef
 72
     1
331
5A3
 73
     2
 91
        0
 40
1.0
 10
0.0
 20
0.0
 30
2.000000000000000E+50
 75
     0
  0
DIMASSOC
  5
5E4
102
{ACAD_REACTORS
330
5E3
102
}
330
5E3
100
AcDbDimAssoc
330
5E2
 90
        2
 70
     0
 71
     0
  1
AcDbOsnapPointRef
 72
     1
331
5A4
 73
     2
 91
        0
 40
1.0
 10
0.0
 20
0.0
 30
2.000000000000000E+50
 75
     0
  0
DIMASSOC
  5
5F3
102
{ACAD_REACTORS
330
5F2
102
}
330
5F2
100
AcDbDimAssoc
330
5F1
 90
        2
 70
     0
 71
     0
  1
AcDbOsnapPointRef
 72
     1
331
5A5
 73
     2
 91
        0
 40
1.0
 10
0.0
 20
0.0
 30
2.000000000000000E+50
 75
     0
  0
DIMASSOC
  5
602
102
{ACAD_REACTORS
330
601
102
}
330
601
100
AcDbDimAssoc
330
600
 90
        3
 70
     0
 71
     0
  1
AcDbOsnapPointRef
 72
     6
331
5A5
 73
     2
 91
        0
 40
1.0
 10
0.0
 20
0.0
 30
0.0
332
552
 74
     2
 92
        0
 75
     0
  1
AcDbOsnapPointRef
 72
     6
331
5A6
 73
     2
 91
        0
 40
1.0
 10
0.0
 20
0.0
 30
0.0
332
552
 74
     2
 92
        0
 75
     0
  0
DIMASSOC
  5
613
102
{ACAD_REACTORS
330
612
102
}
330
612
100
AcDbDimAssoc
330
611
 90
        3
 70
     0
 71
     0
  1
AcDbOsnapPointRef
 72
     1
331
5A6
 73
     2
 91
        0
 40
1.0
 10
0.0
 20
0.0
 30
2.000000000000000E+50
 75
     0
  1
AcDbOsnapPointRef
 72
     6
331
5A7
 73
     2
 91
        0
 40
1.0
 10
0.0
 20
0.0
 30
0.0
332
552
 74
     2
 92
        0
 75
     0
  0
DIMASSOC
  5
622
102
{ACAD_REACTORS
330
621
102
}
330
621
100
AcDbDimAssoc
330
620
 90
        2
 70
     0
 71
     0
  1
AcDbOsnapPointRef
 72
     6
331
5A8
 73
     2
 91
        0
 40
1.0
 10
0.0
 20
0.0
 30
0.0
332
552
 74
     2
 92
        0
 75
     0
  0
DIMASSOC
  5
631
102
{ACAD_REACTORS
330
630
102
}
330
630
100
AcDbDimAssoc
330
62F
 90
        3
 70
     0
 71
     0
  1
AcDbOsnapPointRef
 72
     2
331
54D
 73
     2
 91
        0
 40
0.5
 10
0.0
 20
0.0
 30
0.0
 75
     0
  1
AcDbOsnapPointRef
 72
    13
331
5A4
 73
     2
 91
        0
 40
0.0
 10
0.0
 20
0.0
 30
2.000000000000000E+50
 75
     0
  0
DIMASSOC
  5
6A0
102
{ACAD_REACTORS
330
694
102
}
330
694
100
AcDbDimAssoc
330
685
 90
        3
 70
     0
 71
     0
  1
AcDbOsnapPointRef
 72
    13
331
A2
 73
     2
 91
        0
 40
0.0
 10
6786.899902342961
 20
1733.0
 30
0.0
 75
     0
  1
AcDbOsnapPointRef
 72
    13
331
A5
 73
     2
 91
        0
 40
0.0
 10
6757.39990234296
 20
1740.0
 30
0.0
 75
     0
  0
DIMASSOC
  5
6BC
102
{ACAD_REACTORS
330
6B0
102
}
330
6B0
100
AcDbDimAssoc
330
6A1
 90
        3
 70
     0
 71
     0
  1
AcDbOsnapPointRef
 72
    13
331
553
 73
     2
 91
        0
 40
0.0
 10
7913.100097657039
 20
1733.0
 30
0.0
 75
     0
  1
AcDbOsnapPointRef
 72
    13
331
556
 73
     2
 91
        0
 40
0.0
 10
7942.600097657039
 20
1740.0
 30
0.0
 75
     0
  0
DIMASSOC
  5
6D8
102
{ACAD_REACTORS
330
6CC
102
}
330
6CC
100
AcDbDimAssoc
330
6BD
 90
        3
 70
     0
 71
     0
  1
AcDbOsnapPointRef
 72
    13
331
112
 73
     2
 91
        0
 40
0.0
 10
2587.700000000001
 20
1740.0
 30
0.0
 75
     0
  1
AcDbOsnapPointRef
 72
    13
331
12B
 73
     2
 91
        0
 40
0.0
 10
2615.200000000001
 20
1733.0
 30
0.0
 75
     0
  0
DIMASSOC
  5
6F4
102
{ACAD_REACTORS
330
6E8
102
}
330
6E8
100
AcDbDimAssoc
330
6D9
 90
        3
 70
     0
 71
     0
  1
AcDbOsnapPointRef
 72
    13
331
46D
 73
     2
 91
        0
 40
0.0
 10
3684.800000000001
 20
1733.0
 30
0.0
 75
     0
  1
AcDbOsnapPointRef
 72
    13
331
454
 73
     2
 91
        0
 40
0.0
 10
3712.299999999999
 20
1740.0
 30
0.0
 75
     0
  0
DIMASSOC
  5
710
102
{ACAD_REACTORS
330
704
102
}
330
704
100
AcDbDimAssoc
330
6F5
 90
        3
 70
     0
 71
     0
  1
AcDbOsnapPointRef
 72
    13
331
45F
 73
     2
 91
        0
 40
0.0
 10
3712.299999999999
 20
0.0
 30
0.0
 75
     0
  1
AcDbOsnapPointRef
 72
    13
331
462
 73
     2
 91
        0
 40
0.0
 10
3684.799999999999
 20
7.0
 30
0.0
 75
     0
  0
ACDBDETAILVIEWSTYLE
  5
670
102
{ACAD_XDICTIONARY
360
985
102
}
102
{ACAD_REACTORS
330
66F
102
}
330
66F
100
AcDbModelDocViewStyle
 70
     0
  3
Metric50
290
     0
100
AcDbDetailViewStyle
 70
     0
 71
     0
 90
        3
 71
     1
340
19
 62
   256
 40
5.0
340
0
 62
   256
 40
5.0
300

 40
0.0
280
     1
 71
     2
340
C
 90
       25
 62
   256
 71
     3
340
19
 62
   256
 40
5.0
 90
        0
 40
15.0
 90
        1
300
%<\AcVar ViewDetailId>% (%<\AcVar ViewScale \f "%sn">%)
 71
     4
340
C
 90
       25
 62
   256
340
C
 90
       25
 62
   256
280
     0
  0
LAYOUT
  5
E
102
{ACAD_REACTORS
330
F
102
}
330
F
100
AcDbPlotSettings
  1

  2
NPI73AAA9 (HP LaserJet MFP M437-M443)
  4
A4
  6

 40
5.027082920074462
 41
5.027085781097412
 42
5.027069091796875
 43
5.027069091796875
 44
209.9733276367186
 45
296.9259948730469
 46
18.5500115961642
 47
0.0
 48
0.0
 49
-400.0
140
2100.0
141
3300.0
142
1.0
143
12.8977455577307
 70
 11956
 72
     1
 73
     0
 74
     4
  7

 75
     0
147
0.077532929729771
 76
     0
 77
     2
 78
   300
148
0.0
149
400.0
100
AcDbLayout
  1
Model
 70
     1
 71
     0
 10
0.0
 20
0.0
 11
12.0
 21
9.0
 12
0.0
 22
0.0
 32
0.0
 14
0.0
 24
0.0
 34
0.0
 15
0.0
 25
0.0
 35
0.0
146
0.0
 13
0.0
 23
0.0
 33
0.0
 16
1.0
 26
0.0
 36
0.0
 17
0.0
 27
1.0
 37
0.0
 76
     0
330
2
331
22
1001
ACAD_PSEXT
1000
NPI73AAA9 (HP LaserJet MFP M437-M443)
1000
HP LaserJet MFP M437-M443 PCL6
1000
WSD-377bc33d-bd32-4f23-a01c-21cdc0f767f2.003f
1000

1070
     0
  0
LAYOUT
  5
14
102
{ACAD_REACTORS
330
F
102
}
330
F
100
AcDbPlotSettings
  1

  2
C:\Users\YuanJian\AppData\Roaming\Autodesk\AutoCAD 2007\R17.0\chs\plotters\konica minolta 185-8.pc3
  4

  6

 40
0.0
 41
0.0
 42
0.0
 43
0.0
 44
0.0
 45
0.0
 46
0.0
 47
0.0
 48
0.0
 49
0.0
140
0.0
141
0.0
142
1.0
143
1.0
 70
   688
 72
     0
 73
     0
 74
     5
  7

 75
    16
147
1.0
 76
     0
 77
     2
 78
   300
148
0.0
149
0.0
100
AcDbLayout
  1
布局1
 70
     1
 71
     1
 10
0.0
 20
0.0
 11
420.0
 21
297.0
 12
0.0
 22
0.0
 32
0.0
 14
1.000000000000000E+20
 24
1.000000000000000E+20
 34
1.000000000000000E+20
 15
-1.000000000000000E+20
 25
-1.000000000000000E+20
 35
-1.000000000000000E+20
146
0.0
 13
0.0
 23
0.0
 33
0.0
 16
1.0
 26
0.0
 36
0.0
 17
0.0
 27
1.0
 37
0.0
 76
     0
330
11
  0
MATERIAL
  5
2E
102
{ACAD_REACTORS
330
B
102
}
330
B
100
AcDbMaterial
  1
ByBlock
 73
     1
 78
     1
172
     1
176
     1
270
     1
274
     1
 94
       63
  0
MATERIAL
  5
2D
102
{ACAD_REACTORS
330
B
102
}
330
B
100
AcDbMaterial
  1
ByLayer
 73
     1
 78
     1
172
     1
176
     1
270
     1
274
     1
 94
       63
  0
MATERIAL
  5
A
102
{ACAD_REACTORS
330
B
102
}
330
B
100
AcDbMaterial
  1
Global
 73
     1
 78
     1
172
     1
176
     1
270
     1
274
     1
 94
       63
  0
MLEADERSTYLE
  5
66C
102
{ACAD_REACTORS
330
32
102
}
330
32
100
AcDbMLeaderStyle
179
     2
170
     2
171
     1
172
     0
 90
        2
 40
0.0
 41
0.0
173
     1
 91
-1056964608
340
1D
 92
       -2
290
     1
 42
2.0
291
     1
 43
0.36
  3
Standard
 44
4.0
300

342
19
174
     1
178
     6
175
     1
176
     0
 93
-1056964608
 45
4.0
292
     0
297
     0
 46
4.0
 94
-1056964608
 47
1.0
 49
1.0
140
1.0
293
     1
141
0.0
294
     1
177
     0
142
1.0
295
     0
296
     0
143
0.125
271
     0
272
     9
273
     9
298
     1
  0
MLINESTYLE
  5
3E
102
{ACAD_REACTORS
330
2B
102
}
330
2B
100
AcDbMlineStyle
  2
STANDARD
 70
     0
  3

 62
   256
 51
90.0
 52
90.0
 71
     2
 49
0.5
 62
   256
  6
BYLAYER
 49
-0.5
 62
   256
  6
BYLAYER
  0
ACDBPLACEHOLDER
  5
7
102
{ACAD_REACTORS
330
8
102
}
330
8
  0
SCALE
  5
42
102
{ACAD_REACTORS
330
30
102
}
330
30
100
AcDbScale
 70
     0
300
1:1
140
1.0
141
1.0
290
     1
  0
SCALE
  5
43
102
{ACAD_REACTORS
330
30
102
}
330
30
100
AcDbScale
 70
     0
300
1:2
140
1.0
141
2.0
290
     0
  0
SCALE
  5
44
102
{ACAD_REACTORS
330
30
102
}
330
30
100
AcDbScale
 70
     0
300
1:4
140
1.0
141
4.0
290
     0
  0
SCALE
  5
45
102
{ACAD_REACTORS
330
30
102
}
330
30
100
AcDbScale
 70
     0
300
1:5
140
1.0
141
5.0
290
     0
  0
SCALE
  5
46
102
{ACAD_REACTORS
330
30
102
}
330
30
100
AcDbScale
 70
     0
300
1:8
140
1.0
141
8.0
290
     0
  0
SCALE
  5
47
102
{ACAD_REACTORS
330
30
102
}
330
30
100
AcDbScale
 70
     0
300
1:10
140
1.0
141
10.0
290
     0
  0
SCALE
  5
48
102
{ACAD_REACTORS
330
30
102
}
330
30
100
AcDbScale
 70
     0
300
1:16
140
1.0
141
16.0
290
     0
  0
SCALE
  5
49
102
{ACAD_REACTORS
330
30
102
}
330
30
100
AcDbScale
 70
     0
300
1:20
140
1.0
141
20.0
290
     0
  0
SCALE
  5
4A
102
{ACAD_REACTORS
330
30
102
}
330
30
100
AcDbScale
 70
     0
300
1:30
140
1.0
141
30.0
290
     0
  0
SCALE
  5
4B
102
{ACAD_REACTORS
330
30
102
}
330
30
100
AcDbScale
 70
     0
300
1:40
140
1.0
141
40.0
290
     0
  0
SCALE
  5
4C
102
{ACAD_REACTORS
330
30
102
}
330
30
100
AcDbScale
 70
     0
300
1:50
140
1.0
141
50.0
290
     0
  0
SCALE
  5
4D
102
{ACAD_REACTORS
330
30
102
}
330
30
100
AcDbScale
 70
     0
300
1:100
140
1.0
141
100.0
290
     0
  0
SCALE
  5
4E
102
{ACAD_REACTORS
330
30
102
}
330
30
100
AcDbScale
 70
     0
300
2:1
140
2.0
141
1.0
290
     0
  0
SCALE
  5
4F
102
{ACAD_REACTORS
330
30
102
}
330
30
100
AcDbScale
 70
     0
300
4:1
140
4.0
141
1.0
290
     0
  0
SCALE
  5
50
102
{ACAD_REACTORS
330
30
102
}
330
30
100
AcDbScale
 70
     0
300
8:1
140
8.0
141
1.0
290
     0
  0
SCALE
  5
51
102
{ACAD_REACTORS
330
30
102
}
330
30
100
AcDbScale
 70
     0
300
10:1
140
10.0
141
1.0
290
     0
  0
SCALE
  5
52
102
{ACAD_REACTORS
330
30
102
}
330
30
100
AcDbScale
 70
     0
300
100:1
140
100.0
141
1.0
290
     0
  0
ACDBSECTIONVIEWSTYLE
  5
66E
102
{ACAD_XDICTIONARY
360
983
102
}
102
{ACAD_REACTORS
330
66D
102
}
330
66D
100
AcDbModelDocViewStyle
 70
     0
  3
Metric50
290
     0
100
AcDbSectionViewStyle
 70
     0
 71
     0
 90
      102
 71
     1
340
19
 62
   256
 40
5.0
340
0
340
0
 62
   256
 40
5.0
300
I, O, Q, S, X, Z
 40
10.0
 90
        0
 40
2.5
 90
        0
 71
     2
340
C
 90
       25
 62
   256
340
C
 90
       50
 62
   256
 40
5.0
 40
2.5
 40
5.0
 71
     3
340
19
 62
   256
 40
5.0
 90
        0
 40
15.0
 90
        1
300
%<\AcVar ViewSectionStartId>%-%<\AcVar ViewSectionEndId>% (%<\AcVar ViewScale \f "%sn">%)
 71
     4
 62
   256
 62
   257
300
ANSI31
 40
1.0
 90
        0
290
     0
290
     0
 90
        6
 40
0.0
 40
1.570796326794896
 40
0.2617993877991494
 40
1.308996938995747
 40
-0.2617993877991494
 40
1.832595714594046
  0
TABLESTYLE
  5
3F
102
{ACAD_XDICTIONARY
360
650
102
}
102
{ACAD_REACTORS
330
31
102
}
330
31
100
AcDbTableStyle
280
     0
  3
Standard
 70
     0
 71
     0
 40
1.5
 41
1.5
280
     0
281
     0
  7
Standard
140
4.5
170
     2
 62
     0
 63
     7
283
     0
 90
      512
 91
        0
  1

274
    -2
284
     1
 64
     0
275
    -2
285
     1
 65
     0
276
    -2
286
     1
 66
     0
277
    -2
287
     1
 67
     0
278
    -2
288
     1
 68
     0
279
    -2
289
     1
 69
     0
  7
Standard
140
6.0
170
     5
 62
     0
 63
     7
283
     0
 90
      512
 91
        0
  1

274
    -2
284
     1
 64
     0
275
    -2
285
     1
 65
     0
276
    -2
286
     1
 66
     0
277
    -2
287
     1
 67
     0
278
    -2
288
     1
 68
     0
279
    -2
289
     1
 69
     0
  7
Standard
140
4.5
170
     5
 62
     0
 63
     7
283
     0
 90
      512
 91
        0
  1

274
    -2
284
     1
 64
     0
275
    -2
285
     1
 65
     0
276
    -2
286
     1
 66
     0
277
    -2
287
     1
 67
     0
278
    -2
288
     1
 68
     0
279
    -2
289
     1
 69
     0
  0
VISUALSTYLE
  5
23
102
{ACAD_REACTORS
330
24
102
}
330
24
100
AcDbVisualStyle
  2
2dWireframe
 70
     4
177
     3
291
     0
 70
    58
 90
        0
176
     1
 90
        2
176
     1
 90
        0
176
     1
 90
        0
176
     1
 40
0.6
176
     1
 40
30.0
176
     1
 62
     7
420
 16777215
176
     1
 90
        1
176
     1
 90
        4
176
     1
 62
     7
176
     1
 62
   257
176
     1
 90
        1
176
     1
 90
        1
176
     1
 40
1.0
176
     1
 90
        0
176
     1
 62
   257
176
     1
 40
1.0
176
     1
 90
        1
176
     1
 90
        6
176
     1
 90
        2
176
     1
 62
     7
176
     1
 90
        5
176
     1
 90
        0
176
     1
 90
        0
176
     1
290
     0
176
     1
 90
        1
176
     1
 40
0.0
176
     1
 90
        0
176
     1
290
     1
176
     1
290
     1
176
     1
290
     0
176
     1
290
     0
176
     1
290
     0
176
     1
290
     0
176
     1
290
     0
176
     1
290
     0
176
     1
290
     0
176
     1
 90
       50
176
     1
 40
0.0
176
     1
 40
1.0
176
     1
 90
        0
176
     1
 62
    18
176
     1
 90
       50
176
     1
 90
        3
176
     1
 62
     5
420
      255
176
     1
290
     0
176
     1
 90
       50
176
     1
 90
       50
176
     1
 90
       50
176
     1
290
     0
176
     1
 90
       50
176
     1
 62
   256
176
     0
 40
1.0
176
     0
 90
        2
176
     1
  1
strokes_ogs.tif
176
     1
290
     0
176
     1
 40
1.0
176
     1
 40
1.0
176
     1
1001
ACAD
1000
AcDbSavedByObjectVersion
1070
     0
  0
VISUALSTYLE
  5
41
102
{ACAD_REACTORS
330
24
102
}
330
24
100
AcDbVisualStyle
  2
3dWireframe
 70
     5
177
     3
291
     0
 70
    58
 90
        0
176
     1
 90
        2
176
     1
 90
        0
176
     1
 90
        0
176
     1
 40
0.6
176
     1
 40
30.0
176
     1
 62
     7
420
 16777215
176
     1
 90
        1
176
     1
 90
        4
176
     1
 62
     7
176
     1
 62
   257
176
     1
 90
        1
176
     1
 90
        1
176
     1
 40
1.0
176
     1
 90
        0
176
     1
 62
   257
176
     1
 40
1.0
176
     1
 90
        1
176
     1
 90
        6
176
     1
 90
        2
176
     1
 62
     7
176
     1
 90
        5
176
     1
 90
        0
176
     1
 90
        0
176
     1
290
     0
176
     1
 90
        1
176
     1
 40
0.0
176
     1
 90
        0
176
     1
290
     0
176
     1
290
     1
176
     1
290
     1
176
     1
290
     0
176
     1
290
     0
176
     1
290
     0
176
     1
290
     0
176
     1
290
     0
176
     1
290
     0
176
     1
 90
       50
176
     1
 40
0.0
176
     1
 40
1.0
176
     1
 90
        0
176
     1
 62
    18
176
     1
 90
       50
176
     1
 90
        3
176
     1
 62
     5
420
      255
176
     1
290
     0
176
     1
 90
       50
176
     1
 90
       50
176
     1
 90
       50
176
     1
290
     0
176
     1
 90
       50
176
     1
 62
   256
176
     0
 40
1.0
176
     0
 90
        2
176
     1
  1
strokes_ogs.tif
176
     1
290
     0
176
     1
 40
1.0
176
     1
 40
1.0
176
     1
1001
ACAD
1000
AcDbSavedByObjectVersion
1070
     0
  0
VISUALSTYLE
  5
65A
102
{ACAD_REACTORS
330
24
102
}
330
24
100
AcDbVisualStyle
  2
Basic
 70
     7
177
     3
291
     1
 70
    58
 90
        1
176
     1
 90
        0
176
     1
 90
        1
176
     1
 90
        0
176
     1
 40
0.6
176
     1
 40
30.0
176
     1
 62
     7
420
 16777215
176
     1
 90
        0
176
     1
 90
        4
176
     1
 62
     7
176
     1
 62
   257
176
     1
 90
        1
176
     1
 90
        1
176
     1
 40
1.0
176
     1
 90
        8
176
     1
 62
     7
176
     1
 40
1.0
176
     1
 90
        1
176
     1
 90
        6
176
     1
 90
        2
176
     1
 62
     7
176
     1
 90
        5
176
     1
 90
        0
176
     1
 90
        0
176
     1
290
     0
176
     1
 90
        1
176
     1
 40
0.0
176
     1
 90
        0
176
     1
290
     0
176
     1
290
     1
176
     1
290
     1
176
     1
290
     0
176
     1
290
     0
176
     1
290
     0
176
     1
290
     0
176
     1
290
     0
176
     1
290
     0
176
     1
 90
       50
176
     1
 40
0.0
176
     1
 40
1.0
176
     1
 90
        0
176
     1
 62
    18
420
        0
176
     1
 90
       50
176
     1
 90
        3
176
     1
 62
     5
420
      255
176
     1
290
     0
176
     1
 90
       50
176
     1
 90
       50
176
     1
 90
       50
176
     1
290
     0
176
     1
 90
       50
176
     1
 62
   256
176
     0
 40
1.0
176
     0
 90
        2
176
     1
  1
strokes_ogs.tif
176
     1
290
     0
176
     1
 40
1.0
176
     1
 40
1.0
176
     1
1001
ACAD
1000
AcDbSavedByObjectVersion
1070
     0
  0
VISUALSTYLE
  5
65F
102
{ACAD_REACTORS
330
24
102
}
330
24
100
AcDbVisualStyle
  2
Brighten
 70
    12
177
     3
291
     1
 70
    58
 90
        2
176
     1
 90
        2
176
     1
 90
        0
176
     1
 90
        0
176
     1
 40
0.6
176
     1
 40
30.0
176
     1
 62
     7
420
 16777215
176
     1
 90
        1
176
     1
 90
        4
176
     1
 62
     7
176
     1
 62
   257
176
     1
 90
        1
176
     1
 90
        1
176
     1
 40
1.0
176
     1
 90
        8
176
     1
 62
     7
176
     1
 40
1.0
176
     1
 90
        1
176
     1
 90
        6
176
     1
 90
        2
176
     1
 62
     7
176
     1
 90
        5
176
     1
 90
        0
176
     1
 90
        0
176
     1
290
     0
176
     1
 90
        1
176
     1
 40
50.0
176
     1
 90
        0
176
     1
290
     0
176
     1
290
     1
176
     1
290
     1
176
     1
290
     0
176
     1
290
     0
176
     1
290
     0
176
     1
290
     0
176
     1
290
     0
176
     1
290
     0
176
     1
 90
       50
176
     1
 40
0.0
176
     1
 40
1.0
176
     1
 90
        0
176
     1
 62
    18
420
        0
176
     1
 90
       50
176
     1
 90
        3
176
     1
 62
     5
420
      255
176
     1
290
     0
176
     1
 90
       50
176
     1
 90
       50
176
     1
 90
       50
176
     1
290
     0
176
     1
 90
       50
176
     1
 62
   256
176
     0
 40
1.0
176
     0
 90
        2
176
     1
  1
strokes_ogs.tif
176
     1
290
     0
176
     1
 40
1.0
176
     1
 40
1.0
176
     1
1001
ACAD
1000
AcDbSavedByObjectVersion
1070
     0
  0
VISUALSTYLE
  5
663
102
{ACAD_REACTORS
330
24
102
}
330
24
100
AcDbVisualStyle
  2
ColorChange
 70
    16
177
     3
291
     1
 70
    58
 90
        2
176
     1
 90
        2
176
     1
 90
        3
176
     1
 90
        0
176
     1
 40
0.6
176
     1
 40
30.0
176
     1
 62
     8
420
  8421504
176
     1
 90
        1
176
     1
 90
        4
176
     1
 62
     7
176
     1
 62
   257
176
     1
 90
        1
176
     1
 90
        1
176
     1
 40
1.0
176
     1
 90
        8
176
     1
 62
     8
420
  8421504
176
     1
 40
1.0
176
     1
 90
        1
176
     1
 90
        6
176
     1
 90
        2
176
     1
 62
     7
176
     1
 90
        5
176
     1
 90
        0
176
     1
 90
        0
176
     1
290
     0
176
     1
 90
        1
176
     1
 40
0.0
176
     1
 90
        0
176
     1
290
     0
176
     1
290
     1
176
     1
290
     1
176
     1
290
     0
176
     1
290
     0
176
     1
290
     0
176
     1
290
     0
176
     1
290
     0
176
     1
290
     0
176
     1
 90
       50
176
     1
 40
0.0
176
     1
 40
1.0
176
     1
 90
        0
176
     1
 62
    18
420
        0
176
     1
 90
       50
176
     1
 90
        3
176
     1
 62
     5
420
      255
176
     1
290
     0
176
     1
 90
       50
176
     1
 90
       50
176
     1
 90
       50
176
     1
290
     0
176
     1
 90
       50
176
     1
 62
   256
176
     0
 40
1.0
176
     0
 90
        2
176
     1
  1
strokes_ogs.tif
176
     1
290
     0
176
     1
 40
1.0
176
     1
 40
1.0
176
     1
1001
ACAD
1000
AcDbSavedByObjectVersion
1070
     0
  0
VISUALSTYLE
  5
65D
102
{ACAD_REACTORS
330
24
102
}
330
24
100
AcDbVisualStyle
  2
Conceptual
 70
     9
177
     3
291
     0
 70
    58
 90
        3
176
     1
 90
        2
176
     1
 90
        0
176
     1
 90
        0
176
     1
 40
0.6
176
     1
 40
30.0
176
     1
 62
     7
420
 16777215
176
     1
 90
        2
176
     1
 90
        2
176
     1
 62
     7
176
     1
 62
   257
176
     1
 90
        1
176
     1
 90
        1
176
     1
 40
179.0
176
     1
 90
        8
176
     1
 62
     7
176
     1
 40
1.0
176
     1
 90
        1
176
     1
 90
        6
176
     1
 90
        2
176
     1
 62
     7
176
     1
 90
        3
176
     1
 90
        0
176
     1
 90
        0
176
     1
290
     0
176
     1
 90
        1
176
     1
 40
0.0
176
     1
 90
        0
176
     1
290
     0
176
     1
290
     1
176
     1
290
     1
176
     1
290
     0
176
     1
290
     0
176
     1
290
     0
176
     1
290
     0
176
     1
290
     0
176
     1
290
     0
176
     1
 90
       50
176
     1
 40
0.0
176
     1
 40
1.0
176
     1
 90
        0
176
     1
 62
    18
420
        0
176
     1
 90
       50
176
     1
 90
        3
176
     1
 62
     5
420
      255
176
     1
290
     0
176
     1
 90
       50
176
     1
 90
       50
176
     1
 90
       50
176
     1
290
     0
176
     1
 90
       50
176
     1
 62
   256
176
     0
 40
1.0
176
     0
 90
        2
176
     1
  1
strokes_ogs.tif
176
     1
290
     0
176
     1
 40
1.0
176
     1
 40
1.0
176
     1
1001
ACAD
1000
AcDbSavedByObjectVersion
1070
     0
  0
VISUALSTYLE
  5
65E
102
{ACAD_REACTORS
330
24
102
}
330
24
100
AcDbVisualStyle
  2
Dim
 70
    11
177
     3
291
     1
 70
    58
 90
        2
176
     1
 90
        2
176
     1
 90
        0
176
     1
 90
        0
176
     1
 40
0.6
176
     1
 40
30.0
176
     1
 62
     7
420
 16777215
176
     1
 90
        1
176
     1
 90
        4
176
     1
 62
     7
176
     1
 62
   257
176
     1
 90
        1
176
     1
 90
        1
176
     1
 40
1.0
176
     1
 90
        8
176
     1
 62
     7
176
     1
 40
1.0
176
     1
 90
        1
176
     1
 90
        6
176
     1
 90
        2
176
     1
 62
     7
176
     1
 90
        5
176
     1
 90
        0
176
     1
 90
        0
176
     1
290
     0
176
     1
 90
        1
176
     1
 40
-50.0
176
     1
 90
        0
176
     1
290
     0
176
     1
290
     1
176
     1
290
     1
176
     1
290
     0
176
     1
290
     0
176
     1
290
     0
176
     1
290
     0
176
     1
290
     0
176
     1
290
     0
176
     1
 90
       50
176
     1
 40
0.0
176
     1
 40
1.0
176
     1
 90
        0
176
     1
 62
    18
420
        0
176
     1
 90
       50
176
     1
 90
        3
176
     1
 62
     5
420
      255
176
     1
290
     0
176
     1
 90
       50
176
     1
 90
       50
176
     1
 90
       50
176
     1
290
     0
176
     1
 90
       50
176
     1
 62
   256
176
     0
 40
1.0
176
     0
 90
        2
176
     1
  1
strokes_ogs.tif
176
     1
290
     0
176
     1
 40
1.0
176
     1
 40
1.0
176
     1
1001
ACAD
1000
AcDbSavedByObjectVersion
1070
     0
  0
VISUALSTYLE
  5
66B
102
{ACAD_REACTORS
330
24
102
}
330
24
100
AcDbVisualStyle
  2
EdgeColorOff
 70
    22
177
     3
291
     1
 70
    58
 90
        2
176
     0
 90
        2
176
     0
 90
        0
176
     0
 90
        0
176
     0
 40
0.6
176
     0
 40
30.0
176
     0
 62
     7
420
 16777215
176
     0
 90
        1
176
     0
 90
        4
176
     0
 62
     7
176
     0
 62
   257
176
     0
 90
        1
176
     0
 90
        1
176
     0
 40
1.0
176
     0
 90
        8
176
     2
 62
     7
176
     0
 40
1.0
176
     0
 90
        1
176
     0
 90
        6
176
     0
 90
        2
176
     0
 62
     7
176
     0
 90
        5
176
     0
 90
        0
176
     0
 90
        0
176
     0
290
     0
176
     0
 90
        1
176
     0
 40
0.0
176
     0
 90
        0
176
     0
290
     0
176
     0
290
     1
176
     0
290
     1
176
     0
290
     0
176
     0
290
     0
176
     0
290
     0
176
     0
290
     0
176
     0
290
     0
176
     0
290
     0
176
     0
 90
       50
176
     0
 40
0.0
176
     0
 40
1.0
176
     0
 90
        0
176
     0
 62
    18
420
        0
176
     0
 90
       50
176
     0
 90
        3
176
     0
 62
     5
420
      255
176
     0
290
     0
176
     0
 90
       50
176
     0
 90
       50
176
     0
 90
       50
176
     0
290
     0
176
     0
 90
       50
176
     0
 62
   256
176
     0
 40
1.0
176
     0
 90
        2
176
     0
  1
strokes_ogs.tif
176
     0
290
     0
176
     0
 40
1.0
176
     0
 40
1.0
176
     0
1001
ACAD
1000
AcDbSavedByObjectVersion
1070
     0
  0
VISUALSTYLE
  5
662
102
{ACAD_REACTORS
330
24
102
}
330
24
100
AcDbVisualStyle
  2
Facepattern
 70
    15
177
     3
291
     1
 70
    58
 90
        2
176
     1
 90
        2
176
     1
 90
        0
176
     1
 90
        0
176
     1
 40
0.6
176
     1
 40
30.0
176
     1
 62
     7
420
 16777215
176
     1
 90
        1
176
     1
 90
        4
176
     1
 62
     7
176
     1
 62
   257
176
     1
 90
        1
176
     1
 90
        1
176
     1
 40
1.0
176
     1
 90
        8
176
     1
 62
     7
176
     1
 40
1.0
176
     1
 90
        1
176
     1
 90
        6
176
     1
 90
        2
176
     1
 62
     7
176
     1
 90
        5
176
     1
 90
        0
176
     1
 90
        0
176
     1
290
     0
176
     1
 90
        1
176
     1
 40
0.0
176
     1
 90
        0
176
     1
290
     0
176
     1
290
     1
176
     1
290
     1
176
     1
290
     0
176
     1
290
     0
176
     1
290
     0
176
     1
290
     0
176
     1
290
     0
176
     1
290
     0
176
     1
 90
       50
176
     1
 40
0.0
176
     1
 40
1.0
176
     1
 90
        0
176
     1
 62
    18
420
        0
176
     1
 90
       50
176
     1
 90
        3
176
     1
 62
     5
420
      255
176
     1
290
     0
176
     1
 90
       50
176
     1
 90
       50
176
     1
 90
       50
176
     1
290
     0
176
     1
 90
       50
176
     1
 62
   256
176
     0
 40
1.0
176
     0
 90
        2
176
     1
  1
strokes_ogs.tif
176
     1
290
     0
176
     1
 40
1.0
176
     1
 40
1.0
176
     1
1001
ACAD
1000
AcDbSavedByObjectVersion
1070
     0
  0
VISUALSTYLE
  5
656
102
{ACAD_REACTORS
330
24
102
}
330
24
100
AcDbVisualStyle
  2
Flat
 70
     0
177
     3
291
     1
 70
    58
 90
        2
176
     1
 90
        1
176
     1
 90
        1
176
     1
 90
        2
176
     1
 40
0.6
176
     1
 40
30.0
176
     1
 62
     7
420
 16777215
176
     1
 90
        0
176
     1
 90
        0
176
     1
 62
     7
176
     1
 62
   257
176
     1
 90
        1
176
     1
 90
        1
176
     1
 40
1.0
176
     1
 90
        8
176
     1
 62
     7
176
     1
 40
1.0
176
     1
 90
        1
176
     1
 90
        6
176
     1
 90
        2
176
     1
 62
     7
176
     1
 90
        5
176
     1
 90
        0
176
     1
 90
        0
176
     1
290
     0
176
     1
 90
       13
176
     1
 40
0.0
176
     1
 90
        0
176
     1
290
     0
176
     1
290
     1
176
     1
290
     1
176
     1
290
     0
176
     1
290
     0
176
     1
290
     0
176
     1
290
     0
176
     1
290
     0
176
     1
290
     0
176
     1
 90
       50
176
     1
 40
0.0
176
     1
 40
1.0
176
     1
 90
        0
176
     1
 62
    18
420
        0
176
     1
 90
       50
176
     1
 90
        3
176
     1
 62
     5
420
      255
176
     1
290
     0
176
     1
 90
       50
176
     1
 90
       50
176
     1
 90
       50
176
     1
290
     0
176
     1
 90
       50
176
     1
 62
   256
176
     0
 40
1.0
176
     0
 90
        2
176
     1
  1
strokes_ogs.tif
176
     1
290
     0
176
     1
 40
1.0
176
     1
 40
1.0
176
     1
1001
ACAD
1000
AcDbSavedByObjectVersion
1070
     0
  0
VISUALSTYLE
  5
657
102
{ACAD_REACTORS
330
24
102
}
330
24
100
AcDbVisualStyle
  2
FlatWithEdges
 70
     1
177
     3
291
     1
 70
    58
 90
        2
176
     1
 90
        1
176
     1
 90
        1
176
     1
 90
        2
176
     1
 40
0.6
176
     1
 40
30.0
176
     1
 62
     7
420
 16777215
176
     1
 90
        1
176
     1
 90
        0
176
     1
 62
     7
176
     1
 62
   257
176
     1
 90
        1
176
     1
 90
        1
176
     1
 40
1.0
176
     1
 90
        0
176
     1
 62
   257
176
     1
 40
1.0
176
     1
 90
        1
176
     1
 90
        6
176
     1
 90
        2
176
     1
 62
     7
176
     1
 90
        5
176
     1
 90
        0
176
     1
 90
        0
176
     1
290
     0
176
     1
 90
       13
176
     1
 40
0.0
176
     1
 90
        0
176
     1
290
     0
176
     1
290
     1
176
     1
290
     1
176
     1
290
     0
176
     1
290
     0
176
     1
290
     0
176
     1
290
     0
176
     1
290
     0
176
     1
290
     0
176
     1
 90
       50
176
     1
 40
0.0
176
     1
 40
1.0
176
     1
 90
        0
176
     1
 62
    18
420
        0
176
     1
 90
       50
176
     1
 90
        3
176
     1
 62
     5
420
      255
176
     1
290
     0
176
     1
 90
       50
176
     1
 90
       50
176
     1
 90
       50
176
     1
290
     0
176
     1
 90
       50
176
     1
 62
   256
176
     0
 40
1.0
176
     0
 90
        2
176
     1
  1
strokes_ogs.tif
176
     1
290
     0
176
     1
 40
1.0
176
     1
 40
1.0
176
     1
1001
ACAD
1000
AcDbSavedByObjectVersion
1070
     0
  0
VISUALSTYLE
  5
658
102
{ACAD_REACTORS
330
24
102
}
330
24
100
AcDbVisualStyle
  2
Gouraud
 70
     2
177
     3
291
     1
 70
    58
 90
        2
176
     1
 90
        2
176
     1
 90
        1
176
     1
 90
        2
176
     1
 40
0.6
176
     1
 40
30.0
176
     1
 62
     7
420
 16777215
176
     1
 90
        0
176
     1
 90
        0
176
     1
 62
     7
176
     1
 62
   257
176
     1
 90
        1
176
     1
 90
        1
176
     1
 40
1.0
176
     1
 90
        0
176
     1
 62
     7
176
     1
 40
1.0
176
     1
 90
        1
176
     1
 90
        6
176
     1
 90
        2
176
     1
 62
     7
176
     1
 90
        5
176
     1
 90
        0
176
     1
 90
        0
176
     1
290
     0
176
     1
 90
       13
176
     1
 40
0.0
176
     1
 90
        0
176
     1
290
     0
176
     1
290
     1
176
     1
290
     1
176
     1
290
     0
176
     1
290
     0
176
     1
290
     0
176
     1
290
     0
176
     1
290
     0
176
     1
290
     0
176
     1
 90
       50
176
     1
 40
0.0
176
     1
 40
1.0
176
     1
 90
        0
176
     1
 62
    18
420
        0
176
     1
 90
       50
176
     1
 90
        3
176
     1
 62
     5
420
      255
176
     1
290
     0
176
     1
 90
       50
176
     1
 90
       50
176
     1
 90
       50
176
     1
290
     0
176
     1
 90
       50
176
     1
 62
   256
176
     0
 40
1.0
176
     0
 90
        2
176
     1
  1
strokes_ogs.tif
176
     1
290
     0
176
     1
 40
1.0
176
     1
 40
1.0
176
     1
1001
ACAD
1000
AcDbSavedByObjectVersion
1070
     0
  0
VISUALSTYLE
  5
659
102
{ACAD_REACTORS
330
24
102
}
330
24
100
AcDbVisualStyle
  2
GouraudWithEdges
 70
     3
177
     3
291
     1
 70
    58
 90
        2
176
     1
 90
        2
176
     1
 90
        1
176
     1
 90
        2
176
     1
 40
0.6
176
     1
 40
30.0
176
     1
 62
     7
420
 16777215
176
     1
 90
        1
176
     1
 90
        0
176
     1
 62
     7
176
     1
 62
   257
176
     1
 90
        1
176
     1
 90
        1
176
     1
 40
1.0
176
     1
 90
        0
176
     1
 62
   257
176
     1
 40
1.0
176
     1
 90
        1
176
     1
 90
        6
176
     1
 90
        2
176
     1
 62
     7
176
     1
 90
        5
176
     1
 90
        0
176
     1
 90
        0
176
     1
290
     0
176
     1
 90
       13
176
     1
 40
0.0
176
     1
 90
        0
176
     1
290
     0
176
     1
290
     1
176
     1
290
     1
176
     1
290
     0
176
     1
290
     0
176
     1
290
     0
176
     1
290
     0
176
     1
290
     0
176
     1
290
     0
176
     1
 90
       50
176
     1
 40
0.0
176
     1
 40
1.0
176
     1
 90
        0
176
     1
 62
    18
420
        0
176
     1
 90
       50
176
     1
 90
        3
176
     1
 62
     5
420
      255
176
     1
290
     0
176
     1
 90
       50
176
     1
 90
       50
176
     1
 90
       50
176
     1
290
     0
176
     1
 90
       50
176
     1
 62
   256
176
     0
 40
1.0
176
     0
 90
        2
176
     1
  1
strokes_ogs.tif
176
     1
290
     0
176
     1
 40
1.0
176
     1
 40
1.0
176
     1
1001
ACAD
1000
AcDbSavedByObjectVersion
1070
     0
  0
VISUALSTYLE
  5
65C
102
{ACAD_REACTORS
330
24
102
}
330
24
100
AcDbVisualStyle
  2
Hidden
 70
     6
177
     3
291
     0
 70
    58
 90
        1
176
     1
 90
        2
176
     1
 90
        2
176
     1
 90
        0
176
     1
 40
0.6
176
     1
 40
30.0
176
     1
 62
     7
420
 16777215
176
     1
 90
        2
176
     1
 90
        2
176
     1
 62
     7
176
     1
 62
   257
176
     1
 90
        2
176
     1
 90
        1
176
     1
 40
40.0
176
     1
 90
        0
176
     1
 62
   257
176
     1
 40
1.0
176
     1
 90
        1
176
     1
 90
        6
176
     1
 90
        2
176
     1
 62
     7
176
     1
 90
        3
176
     1
 90
        0
176
     1
 90
        0
176
     1
290
     0
176
     1
 90
        1
176
     1
 40
0.0
176
     1
 90
        0
176
     1
290
     0
176
     1
290
     1
176
     1
290
     1
176
     1
290
     0
176
     1
290
     0
176
     1
290
     0
176
     1
290
     0
176
     1
290
     0
176
     1
290
     0
176
     1
 90
       50
176
     1
 40
0.0
176
     1
 40
1.0
176
     1
 90
        0
176
     1
 62
    18
420
        0
176
     1
 90
       50
176
     1
 90
        3
176
     1
 62
     5
420
      255
176
     1
290
     0
176
     1
 90
       50
176
     1
 90
       50
176
     1
 90
       50
176
     1
290
     0
176
     1
 90
       50
176
     1
 62
   256
176
     0
 40
1.0
176
     0
 90
        2
176
     1
  1
strokes_ogs.tif
176
     1
290
     0
176
     1
 40
1.0
176
     1
 40
1.0
176
     1
1001
ACAD
1000
AcDbSavedByObjectVersion
1070
     0
  0
VISUALSTYLE
  5
669
102
{ACAD_REACTORS
330
24
102
}
330
24
100
AcDbVisualStyle
  2
JitterOff
 70
    20
177
     3
291
     1
 70
    58
 90
        2
176
     0
 90
        2
176
     0
 90
        0
176
     0
 90
        0
176
     0
 40
0.6
176
     0
 40
30.0
176
     0
 62
     7
420
 16777215
176
     0
 90
        1
176
     0
 90
        4
176
     0
 62
     7
176
     0
 62
   257
176
     0
 90
        1
176
     0
 90
        1
176
     0
 40
1.0
176
     0
 90
       10
176
     2
 62
     7
176
     0
 40
1.0
176
     0
 90
        1
176
     0
 90
        6
176
     0
 90
        2
176
     0
 62
     7
176
     0
 90
        5
176
     0
 90
        0
176
     0
 90
        0
176
     0
290
     0
176
     0
 90
        1
176
     0
 40
0.0
176
     0
 90
        0
176
     0
290
     0
176
     0
290
     1
176
     0
290
     1
176
     0
290
     0
176
     0
290
     0
176
     0
290
     0
176
     0
290
     0
176
     0
290
     0
176
     0
290
     0
176
     0
 90
       50
176
     0
 40
0.0
176
     0
 40
1.0
176
     0
 90
        0
176
     0
 62
    18
420
        0
176
     0
 90
       50
176
     0
 90
        3
176
     0
 62
     5
420
      255
176
     0
290
     0
176
     0
 90
       50
176
     0
 90
       50
176
     0
 90
       50
176
     0
290
     0
176
     0
 90
       50
176
     0
 62
   256
176
     0
 40
1.0
176
     0
 90
        2
176
     0
  1
strokes_ogs.tif
176
     0
290
     0
176
     0
 40
1.0
176
     0
 40
1.0
176
     0
1001
ACAD
1000
AcDbSavedByObjectVersion
1070
     0
  0
VISUALSTYLE
  5
661
102
{ACAD_REACTORS
330
24
102
}
330
24
100
AcDbVisualStyle
  2
Linepattern
 70
    14
177
     3
291
     1
 70
    58
 90
        2
176
     1
 90
        2
176
     1
 90
        0
176
     1
 90
        0
176
     1
 40
0.6
176
     1
 40
30.0
176
     1
 62
     7
420
 16777215
176
     1
 90
        1
176
     1
 90
        4
176
     1
 62
     7
176
     1
 62
   257
176
     1
 90
        7
176
     1
 90
        7
176
     1
 40
1.0
176
     1
 90
        8
176
     1
 62
     7
176
     1
 40
1.0
176
     1
 90
        1
176
     1
 90
        6
176
     1
 90
        2
176
     1
 62
     7
176
     1
 90
        5
176
     1
 90
        0
176
     1
 90
        0
176
     1
290
     0
176
     1
 90
        1
176
     1
 40
0.0
176
     1
 90
        0
176
     1
290
     0
176
     1
290
     1
176
     1
290
     1
176
     1
290
     0
176
     1
290
     0
176
     1
290
     0
176
     1
290
     0
176
     1
290
     0
176
     1
290
     0
176
     1
 90
       50
176
     1
 40
0.0
176
     1
 40
1.0
176
     1
 90
        0
176
     1
 62
    18
420
        0
176
     1
 90
       50
176
     1
 90
        3
176
     1
 62
     5
420
      255
176
     1
290
     0
176
     1
 90
       50
176
     1
 90
       50
176
     1
 90
       50
176
     1
290
     0
176
     1
 90
       50
176
     1
 62
   256
176
     0
 40
1.0
176
     0
 90
        2
176
     1
  1
strokes_ogs.tif
176
     1
290
     0
176
     1
 40
1.0
176
     1
 40
1.0
176
     1
1001
ACAD
1000
AcDbSavedByObjectVersion
1070
     0
  0
VISUALSTYLE
  5
66A
102
{ACAD_REACTORS
330
24
102
}
330
24
100
AcDbVisualStyle
  2
OverhangOff
 70
    21
177
     3
291
     1
 70
    58
 90
        2
176
     0
 90
        2
176
     0
 90
        0
176
     0
 90
        0
176
     0
 40
0.6
176
     0
 40
30.0
176
     0
 62
     7
420
 16777215
176
     0
 90
        1
176
     0
 90
        4
176
     0
 62
     7
176
     0
 62
   257
176
     0
 90
        1
176
     0
 90
        1
176
     0
 40
1.0
176
     0
 90
        9
176
     2
 62
     7
176
     0
 40
1.0
176
     0
 90
        1
176
     0
 90
        6
176
     0
 90
        2
176
     0
 62
     7
176
     0
 90
        5
176
     0
 90
        0
176
     0
 90
        0
176
     0
290
     0
176
     0
 90
        1
176
     0
 40
0.0
176
     0
 90
        0
176
     0
290
     0
176
     0
290
     1
176
     0
290
     1
176
     0
290
     0
176
     0
290
     0
176
     0
290
     0
176
     0
290
     0
176
     0
290
     0
176
     0
290
     0
176
     0
 90
       50
176
     0
 40
0.0
176
     0
 40
1.0
176
     0
 90
        0
176
     0
 62
    18
420
        0
176
     0
 90
       50
176
     0
 90
        3
176
     0
 62
     5
420
      255
176
     0
290
     0
176
     0
 90
       50
176
     0
 90
       50
176
     0
 90
       50
176
     0
290
     0
176
     0
 90
       50
176
     0
 62
   256
176
     0
 40
1.0
176
     0
 90
        2
176
     0
  1
strokes_ogs.tif
176
     0
290
     0
176
     0
 40
1.0
176
     0
 40
1.0
176
     0
1001
ACAD
1000
AcDbSavedByObjectVersion
1070
     0
  0
VISUALSTYLE
  5
40
102
{ACAD_REACTORS
330
24
102
}
330
24
100
AcDbVisualStyle
  2
Realistic
 70
     8
177
     3
291
     0
 70
    58
 90
        2
176
     1
 90
        2
176
     1
 90
        0
176
     1
 90
        0
176
     1
 40
0.6
176
     1
 40
30.0
176
     1
 62
     7
420
 16777215
176
     1
 90
        1
176
     1
 90
        0
176
     1
 62
     7
176
     1
 62
   257
176
     1
 90
        1
176
     1
 90
        1
176
     1
 40
1.0
176
     1
 90
        8
176
     1
 62
     8
420
  7895160
176
     1
 40
1.0
176
     1
 90
        1
176
     1
 90
        6
176
     1
 90
        2
176
     1
 62
     7
176
     1
 90
        5
176
     1
 90
        0
176
     1
 90
        0
176
     1
290
     0
176
     1
 90
       13
176
     1
 40
0.0
176
     1
 90
        0
176
     1
290
     0
176
     1
290
     1
176
     1
290
     1
176
     1
290
     0
176
     1
290
     0
176
     1
290
     0
176
     1
290
     0
176
     1
290
     0
176
     1
290
     0
176
     1
 90
       50
176
     1
 40
0.0
176
     1
 40
1.0
176
     1
 90
        0
176
     1
 62
    18
176
     1
 90
       50
176
     1
 90
        3
176
     1
 62
     5
420
      255
176
     1
290
     0
176
     1
 90
       50
176
     1
 90
       50
176
     1
 90
       50
176
     1
290
     0
176
     1
 90
       50
176
     1
 62
   256
176
     0
 40
1.0
176
     0
 90
        2
176
     1
  1
strokes_ogs.tif
176
     1
290
     0
176
     1
 40
1.0
176
     1
 40
1.0
176
     1
1001
ACAD
1000
AcDbSavedByObjectVersion
1070
     0
  0
VISUALSTYLE
  5
668
102
{ACAD_REACTORS
330
24
102
}
330
24
100
AcDbVisualStyle
  2
Shaded
 70
    27
177
     3
291
     0
 70
    58
 90
        2
176
     1
 90
        2
176
     1
 90
        1
176
     1
 90
        2
176
     1
 40
0.6
176
     1
 40
30.0
176
     1
 62
     7
420
 16777215
176
     1
 90
        0
176
     1
 90
        4
176
     1
 62
     7
176
     1
 62
   257
176
     1
 90
        1
176
     1
 90
        1
176
     1
 40
1.0
176
     1
 90
        8
176
     1
 62
   257
176
     1
 40
1.0
176
     1
 90
        1
176
     1
 90
        6
176
     1
 90
        2
176
     1
 62
     8
420
  7895160
176
     1
 90
        3
176
     1
 90
        0
176
     1
 90
        0
176
     1
290
     0
176
     1
 90
        5
176
     1
 40
0.0
176
     1
 90
        0
176
     1
290
     0
176
     1
290
     1
176
     1
290
     1
176
     1
290
     0
176
     1
290
     0
176
     1
290
     0
176
     1
290
     0
176
     1
290
     0
176
     1
290
     0
176
     1
 90
       50
176
     1
 40
0.0
176
     1
 40
1.0
176
     1
 90
        0
176
     1
 62
    18
420
        0
176
     1
 90
       50
176
     1
 90
        3
176
     1
 62
     5
420
      255
176
     1
290
     0
176
     1
 90
       50
176
     1
 90
       50
176
     1
 90
       50
176
     1
290
     0
176
     1
 90
       50
176
     1
 62
   256
176
     0
 40
1.0
176
     0
 90
        2
176
     1
  1
strokes_ogs.tif
176
     1
290
     0
176
     1
 40
1.0
176
     1
 40
1.0
176
     1
1001
ACAD
1000
AcDbSavedByObjectVersion
1070
     0
  0
VISUALSTYLE
  5
667
102
{ACAD_REACTORS
330
24
102
}
330
24
100
AcDbVisualStyle
  2
Shaded with edges
 70
    26
177
     3
291
     0
 70
    58
 90
        2
176
     1
 90
        2
176
     1
 90
        1
176
     1
 90
        2
176
     1
 40
0.6
176
     1
 40
30.0
176
     1
 62
     7
420
 16777215
176
     1
 90
        1
176
     1
 90
        2
176
     1
 62
     7
176
     1
 62
   257
176
     1
 90
        2
176
     1
 90
        1
176
     1
 40
1.0
176
     1
 90
        8
176
     1
 62
   257
176
     1
 40
1.0
176
     1
 90
        1
176
     1
 90
        6
176
     1
 90
        2
176
     1
 62
     7
176
     1
 90
        3
176
     1
 90
        0
176
     1
 90
        0
176
     1
290
     0
176
     1
 90
        5
176
     1
 40
0.0
176
     1
 90
        0
176
     1
290
     0
176
     1
290
     1
176
     1
290
     1
176
     1
290
     0
176
     1
290
     0
176
     1
290
     0
176
     1
290
     0
176
     1
290
     0
176
     1
290
     0
176
     1
 90
       50
176
     1
 40
0.0
176
     1
 40
1.0
176
     1
 90
        0
176
     1
 62
    18
420
        0
176
     1
 90
       50
176
     1
 90
        3
176
     1
 62
     5
420
      255
176
     1
290
     0
176
     1
 90
       50
176
     1
 90
       50
176
     1
 90
       50
176
     1
290
     0
176
     1
 90
       50
176
     1
 62
   256
176
     0
 40
1.0
176
     0
 90
        2
176
     1
  1
strokes_ogs.tif
176
     1
290
     0
176
     1
 40
1.0
176
     1
 40
1.0
176
     1
1001
ACAD
1000
AcDbSavedByObjectVersion
1070
     0
  0
VISUALSTYLE
  5
664
102
{ACAD_REACTORS
330
24
102
}
330
24
100
AcDbVisualStyle
  2
Shades of Gray
 70
    23
177
     3
291
     0
 70
    58
 90
        2
176
     1
 90
        2
176
     1
 90
        3
176
     1
 90
        0
176
     1
 40
0.6
176
     1
 40
30.0
176
     1
 62
     7
420
 16777215
176
     1
 90
        2
176
     1
 90
        2
176
     1
 62
     7
176
     1
 62
     7
176
     1
 90
        1
176
     1
 90
        1
176
     1
 40
40.0
176
     1
 90
        8
176
     1
 62
     7
176
     1
 40
1.0
176
     1
 90
        1
176
     1
 90
        6
176
     1
 90
        2
176
     1
 62
     7
176
     1
 90
        3
176
     1
 90
        0
176
     1
 90
        0
176
     1
290
     0
176
     1
 90
        1
176
     1
 40
0.0
176
     1
 90
        0
176
     1
290
     0
176
     1
290
     1
176
     1
290
     1
176
     1
290
     0
176
     1
290
     0
176
     1
290
     0
176
     1
290
     0
176
     1
290
     0
176
     1
290
     0
176
     1
 90
       50
176
     1
 40
0.0
176
     1
 40
1.0
176
     1
 90
        0
176
     1
 62
    18
420
        0
176
     1
 90
       50
176
     1
 90
        3
176
     1
 62
     5
420
      255
176
     1
290
     0
176
     1
 90
       50
176
     1
 90
       50
176
     1
 90
       50
176
     1
290
     0
176
     1
 90
       50
176
     1
 62
   256
176
     0
 40
1.0
176
     0
 90
        2
176
     1
  1
strokes_ogs.tif
176
     1
290
     0
176
     1
 40
1.0
176
     1
 40
1.0
176
     1
1001
ACAD
1000
AcDbSavedByObjectVersion
1070
     0
  0
VISUALSTYLE
  5
665
102
{ACAD_REACTORS
330
24
102
}
330
24
100
AcDbVisualStyle
  2
Sketchy
 70
    24
177
     3
291
     0
 70
    58
 90
        1
176
     1
 90
        2
176
     1
 90
        2
176
     1
 90
        0
176
     1
 40
0.6
176
     1
 40
30.0
176
     1
 62
     7
420
 16777215
176
     1
 90
        2
176
     1
 90
        2
176
     1
 62
     7
176
     1
 62
     7
176
     1
 90
        1
176
     1
 90
        1
176
     1
 40
40.0
176
     1
 90
       11
176
     1
 62
     7
176
     1
 40
1.0
176
     1
 90
        1
176
     1
 90
        6
176
     1
 90
        2
176
     1
 62
     7
176
     1
 90
        6
176
     1
 90
        0
176
     1
 90
        0
176
     1
290
     0
176
     1
 90
        1
176
     1
 40
0.0
176
     1
 90
        0
176
     1
290
     0
176
     1
290
     1
176
     1
290
     1
176
     1
290
     0
176
     1
290
     0
176
     1
290
     0
176
     1
290
     0
176
     1
290
     0
176
     1
290
     0
176
     1
 90
       50
176
     1
 40
0.0
176
     1
 40
1.0
176
     1
 90
        0
176
     1
 62
    18
420
        0
176
     1
 90
       50
176
     1
 90
        3
176
     1
 62
     5
420
      255
176
     1
290
     0
176
     1
 90
       50
176
     1
 90
       50
176
     1
 90
       50
176
     1
290
     0
176
     1
 90
       50
176
     1
 62
   256
176
     0
 40
1.0
176
     0
 90
        2
176
     1
  1
strokes_ogs.tif
176
     1
290
     0
176
     1
 40
1.0
176
     1
 40
1.0
176
     1
1001
ACAD
1000
AcDbSavedByObjectVersion
1070
     0
  0
VISUALSTYLE
  5
660
102
{ACAD_REACTORS
330
24
102
}
330
24
100
AcDbVisualStyle
  2
Thicken
 70
    13
177
     3
291
     1
 70
    58
 90
        2
176
     1
 90
        2
176
     1
 90
        0
176
     1
 90
        0
176
     1
 40
0.6
176
     1
 40
30.0
176
     1
 62
     7
420
 16777215
176
     1
 90
        1
176
     1
 90
        4
176
     1
 62
     7
176
     1
 62
   257
176
     1
 90
        1
176
     1
 90
        1
176
     1
 40
1.0
176
     1
 90
       12
176
     1
 62
     7
176
     1
 40
1.0
176
     1
 90
        1
176
     1
 90
        6
176
     1
 90
        2
176
     1
 62
     7
176
     1
 90
        5
176
     1
 90
        0
176
     1
 90
        0
176
     1
290
     0
176
     1
 90
        1
176
     1
 40
0.0
176
     1
 90
        0
176
     1
290
     0
176
     1
290
     1
176
     1
290
     1
176
     1
290
     0
176
     1
290
     0
176
     1
290
     0
176
     1
290
     0
176
     1
290
     0
176
     1
290
     0
176
     1
 90
       50
176
     1
 40
0.0
176
     1
 40
1.0
176
     1
 90
        0
176
     1
 62
    18
420
        0
176
     1
 90
       50
176
     1
 90
        3
176
     1
 62
     5
420
      255
176
     1
290
     0
176
     1
 90
       50
176
     1
 90
       50
176
     1
 90
       50
176
     1
290
     0
176
     1
 90
       50
176
     1
 62
   256
176
     0
 40
1.0
176
     0
 90
        2
176
     1
  1
strokes_ogs.tif
176
     1
290
     0
176
     1
 40
1.0
176
     1
 40
1.0
176
     1
1001
ACAD
1000
AcDbSavedByObjectVersion
1070
     0
  0
VISUALSTYLE
  5
65B
102
{ACAD_REACTORS
330
24
102
}
330
24
100
AcDbVisualStyle
  2
Wireframe
 70
     5
177
     3
291
     0
 70
    58
 90
        0
176
     1
 90
        2
176
     1
 90
        0
176
     1
 90
        0
176
     1
 40
0.6
176
     1
 40
30.0
176
     1
 62
     7
420
 16777215
176
     1
 90
        1
176
     1
 90
        4
176
     1
 62
     7
176
     1
 62
   257
176
     1
 90
        1
176
     1
 90
        1
176
     1
 40
1.0
176
     1
 90
        0
176
     1
 62
   257
176
     1
 40
1.0
176
     1
 90
        1
176
     1
 90
        6
176
     1
 90
        2
176
     1
 62
     7
176
     1
 90
        3
176
     1
 90
        0
176
     1
 90
        0
176
     1
290
     0
176
     1
 90
        1
176
     1
 40
0.0
176
     1
 90
        0
176
     1
290
     0
176
     1
290
     1
176
     1
290
     1
176
     1
290
     0
176
     1
290
     0
176
     1
290
     0
176
     1
290
     0
176
     1
290
     0
176
     1
290
     0
176
     1
 90
       50
176
     1
 40
0.0
176
     1
 40
1.0
176
     1
 90
        0
176
     1
 62
    18
420
        0
176
     1
 90
       50
176
     1
 90
        3
176
     1
 62
     5
420
      255
176
     1
290
     0
176
     1
 90
       50
176
     1
 90
       50
176
     1
 90
       50
176
     1
290
     0
176
     1
 90
       50
176
     1
 62
   256
176
     0
 40
1.0
176
     0
 90
        2
176
     1
  1
strokes_ogs.tif
176
     1
290
     0
176
     1
 40
1.0
176
     1
 40
1.0
176
     1
1001
ACAD
1000
AcDbSavedByObjectVersion
1070
     0
  0
VISUALSTYLE
  5
666
102
{ACAD_REACTORS
330
24
102
}
330
24
100
AcDbVisualStyle
  2
X-Ray
 70
    25
177
     3
291
     0
 70
    58
 90
        2
176
     1
 90
        2
176
     1
 90
        1
176
     1
 90
        1
176
     1
 40
0.5
176
     1
 40
30.0
176
     1
 62
     7
420
 16777215
176
     1
 90
        1
176
     1
 90
        0
176
     1
 62
     7
176
     1
 62
   257
176
     1
 90
        1
176
     1
 90
        1
176
     1
 40
1.0
176
     1
 90
        8
176
     1
 62
     7
176
     1
 40
1.0
176
     1
 90
        1
176
     1
 90
        6
176
     1
 90
        2
176
     1
 62
     7
176
     1
 90
        3
176
     1
 90
        0
176
     1
 90
        0
176
     1
290
     0
176
     1
 90
       13
176
     1
 40
0.0
176
     1
 90
        0
176
     1
290
     0
176
     1
290
     1
176
     1
290
     1
176
     1
290
     0
176
     1
290
     0
176
     1
290
     0
176
     1
290
     0
176
     1
290
     0
176
     1
290
     0
176
     1
 90
       50
176
     1
 40
0.0
176
     1
 40
1.0
176
     1
 90
        0
176
     1
 62
    18
420
        0
176
     1
 90
       50
176
     1
 90
        3
176
     1
 62
     5
420
      255
176
     1
290
     0
176
     1
 90
       50
176
     1
 90
       50
176
     1
 90
       50
176
     1
290
     0
176
     1
 90
       50
176
     1
 62
   256
176
     0
 40
1.0
176
     0
 90
        2
176
     1
  1
strokes_ogs.tif
176
     1
290
     0
176
     1
 40
1.0
176
     1
 40
1.0
176
     1
1001
ACAD
1000
AcDbSavedByObjectVersion
1070
     0
  0
DICTIONARYVAR
  5
34
102
{ACAD_REACTORS
330
33
102
}
330
33
100
DictionaryVariables
280
     0
  1
1:1
  0
DICTIONARYVAR
  5
35
102
{ACAD_REACTORS
330
33
102
}
330
33
100
DictionaryVariables
280
     0
  1
STANDARD
  0
DICTIONARYVAR
  5
36
102
{ACAD_REACTORS
330
33
102
}
330
33
100
DictionaryVariables
280
     0
  1
STANDARD
  0
DICTIONARYVAR
  5
37
102
{ACAD_REACTORS
330
33
102
}
330
33
100
DictionaryVariables
280
     0
  1
Metric50
  0
DICTIONARYVAR
  5
38
102
{ACAD_REACTORS
330
33
102
}
330
33
100
DictionaryVariables
280
     0
  1
Metric50
  0
DICTIONARYVAR
  5
39
102
{ACAD_REACTORS
330
33
102
}
330
33
100
DictionaryVariables
280
     0
  1
1
  0
DICTIONARYVAR
  5
3A
102
{ACAD_REACTORS
330
33
102
}
330
33
100
DictionaryVariables
280
     0
  1
15
  0
DICTIONARYVAR
  5
3B
102
{ACAD_REACTORS
330
33
102
}
330
33
100
DictionaryVariables
280
     0
  1
0
  0
DICTIONARYVAR
  5
3C
102
{ACAD_REACTORS
330
33
102
}
330
33
100
DictionaryVariables
280
     0
  1
0
  0
DICTIONARY
  5
982
102
{ACAD_REACTORS
330
980
102
}
330
980
100
AcDbDictionary
281
     1
  0
DICTIONARY
  5
981
102
{ACAD_REACTORS
330
980
102
}
330
980
100
AcDbDictionary
281
     1
  3
1983987665328
350
97B
  3
1983987665344
350
97C
  3
1983987665360
350
97D
  3
1983987665376
350
97E
  3
1983987665392
350
97F
  0
DICTIONARY
  5
985
330
670
100
AcDbDictionary
280
     1
281
     1
  3
ACAD_XREC_ROUNDTRIP
360
986
  0
DICTIONARY
  5
983
330
66E
100
AcDbDictionary
280
     1
281
     1
  3
ACAD_XREC_ROUNDTRIP
360
984
  0
DICTIONARY
  5
650
330
3F
100
AcDbDictionary
280
     1
281
     1
  3
ACAD_ROUNDTRIP_2008_TABLESTYLE_CELLSTYLEMAP
360
979
  0
XRECORD
  5
97B
102
{ACAD_REACTORS
330
981
102
}
330
981
100
AcDbXrecord
280
     1
  1
AcDb_Thumbnail_Schema
102
{ATTRRECORD
341
97C
  2
AcDbDs::TreatedAsObjectData
280
     1
291
     1
102
ATTRRECORD}
102
{ATTRRECORD
341
97D
  2
AcDbDs::Legacy
280
     1
291
     1
102
ATTRRECORD}
  2
AcDbDs::ID
280
    10
 91
        8
102
{ATTRRECORD
341
97E
  2
AcDs:Indexable
280
     1
291
     1
102
ATTRRECORD}
102
{ATTRRECORD
341
97F
  2
AcDbDs::HandleAttribute
280
     7
282
     1
102
ATTRRECORD}
  2
Thumbnail_Data
280
    15
 91
        0
  0
XRECORD
  5
97C
102
{ACAD_REACTORS
330
981
102
}
330
981
100
AcDbXrecord
280
     1
  1
AcDbDs::TreatedAsObjectDataSchema
  2
AcDbDs::TreatedAsObjectData
280
     1
 91
        0
  0
XRECORD
  5
97D
102
{ACAD_REACTORS
330
981
102
}
330
981
100
AcDbXrecord
280
     1
  1
AcDbDs::LegacySchema
  2
AcDbDs::Legacy
280
     1
 91
        0
  0
XRECORD
  5
97E
102
{ACAD_REACTORS
330
981
102
}
330
981
100
AcDbXrecord
280
     1
  1
AcDbDs::IndexedPropertySchema
  2
AcDs:Indexable
280
     1
 91
        0
  0
XRECORD
  5
97F
102
{ACAD_REACTORS
330
981
102
}
330
981
100
AcDbXrecord
280
     1
  1
AcDbDs::HandleAttributeSchema
  2
AcDbDs::HandleAttribute
280
     7
 91
        1
284
     1
  0
XRECORD
  5
986
102
{ACAD_REACTORS
330
985
102
}
330
985
100
AcDbXrecord
280
     1
102
DISPLAYNAME
  1
Metric50
102
FLAGS
 90
        0
  0
XRECORD
  5
984
102
{ACAD_REACTORS
330
983
102
}
330
983
100
AcDbXrecord
280
     1
102
DISPLAYNAME
  1
Metric50
102
FLAGS
 90
        0
  0
CELLSTYLEMAP
  5
979
102
{ACAD_REACTORS
330
650
102
}
330
650
100
AcDbCellStyleMap
 90
        3
300
CELLSTYLE
  1
TABLEFORMAT_BEGIN
 90
        5
170
     1
 91
        0
 92
    32768
 62
   257
 93
        1
300
CONTENTFORMAT
  1
CONTENTFORMAT_BEGIN
 90
        0
 91
        0
 92
      512
 93
        0
300

 40
0.0
140
1.0
 94
        5
 62
     0
340
19
144
6.0
309
CONTENTFORMAT_END
171
     1
301
MARGIN
  1
CELLMARGIN_BEGIN
 40
1.5
 40
1.5
 40
1.5
 40
1.5
 40
0.18
 40
0.18
309
CELLMARGIN_END
 94
        6
 95
        1
302
GRIDFORMAT
  1
GRIDFORMAT_BEGIN
 90
        0
 91
        1
 62
     0
 92
       -2
340
0
 93
        0
 40
0.045
309
GRIDFORMAT_END
 95
        2
302
GRIDFORMAT
  1
GRIDFORMAT_BEGIN
 90
        0
 91
        1
 62
     0
 92
       -2
340
0
 93
        0
 40
0.045
309
GRIDFORMAT_END
 95
        4
302
GRIDFORMAT
  1
GRIDFORMAT_BEGIN
 90
        0
 91
        1
 62
     0
 92
       -2
340
0
 93
        0
 40
0.045
309
GRIDFORMAT_END
 95
        8
302
GRIDFORMAT
  1
GRIDFORMAT_BEGIN
 90
        0
 91
        1
 62
     0
 92
       -2
340
0
 93
        0
 40
0.045
309
GRIDFORMAT_END
 95
       16
302
GRIDFORMAT
  1
GRIDFORMAT_BEGIN
 90
        0
 91
        1
 62
     0
 92
       -2
340
0
 93
        0
 40
0.045
309
GRIDFORMAT_END
 95
       32
302
GRIDFORMAT
  1
GRIDFORMAT_BEGIN
 90
        0
 91
        1
 62
     0
 92
       -2
340
0
 93
        0
 40
0.045
309
GRIDFORMAT_END
309
TABLEFORMAT_END
  1
CELLSTYLE_BEGIN
 90
        1
 91
        1
300
_TITLE
309
CELLSTYLE_END
300
CELLSTYLE
  1
TABLEFORMAT_BEGIN
 90
        5
170
     1
 91
        0
 92
        0
 62
   257
 93
        1
300
CONTENTFORMAT
  1
CONTENTFORMAT_BEGIN
 90
        0
 91
        0
 92
      512
 93
        0
300

 40
0.0
140
1.0
 94
        5
 62
     0
340
19
144
4.5
309
CONTENTFORMAT_END
171
     1
301
MARGIN
  1
CELLMARGIN_BEGIN
 40
1.5
 40
1.5
 40
1.5
 40
1.5
 40
0.18
 40
0.18
309
CELLMARGIN_END
 94
        6
 95
        1
302
GRIDFORMAT
  1
GRIDFORMAT_BEGIN
 90
        0
 91
        1
 62
     0
 92
       -2
340
0
 93
        0
 40
0.045
309
GRIDFORMAT_END
 95
        2
302
GRIDFORMAT
  1
GRIDFORMAT_BEGIN
 90
        0
 91
        1
 62
     0
 92
       -2
340
0
 93
        0
 40
0.045
309
GRIDFORMAT_END
 95
        4
302
GRIDFORMAT
  1
GRIDFORMAT_BEGIN
 90
        0
 91
        1
 62
     0
 92
       -2
340
0
 93
        0
 40
0.045
309
GRIDFORMAT_END
 95
        8
302
GRIDFORMAT
  1
GRIDFORMAT_BEGIN
 90
        0
 91
        1
 62
     0
 92
       -2
340
0
 93
        0
 40
0.045
309
GRIDFORMAT_END
 95
       16
302
GRIDFORMAT
  1
GRIDFORMAT_BEGIN
 90
        0
 91
        1
 62
     0
 92
       -2
340
0
 93
        0
 40
0.045
309
GRIDFORMAT_END
 95
       32
302
GRIDFORMAT
  1
GRIDFORMAT_BEGIN
 90
        0
 91
        1
 62
     0
 92
       -2
340
0
 93
        0
 40
0.045
309
GRIDFORMAT_END
309
TABLEFORMAT_END
  1
CELLSTYLE_BEGIN
 90
        2
 91
        1
300
_HEADER
309
CELLSTYLE_END
300
CELLSTYLE
  1
TABLEFORMAT_BEGIN
 90
        5
170
     1
 91
        0
 92
        0
 62
   257
 93
        1
300
CONTENTFORMAT
  1
CONTENTFORMAT_BEGIN
 90
        0
 91
        0
 92
      512
 93
        0
300

 40
0.0
140
1.0
 94
        2
 62
     0
340
19
144
4.5
309
CONTENTFORMAT_END
171
     1
301
MARGIN
  1
CELLMARGIN_BEGIN
 40
1.5
 40
1.5
 40
1.5
 40
1.5
 40
0.18
 40
0.18
309
CELLMARGIN_END
 94
        6
 95
        1
302
GRIDFORMAT
  1
GRIDFORMAT_BEGIN
 90
        0
 91
        1
 62
     0
 92
       -2
340
0
 93
        0
 40
0.045
309
GRIDFORMAT_END
 95
        2
302
GRIDFORMAT
  1
GRIDFORMAT_BEGIN
 90
        0
 91
        1
 62
     0
 92
       -2
340
0
 93
        0
 40
0.045
309
GRIDFORMAT_END
 95
        4
302
GRIDFORMAT
  1
GRIDFORMAT_BEGIN
 90
        0
 91
        1
 62
     0
 92
       -2
340
0
 93
        0
 40
0.045
309
GRIDFORMAT_END
 95
        8
302
GRIDFORMAT
  1
GRIDFORMAT_BEGIN
 90
        0
 91
        1
 62
     0
 92
       -2
340
0
 93
        0
 40
0.045
309
GRIDFORMAT_END
 95
       16
302
GRIDFORMAT
  1
GRIDFORMAT_BEGIN
 90
        0
 91
        1
 62
     0
 92
       -2
340
0
 93
        0
 40
0.045
309
GRIDFORMAT_END
 95
       32
302
GRIDFORMAT
  1
GRIDFORMAT_BEGIN
 90
        0
 91
        1
 62
     0
 92
       -2
340
0
 93
        0
 40
0.045
309
GRIDFORMAT_END
309
TABLEFORMAT_END
  1
CELLSTYLE_BEGIN
 90
        3
 91
        2
300
_DATA
309
CELLSTYLE_END
  0
ENDSEC
  0
SECTION
  2
ACDSDATA
 70
     2
 71
     8
  0
ACDSSCHEMA
 90
        0
  1
AcDb_Thumbnail_Schema
  2
AcDbDs::ID
280
    10
 91
        8
  2
Thumbnail_Data
280
    15
 91
        0
101
ACDSRECORD
 95
        0
 90
        1
  2
AcDbDs::TreatedAsObjectData
280
     1
291
     1
101
ACDSRECORD
 95
        0
 90
        2
  2
AcDbDs::Legacy
280
     1
291
     1
101
ACDSRECORD
  1
AcDbDs::ID
 90
        3
  2
AcDs:Indexable
280
     1
291
     1
101
ACDSRECORD
  1
AcDbDs::ID
 90
        4
  2
AcDbDs::HandleAttribute
280
     7
282
     1
  0
ACDSSCHEMA
 90
        1
  1
AcDbDs::TreatedAsObjectDataSchema
  2
AcDbDs::TreatedAsObjectData
280
     1
 91
        0
  0
ACDSSCHEMA
 90
        2
  1
AcDbDs::LegacySchema
  2
AcDbDs::Legacy
280
     1
 91
        0
  0
ACDSSCHEMA
 90
        3
  1
AcDbDs::IndexedPropertySchema
  2
AcDs:Indexable
280
     1
 91
        0
  0
ACDSSCHEMA
 90
        4
  1
AcDbDs::HandleAttributeSchema
  2
AcDbDs::HandleAttribute
280
     7
 91
        1
284
     1
  0
ACDSRECORD
 90
        0
  2
AcDbDs::ID
280
    10
320
E
  2
Thumbnail_Data
280
    15
 94
     1931
310
89504E470D0A1A0A0000000D49484452000001000000009D08030000006C23567D00000300504C5445212830FFFFFF2128300000000000000000000000000000000000000000000000000000330000660000990000CC0000FF0033000033330033660033990033CC0033FF0066000066330066660066990066CC0066FF0099
310
000099330099660099990099CC0099FF00CC0000CC3300CC6600CC9900CCCC00CCFF00FF0000FF3300FF6600FF9900FFCC00FFFF3300003300333300663300993300CC3300FF3333003333333333663333993333CC3333FF3366003366333366663366993366CC3366FF3399003399333399663399993399CC3399FF33CC00
310
33CC3333CC6633CC9933CCCC33CCFF33FF0033FF3333FF6633FF9933FFCC33FFFF6600006600336600666600996600CC6600FF6633006633336633666633996633CC6633FF6666006666336666666666996666CC6666FF6699006699336699666699996699CC6699FF66CC0066CC3366CC6666CC9966CCCC66CCFF66FF0066
310
FF3366FF6666FF9966FFCC66FFFF9900009900339900669900999900CC9900FF9933009933339933669933999933CC9933FF9966009966339966669966999966CC9966FF9999009999339999669999999999CC9999FF99CC0099CC3399CC6699CC9999CCCC99CCFF99FF0099FF3399FF6699FF9999FFCC99FFFFCC0000CC00
310
33CC0066CC0099CC00CCCC00FFCC3300CC3333CC3366CC3399CC33CCCC33FFCC6600CC6633CC6666CC6699CC66CCCC66FFCC9900CC9933CC9966CC9999CC99CCCC99FFCCCC00CCCC33CCCC66CCCC99CCCCCCCCCCFFCCFF00CCFF33CCFF66CCFF99CCFFCCCCFFFFFF0000FF0033FF0066FF0099FF00CCFF00FFFF3300FF3333
310
FF3366FF3399FF33CCFF33FFFF6600FF6633FF6666FF6699FF66CCFF66FFFF9900FF9933FF9966FF9999FF99CCFF99FFFFCC00FFCC33FFCC66FFCC99FFCCCCFFCCFFFFFF00FFFF33FFFF66FFFF99FFFFCCFFFFFF0000000D0D0D1A1A1A2828283535354343435050505D5D5D6B6B6B787878868686939393A1A1A1AEAEAEBB
310
BBBBC9C9C9D6D6D6E4E4E4F1F1F1FFFFFF0000000000000000000000000000000000000000000000000000000000002E4550F1000004464944415478DAEDDD6D96A32010055076C04A6AFF0B7027D943FD6F3E0A82460C14684CE7317326936EB1CC4D819843D018149475B1E7971B843C02389FF806218FB6E575B90280AB
310
05000000C0E5003FDF09020000000000000000000000C0958B86C2B704205F12803CA1F8F82300EE8F79180128B7A01F01E00050BCE69404BF9101BC03705506CCEF795400E61300A1935996A578E63BA2D1DE47D90710A73E801F0F77148F477838B309F8A86631CB3E355D09105ABB7BC12932D1F308CF0430945E7E7CC1
310
CEDB458CEC9702C87980A4553A0DE902FDC3590071E71B00E2D00CAE6E027226B87620C4D204D6294FF48926F099A1B00758721FC0ECFA43DFEBF807FFBFFF0FC0F124B0146F3911ADBBA17F7F3144C51937748161444EFEAF3607BE0BC0F777CF2151BE0C91AE1097C300F815004D83AFD51902A0FE0F03B8AC41DD00F912
310
A037E4B30ECD04E81F8E1F7F7CF0FE6A300DFC629FD71C320C1AE3A513CFCD80621CDA0EC02909FA33603D00EC30A74A9D2919409D4743EA0CD8D4EC49BA4AD001004947B91AA2B6F370CA608A67EF4D121C027071CA4F419B008A7AA9214C6B02F913B1D6D128E504A6D5C0AE25038A1A317263487A5EAACBE314807800AE
310
FD87B7B30F40DE85976EE01080324018107603F8F3600428C3AA00E27945CE2A9427ADEC9ED95ECF6061D3547B5DA90A5089C87418737F6BD9D31080FCC336FE6CF1D30DE34083DEF4457EA33839D18627AB4EF10020453429A2C921EB3125A4F595EC12F767B968BB2300B405B04D00B604B0DB8EF918A0A81401AC1660BD
310
4700E89A80010000000000000000000000000000000000000000000000000000000000000000000000000000000000000000C03F0528E6196E01EADF5AC8DF297C0528BF6EB80F506CF10A508D997FB103B0DEE3B701F8D9493A00E6F900E1499A26D70090A6C985698BDC0D10A6C951394DAE07804EC80032A4CA80504FD9
310
04589D01E68C0C70BB520084E73A00174707C066661308F34E2DC9E12800ACAF2E13599B006240B2915C03E083DAD5FA170300249DA03A03A413A476807919300420874293C601D43C0EA0DD3EA0671C90FB009A3155F67300E30321000000000000000000000000000000000000003400F2A9D030C06629B8038018710680
310
7C731D000000003A410000000000000000000000000000000000C00700D86CD6377C0BC0B70460079096EBAB2F749B57B765B775B1B25F1B00AD32C045E41CB21E537EEDB6749B2F3C0F20AF8628B704357DEB1CB32917372C5F411540D620253B70C3D158D3A6E54C4700D659A658DA9E0CED2E45DBB2B2B47A317DA2BDD6
310
F26900F3CD006FD7F43C3816DA5D11FFFDF2FADA88D5A08300DA0C08EBD1BE36E5C60CD0DD5164BFE270138808BDC75299DFD904C0CAFBBB30EFA5CE040052AD75CF037DC09D32606EC10D160E7E70D2DDC7750067DD811D00DFD204F8A05C9701536203006701000000000068DCF6FC728390282828282828282828282828
310
2828BF5CFE007C5661B9DA3773BA0000000049454E44AE426082
  0
ENDSEC
  0
EOF
