  0
SECTION
  2
HEADER
  9
$ACADVER
  1
AC1027
  9
$ACADMAINTVER
 70
   125
  9
$DWGCODEPAGE
  3
ANSI_936
  9
$LASTSAVEDBY
  1
Administrator
  9
$REQUIREDVERSIONS
160
                 0
  9
$INSBASE
 10
0.0
 20
0.0
 30
0.0
  9
$EXTMIN
 10
5238.851464661447
 20
-8936.931142898169
 30
0.0
  9
$EXTMAX
 10
8475.354630760888
 20
-7048.976935870157
 30
0.0
  9
$LIMMIN
 10
0.0
 20
0.0
  9
$LIMMAX
 10
12.0
 20
9.0
  9
$ORTHOMODE
 70
     1
  9
$REGENMODE
 70
     1
  9
$FILLMODE
 70
     1
  9
$QTEXTMODE
 70
     0
  9
$MIRRTEXT
 70
     0
  9
$LTSCALE
 40
1.0
  9
$ATTMODE
 70
     1
  9
$TEXTSIZE
 40
0.2
  9
$TRACEWID
 40
0.05
  9
$TEXTSTYLE
  7
Standard
  9
$CLAYER
  8
0
  9
$CELTYPE
  6
ByLayer
  9
$CECOLOR
 62
   256
  9
$CELTSCALE
 40
1.0
  9
$DISPSILH
 70
     0
  9
$DIMSCALE
 40
1.0
  9
$DIMASZ
 40
0.18
  9
$DIMEXO
 40
0.0625
  9
$DIMDLI
 40
0.38
  9
$DIMRND
 40
0.0
  9
$DIMDLE
 40
0.0
  9
$DIMEXE
 40
0.18
  9
$DIMTP
 40
0.0
  9
$DIMTM
 40
0.0
  9
$DIMTXT
 40
0.18
  9
$DIMCEN
 40
0.09
  9
$DIMTSZ
 40
0.0
  9
$DIMTOL
 70
     0
  9
$DIMLIM
 70
     0
  9
$DIMTIH
 70
     1
  9
$DIMTOH
 70
     1
  9
$DIMSE1
 70
     0
  9
$DIMSE2
 70
     0
  9
$DIMTAD
 70
     0
  9
$DIMZIN
 70
     0
  9
$DIMBLK
  1

  9
$DIMASO
 70
     1
  9
$DIMSHO
 70
     1
  9
$DIMPOST
  1

  9
$DIMAPOST
  1

  9
$DIMALT
 70
     0
  9
$DIMALTD
 70
     2
  9
$DIMALTF
 40
25.4
  9
$DIMLFAC
 40
1.0
  9
$DIMTOFL
 70
     0
  9
$DIMTVP
 40
0.0
  9
$DIMTIX
 70
     0
  9
$DIMSOXD
 70
     0
  9
$DIMSAH
 70
     0
  9
$DIMBLK1
  1

  9
$DIMBLK2
  1

  9
$DIMSTYLE
  2
Standard
  9
$DIMCLRD
 70
     0
  9
$DIMCLRE
 70
     0
  9
$DIMCLRT
 70
     0
  9
$DIMTFAC
 40
1.0
  9
$DIMGAP
 40
0.09
  9
$DIMJUST
 70
     0
  9
$DIMSD1
 70
     0
  9
$DIMSD2
 70
     0
  9
$DIMTOLJ
 70
     1
  9
$DIMTZIN
 70
     0
  9
$DIMALTZ
 70
     0
  9
$DIMALTTZ
 70
     0
  9
$DIMUPT
 70
     0
  9
$DIMDEC
 70
     4
  9
$DIMTDEC
 70
     4
  9
$DIMALTU
 70
     2
  9
$DIMALTTD
 70
     2
  9
$DIMTXSTY
  7
Standard
  9
$DIMAUNIT
 70
     0
  9
$DIMADEC
 70
     0
  9
$DIMALTRND
 40
0.0
  9
$DIMAZIN
 70
     0
  9
$DIMDSEP
 70
    46
  9
$DIMATFIT
 70
     3
  9
$DIMFRAC
 70
     0
  9
$DIMLDRBLK
  1

  9
$DIMLUNIT
 70
     2
  9
$DIMLWD
 70
    -2
  9
$DIMLWE
 70
    -2
  9
$DIMTMOVE
 70
     0
  9
$DIMFXL
 40
1.0
  9
$DIMFXLON
 70
     0
  9
$DIMJOGANG
 40
0.7853981633974483
  9
$DIMTFILL
 70
     0
  9
$DIMTFILLCLR
 70
     0
  9
$DIMARCSYM
 70
     0
  9
$DIMLTYPE
  6

  9
$DIMLTEX1
  6

  9
$DIMLTEX2
  6

  9
$DIMTXTDIRECTION
 70
     0
  9
$LUNITS
 70
     2
  9
$LUPREC
 70
     4
  9
$SKETCHINC
 40
0.1
  9
$FILLETRAD
 40
0.0
  9
$AUNITS
 70
     0
  9
$AUPREC
 70
     0
  9
$MENU
  1
.
  9
$ELEVATION
 40
0.0
  9
$PELEVATION
 40
0.0
  9
$THICKNESS
 40
0.0
  9
$LIMCHECK
 70
     0
  9
$CHAMFERA
 40
0.0
  9
$CHAMFERB
 40
0.0
  9
$CHAMFERC
 40
0.0
  9
$CHAMFERD
 40
0.0
  9
$SKPOLY
 70
     0
  9
$TDCREATE
 40
2461182.415983796
  9
$TDUCREATE
 40
2461182.082650463
  9
$TDUPDATE
 40
2461266.916435185
  9
$TDUUPDATE
 40
2461266.583101852
  9
$TDINDWG
 40
4.9686111111
  9
$TDUSRTIMER
 40
4.9686111111
  9
$USRTIMER
 70
     1
  9
$ANGBASE
 50
0.0
  9
$ANGDIR
 70
     0
  9
$PDMODE
 70
     0
  9
$PDSIZE
 40
0.0
  9
$PLINEWID
 40
0.0
  9
$SPLFRAME
 70
     0
  9
$SPLINETYPE
 70
     6
  9
$SPLINESEGS
 70
     8
  9
$HANDSEED
  5
922
  9
$SURFTAB1
 70
     6
  9
$SURFTAB2
 70
     6
  9
$SURFTYPE
 70
     6
  9
$SURFU
 70
     6
  9
$SURFV
 70
     6
  9
$UCSBASE
  2

  9
$UCSNAME
  2

  9
$UCSORG
 10
0.0
 20
0.0
 30
0.0
  9
$UCSXDIR
 10
1.0
 20
0.0
 30
0.0
  9
$UCSYDIR
 10
0.0
 20
1.0
 30
0.0
  9
$UCSORTHOREF
  2

  9
$UCSORTHOVIEW
 70
     0
  9
$UCSORGTOP
 10
0.0
 20
0.0
 30
0.0
  9
$UCSORGBOTTOM
 10
0.0
 20
0.0
 30
0.0
  9
$UCSORGLEFT
 10
0.0
 20
0.0
 30
0.0
  9
$UCSORGRIGHT
 10
0.0
 20
0.0
 30
0.0
  9
$UCSORGFRONT
 10
0.0
 20
0.0
 30
0.0
  9
$UCSORGBACK
 10
0.0
 20
0.0
 30
0.0
  9
$PUCSBASE
  2

  9
$PUCSNAME
  2

  9
$PUCSORG
 10
0.0
 20
0.0
 30
0.0
  9
$PUCSXDIR
 10
1.0
 20
0.0
 30
0.0
  9
$PUCSYDIR
 10
0.0
 20
1.0
 30
0.0
  9
$PUCSORTHOREF
  2

  9
$PUCSORTHOVIEW
 70
     0
  9
$PUCSORGTOP
 10
0.0
 20
0.0
 30
0.0
  9
$PUCSORGBOTTOM
 10
0.0
 20
0.0
 30
0.0
  9
$PUCSORGLEFT
 10
0.0
 20
0.0
 30
0.0
  9
$PUCSORGRIGHT
 10
0.0
 20
0.0
 30
0.0
  9
$PUCSORGFRONT
 10
0.0
 20
0.0
 30
0.0
  9
$PUCSORGBACK
 10
0.0
 20
0.0
 30
0.0
  9
$USERI1
 70
     0
  9
$USERI2
 70
     0
  9
$USERI3
 70
     0
  9
$USERI4
 70
     0
  9
$USERI5
 70
     0
  9
$USERR1
 40
0.0
  9
$USERR2
 40
0.0
  9
$USERR3
 40
0.0
  9
$USERR4
 40
0.0
  9
$USERR5
 40
0.0
  9
$WORLDVIEW
 70
     1
  9
$SHADEDGE
 70
     3
  9
$SHADEDIF
 70
    70
  9
$TILEMODE
 70
     1
  9
$MAXACTVP
 70
    64
  9
$PINSBASE
 10
0.0
 20
0.0
 30
0.0
  9
$PLIMCHECK
 70
     0
  9
$PEXTMIN
 10
1.000000000000000E+20
 20
1.000000000000000E+20
 30
1.000000000000000E+20
  9
$PEXTMAX
 10
-1.000000000000000E+20
 20
-1.000000000000000E+20
 30
-1.000000000000000E+20
  9
$PLIMMIN
 10
0.0
 20
0.0
  9
$PLIMMAX
 10
12.0
 20
9.0
  9
$UNITMODE
 70
     0
  9
$VISRETAIN
 70
     1
  9
$PLINEGEN
 70
     0
  9
$PSLTSCALE
 70
     1
  9
$TREEDEPTH
 70
  3020
  9
$CMLSTYLE
  2
Standard
  9
$CMLJUST
 70
     0
  9
$CMLSCALE
 40
1.0
  9
$PROXYGRAPHICS
 70
     1
  9
$MEASUREMENT
 70
     0
  9
$CELWEIGHT
370
    -1
  9
$ENDCAPS
280
     0
  9
$JOINSTYLE
280
     0
  9
$LWDISPLAY
290
     0
  9
$INSUNITS
 70
     4
  9
$HYPERLINKBASE
  1

  9
$STYLESHEET
  1

  9
$XEDIT
290
     1
  9
$CEPSNTYPE
380
     0
  9
$PSTYLEMODE
290
     1
  9
$FINGERPRINTGUID
  2
{315E50E2-F38A-C84C-99A9-3F4B9173AE1A}
  9
$VERSIONGUID
  2
{DB13E6BE-3EF5-4F49-87DC-BE368C88EE6C}
  9
$EXTNAMES
290
     1
  9
$PSVPSCALE
 40
0.0
  9
$OLESTARTUP
290
     0
  9
$SORTENTS
280
   127
  9
$INDEXCTL
280
     0
  9
$HIDETEXT
280
     1
  9
$XCLIPFRAME
280
     2
  9
$HALOGAP
280
     0
  9
$OBSCOLOR
 70
   257
  9
$OBSLTYPE
280
     0
  9
$INTERSECTIONDISPLAY
280
     0
  9
$INTERSECTIONCOLOR
 70
   257
  9
$DIMASSOC
280
     2
  9
$PROJECTNAME
  1

  9
$CAMERADISPLAY
290
     0
  9
$LENSLENGTH
 40
50.0
  9
$CAMERAHEIGHT
 40
0.0
  9
$STEPSPERSEC
 40
2.0
  9
$STEPSIZE
 40
6.0
  9
$3DDWFPREC
 40
2.0
  9
$PSOLWIDTH
 40
0.25
  9
$PSOLHEIGHT
 40
4.0
  9
$LOFTANG1
 40
1.570796326794896
  9
$LOFTANG2
 40
1.570796326794896
  9
$LOFTMAG1
 40
0.0
  9
$LOFTMAG2
 40
0.0
  9
$LOFTPARAM
 70
     7
  9
$LOFTNORMALS
280
     1
  9
$LATITUDE
 40
37.795
  9
$LONGITUDE
 40
-122.394
  9
$NORTHDIRECTION
 40
0.0
  9
$TIMEZONE
 70
 -8000
  9
$LIGHTGLYPHDISPLAY
280
     1
  9
$TILEMODELIGHTSYNCH
280
     1
  9
$CMATERIAL
347
34
  9
$SOLIDHIST
280
     0
  9
$SHOWHIST
280
     1
  9
$DWFFRAME
280
     2
  9
$DGNFRAME
280
     0
  9
$REALWORLDSCALE
290
     1
  9
$INTERFERECOLOR
 62
     1
  9
$INTERFEREOBJVS
345
67
  9
$INTERFEREVPVS
346
68
  9
$CSHADOW
280
     0
  9
$SHADOWPLANELOCATION
 40
0.0
  0
ENDSEC
  0
SECTION
  2
CLASSES
  0
CLASS
  1
ACDBDICTIONARYWDFLT
  2
AcDbDictionaryWithDefault
  3
ObjectDBX Classes
 90
        0
 91
        1
280
     0
281
     0
  0
CLASS
  1
MATERIAL
  2
AcDbMaterial
  3
ObjectDBX Classes
 90
     1153
 91
        3
280
     0
281
     0
  0
CLASS
  1
VISUALSTYLE
  2
AcDbVisualStyle
  3
ObjectDBX Classes
 90
     4095
 91
       24
280
     0
281
     0
  0
CLASS
  1
SCALE
  2
AcDbScale
  3
ObjectDBX Classes
 90
     1153
 91
       17
280
     0
281
     0
  0
CLASS
  1
TABLESTYLE
  2
AcDbTableStyle
  3
ObjectDBX Classes
 90
     4095
 91
        1
280
     0
281
     0
  0
CLASS
  1
MLEADERSTYLE
  2
AcDbMLeaderStyle
  3
ACDB_MLEADERSTYLE_CLASS
 90
     4095
 91
        1
280
     0
281
     0
  0
CLASS
  1
ACDBSECTIONVIEWSTYLE
  2
AcDbSectionViewStyle
  3
ObjectDBX Classes
 90
     1025
 91
        1
280
     0
281
     0
  0
CLASS
  1
ACDBDETAILVIEWSTYLE
  2
AcDbDetailViewStyle
  3
ObjectDBX Classes
 90
     1025
 91
        1
280
     0
281
     0
  0
CLASS
  1
DICTIONARYVAR
  2
AcDbDictionaryVar
  3
ObjectDBX Classes
 90
        0
 91
       28
280
     0
281
     0
  0
CLASS
  1
SORTENTSTABLE
  2
AcDbSortentsTable
  3
ObjectDBX Classes
 90
        0
 91
        1
280
     0
281
     0
  0
CLASS
  1
ACDBASSOCACTION
  2
AcDbAssocAction
  3
ObjectDBX Classes
 90
     1025
 91
        0
280
     0
281
     0
  0
CLASS
  1
ACDBASSOCROTATEDDIMACTIONBODY
  2
AcDbAssocRotatedDimActionBody
  3
ObjectDBX Classes
 90
     1025
 91
        0
280
     0
281
     0
  0
CLASS
  1
ACDBASSOCGEOMDEPENDENCY
  2
AcDbAssocGeomDependency
  3
ObjectDBX Classes
 90
     1025
 91
        0
280
     0
281
     0
  0
CLASS
  1
ACDBASSOCDEPENDENCY
  2
AcDbAssocDependency
  3
ObjectDBX Classes
 90
     1025
 91
        0
280
     0
281
     0
  0
CLASS
  1
ACDBASSOCOSNAPPOINTREFACTIONPARAM
  2
AcDbAssocOsnapPointRefActionParam
  3
ObjectDBX Classes
 90
     1025
 91
        0
280
     0
281
     0
  0
CLASS
  1
ACDBASSOCEDGEACTIONPARAM
  2
AcDbAssocEdgeActionParam
  3
ObjectDBX Classes
 90
     1025
 91
        0
280
     0
281
     0
  0
CLASS
  1
ACDBASSOCPERSSUBENTMANAGER
  2
AcDbAssocPersSubentManager
  3
ObjectDBX Classes
 90
     1024
 91
        0
280
     0
281
     0
  0
CLASS
  1
ACDBASSOCNETWORK
  2
AcDbAssocNetwork
  3
ObjectDBX Classes
 90
     1025
 91
        0
280
     0
281
     0
  0
CLASS
  1
ACAD_EVALUATION_GRAPH
  2
AcDbEvalGraph
  3
ObjectDBX Classes
 90
     1153
 91
        0
280
     0
281
     0
  0
CLASS
  1
ACDB_DYNAMICBLOCKPURGEPREVENTER_VERSION
  2
AcDbDynamicBlockPurgePreventer
  3
ObjectDBX Classes
 90
     1153
 91
        0
280
     0
281
     0
  0
CLASS
  1
DIMASSOC
  2
AcDbDimAssoc
  3
"AcDbDimAssoc|Product Desc:     AcDim ARX App For Dimension|Company:          Autodesk, Inc.|WEB Address:      www.autodesk.com"
 90
        0
 91
        0
280
     0
281
     0
  0
CLASS
  1
CELLSTYLEMAP
  2
AcDbCellStyleMap
  3
ObjectDBX Classes
 90
     1152
 91
        2
280
     0
281
     0
  0
ENDSEC
  0
SECTION
  2
TABLES
  0
TABLE
  2
VPORT
  5
27
330
0
100
AcDbSymbolTable
 70
     1
1001
ACAD
1000
DbSaveVer
1071
      247
  0
VPORT
  5
28
330
27
100
AcDbSymbolTableRecord
100
AcDbViewportTableRecord
  2
*Active
 70
     0
 10
0.0
 20
0.0
 11
1.0
 21
1.0
 12
6306.093942621701
 22
-8543.188514893541
 13
0.0
 23
0.0
 14
1.0
 24
1.0
 15
0.0
 25
0.0
 16
0.0
 26
0.0
 36
1.0
 17
72.15674979207371
 27
978.8077178203481
 37
0.0
 40
5902.582106347578
 41
1.797504254112308
 42
50.0
 43
0.0
 44
0.0
 50
0.0
 51
0.0
 71
     0
 72
   100
 73
     1
 74
     1
 75
     0
 76
     0
 77
     0
 78
     0
281
     0
 65
     1
110
0.0
120
0.0
130
0.0
111
1.0
121
0.0
131
0.0
112
0.0
122
1.0
132
0.0
 79
     0
146
0.0
348
29
 60
     3
 61
     5
292
     1
282
     1
141
0.0
142
0.0
 63
   250
421
  3355443
1001
ACAD_NAV_VCDISPLAY
1070
     3
  0
ENDTAB
  0
TABLE
  2
LTYPE
  5
22
330
0
100
AcDbSymbolTable
 70
     1
  0
LTYPE
  5
23
330
22
100
AcDbSymbolTableRecord
100
AcDbLinetypeTableRecord
  2
ByBlock
 70
     0
  3

 72
    65
 73
     0
 40
0.0
  0
LTYPE
  5
24
330
22
100
AcDbSymbolTableRecord
100
AcDbLinetypeTableRecord
  2
ByLayer
 70
     0
  3

 72
    65
 73
     0
 40
0.0
  0
LTYPE
  5
14
330
22
100
AcDbSymbolTableRecord
100
AcDbLinetypeTableRecord
  2
Continuous
 70
     0
  3
Solid line
 72
    65
 73
     0
 40
0.0
  0
ENDTAB
  0
TABLE
  2
LAYER
  5
1C
102
{ACAD_XDICTIONARY
360
1D
102
}
330
0
100
AcDbSymbolTable
 70
     4
  0
LAYER
  5
7
330
1C
100
AcDbSymbolTableRecord
100
AcDbLayerTableRecord
  2
0
 70
     0
 62
     7
  6
Continuous
370
    -3
390
8
347
B
348
0
  0
LAYER
  5
6AB
330
1C
100
AcDbSymbolTableRecord
100
AcDbLayerTableRecord
  2
A-DOOR-PANEL
 70
     0
 62
     2
  6
Continuous
370
    -3
390
8
347
B
348
0
  0
LAYER
  5
68E
330
1C
100
AcDbSymbolTableRecord
100
AcDbLayerTableRecord
  2
A-DOOR-FRAME
 70
     0
 62
     4
  6
Continuous
370
    -3
390
8
347
B
348
0
  0
LAYER
  5
6CE
330
1C
100
AcDbSymbolTableRecord
100
AcDbLayerTableRecord
  2
A-DOOR-TRIM
 70
     0
 62
     1
  6
Continuous
370
    -3
390
8
347
B
348
0
  0
ENDTAB
  0
TABLE
  2
STYLE
  5
1F
330
0
100
AcDbSymbolTable
 70
     2
  0
STYLE
  5
20
330
1F
100
AcDbSymbolTableRecord
100
AcDbTextStyleTableRecord
  2
Standard
 70
     0
 40
0.0
 41
1.0
 50
0.0
 71
     0
 42
0.2
  3
txt
  4

  0
STYLE
  5
721
330
1F
100
AcDbSymbolTableRecord
100
AcDbTextStyleTableRecord
  2
宋体
 70
     0
 40
0.0
 41
1.0
 50
0.0
 71
     0
 42
100.0
  3

  4

1001
ACAD
1000
SimSun
1071
    34306
  0
ENDTAB
  0
TABLE
  2
VIEW
  5
25
330
0
100
AcDbSymbolTable
 70
     0
  0
ENDTAB
  0
TABLE
  2
UCS
  5
26
330
0
100
AcDbSymbolTable
 70
     0
  0
ENDTAB
  0
TABLE
  2
APPID
  5
2C
330
0
100
AcDbSymbolTable
 70
     4
  0
APPID
  5
2D
330
2C
100
AcDbSymbolTableRecord
100
AcDbRegAppTableRecord
  2
ACAD
 70
     0
  0
APPID
  5
2B
330
2C
100
AcDbSymbolTableRecord
100
AcDbRegAppTableRecord
  2
ACAD_NAV_VCDISPLAY
 70
     0
  0
APPID
  5
699
330
2C
100
AcDbSymbolTableRecord
100
AcDbRegAppTableRecord
  2
GradientColor1ACI
 70
     0
  0
APPID
  5
69A
330
2C
100
AcDbSymbolTableRecord
100
AcDbRegAppTableRecord
  2
GradientColor2ACI
 70
     0
  0
ENDTAB
  0
TABLE
  2
DIMSTYLE
  5
2E
330
0
100
AcDbSymbolTable
 70
     1
100
AcDbDimStyleTable
 71
     1
340
2F
  0
DIMSTYLE
105
2F
330
2E
100
AcDbSymbolTableRecord
100
AcDbDimStyleTableRecord
  2
Standard
 70
     0
340
20
  0
ENDTAB
  0
TABLE
  2
BLOCK_RECORD
  5
1
330
0
100
AcDbSymbolTable
 70
     1
  0
BLOCK_RECORD
  5
2
102
{ACAD_XDICTIONARY
360
3
102
}
330
1
100
AcDbSymbolTableRecord
100
AcDbBlockTableRecord
  2
*Model_Space
340
16
 70
     0
280
     1
281
     0
  0
BLOCK_RECORD
  5
18
330
1
100
AcDbSymbolTableRecord
100
AcDbBlockTableRecord
  2
*Paper_Space
340
1B
 70
     0
280
     1
281
     0
  0
BLOCK_RECORD
  5
788
330
1
100
AcDbSymbolTableRecord
100
AcDbBlockTableRecord
  2
HJ01
340
0
310
28000000300000003000000001002000000000000024000001000000010000000000000000000000302821FF302821FF302821FF302821FF302821FF302821FF302821FF302821FF302821FF302821FF302821FF302821FF302821FF302821FF302821FF302821FF302821FF302821FF302821FF302821FF302821FF302821
310
FF302821FF302821FF302821FF302821FF302821FF302821FF302821FF302821FF302821FF302821FF302821FF302821FF302821FF302821FF302821FF302821FF302821FF302821FF302821FF302821FF302821FF302821FF302821FF302821FF302821FF302821FF302821FF302821FF302821FF302821FF302821FF3028
310
21FF302821FF302821FF302821FF302821FF302821FF302821FF302821FF302821FF302821FF302821FF302821FF302821FF302821FF302821FF302821FF302821FF302821FF302821FF302821FF302821FF302821FF302821FF302821FF302821FF302821FF302821FF302821FF302821FF302821FF302821FF302821FF30
310
2821FF302821FF302821FF302821FF302821FF302821FF302821FF302821FF302821FF302821FF302821FF302821FF302821FF302821FF302821FF302821FF302821FF302821FF302821FF302821FF302821FF302821FF302821FF302821FF302821FF302821FF302821FF302821FF302821FF302821FF302821FF302821FF
310
302821FF302821FF302821FF302821FF302821FF302821FF302821FF302821FF302821FF302821FF302821FF302821FF302821FF302821FF302821FF302821FF302821FF302821FF302821FF302821FF302821FF302821FF302821FF302821FF302821FF302821FF302821FF302821FF302821FF302821FF302821FF302821
310
FF302821FF302821FF302821FF302821FF302821FF302821FF302821FF302821FF302821FFFFFFFFFFFFFFFFFFFFFFFFFF302821FF302821FF302821FF302821FF302821FF302821FF302821FF302821FF302821FF302821FF302821FF302821FF302821FF302821FFFFFFFFFFFFFFFFFFFFFFFFFF302821FF302821FF3028
310
21FF302821FF302821FF302821FF302821FF302821FF302821FF302821FF302821FF302821FF302821FF302821FF302821FF302821FF302821FF302821FF302821FF302821FF302821FF302821FF302821FF302821FF302821FF302821FF302821FFFFFFFFFFFFFFFFFFFFFFFFFFFFFFFFFF302821FF302821FF302821FF30
310
2821FF302821FF302821FFFFFFFFFFFFFFFFFF302821FF302821FF302821FF302821FF302821FF302821FFFFFFFFFFFFFFFFFFFFFFFFFFFFFFFFFF302821FF302821FF302821FF302821FF302821FF302821FF302821FF302821FF302821FF302821FF302821FF302821FF302821FF302821FF302821FF302821FF302821FF
310
302821FFFFFFFFFFFFFFFFFFFFFFFFFFFFFFFFFFFFFFFFFFFFFFFFFFFFFFFFFFFFFFFFFFFFFFFFFF302821FFFFFFFFFFFFFFFFFF302821FF302821FF302821FF302821FF302821FF302821FFFFFFFFFFFFFFFFFFFFFFFFFF302821FF302821FF302821FF302821FF302821FFFFFFFFFFFFFFFFFF302821FFFFFFFFFFFFFFFF
310
FFFFFFFFFFFFFFFFFFFFFFFFFFFFFFFFFFFFFFFFFFFFFFFFFFFFFFFFFF302821FF302821FF302821FF302821FF302821FF302821FF302821FF302821FF302821FF302821FFFFFFFFFF302821FF302821FFFFFFFFFFFFFFFFFF302821FFFFFFFFFF302821FFFFFFFFFF302821FFFFFFFFFFFFFFFFFF302821FF302821FF3028
310
21FF302821FF302821FFFFFFFFFFFFFFFFFF302821FFFFFFFFFF302821FF302821FF302821FF302821FF302821FFFFFFFFFFFFFFFFFF302821FFFFFFFFFF302821FFFFFFFFFF302821FFFFFFFFFFFFFFFFFF302821FF302821FFFFFFFFFF302821FF302821FF302821FF302821FF302821FF302821FF302821FF302821FF30
310
2821FF302821FFFFFFFFFF302821FFFFFFFFFFFFFFFFFFFFFFFFFFFFFFFFFF302821FFFFFFFFFFFFFFFFFF302821FFFFFFFFFFFFFFFFFF302821FF302821FF302821FF302821FFFFFFFFFFFFFFFFFFFFFFFFFFFFFFFFFFFFFFFFFFFFFFFFFF302821FF302821FF302821FF302821FFFFFFFFFF302821FFFFFFFFFF302821FF
310
FFFFFFFFFFFFFFFFFFFFFFFFFFFFFFFFFFFFFFFF302821FF302821FFFFFFFFFF302821FF302821FF302821FF302821FF302821FF302821FF302821FF302821FF302821FF302821FFFFFFFFFFFFFFFFFFFFFFFFFFFFFFFFFF302821FFFFFFFFFFFFFFFFFFFFFFFFFF302821FFFFFFFFFF302821FFFFFFFFFF302821FF302821
310
FF302821FFFFFFFFFF302821FFFFFFFFFFFFFFFFFF302821FFFFFFFFFFFFFFFFFFFFFFFFFF302821FF302821FF302821FFFFFFFFFF302821FFFFFFFFFF302821FFFFFFFFFFFFFFFFFFFFFFFFFFFFFFFFFFFFFFFFFF302821FFFFFFFFFFFFFFFFFF302821FF302821FF302821FF302821FF302821FF302821FF302821FF3028
310
21FF302821FF302821FFFFFFFFFFFFFFFFFFFFFFFFFF302821FFFFFFFFFF302821FFFFFFFFFF302821FF302821FFFFFFFFFF302821FFFFFFFFFF302821FF302821FF302821FFFFFFFFFFFFFFFFFFFFFFFFFF302821FF302821FFFFFFFFFFFFFFFFFFFFFFFFFF302821FF302821FF302821FFFFFFFFFF302821FFFFFFFFFF30
310
2821FFFFFFFFFF302821FF302821FFFFFFFFFFFFFFFFFF302821FFFFFFFFFFFFFFFFFF302821FF302821FF302821FF302821FF302821FF302821FF302821FF302821FF302821FF302821FFFFFFFFFF302821FFFFFFFFFFFFFFFFFF302821FFFFFFFFFF302821FFFFFFFFFF302821FFFFFFFFFF302821FFFFFFFFFF302821FF
310
302821FF302821FFFFFFFFFFFFFFFFFF302821FF302821FF302821FF302821FFFFFFFFFFFFFFFFFF302821FF302821FF302821FFFFFFFFFF302821FFFFFFFFFFFFFFFFFF302821FF302821FF302821FFFFFFFFFFFFFFFFFFFFFFFFFF302821FFFFFFFFFF302821FF302821FF302821FF302821FF302821FF302821FF302821
310
FF302821FF302821FF302821FF302821FFFFFFFFFFFFFFFFFFFFFFFFFFFFFFFFFF302821FFFFFFFFFF302821FFFFFFFFFF302821FFFFFFFFFF302821FFFFFFFFFF302821FF302821FFFFFFFFFFFFFFFFFF302821FF302821FF302821FF302821FFFFFFFFFFFFFFFFFFFFFFFFFF302821FFFFFFFFFF302821FFFFFFFFFFFFFF
310
FFFF302821FF302821FFFFFFFFFFFFFFFFFFFFFFFFFF302821FFFFFFFFFFFFFFFFFF302821FF302821FF302821FF302821FF302821FF302821FF302821FF302821FF302821FF302821FF302821FFFFFFFFFF302821FFFFFFFFFF302821FF302821FFFFFFFFFF302821FFFFFFFFFF302821FFFFFFFFFF302821FFFFFFFFFF30
310
2821FFFFFFFFFFFFFFFFFFFFFFFFFFFFFFFFFF302821FF302821FF302821FF302821FFFFFFFFFFFFFFFFFFFFFFFFFF302821FFFFFFFFFFFFFFFFFFFFFFFFFF302821FF302821FFFFFFFFFF302821FFFFFFFFFF302821FF302821FFFFFFFFFF302821FFFFFFFFFF302821FF302821FF302821FF302821FF302821FF302821FF
310
302821FF302821FF302821FFFFFFFFFFFFFFFFFFFFFFFFFF302821FF302821FF302821FF302821FFFFFFFFFF302821FFFFFFFFFF302821FFFFFFFFFF302821FFFFFFFFFFFFFFFFFFFFFFFFFFFFFFFFFFFFFFFFFF302821FF302821FF302821FF302821FFFFFFFFFFFFFFFFFFFFFFFFFFFFFFFFFFFFFFFFFFFFFFFFFF302821
310
FF302821FFFFFFFFFF302821FFFFFFFFFF302821FF302821FF302821FF302821FFFFFFFFFFFFFFFFFFFFFFFFFF302821FF302821FF302821FF302821FF302821FF302821FF302821FFFFFFFFFFFFFFFFFF302821FF302821FFFFFFFFFFFFFFFFFFFFFFFFFFFFFFFFFF302821FFFFFFFFFF302821FFFFFFFFFF302821FFFFFF
310
FFFF302821FFFFFFFFFF302821FFFFFFFFFFFFFFFFFF302821FF302821FF302821FF302821FFFFFFFFFFFFFFFFFFFFFFFFFFFFFFFFFF302821FFFFFFFFFF302821FFFFFFFFFFFFFFFFFFFFFFFFFF302821FFFFFFFFFFFFFFFFFFFFFFFFFFFFFFFFFF302821FF302821FFFFFFFFFFFFFFFFFF302821FF302821FF302821FF30
310
2821FF302821FFFFFFFFFFFFFFFFFFFFFFFFFFFFFFFFFFFFFFFFFF302821FF302821FF302821FF302821FFFFFFFFFF302821FFFFFFFFFF302821FFFFFFFFFF302821FFFFFFFFFF302821FFFFFFFFFFFFFFFFFFFFFFFFFF302821FF302821FF302821FF302821FFFFFFFFFFFFFFFFFFFFFFFFFF302821FFFFFFFFFF302821FF
310
FFFFFFFFFFFFFFFF302821FF302821FFFFFFFFFF302821FF302821FF302821FF302821FFFFFFFFFFFFFFFFFFFFFFFFFFFFFFFFFFFFFFFFFF302821FF302821FF302821FF302821FF302821FFFFFFFFFFFFFFFFFFFFFFFFFFFFFFFFFFFFFFFFFFFFFFFFFFFFFFFFFF302821FF302821FFFFFFFFFF302821FFFFFFFFFFFFFFFF
310
FFFFFFFFFFFFFFFFFF302821FFFFFFFFFFFFFFFFFFFFFFFFFF302821FFFFFFFFFFFFFFFFFF302821FFFFFFFFFFFFFFFFFFFFFFFFFF302821FFFFFFFFFFFFFFFFFF302821FFFFFFFFFF302821FFFFFFFFFF302821FF302821FFFFFFFFFFFFFFFFFFFFFFFFFFFFFFFFFFFFFFFFFFFFFFFFFFFFFFFFFF302821FF302821FF3028
310
21FF302821FF302821FF302821FF302821FF302821FF302821FF302821FF302821FF302821FF302821FFFFFFFFFFFFFFFFFF302821FFFFFFFFFF302821FF302821FFFFFFFFFFFFFFFFFF302821FFFFFFFFFFFFFFFFFFFFFFFFFFFFFFFFFFFFFFFFFFFFFFFFFFFFFFFFFFFFFFFFFFFFFFFFFFFFFFFFFFFFFFFFFFFFFFFFFFFF
310
FFFFFFFFFFFFFF302821FFFFFFFFFF302821FFFFFFFFFFFFFFFFFF302821FF302821FF302821FF302821FF302821FF302821FF302821FF302821FF302821FF302821FF302821FF302821FF302821FF302821FF302821FF302821FF302821FF302821FF302821FF302821FF302821FF302821FFFFFFFFFFFFFFFFFFFFFFFFFF
310
302821FF302821FF302821FFFFFFFFFFFFFFFFFFFFFFFFFF302821FF302821FF302821FF302821FF302821FFFFFFFFFFFFFFFFFFFFFFFFFFFFFFFFFF302821FF302821FF302821FFFFFFFFFFFFFFFFFFFFFFFFFF302821FF302821FF302821FF302821FF302821FF302821FF302821FF302821FF302821FF302821FF302821
310
FF302821FF302821FF302821FF302821FF302821FF302821FF302821FF302821FF302821FF302821FF302821FF302821FF302821FF302821FF302821FFFFFFFFFFFFFFFFFFFFFFFFFFFFFFFFFFFFFFFFFFFFFFFFFF302821FFFFFFFFFFFFFFFFFFFFFFFFFFFFFFFFFFFFFFFFFF302821FF302821FFFFFFFFFFFFFFFFFFFFFF
310
FFFFFFFFFFFFFFFFFFFFFFFFFFFF302821FF302821FF302821FF302821FF302821FF302821FF302821FF302821FF302821FF302821FF302821FF302821FF302821FF302821FF302821FF302821FF302821FF302821FF302821FF302821FF302821FF302821FF302821FF302821FFFFFFFFFFFFFFFFFFFFFFFFFFFFFFFFFFFF
310
FFFFFFFFFFFFFFFFFFFFFFFFFFFFFFFFFFFFFF302821FFFFFFFFFF302821FFFFFFFFFFFFFFFFFFFFFFFFFFFFFFFFFFFFFFFFFFFFFFFFFF302821FFFFFFFFFFFFFFFFFFFFFFFFFFFFFFFFFFFFFFFFFFFFFFFFFFFFFFFFFFFFFFFFFFFFFFFFFF302821FF302821FF302821FF302821FF302821FF302821FF302821FF302821FF
310
302821FF302821FF302821FF302821FF302821FF302821FF302821FF302821FF302821FF302821FFFFFFFFFFFFFFFFFFFFFFFFFFFFFFFFFFFFFFFFFFFFFFFFFFFFFFFFFFFFFFFFFFFFFFFFFFFFFFFFFFFFFFFFFFFFFFFFFFFFFFFFFFFFFFFFFFFFFFFFFFFFFFFFFFFFFFFFFFFFFFFFFFFFFFFFFFFFFFFFFF302821FF302821
310
FFFFFFFFFFFFFFFFFFFFFFFFFFFFFFFFFFFFFFFFFFFFFFFFFFFFFFFFFFFFFFFFFFFFFFFFFFFFFFFFFF302821FF302821FF302821FF302821FF302821FF302821FF302821FF302821FF302821FF302821FF302821FF302821FF302821FF302821FFFFFFFFFFFFFFFFFFFFFFFFFFFFFFFFFF302821FF302821FF302821FF3028
310
21FF302821FF302821FF302821FFFFFFFFFF302821FFFFFFFFFFFFFFFFFFFFFFFFFFFFFFFFFF302821FF302821FFFFFFFFFFFFFFFFFFFFFFFFFFFFFFFFFF302821FFFFFFFFFF302821FF302821FF302821FF302821FF302821FF302821FF302821FFFFFFFFFFFFFFFFFFFFFFFFFFFFFFFFFF302821FF302821FF302821FF30
310
2821FF302821FF302821FF302821FF302821FF302821FF302821FF302821FFFFFFFFFFFFFFFFFFFFFFFFFF302821FF302821FF302821FF302821FF302821FF302821FF302821FF302821FF302821FFFFFFFFFF302821FFFFFFFFFFFFFFFFFFFFFFFFFF302821FF302821FF302821FF302821FFFFFFFFFFFFFFFFFFFFFFFFFF
310
302821FFFFFFFFFF302821FF302821FF302821FF302821FF302821FF302821FF302821FF302821FF302821FFFFFFFFFFFFFFFFFFFFFFFFFF302821FF302821FF302821FF302821FF302821FF302821FF302821FF302821FF302821FF302821FFFFFFFFFFFFFFFFFFFFFFFFFFFFFFFFFF302821FF302821FF302821FF302821
310
FF302821FF302821FF302821FF302821FFFFFFFFFF302821FFFFFFFFFFFFFFFFFFFFFFFFFF302821FF302821FF302821FF302821FFFFFFFFFFFFFFFFFFFFFFFFFF302821FFFFFFFFFF302821FF302821FF302821FF302821FF302821FF302821FF302821FF302821FFFFFFFFFFFFFFFFFFFFFFFFFFFFFFFFFF302821FF3028
310
21FF302821FF302821FF302821FF302821FF302821FF302821FF302821FF302821FF302821FF302821FFFFFFFFFFFFFFFFFFFFFFFFFF302821FF302821FF302821FF302821FF302821FF302821FF302821FFFFFFFFFF302821FFFFFFFFFFFFFFFFFFFFFFFFFFFFFFFFFF302821FF302821FFFFFFFFFFFFFFFFFFFFFFFFFFFF
310
FFFFFF302821FFFFFFFFFF302821FF302821FF302821FF302821FF302821FF302821FF302821FFFFFFFFFFFFFFFFFFFFFFFFFF302821FF302821FF302821FF302821FF302821FF302821FF302821FF302821FF302821FF302821FF302821FF302821FF302821FF302821FF302821FF302821FFFFFFFFFFFFFFFFFFFFFFFFFF
310
FFFFFFFFFFFFFFFFFFFFFFFFFFFFFFFFFFFFFFFFFFFFFFFFFFFFFFFFFFFFFFFFFFFFFFFFFFFFFFFFFFFFFFFFFFFFFFFFFFFFFFFFFFFFFFFFFFFFFFFFFFFFFFFF302821FF302821FFFFFFFFFFFFFFFFFFFFFFFFFFFFFFFFFFFFFFFFFFFFFFFFFFFFFFFFFFFFFFFFFFFFFFFFFF302821FF302821FF302821FF302821FF302821
310
FF302821FF302821FF302821FF302821FF302821FF302821FF302821FF302821FF302821FF302821FF302821FF302821FF302821FF302821FF302821FFFFFFFFFFFFFFFFFFFFFFFFFFFFFFFFFFFFFFFFFFFFFFFFFFFFFFFFFFFFFFFFFF302821FFFFFFFFFF302821FFFFFFFFFFFFFFFFFFFFFFFFFFFFFFFFFFFFFFFFFFFFFF
310
FFFF302821FFFFFFFFFFFFFFFFFFFFFFFFFFFFFFFFFFFFFFFFFFFFFFFFFFFFFFFFFFFFFFFFFF302821FF302821FF302821FF302821FF302821FF302821FF302821FF302821FF302821FF302821FF302821FF302821FF302821FF302821FF302821FF302821FF302821FF302821FF302821FF302821FF302821FF302821FF30
310
2821FF302821FFFFFFFFFFFFFFFFFFFFFFFFFFFFFFFFFFFFFFFFFFFFFFFFFFFFFFFFFF302821FFFFFFFFFFFFFFFFFFFFFFFFFFFFFFFFFFFFFFFFFF302821FF302821FFFFFFFFFFFFFFFFFFFFFFFFFFFFFFFFFFFFFFFFFFFFFFFFFFFFFFFFFF302821FF302821FF302821FF302821FF302821FF302821FF302821FF302821FF
310
302821FF302821FF302821FF302821FF302821FF302821FF302821FF302821FF302821FF302821FF302821FF302821FF302821FF302821FF302821FF302821FFFFFFFFFFFFFFFFFF302821FFFFFFFFFF302821FFFFFFFFFFFFFFFFFFFFFFFFFFFFFFFFFFFFFFFFFF302821FF302821FF302821FF302821FF302821FFFFFFFF
310
FFFFFFFFFFFFFFFFFFFFFFFFFFFFFFFFFFFFFFFFFF302821FFFFFFFFFF302821FFFFFFFFFFFFFFFFFF302821FF302821FF302821FF302821FF302821FF302821FF302821FF302821FF302821FF302821FF302821FF302821FF302821FF302821FF302821FF302821FF302821FF302821FF302821FF302821FF302821FFFFFF
310
FFFF302821FF302821FFFFFFFFFF302821FFFFFFFFFFFFFFFFFFFFFFFFFF302821FFFFFFFFFFFFFFFFFFFFFFFFFFFFFFFFFFFFFFFFFFFFFFFFFFFFFFFFFFFFFFFFFFFFFFFFFFFFFFFFFFFFFFFFFFFFFFFFFF302821FFFFFFFFFFFFFFFFFFFFFFFFFF302821FF302821FFFFFFFFFF302821FF302821FF302821FF302821FF30
310
2821FF302821FF302821FF302821FF302821FF302821FF302821FF302821FF302821FFFFFFFFFFFFFFFFFFFFFFFFFFFFFFFFFFFFFFFFFFFFFFFFFFFFFFFFFF302821FF302821FFFFFFFFFFFFFFFFFFFFFFFFFFFFFFFFFF302821FFFFFFFFFF302821FFFFFFFFFFFFFFFFFFFFFFFFFF302821FFFFFFFFFFFFFFFFFF302821FF
310
FFFFFFFFFFFFFFFFFFFFFFFF302821FFFFFFFFFFFFFFFFFF302821FF302821FFFFFFFFFFFFFFFFFF302821FF302821FFFFFFFFFFFFFFFFFFFFFFFFFFFFFFFFFFFFFFFFFFFFFFFFFFFFFFFFFF302821FF302821FF302821FF302821FF302821FFFFFFFFFFFFFFFFFFFFFFFFFFFFFFFFFFFFFFFFFFFFFFFFFF302821FF302821
310
FFFFFFFFFFFFFFFFFFFFFFFFFF302821FFFFFFFFFF302821FFFFFFFFFF302821FF302821FFFFFFFFFFFFFFFFFFFFFFFFFF302821FF302821FFFFFFFFFF302821FFFFFFFFFFFFFFFFFFFFFFFFFF302821FF302821FFFFFFFFFFFFFFFFFF302821FF302821FFFFFFFFFFFFFFFFFFFFFFFFFF302821FF302821FFFFFFFFFFFFFF
310
FFFFFFFFFFFFFFFFFFFFFFFFFFFFFFFFFFFF302821FF302821FF302821FF302821FF302821FFFFFFFFFFFFFFFFFF302821FF302821FF302821FFFFFFFFFFFFFFFFFF302821FFFFFFFFFF302821FFFFFFFFFF302821FF302821FFFFFFFFFF302821FFFFFFFFFF302821FFFFFFFFFFFFFFFFFF302821FF302821FFFFFFFFFF30
310
2821FFFFFFFFFFFFFFFFFFFFFFFFFFFFFFFFFF302821FFFFFFFFFF302821FFFFFFFFFF302821FF302821FFFFFFFFFF302821FFFFFFFFFFFFFFFFFF302821FF302821FF302821FFFFFFFFFFFFFFFFFF302821FF302821FF302821FF302821FF302821FF302821FF302821FFFFFFFFFFFFFFFFFFFFFFFFFF302821FF302821FF
310
302821FFFFFFFFFF302821FFFFFFFFFF302821FF302821FFFFFFFFFF302821FFFFFFFFFFFFFFFFFFFFFFFFFFFFFFFFFFFFFFFFFF302821FF302821FFFFFFFFFF302821FFFFFFFFFFFFFFFFFFFFFFFFFFFFFFFFFFFFFFFFFF302821FFFFFFFFFFFFFFFFFF302821FF302821FF302821FFFFFFFFFF302821FF302821FF302821
310
FFFFFFFFFFFFFFFFFFFFFFFFFF302821FF302821FF302821FF302821FF302821FF302821FF302821FF302821FF302821FFFFFFFFFF302821FFFFFFFFFF302821FFFFFFFFFF302821FFFFFFFFFF302821FF302821FFFFFFFFFF302821FFFFFFFFFF302821FFFFFFFFFFFFFFFFFFFFFFFFFFFFFFFFFF302821FF302821FFFFFF
310
FFFF302821FFFFFFFFFFFFFFFFFFFFFFFFFF302821FFFFFFFFFFFFFFFFFFFFFFFFFF302821FFFFFFFFFF302821FF302821FF302821FFFFFFFFFF302821FFFFFFFFFF302821FFFFFFFFFF302821FF302821FF302821FF302821FF302821FF302821FF302821FF302821FF302821FF302821FF302821FFFFFFFFFFFFFFFFFF30
310
2821FFFFFFFFFFFFFFFFFF302821FF302821FFFFFFFFFF302821FFFFFFFFFF302821FFFFFFFFFF302821FF302821FFFFFFFFFFFFFFFFFF302821FF302821FFFFFFFFFF302821FFFFFFFFFFFFFFFFFFFFFFFFFF302821FFFFFFFFFF302821FFFFFFFFFFFFFFFFFF302821FFFFFFFFFF302821FF302821FF302821FFFFFFFFFF
310
FFFFFFFFFFFFFFFF302821FF302821FF302821FF302821FF302821FF302821FF302821FF302821FF302821FF302821FF302821FFFFFFFFFF302821FFFFFFFFFFFFFFFFFF302821FFFFFFFFFF302821FF302821FFFFFFFFFFFFFFFFFF302821FFFFFFFFFF302821FF302821FF302821FFFFFFFFFFFFFFFFFF302821FF302821
310
FFFFFFFFFF302821FFFFFFFFFFFFFFFFFF302821FF302821FF302821FFFFFFFFFF302821FFFFFFFFFFFFFFFFFF302821FFFFFFFFFFFFFFFFFF302821FFFFFFFFFFFFFFFFFF302821FFFFFFFFFF302821FF302821FF302821FF302821FF302821FF302821FF302821FF302821FF302821FF302821FFFFFFFFFFFFFFFFFF3028
310
21FFFFFFFFFFFFFFFFFF302821FF302821FFFFFFFFFF302821FFFFFFFFFF302821FFFFFFFFFF302821FF302821FF302821FFFFFFFFFFFFFFFFFFFFFFFFFF302821FFFFFFFFFFFFFFFFFFFFFFFFFFFFFFFFFF302821FF302821FF302821FFFFFFFFFF302821FFFFFFFFFF302821FFFFFFFFFF302821FF302821FFFFFFFFFFFF
310
FFFFFF302821FFFFFFFFFFFFFFFFFF302821FF302821FF302821FF302821FF302821FF302821FF302821FF302821FF302821FF302821FFFFFFFFFFFFFFFFFFFFFFFFFFFFFFFFFF302821FFFFFFFFFFFFFFFFFFFFFFFFFF302821FFFFFFFFFF302821FFFFFFFFFF302821FF302821FF302821FFFFFFFFFF302821FFFFFFFFFF
310
FFFFFFFFFFFFFFFF302821FFFFFFFFFFFFFFFFFF302821FF302821FF302821FFFFFFFFFF302821FFFFFFFFFF302821FFFFFFFFFFFFFFFFFFFFFFFFFF302821FFFFFFFFFF302821FFFFFFFFFFFFFFFFFF302821FF302821FF302821FF302821FF302821FF302821FF302821FF302821FF302821FF302821FFFFFFFFFF302821
310
FFFFFFFFFFFFFFFFFFFFFFFFFFFFFFFFFF302821FFFFFFFFFFFFFFFFFF302821FFFFFFFFFFFFFFFFFF302821FF302821FF302821FF302821FFFFFFFFFFFFFFFFFFFFFFFFFFFFFFFFFFFFFFFFFFFFFFFFFF302821FF302821FF302821FF302821FFFFFFFFFF302821FFFFFFFFFF302821FFFFFFFFFFFFFFFFFFFFFFFFFFFFFF
310
FFFFFFFFFFFF302821FF302821FFFFFFFFFF302821FF302821FF302821FF302821FF302821FF302821FF302821FF302821FF302821FF302821FFFFFFFFFF302821FF302821FFFFFFFFFFFFFFFFFF302821FFFFFFFFFF302821FFFFFFFFFF302821FFFFFFFFFFFFFFFFFF302821FF302821FF302821FF302821FF302821FFFF
310
FFFFFFFFFFFFFF302821FFFFFFFFFF302821FF302821FF302821FF302821FF302821FFFFFFFFFFFFFFFFFF302821FFFFFFFFFF302821FFFFFFFFFF302821FFFFFFFFFFFFFFFFFF302821FF302821FFFFFFFFFF302821FF302821FF302821FF302821FF302821FF302821FF302821FF302821FF302821FF302821FFFFFFFFFF
310
FFFFFFFFFFFFFFFFFFFFFFFFFFFFFFFFFFFFFFFFFFFFFFFFFFFFFFFFFFFFFFFF302821FFFFFFFFFFFFFFFFFF302821FF302821FF302821FF302821FF302821FF302821FFFFFFFFFFFFFFFFFF302821FF302821FF302821FF302821FF302821FF302821FFFFFFFFFFFFFFFFFF302821FFFFFFFFFFFFFFFFFFFFFFFFFFFFFFFF
310
FFFFFFFFFFFFFFFFFFFFFFFFFFFFFFFFFFFFFFFFFF302821FF302821FF302821FF302821FF302821FF302821FF302821FF302821FF302821FF302821FF302821FF302821FF302821FF302821FF302821FF302821FF302821FF302821FFFFFFFFFFFFFFFFFFFFFFFFFFFFFFFFFF302821FF302821FF302821FF302821FF3028
310
21FF302821FFFFFFFFFF302821FF302821FF302821FF302821FF302821FF302821FF302821FFFFFFFFFFFFFFFFFFFFFFFFFFFFFFFFFF302821FF302821FF302821FF302821FF302821FF302821FF302821FF302821FF302821FF302821FF302821FF302821FF302821FF302821FF302821FF302821FF302821FF302821FF30
310
2821FF302821FF302821FF302821FF302821FF302821FF302821FF302821FF302821FFFFFFFFFFFFFFFFFFFFFFFFFF302821FF302821FF302821FF302821FF302821FF302821FF302821FF302821FF302821FF302821FF302821FF302821FF302821FF302821FFFFFFFFFFFFFFFFFFFFFFFFFF302821FF302821FF302821FF
310
302821FF302821FF302821FF302821FF302821FF302821FF302821FF302821FF302821FF302821FF302821FF302821FF302821FF302821FF302821FF302821FF302821FF302821FF302821FF302821FF302821FF302821FF302821FF302821FF302821FF302821FF302821FF302821FF302821FF302821FF302821FF302821
310
FF302821FF302821FF302821FF302821FF302821FF302821FF302821FF302821FF302821FF302821FF302821FF302821FF302821FF302821FF302821FF302821FF302821FF302821FF302821FF302821FF302821FF302821FF302821FF302821FF302821FF302821FF302821FF302821FF302821FF302821FF302821FF3028
310
21FF302821FF302821FF302821FF302821FF302821FF302821FF302821FF302821FF302821FF302821FF302821FF302821FF302821FF302821FF302821FF302821FF302821FF302821FF302821FF302821FF302821FF302821FF302821FF302821FF302821FF302821FF302821FF302821FF302821FF302821FF302821FF30
310
2821FF302821FF302821FF302821FF302821FF302821FF302821FF302821FF302821FF302821FF302821FF302821FF302821FF302821FF302821FF302821FF302821FF302821FF302821FF302821FF302821FF302821FF302821FF302821FF302821FF302821FF302821FF302821FF302821FF302821FF302821FF302821FF
310
302821FF302821FF302821FF302821FF302821FF302821FF302821FF302821FF302821FF302821FF302821FF302821FF302821FF302821FF302821FF302821FF302821FF302821FF302821FF302821FF302821FF302821FF302821FF302821FF302821FF302821FF302821FF302821FF
102
{BLKREFS
331
904
331
90D
331
913
331
91B
102
}
 70
     4
280
     1
281
     0
  0
ENDTAB
  0
ENDSEC
  0
SECTION
  2
BLOCKS
  0
BLOCK
  5
6
330
2
100
AcDbEntity
  8
0
100
AcDbBlockBegin
  2
*Model_Space
 70
     0
 10
0.0
 20
0.0
 30
0.0
  3
*Model_Space
  1

  0
ENDBLK
  5
15
330
2
100
AcDbEntity
  8
0
100
AcDbBlockEnd
  0
BLOCK
  5
19
330
18
100
AcDbEntity
 67
     1
  8
0
100
AcDbBlockBegin
  2
*Paper_Space
 70
     0
 10
0.0
 20
0.0
 30
0.0
  3
*Paper_Space
  1

  0
ENDBLK
  5
1A
330
18
100
AcDbEntity
 67
     1
  8
0
100
AcDbBlockEnd
  0
BLOCK
  5
789
330
788
100
AcDbEntity
  8
0
100
AcDbBlockBegin
  2
HJ01
 70
     0
 10
0.0
 20
0.0
 30
0.0
  3
HJ01
  1

  0
LINE
  5
78B
330
788
100
AcDbEntity
  8
0
370
     5
100
AcDbLine
 10
30.05576889798977
 20
-28.67884327367665
 30
0.0
 11
29.7975406825135
 21
-29.69376832917442
 31
0.0
  0
LINE
  5
78C
330
788
100
AcDbEntity
  8
0
370
     5
100
AcDbLine
 10
29.47819024167439
 20
-30.01382648468825
 30
0.0
 11
29.7975406825135
 21
-29.69376832917442
 31
0.0
  0
LINE
  5
78D
330
788
100
AcDbEntity
  8
0
370
     5
100
AcDbLine
 10
28.03469624873833
 20
-30.19147457514191
 30
0.0
 11
29.47819024167439
 21
-30.01382648468825
 31
0.0
  0
LINE
  5
78E
330
788
100
AcDbEntity
  8
0
370
     5
100
AcDbLine
 10
25.50348947284329
 20
-30.19147457514191
 30
0.0
 11
28.03469624873833
 21
-30.19147457514191
 31
0.0
  0
LINE
  5
78F
330
788
100
AcDbEntity
  8
0
370
     5
100
AcDbLine
 10
23.39369784513838
 20
-29.90299596870318
 30
0.0
 11
25.50348947284329
 21
-30.19147457514191
 31
0.0
  0
LINE
  5
790
330
788
100
AcDbEntity
  8
0
370
     5
100
AcDbLine
 10
20.64024097495712
 20
-28.70461250883818
 30
0.0
 11
23.39369784513838
 21
-29.90299596870318
 31
0.0
  0
LINE
  5
791
330
788
100
AcDbEntity
  8
0
370
     5
100
AcDbLine
 10
26.89492896306911
 20
-28.85101825219954
 30
0.0
 11
28.93745342458715
 21
-28.83558290185556
 31
0.0
  0
LINE
  5
792
330
788
100
AcDbEntity
  8
0
370
     5
100
AcDbLine
 10
28.5224900500325
 20
-19.35912252338403
 30
0.0
 11
25.4964350280643
 21
-18.69544806239628
 31
0.0
  0
LINE
  5
793
330
788
100
AcDbEntity
  8
0
370
     5
100
AcDbLine
 10
28.51871718050097
 20
-24.35094359307368
 30
0.0
 11
28.92940441702376
 21
-26.81199215951802
 31
0.0
  0
LINE
  5
794
330
788
100
AcDbEntity
  8
0
370
     5
100
AcDbLine
 10
27.9354490370024
 20
-22.32482006199916
 30
0.0
 11
28.51871718050097
 21
-24.35094359307368
 31
0.0
  0
LINE
  5
795
330
788
100
AcDbEntity
  8
0
370
     5
100
AcDbLine
 10
26.91900779918069
 20
-20.76316796119499
 30
0.0
 11
27.9354490370024
 21
-22.32482006199916
 31
0.0
  0
LINE
  5
796
330
788
100
AcDbEntity
  8
0
370
     5
100
AcDbLine
 10
25.4971725033829
 20
-19.02859606355196
 30
0.0
 11
26.91900779918069
 21
-20.76316796119499
 31
0.0
  0
LINE
  5
797
330
788
100
AcDbEntity
  8
0
370
     5
100
AcDbLine
 10
25.49569755277662
 20
-18.36230006121423
 30
0.0
 11
25.4971725033829
 21
-19.02859606355196
 31
0.0
  0
LINE
  5
798
330
788
100
AcDbEntity
  8
0
370
     5
100
AcDbLine
 10
27.25882050194196
 20
-17.37388562687465
 30
0.0
 11
25.49569755277662
 21
-18.36230006121423
 31
0.0
  0
LINE
  5
799
330
788
100
AcDbEntity
  8
0
370
     5
100
AcDbLine
 10
29.05061928145006
 20
-16.15319879822891
 30
0.0
 11
27.25882050194196
 21
-17.37388562687465
 31
0.0
  0
LINE
  5
79A
330
788
100
AcDbEntity
  8
0
370
     5
100
AcDbLine
 10
30.18572715730988
 20
-24.59981362147573
 30
0.0
 11
30.0368060147739
 21
-28.69780615687978
 31
0.0
  0
LINE
  5
79B
330
788
100
AcDbEntity
  8
0
370
     5
100
AcDbLine
 10
29.44021614870872
 20
-21.20967689188455
 30
0.0
 11
30.18572715730988
 21
-24.59981362147573
 31
0.0
  0
LINE
  5
79C
330
788
100
AcDbEntity
  8
0
370
     5
100
AcDbLine
 10
28.42311643029098
 20
-19.47675283641638
 30
0.0
 11
29.44021614870872
 21
-21.20967689188455
 31
0.0
  0
LINE
  5
79D
330
788
100
AcDbEntity
  8
0
370
     5
100
AcDbLine
 10
29.24331433413136
 20
-18.65715432933848
 30
0.0
 11
28.42311643029098
 21
-19.47675283641638
 31
0.0
  0
LINE
  5
79E
330
788
100
AcDbEntity
  8
0
370
     5
100
AcDbLine
 10
31.03263128426624
 20
-17.16687156811531
 30
0.0
 11
29.24331433413136
 21
-18.65715432933848
 31
0.0
  0
LINE
  5
79F
330
788
100
AcDbEntity
  8
0
370
     5
100
AcDbLine
 10
19.44117682092474
 20
-28.46060293662595
 30
0.0
 11
18.77080535545246
 21
-25.43602447269859
 31
0.0
  0
LINE
  5
7A0
330
788
100
AcDbEntity
  8
0
370
     5
100
AcDbLine
 10
22.40556758909952
 20
-27.86699834176307
 30
0.0
 11
24.43297730819904
 21
-28.44577992524046
 31
0.0
  0
LINE
  5
7A1
330
788
100
AcDbEntity
  8
0
370
     5
100
AcDbLine
 10
20.84166926812031
 20
-26.85401654754151
 30
0.0
 11
22.40556758909952
 21
-27.86699834176307
 31
0.0
  0
LINE
  5
7A2
330
788
100
AcDbEntity
  8
0
370
     5
100
AcDbLine
 10
19.10395417286781
 20
-25.43602447269859
 30
0.0
 11
20.84166926812031
 21
-26.85401654754151
 31
0.0
  0
LINE
  5
7A3
330
788
100
AcDbEntity
  8
0
370
     5
100
AcDbLine
 10
18.43765653800983
 20
-25.43602447269859
 30
0.0
 11
19.10395417286781
 21
-25.43602447269859
 31
0.0
  0
LINE
  5
7A4
330
788
100
AcDbEntity
  8
0
370
     5
100
AcDbLine
 10
28.94836730023963
 20
-26.79302927630397
 30
0.0
 11
28.93745342458715
 21
-28.83558290185556
 31
0.0
  0
LINE
  5
7A5
330
788
100
AcDbEntity
  8
0
370
     5
100
AcDbLine
 10
19.44117682092474
 20
-28.46060293662595
 30
0.0
 11
20.64024097495712
 21
-28.70461250883818
 31
0.0
  0
LINE
  5
7A6
330
788
100
AcDbEntity
  8
0
370
     5
100
AcDbLine
 10
18.15339368832065
 20
-29.68110689043442
 30
0.0
 11
19.44117682092474
 21
-28.46060293662595
 31
0.0
  0
LINE
  5
7A7
330
788
100
AcDbEntity
  8
0
370
     5
100
AcDbLine
 10
24.43297730819904
 20
-28.44577992524046
 30
0.0
 11
26.89492896306911
 21
-28.85101825219954
 31
0.0
  0
LINE
  5
7A8
330
788
100
AcDbEntity
  8
0
370
     5
100
AcDbLine
 10
14.64492020488433
 20
-32.38801681778478
 30
0.0
 11
16.39893062267219
 21
-30.87926230394805
 31
0.0
  0
LINE
  5
7A9
330
788
100
AcDbEntity
  8
0
370
     5
100
AcDbLine
 10
12.89045713914856
 20
-32.98709452454841
 30
0.0
 11
14.64492020488433
 21
-32.38801681778478
 31
0.0
  0
LINE
  5
7AA
330
788
100
AcDbEntity
  8
0
370
     5
100
AcDbLine
 10
12.57994071420398
 20
-32.74308495233618
 30
0.0
 11
12.89045713914856
 21
-32.98709452454841
 31
0.0
  0
LINE
  5
7AB
330
788
100
AcDbEntity
  8
0
370
     5
100
AcDbLine
 10
12.4907690878299
 20
-31.25645093238381
 30
0.0
 11
12.57994071420398
 21
-32.74308495233618
 31
0.0
  0
LINE
  5
7AC
330
788
100
AcDbEntity
  8
0
370
     5
100
AcDbLine
 10
12.53512857709029
 20
-28.66037152100671
 30
0.0
 11
12.4907690878299
 21
-31.25645093238381
 31
0.0
  0
LINE
  5
7AD
330
788
100
AcDbEntity
  8
0
370
     5
100
AcDbLine
 10
15.19398204665231
 20
-30.90594372445685
 30
0.0
 11
16.23643004463701
 21
-28.99582767124139
 31
0.0
  0
LINE
  5
7AE
330
788
100
AcDbEntity
  8
0
370
     5
100
AcDbLine
 10
13.28245017703557
 20
-32.17935442659655
 30
0.0
 11
15.19398204665231
 21
-30.90594372445685
 31
0.0
  0
LINE
  5
7AF
330
788
100
AcDbEntity
  8
0
370
     5
100
AcDbLine
 10
13.39832802658202
 20
-30.84801995685757
 30
0.0
 11
13.28245017703557
 21
-32.17935442659655
 31
0.0
  0
LINE
  5
7B0
330
788
100
AcDbEntity
  8
0
370
     5
100
AcDbLine
 10
12.4034563792793
 20
-24.71999403696009
 30
0.0
 11
12.51616569387261
 21
-28.67933440422257
 31
0.0
  0
LINE
  5
7B1
330
788
100
AcDbEntity
  8
0
370
     5
100
AcDbLine
 10
12.07030756183667
 20
-21.87990505333983
 30
0.0
 11
12.4034563792793
 21
-24.71999403696009
 31
0.0
  0
LINE
  5
7B2
330
788
100
AcDbEntity
  8
0
370
     5
100
AcDbLine
 10
11.60408027662197
 20
-21.03658972801259
 30
0.0
 11
12.07030756183667
 21
-21.87990505333983
 31
0.0
  0
LINE
  5
7B3
330
788
100
AcDbEntity
  8
0
370
     5
100
AcDbLine
 10
10.53809459038894
 20
-19.43889714578199
 30
0.0
 11
11.60408027662197
 21
-21.03658972801259
 31
0.0
  0
LINE
  5
7B4
330
788
100
AcDbEntity
  8
0
370
     5
100
AcDbLine
 10
8.73157702203207
 20
-17.41498597428926
 30
0.0
 11
10.53809459038894
 21
-19.43889714578199
 31
0.0
  0
LINE
  5
7B5
330
788
100
AcDbEntity
  8
0
370
     5
100
AcDbLine
 10
7.572345878754276
 20
-16.14431182808494
 30
0.0
 11
8.73157702203207
 21
-17.41498597428926
 31
0.0
  0
LINE
  5
7B6
330
788
100
AcDbEntity
  8
0
370
     5
100
AcDbLine
 10
7.157267800474073
 20
-15.97601363714602
 30
0.0
 11
7.572345878754276
 21
-16.14431182808494
 31
0.0
  0
LINE
  5
7B7
330
788
100
AcDbEntity
  8
0
370
     5
100
AcDbLine
 10
15.29089701291923
 20
-24.49468426372914
 30
0.0
 11
14.13211851756386
 21
-28.3201614357522
 31
0.0
  0
LINE
  5
7B8
330
788
100
AcDbEntity
  8
0
370
     5
100
AcDbLine
 10
15.34883593770792
 20
-23.59732195841025
 30
0.0
 11
15.29089701291923
 21
-24.49468426372914
 31
0.0
  0
LINE
  5
7B9
330
788
100
AcDbEntity
  8
0
370
     5
100
AcDbLine
 10
14.65402148829889
 20
-22.23725365115206
 30
0.0
 11
15.34883593770792
 21
-23.59732195841025
 31
0.0
  0
LINE
  5
7BA
330
788
100
AcDbEntity
  8
0
370
     5
100
AcDbLine
 10
13.06070105716935
 20
-19.86397550336551
 30
0.0
 11
14.65402148829889
 21
-22.23725365115206
 31
0.0
  0
LINE
  5
7BB
330
788
100
AcDbEntity
  8
0
370
     5
100
AcDbLine
 10
10.39641581344767
 20
-17.02753526100332
 30
0.0
 11
13.06070105716935
 21
-19.86397550336551
 31
0.0
  0
LINE
  5
7BC
330
788
100
AcDbEntity
  8
0
370
     5
100
AcDbLine
 10
16.23643004463701
 20
-28.99582767124139
 30
0.0
 11
17.45314746478107
 21
-27.20133110688676
 31
0.0
  0
LINE
  5
7BD
330
788
100
AcDbEntity
  8
0
370
     5
100
AcDbLine
 10
14.15108140077791
 20
-28.30119855253633
 30
0.0
 11
13.39832802658202
 21
-30.84801995685757
 31
0.0
  0
LINE
  5
7BE
330
788
100
AcDbEntity
  8
0
370
     5
100
AcDbLine
 10
-7.572345878754276
 20
-16.14431182808494
 30
0.0
 11
-8.731577022030251
 21
-17.41498597428926
 31
0.0
  0
LINE
  5
7BF
330
788
100
AcDbEntity
  8
0
370
     5
100
AcDbLine
 10
-7.157267800474073
 20
-15.97601363714602
 30
0.0
 11
-7.572345878754276
 21
-16.14431182808494
 31
0.0
  0
LINE
  5
7C0
330
788
100
AcDbEntity
  8
0
370
     5
100
AcDbLine
 10
16.39893062267219
 20
-30.87926230394805
 30
0.0
 11
18.15339368832065
 21
-29.68110689043442
 31
0.0
  0
LINE
  5
7C1
330
788
100
AcDbEntity
  8
0
370
     5
100
AcDbLine
 10
17.45314746478107
 20
-27.20133110688676
 30
0.0
 11
18.43765653800983
 21
-25.43602447269859
 31
0.0
  0
LINE
  5
7C2
330
788
100
AcDbEntity
  8
0
370
     5
100
AcDbLine
 10
-20.62927195880911
 20
-28.65331811385022
 30
0.0
 11
-23.38272882899037
 21
-29.85170157371613
 31
0.0
  0
LINE
  5
7C3
330
788
100
AcDbEntity
  8
0
370
     5
100
AcDbLine
 10
-16.38796160652418
 20
-30.82796790896009
 30
0.0
 11
-18.14242467217264
 21
-29.6298124954319
 31
0.0
  0
LINE
  5
7C4
330
788
100
AcDbEntity
  8
0
370
     5
100
AcDbLine
 10
-14.63395118873632
 20
-32.33672242279772
 30
0.0
 11
-16.38796160652418
 21
-30.82796790896009
 31
0.0
  0
LINE
  5
7C5
330
788
100
AcDbEntity
  8
0
370
     5
100
AcDbLine
 10
-12.87948812300055
 20
-32.93580012956136
 30
0.0
 11
-14.63395118873632
 21
-32.33672242279772
 31
0.0
  0
LINE
  5
7C6
330
788
100
AcDbEntity
  8
0
370
     5
100
AcDbLine
 10
-12.56897169805597
 20
-32.69179055735094
 30
0.0
 11
-12.87948812300055
 21
-32.93580012956136
 31
0.0
  0
LINE
  5
7C7
330
788
100
AcDbEntity
  8
0
370
     5
100
AcDbLine
 10
-12.47980007165461
 20
-31.20515653739767
 30
0.0
 11
-12.56897169805597
 21
-32.69179055735094
 31
0.0
  0
LINE
  5
7C8
330
788
100
AcDbEntity
  8
0
370
     5
100
AcDbLine
 10
-12.52415956094046
 20
-28.60907712602056
 30
0.0
 11
-12.47980007165461
 21
-31.20515653739767
 31
0.0
  0
LINE
  5
7C9
330
788
100
AcDbEntity
  8
0
370
     5
100
AcDbLine
 10
-15.18301303047337
 20
-30.8546493294698
 30
0.0
 11
-16.22546102848719
 21
-28.94453327623887
 31
0.0
  0
LINE
  5
7CA
330
788
100
AcDbEntity
  8
0
370
     5
100
AcDbLine
 10
-13.27148116088938
 20
-32.12806003160859
 30
0.0
 11
-15.18301303047337
 21
-30.8546493294698
 31
0.0
  0
LINE
  5
7CB
330
788
100
AcDbEntity
  8
0
370
     5
100
AcDbLine
 10
-13.38735901043401
 20
-30.79672556185779
 30
0.0
 11
-13.27148116088938
 21
-32.12806003160859
 31
0.0
  0
LINE
  5
7CC
330
788
100
AcDbEntity
  8
0
370
     5
100
AcDbLine
 10
-19.43020780477673
 20
-28.40930854163799
 30
0.0
 11
-18.75983633927535
 21
-25.38473007771245
 31
0.0
  0
LINE
  5
7CD
330
788
100
AcDbEntity
  8
0
370
     5
100
AcDbLine
 10
-12.4034563792793
 20
-24.71999403696009
 30
0.0
 11
-12.51616569387261
 21
-28.67933440422257
 31
0.0
  0
LINE
  5
7CE
330
788
100
AcDbEntity
  8
0
370
     5
100
AcDbLine
 10
-12.07030756183667
 20
-21.87990505333983
 30
0.0
 11
-12.4034563792793
 21
-24.71999403696009
 31
0.0
  0
LINE
  5
7CF
330
788
100
AcDbEntity
  8
0
370
     5
100
AcDbLine
 10
-11.60408027662197
 20
-21.03658972801259
 30
0.0
 11
-12.07030756183667
 21
-21.87990505333983
 31
0.0
  0
LINE
  5
7D0
330
788
100
AcDbEntity
  8
0
370
     5
100
AcDbLine
 10
-10.53809459036165
 20
-19.43889714578199
 30
0.0
 11
-11.60408027662197
 21
-21.03658972801259
 31
0.0
  0
LINE
  5
7D1
330
788
100
AcDbEntity
  8
0
370
     5
100
AcDbLine
 10
-20.8307002519723
 20
-26.80272215253899
 30
0.0
 11
-22.39459857295151
 21
-27.81570394676146
 31
0.0
  0
LINE
  5
7D2
330
788
100
AcDbEntity
  8
0
370
     5
100
AcDbLine
 10
-19.09298515669252
 20
-25.38473007771245
 30
0.0
 11
-20.8307002519723
 21
-26.80272215253899
 31
0.0
  0
LINE
  5
7D3
330
788
100
AcDbEntity
  8
0
370
     5
100
AcDbLine
 10
-18.42668752186
 20
-25.38473007771245
 30
0.0
 11
-19.09298515669252
 21
-25.38473007771245
 31
0.0
  0
LINE
  5
7D4
330
788
100
AcDbEntity
  8
0
370
     5
100
AcDbLine
 10
-17.44217844863306
 20
-27.15003671190061
 30
0.0
 11
-18.42668752186
 21
-25.38473007771245
 31
0.0
  0
LINE
  5
7D5
330
788
100
AcDbEntity
  8
0
370
     5
100
AcDbLine
 10
-15.29089701291923
 20
-24.49468426372914
 30
0.0
 11
-14.13211851756205
 21
-28.3201614357522
 31
0.0
  0
LINE
  5
7D6
330
788
100
AcDbEntity
  8
0
370
     5
100
AcDbLine
 10
-15.34883593770792
 20
-23.59732195841025
 30
0.0
 11
-15.29089701291923
 21
-24.49468426372914
 31
0.0
  0
LINE
  5
7D7
330
788
100
AcDbEntity
  8
0
370
     5
100
AcDbLine
 10
-14.65402148829889
 20
-22.23725365115206
 30
0.0
 11
-15.34883593770792
 21
-23.59732195841025
 31
0.0
  0
LINE
  5
7D8
330
788
100
AcDbEntity
  8
0
370
     5
100
AcDbLine
 10
-13.06070105716935
 20
-19.86397550336551
 30
0.0
 11
-14.65402148829889
 21
-22.23725365115206
 31
0.0
  0
LINE
  5
7D9
330
788
100
AcDbEntity
  8
0
370
     5
100
AcDbLine
 10
-10.39641581344767
 20
-17.02753526100332
 30
0.0
 11
-13.06070105716935
 21
-19.86397550336551
 31
0.0
  0
LINE
  5
7DA
330
788
100
AcDbEntity
  8
0
370
     5
100
AcDbLine
 10
-19.43020780477673
 20
-28.40930854163799
 30
0.0
 11
-20.62927195880911
 21
-28.65331811385022
 31
0.0
  0
LINE
  5
7DB
330
788
100
AcDbEntity
  8
0
370
     5
100
AcDbLine
 10
-18.14242467217264
 20
-29.6298124954319
 30
0.0
 11
-19.43020780477673
 21
-28.40930854163799
 31
0.0
  0
LINE
  5
7DC
330
788
100
AcDbEntity
  8
0
370
     5
100
AcDbLine
 10
-16.22546102848719
 20
-28.94453327623887
 30
0.0
 11
-17.44217844863306
 21
-27.15003671190061
 31
0.0
  0
LINE
  5
7DD
330
788
100
AcDbEntity
  8
0
370
     5
100
AcDbLine
 10
-14.1401123846299
 20
-28.24990415754837
 30
0.0
 11
-13.38735901043401
 21
-30.79672556185779
 31
0.0
  0
LINE
  5
7DE
330
788
100
AcDbEntity
  8
0
370
     5
100
AcDbLine
 10
-28.5224900500325
 20
-19.35912252336675
 30
0.0
 11
-25.4964350280643
 21
-18.69544806238264
 31
0.0
  0
LINE
  5
7DF
330
788
100
AcDbEntity
  8
0
370
     5
100
AcDbLine
 10
-28.93739828409162
 20
-26.74173488130236
 30
0.0
 11
-28.92648440843914
 21
-28.78428850685214
 31
0.0
  0
LINE
  5
7E0
330
788
100
AcDbEntity
  8
0
370
     5
100
AcDbLine
 10
-28.51871718050097
 20
-24.35094359307368
 30
0.0
 11
-28.92940441702194
 21
-26.81199215950528
 31
0.0
  0
LINE
  5
7E1
330
788
100
AcDbEntity
  8
0
370
     5
100
AcDbLine
 10
-27.9354490370024
 20
-22.32482006198461
 30
0.0
 11
-28.51871718050097
 21
-24.35094359307368
 31
0.0
  0
LINE
  5
7E2
330
788
100
AcDbEntity
  8
0
370
     5
100
AcDbLine
 10
-26.91900779918069
 20
-20.76316796119499
 30
0.0
 11
-27.9354490370024
 21
-22.32482006198461
 31
0.0
  0
LINE
  5
7E3
330
788
100
AcDbEntity
  8
0
370
     5
100
AcDbLine
 10
-25.4971725033538
 20
-19.02859606355196
 30
0.0
 11
-26.91900779918069
 21
-20.76316796119499
 31
0.0
  0
LINE
  5
7E4
330
788
100
AcDbEntity
  8
0
370
     5
100
AcDbLine
 10
-25.49569755274752
 20
-18.36230006121423
 30
0.0
 11
-25.4971725033538
 21
-19.02859606355196
 31
0.0
  0
LINE
  5
7E5
330
788
100
AcDbEntity
  8
0
370
     5
100
AcDbLine
 10
-27.25882050194196
 20
-17.37388562687465
 30
0.0
 11
-25.49569755274752
 21
-18.36230006121423
 31
0.0
  0
LINE
  5
7E6
330
788
100
AcDbEntity
  8
0
370
     5
100
AcDbLine
 10
-29.05061928145187
 20
-16.15319879822891
 30
0.0
 11
-27.25882050194196
 21
-17.37388562687465
 31
0.0
  0
LINE
  5
7E7
330
788
100
AcDbEntity
  8
0
370
     5
100
AcDbLine
 10
-30.04479988184176
 20
-28.62754887869142
 30
0.0
 11
-29.78657166636549
 21
-29.64247393417463
 31
0.0
  0
LINE
  5
7E8
330
788
100
AcDbEntity
  8
0
370
     5
100
AcDbLine
 10
-30.18572715731171
 20
-24.59981362147573
 30
0.0
 11
-30.0368060147739
 21
-28.69780615687978
 31
0.0
  0
LINE
  5
7E9
330
788
100
AcDbEntity
  8
0
370
     5
100
AcDbLine
 10
-29.44021614871053
 20
-21.20967689188455
 30
0.0
 11
-30.18572715731171
 21
-24.59981362147573
 31
0.0
  0
LINE
  5
7EA
330
788
100
AcDbEntity
  8
0
370
     5
100
AcDbLine
 10
-28.42311643029098
 20
-19.47675283641638
 30
0.0
 11
-29.44021614871053
 21
-21.20967689188455
 31
0.0
  0
LINE
  5
7EB
330
788
100
AcDbEntity
  8
0
370
     5
100
AcDbLine
 10
-29.24331433413318
 20
-18.65715432933848
 30
0.0
 11
-28.42311643029098
 21
-19.47675283641638
 31
0.0
  0
LINE
  5
7EC
330
788
100
AcDbEntity
  8
0
370
     5
100
AcDbLine
 10
-31.03263128426443
 20
-17.16687156811531
 30
0.0
 11
-29.24331433413318
 21
-18.65715432933848
 31
0.0
  0
LINE
  5
7ED
330
788
100
AcDbEntity
  8
0
370
     5
100
AcDbLine
 10
-29.46722122552456
 20
-29.9625320897012
 30
0.0
 11
-29.78657166636549
 21
-29.64247393417463
 31
0.0
  0
LINE
  5
7EE
330
788
100
AcDbEntity
  8
0
370
     5
100
AcDbLine
 10
-28.02372723259032
 20
-30.14018018014031
 30
0.0
 11
-29.46722122552456
 21
-29.9625320897012
 31
0.0
  0
LINE
  5
7EF
330
788
100
AcDbEntity
  8
0
370
     5
100
AcDbLine
 10
-25.49252045669709
 20
-30.14018018014031
 30
0.0
 11
-28.02372723259032
 21
-30.14018018014031
 31
0.0
  0
LINE
  5
7F0
330
788
100
AcDbEntity
  8
0
370
     5
100
AcDbLine
 10
-26.88395994692474
 20
-28.79972385719884
 30
0.0
 11
-28.92648440843914
 21
-28.7842885068385
 31
0.0
  0
LINE
  5
7F1
330
788
100
AcDbEntity
  8
0
370
     5
100
AcDbLine
 10
-24.42200829205103
 20
-28.39448553025341
 30
0.0
 11
-26.88395994692474
 21
-28.79972385719884
 31
0.0
  0
LINE
  5
7F2
330
788
100
AcDbEntity
  8
0
370
     5
100
AcDbLine
 10
-23.38272882899037
 20
-29.85170157371613
 30
0.0
 11
-25.49252045669709
 21
-30.14018018014031
 31
0.0
  0
LINE
  5
7F3
330
788
100
AcDbEntity
  8
0
370
     5
100
AcDbLine
 10
-22.39459857295151
 20
-27.81570394676146
 30
0.0
 11
-24.42200829205103
 21
-28.39448553025341
 31
0.0
  0
LINE
  5
7F4
330
788
100
AcDbEntity
  8
0
370
     5
100
AcDbLine
 10
-8.731577022030251
 20
-17.41498597428926
 30
0.0
 11
-10.53809459036165
 21
-19.43889714578199
 31
0.0
  0
LINE
  5
7F5
330
788
100
AcDbEntity
  8
0
370
     5
100
AcDbLine
 10
20.74304036333342
 20
11.0572823630373
 30
0.0
 11
22.45812306611333
 21
11.76513816881743
 31
0.0
  0
LINE
  5
7F6
330
788
100
AcDbEntity
  8
0
370
     5
100
AcDbLine
 10
17.61162253870861
 20
8.412401037175186
 30
0.0
 11
20.74304036333342
 21
11.0572823630373
 31
0.0
  0
LINE
  5
7F7
330
788
100
AcDbEntity
  8
0
370
     5
100
AcDbLine
 10
32.22759915544884
 20
-13.19217895016481
 30
0.0
 11
30.95842303830432
 21
-15.10652502351058
 31
0.0
  0
LINE
  5
7F8
330
788
100
AcDbEntity
  8
0
370
     5
100
AcDbLine
 10
30.89652446078253
 20
-13.31100362607503
 30
0.0
 11
32.22759915544884
 21
-13.19217895016481
 31
0.0
  0
LINE
  5
7F9
330
788
100
AcDbEntity
  8
0
370
     5
100
AcDbLine
 10
28.35137563000899
 20
-14.06939293038158
 30
0.0
 11
30.89652446078253
 21
-13.31100362607503
 31
0.0
  0
LINE
  5
7FA
330
788
100
AcDbEntity
  8
0
370
     5
100
AcDbLine
 10
24.52847296238179
 20
-15.23663685901465
 30
0.0
 11
28.35137563000899
 21
-14.06939293038158
 31
0.0
  0
LINE
  5
7FB
330
788
100
AcDbEntity
  8
0
370
     5
100
AcDbLine
 10
23.63124111230718
 20
-15.29656208904544
 30
0.0
 11
24.52847296238179
 21
-15.23663685901465
 31
0.0
  0
LINE
  5
7FC
330
788
100
AcDbEntity
  8
0
370
     5
100
AcDbLine
 10
22.2696380604757
 20
-14.6047600589809
 30
0.0
 11
23.63124111230718
 21
-15.29656208904544
 31
0.0
  0
LINE
  5
7FD
330
788
100
AcDbEntity
  8
0
370
     5
100
AcDbLine
 10
19.89283867171434
 20
-13.01669714189575
 30
0.0
 11
22.2696380604757
 21
-14.6047600589809
 31
0.0
  0
LINE
  5
7FE
330
788
100
AcDbEntity
  8
0
370
     5
100
AcDbLine
 10
33.97801084269304
 20
-13.10627863072841
 30
0.0
 11
33.23249983409187
 21
-14.4845906443079
 31
0.0
  0
LINE
  5
7FF
330
788
100
AcDbEntity
  8
0
370
     5
100
AcDbLine
 10
33.15781293890723
 20
-12.69647937718946
 30
0.0
 11
33.97801084269304
 21
-13.10627863072841
 31
0.0
  0
LINE
  5
800
330
788
100
AcDbEntity
  8
0
370
     5
100
AcDbLine
 10
32.15112412098097
 20
-12.547565124215
 30
0.0
 11
33.15781293890723
 21
-12.69647937718946
 31
0.0
  0
LINE
  5
801
330
788
100
AcDbEntity
  8
0
370
     5
100
AcDbLine
 10
27.52823163135327
 20
-12.51016552623878
 30
0.0
 11
32.15112412098097
 21
-12.547565124215
 31
0.0
  0
LINE
  5
802
330
788
100
AcDbEntity
  8
0
370
     5
100
AcDbLine
 10
22.45812306611333
 20
-11.76513816881925
 30
0.0
 11
27.52823163135327
 21
-12.51016552623878
 31
0.0
  0
LINE
  5
803
330
788
100
AcDbEntity
  8
0
370
     5
100
AcDbLine
 10
20.74304036333342
 20
-11.05728236303457
 30
0.0
 11
22.45812306611333
 21
-11.76513816881925
 31
0.0
  0
LINE
  5
804
330
788
100
AcDbEntity
  8
0
370
     5
100
AcDbLine
 10
17.61162253870861
 20
-8.412401037172458
 30
0.0
 11
20.74304036333342
 21
-11.05728236303457
 31
0.0
  0
LINE
  5
805
330
788
100
AcDbEntity
  8
0
370
     5
100
AcDbLine
 10
33.97801084269304
 20
13.10627863073114
 30
0.0
 11
33.23249983409187
 21
14.4845906443079
 31
0.0
  0
LINE
  5
806
330
788
100
AcDbEntity
  8
0
370
     5
100
AcDbLine
 10
33.15781293890723
 20
12.69647937719128
 30
0.0
 11
33.97801084269304
 21
13.10627863073114
 31
0.0
  0
LINE
  5
807
330
788
100
AcDbEntity
  8
0
370
     5
100
AcDbLine
 10
32.15112412098097
 20
12.54756512421772
 30
0.0
 11
33.15781293890723
 21
12.69647937719128
 31
0.0
  0
LINE
  5
808
330
788
100
AcDbEntity
  8
0
370
     5
100
AcDbLine
 10
28.5224900500325
 20
19.35912252338221
 30
0.0
 11
25.4964350280643
 21
18.69544806239992
 31
0.0
  0
LINE
  5
809
330
788
100
AcDbEntity
  8
0
370
     5
100
AcDbLine
 10
27.9354490370024
 20
22.32482006200098
 30
0.0
 11
28.51871718050097
 21
24.35094359307641
 31
0.0
  0
LINE
  5
80A
330
788
100
AcDbEntity
  8
0
370
     5
100
AcDbLine
 10
26.91900779918069
 20
20.7631679611959
 30
0.0
 11
27.9354490370024
 21
22.32482006200098
 31
0.0
  0
LINE
  5
80B
330
788
100
AcDbEntity
  8
0
370
     5
100
AcDbLine
 10
25.4971725033829
 20
19.02859606355196
 30
0.0
 11
26.91900779918069
 21
20.7631679611959
 31
0.0
  0
LINE
  5
80C
330
788
100
AcDbEntity
  8
0
370
     5
100
AcDbLine
 10
25.49569755277662
 20
18.36230006121423
 30
0.0
 11
25.4971725033829
 21
19.02859606355196
 31
0.0
  0
LINE
  5
80D
330
788
100
AcDbEntity
  8
0
370
     5
100
AcDbLine
 10
27.25882050194196
 20
17.37388562687647
 30
0.0
 11
25.49569755277662
 21
18.36230006121423
 31
0.0
  0
LINE
  5
80E
330
788
100
AcDbEntity
  8
0
370
     5
100
AcDbLine
 10
29.05061928145006
 20
16.15319879823164
 30
0.0
 11
27.25882050194196
 21
17.37388562687647
 31
0.0
  0
LINE
  5
80F
330
788
100
AcDbEntity
  8
0
370
     5
100
AcDbLine
 10
30.95842303830432
 20
15.10652502349603
 30
0.0
 11
29.05061928145006
 21
16.15319879823164
 31
0.0
  0
LINE
  5
810
330
788
100
AcDbEntity
  8
0
370
     5
100
AcDbLine
 10
28.35137563000899
 20
14.06939293038431
 30
0.0
 11
30.89652446078253
 21
13.31100362607776
 31
0.0
  0
LINE
  5
811
330
788
100
AcDbEntity
  8
0
370
     5
100
AcDbLine
 10
24.52847296238179
 20
15.23663685901647
 30
0.0
 11
28.35137563000899
 21
14.06939293038431
 31
0.0
  0
LINE
  5
812
330
788
100
AcDbEntity
  8
0
370
     5
100
AcDbLine
 10
23.63124111230718
 20
15.29656208904907
 30
0.0
 11
24.52847296238179
 21
15.23663685901647
 31
0.0
  0
LINE
  5
813
330
788
100
AcDbEntity
  8
0
370
     5
100
AcDbLine
 10
22.2696380604757
 20
14.60476005898181
 30
0.0
 11
23.63124111230718
 21
15.29656208904907
 31
0.0
  0
LINE
  5
814
330
788
100
AcDbEntity
  8
0
370
     5
100
AcDbLine
 10
19.89283867171434
 20
13.01669714189666
 30
0.0
 11
22.2696380604757
 21
14.60476005898181
 31
0.0
  0
LINE
  5
815
330
788
100
AcDbEntity
  8
0
370
     5
100
AcDbLine
 10
29.44021614870872
 20
21.20967689188637
 30
0.0
 11
30.18572715730988
 21
24.59981362147755
 31
0.0
  0
LINE
  5
816
330
788
100
AcDbEntity
  8
0
370
     5
100
AcDbLine
 10
28.42311643029098
 20
19.47675283641729
 30
0.0
 11
29.44021614870872
 21
21.20967689188637
 31
0.0
  0
LINE
  5
817
330
788
100
AcDbEntity
  8
0
370
     5
100
AcDbLine
 10
29.24331433413136
 20
18.65715432933939
 30
0.0
 11
28.42311643029098
 21
19.47675283641729
 31
0.0
  0
LINE
  5
818
330
788
100
AcDbEntity
  8
0
370
     5
100
AcDbLine
 10
31.03263128426624
 20
17.16687156811622
 30
0.0
 11
29.24331433413136
 21
18.65715432933939
 31
0.0
  0
LINE
  5
819
330
788
100
AcDbEntity
  8
0
370
     5
100
AcDbLine
 10
18.41869365479215
 20
25.45498735591536
 30
0.0
 11
19.08499128965195
 21
25.45498735591536
 31
0.0
  0
LINE
  5
81A
330
788
100
AcDbEntity
  8
0
370
     5
100
AcDbLine
 10
28.92940441702376
 20
26.81199215952165
 30
0.0
 11
28.91849054137129
 21
28.85454578507233
 31
0.0
  0
LINE
  5
81B
330
788
100
AcDbEntity
  8
0
370
     5
100
AcDbLine
 10
30.0368060147739
 20
28.6978061568816
 30
0.0
 11
29.77857779929763
 21
29.71273121237755
 31
0.0
  0
LINE
  5
81C
330
788
100
AcDbEntity
  8
0
370
     5
100
AcDbLine
 10
29.4592273584567
 20
30.03278936790775
 30
0.0
 11
29.77857779929763
 21
29.71273121237755
 31
0.0
  0
LINE
  5
81D
330
788
100
AcDbEntity
  8
0
370
     5
100
AcDbLine
 10
28.01573336552247
 20
30.21043745834231
 30
0.0
 11
29.4592273584567
 21
30.03278936790775
 31
0.0
  0
LINE
  5
81E
330
788
100
AcDbEntity
  8
0
370
     5
100
AcDbLine
 10
25.48452658962924
 20
30.21043745834231
 30
0.0
 11
28.01573336552247
 21
30.21043745834231
 31
0.0
  0
LINE
  5
81F
330
788
100
AcDbEntity
  8
0
370
     5
100
AcDbLine
 10
23.37473496192251
 20
29.92195885191995
 30
0.0
 11
25.48452658962924
 21
30.21043745834231
 31
0.0
  0
LINE
  5
820
330
788
100
AcDbEntity
  8
0
370
     5
100
AcDbLine
 10
20.62127809177036
 20
28.72357539205405
 30
0.0
 11
23.37473496192251
 21
29.92195885191995
 31
0.0
  0
LINE
  5
821
330
788
100
AcDbEntity
  8
0
370
     5
100
AcDbLine
 10
19.42221393770887
 20
28.47956581984272
 30
0.0
 11
20.62127809177036
 21
28.72357539205405
 31
0.0
  0
LINE
  5
822
330
788
100
AcDbEntity
  8
0
370
     5
100
AcDbLine
 10
18.13443080513389
 20
29.70006977363664
 30
0.0
 11
19.42221393770887
 21
28.47956581984272
 31
0.0
  0
LINE
  5
823
330
788
100
AcDbEntity
  8
0
370
     5
100
AcDbLine
 10
26.87596607985506
 20
28.86998113540267
 30
0.0
 11
28.91849054137129
 21
28.85454578505596
 31
0.0
  0
LINE
  5
824
330
788
100
AcDbEntity
  8
0
370
     5
100
AcDbLine
 10
24.41401442495408
 20
28.46474280844268
 30
0.0
 11
26.87596607985506
 21
28.86998113540267
 31
0.0
  0
LINE
  5
825
330
788
100
AcDbEntity
  8
0
370
     5
100
AcDbLine
 10
22.38660470588548
 20
27.88596122496711
 30
0.0
 11
24.41401442495408
 21
28.46474280844268
 31
0.0
  0
LINE
  5
826
330
788
100
AcDbEntity
  8
0
370
     5
100
AcDbLine
 10
20.82270638490445
 20
26.87297943074554
 30
0.0
 11
22.38660470588548
 21
27.88596122496711
 31
0.0
  0
LINE
  5
827
330
788
100
AcDbEntity
  8
0
370
     5
100
AcDbLine
 10
28.51871718050097
 20
24.35094359307641
 30
0.0
 11
28.92940441702376
 21
26.81199215952165
 31
0.0
  0
LINE
  5
828
330
788
100
AcDbEntity
  8
0
370
     5
100
AcDbLine
 10
30.18572715730988
 20
24.59981362147755
 30
0.0
 11
30.0368060147739
 21
28.6978061568816
 31
0.0
  0
LINE
  5
829
330
788
100
AcDbEntity
  8
0
370
     5
100
AcDbLine
 10
19.42221393770887
 20
28.47956581984272
 30
0.0
 11
18.7518424722366
 21
25.45498735591536
 31
0.0
  0
LINE
  5
82A
330
788
100
AcDbEntity
  8
0
370
     5
100
AcDbLine
 10
19.08499128965195
 20
25.45498735591536
 30
0.0
 11
20.82270638490445
 21
26.87297943074554
 31
0.0
  0
LINE
  5
82B
330
788
100
AcDbEntity
  8
0
370
     5
100
AcDbLine
 10
32.22759915544884
 20
13.19217895016481
 30
0.0
 11
30.95842303830432
 21
15.10652502349603
 31
0.0
  0
LINE
  5
82C
330
788
100
AcDbEntity
  8
0
370
     5
100
AcDbLine
 10
30.89652446078253
 20
13.31100362607776
 30
0.0
 11
32.22759915544884
 21
13.19217895016481
 31
0.0
  0
LINE
  5
82D
330
788
100
AcDbEntity
  8
0
370
     5
100
AcDbLine
 10
33.23249983409187
 20
14.4845906443079
 30
0.0
 11
31.03263128426624
 21
17.16687156811622
 31
0.0
  0
LINE
  5
82E
330
788
100
AcDbEntity
  8
0
370
     5
100
AcDbLine
 10
27.52823163135327
 20
12.51016552624151
 30
0.0
 11
32.15112412098097
 21
12.54756512421772
 31
0.0
  0
LINE
  5
82F
330
788
100
AcDbEntity
  8
0
370
     5
100
AcDbLine
 10
22.45812306611333
 20
11.76513816881743
 30
0.0
 11
27.52823163135327
 21
12.51016552624151
 31
0.0
  0
LINE
  5
830
330
788
100
AcDbEntity
  8
0
370
     5
100
AcDbLine
 10
14.91063430998474
 20
-8.661021526277181
 30
0.0
 11
17.05050758057041
 21
-10.35869731561888
 31
0.0
  0
LINE
  5
831
330
788
100
AcDbEntity
  8
0
370
     5
100
AcDbLine
 10
12.93014645832591
 20
-7.572711059968241
 30
0.0
 11
14.91063430998474
 21
-8.661021526277181
 31
0.0
  0
LINE
  5
832
330
788
100
AcDbEntity
  8
0
370
     5
100
AcDbLine
 10
10.93109641218325
 20
-7.370728345250427
 30
0.0
 11
12.93014645832591
 21
-7.572711059968241
 31
0.0
  0
LINE
  5
833
330
788
100
AcDbEntity
  8
0
370
     5
100
AcDbLine
 10
9.489027144300052
 20
-7.415564295805779
 30
0.0
 11
10.93109641218325
 21
-7.370728345250427
 31
0.0
  0
LINE
  5
834
330
788
100
AcDbEntity
  8
0
370
     5
100
AcDbLine
 10
8.356826038567305
 20
-7.954006967569512
 30
0.0
 11
9.489027144300052
 21
-7.415564295805779
 31
0.0
  0
LINE
  5
835
330
788
100
AcDbEntity
  8
0
370
     5
100
AcDbLine
 10
13.02584717268473
 20
-5.543806262415273
 30
0.0
 11
15.59824490291066
 21
-6.810375574698809
 31
0.0
  0
LINE
  5
836
330
788
100
AcDbEntity
  8
0
370
     5
100
AcDbLine
 10
10.26695852837474
 20
-5.543806262415273
 30
0.0
 11
13.02584717268473
 21
-5.543806262415273
 31
0.0
  0
LINE
  5
837
330
788
100
AcDbEntity
  8
0
370
     5
100
AcDbLine
 10
8.887740530133669
 20
-6.847547126336394
 30
0.0
 11
10.26695852837474
 21
-5.543806262415273
 31
0.0
  0
LINE
  5
838
330
788
100
AcDbEntity
  8
0
370
     5
100
AcDbLine
 10
7.916081302566453
 20
-7.898577211556585
 30
0.0
 11
8.887740530133669
 21
-6.847547126336394
 31
0.0
  0
LINE
  5
839
330
788
100
AcDbEntity
  8
0
370
     5
100
AcDbLine
 10
7.601315341133158
 20
-12.91335143623291
 30
0.0
 11
8.694007250453068
 21
-14.89142529557102
 31
0.0
  0
LINE
  5
83A
330
788
100
AcDbEntity
  8
0
370
     5
100
AcDbLine
 10
7.394907921610865
 20
-10.91475340731176
 30
0.0
 11
7.601315341133158
 21
-12.91335143623291
 31
0.0
  0
LINE
  5
83B
330
788
100
AcDbEntity
  8
0
370
     5
100
AcDbLine
 10
7.43655152383144
 20
-9.47258842154315
 30
0.0
 11
7.394907921610865
 21
-10.91475340731176
 31
0.0
  0
LINE
  5
83C
330
788
100
AcDbEntity
  8
0
370
     5
100
AcDbLine
 10
7.972486577928066
 20
-8.339198165514062
 30
0.0
 11
7.43655152383144
 21
-9.47258842154315
 31
0.0
  0
LINE
  5
83D
330
788
100
AcDbEntity
  8
0
370
     5
100
AcDbLine
 10
6.454758337640669
 20
-9.200529150853071
 30
0.0
 11
5.176028162095462
 21
-10.74064003495732
 31
0.0
  0
LINE
  5
83E
330
788
100
AcDbEntity
  8
0
370
     5
100
AcDbLine
 10
7.916081302566453
 20
-7.898577211556585
 30
0.0
 11
6.454758337640669
 21
-9.200529150853071
 31
0.0
  0
LINE
  5
83F
330
788
100
AcDbEntity
  8
0
370
     5
100
AcDbLine
 10
14.91063430998474
 20
8.661021526279
 30
0.0
 11
17.05050758057041
 21
10.35869731561979
 31
0.0
  0
LINE
  5
840
330
788
100
AcDbEntity
  8
0
370
     5
100
AcDbLine
 10
12.93014645832591
 20
7.57271105997097
 30
0.0
 11
14.91063430998474
 21
8.661021526279
 31
0.0
  0
LINE
  5
841
330
788
100
AcDbEntity
  8
0
370
     5
100
AcDbLine
 10
10.93109641218325
 20
7.370728345254065
 30
0.0
 11
12.93014645832591
 21
7.57271105997097
 31
0.0
  0
LINE
  5
842
330
788
100
AcDbEntity
  8
0
370
     5
100
AcDbLine
 10
9.489027144300052
 20
7.415564295808508
 30
0.0
 11
10.93109641218325
 21
7.370728345254065
 31
0.0
  0
LINE
  5
843
330
788
100
AcDbEntity
  8
0
370
     5
100
AcDbLine
 10
8.356826038567305
 20
7.95400696757224
 30
0.0
 11
9.489027144300052
 21
7.415564295808508
 31
0.0
  0
LINE
  5
844
330
788
100
AcDbEntity
  8
0
370
     5
100
AcDbLine
 10
13.02584717268473
 20
5.543806262417092
 30
0.0
 11
15.59824490291066
 21
6.810375574700628
 31
0.0
  0
LINE
  5
845
330
788
100
AcDbEntity
  8
0
370
     5
100
AcDbLine
 10
10.26695852837474
 20
5.543806262417092
 30
0.0
 11
13.02584717268473
 21
5.543806262417092
 31
0.0
  0
LINE
  5
846
330
788
100
AcDbEntity
  8
0
370
     5
100
AcDbLine
 10
8.887740530133669
 20
6.847547126338213
 30
0.0
 11
10.26695852837474
 21
5.543806262417092
 31
0.0
  0
LINE
  5
847
330
788
100
AcDbEntity
  8
0
370
     5
100
AcDbLine
 10
7.916081302566453
 20
7.898577211555675
 30
0.0
 11
8.887740530133669
 21
6.847547126338213
 31
0.0
  0
LINE
  5
848
330
788
100
AcDbEntity
  8
0
370
     5
100
AcDbLine
 10
7.43655152383144
 20
9.47258842154406
 30
0.0
 11
7.394907921610865
 21
10.91475340731358
 31
0.0
  0
LINE
  5
849
330
788
100
AcDbEntity
  8
0
370
     5
100
AcDbLine
 10
7.972486577928066
 20
8.339198165514972
 30
0.0
 11
7.43655152383144
 21
9.47258842154406
 31
0.0
  0
LINE
  5
84A
330
788
100
AcDbEntity
  8
0
370
     5
100
AcDbLine
 10
6.454758337640669
 20
9.200529150842157
 30
0.0
 11
5.176028162095462
 21
10.74064003495732
 31
0.0
  0
LINE
  5
84B
330
788
100
AcDbEntity
  8
0
370
     5
100
AcDbLine
 10
7.916081302566453
 20
7.898577211555675
 30
0.0
 11
6.454758337640669
 21
9.200529150842157
 31
0.0
  0
LWPOLYLINE
  5
84C
330
788
100
AcDbEntity
  8
0
370
     5
100
AcDbPolyline
 90
        2
 70
     0
 43
0.0
 10
2.819090808392502
 20
10.57131563553503
 10
0.0
 20
11.66913066421784
  0
LINE
  5
84D
330
788
100
AcDbEntity
  8
0
370
     5
100
AcDbLine
 10
-8.356826038567305
 20
7.95400696757224
 30
0.0
 11
-9.489027144300052
 21
7.415564295808508
 31
0.0
  0
LINE
  5
84E
330
788
100
AcDbEntity
  8
0
370
     5
100
AcDbLine
 10
-7.916081302566453
 20
7.898577211555675
 30
0.0
 11
-8.88774053013185
 21
6.847547126338213
 31
0.0
  0
LINE
  5
84F
330
788
100
AcDbEntity
  8
0
370
     5
100
AcDbLine
 10
-7.43655152383144
 20
9.47258842154406
 30
0.0
 11
-7.394907921609046
 21
10.91475340731358
 31
0.0
  0
LINE
  5
850
330
788
100
AcDbEntity
  8
0
370
     5
100
AcDbLine
 10
-7.972486577929885
 20
8.339198165514972
 30
0.0
 11
-7.43655152383144
 21
9.47258842154406
 31
0.0
  0
LINE
  5
851
330
788
100
AcDbEntity
  8
0
370
     5
100
AcDbLine
 10
-6.454758337642488
 20
9.200529150842157
 30
0.0
 11
-5.176028162095462
 21
10.74064003495732
 31
0.0
  0
LINE
  5
852
330
788
100
AcDbEntity
  8
0
370
     5
100
AcDbLine
 10
-7.916081302566453
 20
7.898577211555675
 30
0.0
 11
-6.454758337642488
 21
9.200529150842157
 31
0.0
  0
LWPOLYLINE
  5
853
330
788
100
AcDbEntity
  8
0
370
     5
100
AcDbPolyline
 90
        2
 70
     0
 43
0.0
 10
-2.81909080835976
 20
10.57131563553503
 10
0.0
 20
11.66913066421784
  0
LWPOLYLINE
  5
854
330
788
100
AcDbEntity
  8
0
370
     5
100
AcDbPolyline
 90
        2
 70
     0
 43
0.0
 10
2.819090808392502
 20
-10.57131563553321
 10
0.0
 20
-11.66913066421602
  0
LINE
  5
855
330
788
100
AcDbEntity
  8
0
370
     5
100
AcDbLine
 10
-8.356826038567305
 20
-7.954006967569512
 30
0.0
 11
-9.489027144300052
 21
-7.415564295805779
 31
0.0
  0
LINE
  5
856
330
788
100
AcDbEntity
  8
0
370
     5
100
AcDbLine
 10
-7.916081302566453
 20
-7.898577211556585
 30
0.0
 11
-8.88774053013185
 21
-6.847547126336394
 31
0.0
  0
LINE
  5
857
330
788
100
AcDbEntity
  8
0
370
     5
100
AcDbLine
 10
-7.601315341136796
 20
-12.91335143623291
 30
0.0
 11
-8.694007250420327
 21
-14.89142529557102
 31
0.0
  0
LINE
  5
858
330
788
100
AcDbEntity
  8
0
370
     5
100
AcDbLine
 10
-7.394907921609046
 20
-10.91475340731176
 30
0.0
 11
-7.601315341136796
 21
-12.91335143623291
 31
0.0
  0
LINE
  5
859
330
788
100
AcDbEntity
  8
0
370
     5
100
AcDbLine
 10
-7.43655152383144
 20
-9.47258842154315
 30
0.0
 11
-7.394907921609046
 21
-10.91475340731176
 31
0.0
  0
LINE
  5
85A
330
788
100
AcDbEntity
  8
0
370
     5
100
AcDbLine
 10
-7.972486577929885
 20
-8.339198165514062
 30
0.0
 11
-7.43655152383144
 21
-9.47258842154315
 31
0.0
  0
LINE
  5
85B
330
788
100
AcDbEntity
  8
0
370
     5
100
AcDbLine
 10
-6.454758337642488
 20
-9.200529150853071
 30
0.0
 11
-5.176028162095462
 21
-10.74064003495732
 31
0.0
  0
LINE
  5
85C
330
788
100
AcDbEntity
  8
0
370
     5
100
AcDbLine
 10
-7.916081302566453
 20
-7.898577211556585
 30
0.0
 11
-6.454758337642488
 21
-9.200529150853071
 31
0.0
  0
LWPOLYLINE
  5
85D
330
788
100
AcDbEntity
  8
0
370
     5
100
AcDbPolyline
 90
        2
 70
     0
 43
0.0
 10
-2.81909080835976
 20
-10.57131563553321
 10
0.0
 20
-11.66913066421602
  0
CIRCLE
  5
85E
330
788
100
AcDbEntity
  8
0
370
     5
100
AcDbCircle
 10
0.0
 20
0.0
 30
0.0
 40
7.435110079908132
  0
CIRCLE
  5
85F
330
788
100
AcDbEntity
  8
0
370
     5
100
AcDbCircle
 10
0.0
 20
0.0
 30
0.0
 40
4.052757906629405
  0
CIRCLE
  5
860
330
788
100
AcDbEntity
  8
0
370
     5
100
AcDbCircle
 10
0.0
 20
0.0
 30
0.0
 40
5.839734948390589
  0
LINE
  5
861
330
788
100
AcDbEntity
  8
0
370
     5
100
AcDbLine
 10
12.07030756183667
 20
21.87990505334255
 30
0.0
 11
12.4034563792793
 21
24.71999403696191
 31
0.0
  0
LINE
  5
862
330
788
100
AcDbEntity
  8
0
370
     5
100
AcDbLine
 10
11.60408027662197
 20
21.03658972801623
 30
0.0
 11
12.07030756183667
 21
21.87990505334255
 31
0.0
  0
LINE
  5
863
330
788
100
AcDbEntity
  8
0
370
     5
100
AcDbLine
 10
10.53809459038894
 20
19.43889714578108
 30
0.0
 11
11.60408027662197
 21
21.03658972801623
 31
0.0
  0
LINE
  5
864
330
788
100
AcDbEntity
  8
0
370
     5
100
AcDbLine
 10
8.73157702203207
 20
17.41498597429108
 30
0.0
 11
10.53809459038894
 21
19.43889714578108
 31
0.0
  0
LINE
  5
865
330
788
100
AcDbEntity
  8
0
370
     5
100
AcDbLine
 10
7.572345878754276
 20
16.14431182808948
 30
0.0
 11
8.73157702203207
 21
17.41498597429108
 31
0.0
  0
LINE
  5
866
330
788
100
AcDbEntity
  8
0
370
     5
100
AcDbLine
 10
7.157267800474073
 20
15.97601363714966
 30
0.0
 11
7.572345878754276
 21
16.14431182808948
 31
0.0
  0
LINE
  5
867
330
788
100
AcDbEntity
  8
0
370
     5
100
AcDbLine
 10
15.34883593770792
 20
23.59732195841298
 30
0.0
 11
15.29089701291923
 21
24.49468426372914
 31
0.0
  0
LINE
  5
868
330
788
100
AcDbEntity
  8
0
370
     5
100
AcDbLine
 10
14.65402148829889
 20
22.23725365115479
 30
0.0
 11
15.34883593770792
 21
23.59732195841298
 31
0.0
  0
LINE
  5
869
330
788
100
AcDbEntity
  8
0
370
     5
100
AcDbLine
 10
13.06070105716935
 20
19.86397550336551
 30
0.0
 11
14.65402148829889
 21
22.23725365115479
 31
0.0
  0
LINE
  5
86A
330
788
100
AcDbEntity
  8
0
370
     5
100
AcDbLine
 10
10.39641581344767
 20
17.02753526100514
 30
0.0
 11
13.06070105716935
 21
19.86397550336551
 31
0.0
  0
LINE
  5
86B
330
788
100
AcDbEntity
  8
0
370
     5
100
AcDbLine
 10
8.694007250453068
 20
14.89142529557375
 30
0.0
 11
10.39641581344767
 21
17.02753526100514
 31
0.0
  0
LINE
  5
86C
330
788
100
AcDbEntity
  8
0
370
     5
100
AcDbLine
 10
7.601315341133158
 20
12.91335143623382
 30
0.0
 11
8.694007250453068
 21
14.89142529557375
 31
0.0
  0
LINE
  5
86D
330
788
100
AcDbEntity
  8
0
370
     5
100
AcDbLine
 10
14.62595732166664
 20
32.40697970100246
 30
0.0
 11
16.37996773945633
 21
30.89822518715209
 31
0.0
  0
LINE
  5
86E
330
788
100
AcDbEntity
  8
0
370
     5
100
AcDbLine
 10
12.87149425593088
 20
33.00605740776609
 30
0.0
 11
14.62595732166664
 21
32.40697970100246
 31
0.0
  0
LINE
  5
86F
330
788
100
AcDbEntity
  8
0
370
     5
100
AcDbLine
 10
12.56097783098812
 20
32.76204783555386
 30
0.0
 11
12.87149425593088
 21
33.00605740776609
 31
0.0
  0
LINE
  5
870
330
788
100
AcDbEntity
  8
0
370
     5
100
AcDbLine
 10
12.47180620461586
 20
31.27541381560332
 30
0.0
 11
12.56097783098812
 21
32.76204783555386
 31
0.0
  0
LINE
  5
871
330
788
100
AcDbEntity
  8
0
370
     5
100
AcDbLine
 10
12.51616569387261
 20
28.67933440422348
 30
0.0
 11
12.47180620461586
 21
31.27541381560332
 31
0.0
  0
LINE
  5
872
330
788
100
AcDbEntity
  8
0
370
     5
100
AcDbLine
 10
16.21746716141933
 20
29.01479055444452
 30
0.0
 11
17.4341845815652
 21
27.22029399008807
 31
0.0
  0
LINE
  5
873
330
788
100
AcDbEntity
  8
0
370
     5
100
AcDbLine
 10
15.17501916343462
 20
30.92490660767453
 30
0.0
 11
16.21746716141933
 21
29.01479055444452
 31
0.0
  0
LINE
  5
874
330
788
100
AcDbEntity
  8
0
370
     5
100
AcDbLine
 10
13.26348729382152
 20
32.19831730981332
 30
0.0
 11
15.17501916343462
 21
30.92490660767453
 31
0.0
  0
LINE
  5
875
330
788
100
AcDbEntity
  8
0
370
     5
100
AcDbLine
 10
13.37936514339526
 20
30.86698284005979
 30
0.0
 11
13.26348729382152
 21
32.19831730981332
 31
0.0
  0
LINE
  5
876
330
788
100
AcDbEntity
  8
0
370
     5
100
AcDbLine
 10
14.13211851756386
 20
28.32016143575402
 30
0.0
 11
13.37936514339526
 21
30.86698284005979
 31
0.0
  0
LINE
  5
877
330
788
100
AcDbEntity
  8
0
370
     5
100
AcDbLine
 10
12.4034563792793
 20
24.71999403696191
 30
0.0
 11
12.51616569387261
 21
28.67933440422348
 31
0.0
  0
LINE
  5
878
330
788
100
AcDbEntity
  8
0
370
     5
100
AcDbLine
 10
15.29089701291923
 20
24.49468426372914
 30
0.0
 11
14.13211851756386
 21
28.32016143575402
 31
0.0
  0
LWPOLYLINE
  5
879
330
788
100
AcDbEntity
  8
0
370
     5
100
AcDbPolyline
 90
        3
 70
     0
 43
0.0
 10
0.2181762635282212
 20
12.47094155760896
 10
0.0434541935974267
 20
19.96978900011072
 10
-0.2181762636173516
 20
26.11700584951996
  0
LINE
  5
87A
330
788
100
AcDbEntity
  8
0
370
     5
100
AcDbLine
 10
-7.572345878754276
 20
16.14431182808948
 30
0.0
 11
-8.731577022030251
 21
17.41498597429108
 31
0.0
  0
LINE
  5
87B
330
788
100
AcDbEntity
  8
0
370
     5
100
AcDbLine
 10
-7.157267800474073
 20
15.97601363714966
 30
0.0
 11
-7.572345878754276
 21
16.14431182808948
 31
0.0
  0
LINE
  5
87C
330
788
100
AcDbEntity
  8
0
370
     5
100
AcDbLine
 10
-7.601315341136796
 20
12.91335143623382
 30
0.0
 11
-8.694007250420327
 21
14.89142529557375
 31
0.0
  0
LINE
  5
87D
330
788
100
AcDbEntity
  8
0
370
     5
100
AcDbLine
 10
7.394907921610865
 20
10.91475340731358
 30
0.0
 11
7.601315341133158
 21
12.91335143623382
 31
0.0
  0
LWPOLYLINE
  5
87E
330
788
100
AcDbEntity
  8
0
370
     5
100
AcDbPolyline
 90
       20
 70
     0
 43
0.0
 10
0.0
 20
30.00610794738259
 10
1.002162339398637
 20
28.88024322022193
 10
3.155860808590659
 20
26.10286697711945
 10
4.207361763576045
 20
23.72594008805754
 10
4.784940419893246
 20
22.53804675936499
 10
5.235777678230078
 20
20.23614711260598
 10
5.410952396108768
 20
18.20949938516514
 10
5.21088204649277
 20
14.48139799569708
 10
4.534626159002073
 20
11.85430428352447
 10
4.033997637134234
 20
10.8034667986667
 10
3.232810943067306
 20
10.50312978311649
 10
3.35774174958351
 20
11.35374259097534
 10
3.683195553574478
 20
13.75575457624018
 10
3.833474639686755
 20
15.05675888421047
 10
3.983753725799033
 20
17.58396830420042
 10
3.657847273980223
 20
21.22062311565878
 10
2.456067232822533
 20
23.79777468176417
 10
1.404566277838966
 20
25.44905815133916
 10
0.5531356724095531
 20
26.64995012081817
 10
0.0
 20
27.10034162095872
  0
LWPOLYLINE
  5
87F
330
788
100
AcDbEntity
  8
0
370
     5
100
AcDbPolyline
 90
       12
 70
     0
 43
0.0
 10
0.0
 20
30.50735377894398
 10
1.049237715780691
 20
30.22366414543831
 10
2.667001130814242
 20
28.49416078491868
 10
4.170697287743678
 20
26.53752328052269
 10
5.561231482221046
 20
24.0990238826198
 10
6.350196684390539
 20
21.55106224665542
 10
7.027810515486635
 20
18.80264788733893
 10
7.098423580027883
 20
16.79720846853161
 10
7.157267800474073
 20
15.97601363714966
 10
6.188601402041967
 20
13.74686076938997
 10
5.308201334208206
 20
11.19525039219479
 10
5.043854989984538
 20
10.28602967772258
  0
LINE
  5
880
330
788
100
AcDbEntity
  8
0
370
     5
100
AcDbLine
 10
-7.394907921609046
 20
10.91475340731358
 30
0.0
 11
-7.601315341136796
 21
12.91335143623382
 31
0.0
  0
LWPOLYLINE
  5
881
330
788
100
AcDbEntity
  8
0
370
     5
100
AcDbPolyline
 90
       20
 70
     0
 43
0.0
 10
0.0
 20
30.00610794738259
 10
-1.002162339398637
 20
28.88024322022193
 10
-3.155860808590659
 20
26.10286697711945
 10
-4.207361763576045
 20
23.72594008805754
 10
-4.784940419893246
 20
22.53804675936499
 10
-5.235777678230078
 20
20.23614711260598
 10
-5.410952396108768
 20
18.20949938516514
 10
-5.21088204649277
 20
14.48139799569708
 10
-4.534626159002073
 20
11.85430428352447
 10
-4.033997637161519
 20
10.8034667986667
 10
-3.232810943070944
 20
10.50312978311649
 10
-3.357741749585329
 20
11.35374259097534
 10
-3.683195553574478
 20
13.75575457624018
 10
-3.833474639686755
 20
15.05675888421047
 10
-3.983753725800852
 20
17.58396830420042
 10
-3.657847273980223
 20
21.22062311565878
 10
-2.456067232793429
 20
23.79777468176417
 10
-1.404566277837147
 20
25.44905815133916
 10
-0.5531356724077341
 20
26.64995012081817
 10
0.0
 20
27.10034162095872
  0
LWPOLYLINE
  5
882
330
788
100
AcDbEntity
  8
0
370
     5
100
AcDbPolyline
 90
       12
 70
     0
 43
0.0
 10
0.0
 20
30.50735377894398
 10
-1.049237715778872
 20
30.22366414543831
 10
-2.667001130816061
 20
28.49416078491868
 10
-4.170697287743678
 20
26.53752328052269
 10
-5.561231482221046
 20
24.0990238826198
 10
-6.350196684390539
 20
21.55106224665542
 10
-7.027810515486635
 20
18.80264788733893
 10
-7.098423580026064
 20
16.79720846853161
 10
-7.157267800474073
 20
15.97601363714966
 10
-6.188601402041967
 20
13.74686076938997
 10
-5.308201334206387
 20
11.19525039219479
 10
-5.043854989984538
 20
10.28602967772258
  0
LWPOLYLINE
  5
883
330
788
100
AcDbEntity
  8
0
370
     5
100
AcDbPolyline
 90
        3
 70
     0
 43
0.0
 10
10.54850549093498
 20
10.88784394045069
 10
20.15369286295209
 20
20.83499677301734
 10
23.8210457417299
 20
23.53985428341639
  0
LWPOLYLINE
  5
884
330
788
100
AcDbEntity
  8
0
370
     5
100
AcDbPolyline
 90
       16
 70
     0
 43
0.0
 10
9.442234146063128
 20
9.518881826370488
 10
10.4032055311236
 20
8.767241125373402
 10
14.37383246925492
 20
10.93892631816561
 10
19.84906086005685
 20
15.86700749177635
 10
22.27299009551462
 20
17.83003029338033
 10
24.23748176349909
 20
20.87878166823157
 10
25.32428925079876
 20
24.51224383108002
 10
25.4075764551817
 20
26.01575327933733
 10
23.61056449159514
 20
25.89055584465859
 10
20.01608791659237
 20
24.34531391810924
 10
17.75918573772651
 20
22.84180446980463
 10
15.37690010431288
 20
19.50046965465208
 10
12.20067014254164
 20
15.07363431256363
 10
9.901671713596442
 20
12.60936567945555
 10
9.525521350442431
 20
10.81350083713278
 10
9.442234146063128
 20
9.518881826370488
  0
LINE
  5
885
330
788
100
AcDbEntity
  8
0
370
     5
100
AcDbLine
 10
17.05050758057041
 20
10.35869731561979
 30
0.0
 11
19.89283867171434
 21
13.01669714189666
 31
0.0
  0
LWPOLYLINE
  5
886
330
788
100
AcDbEntity
  8
0
370
     5
100
AcDbPolyline
 90
       20
 70
     0
 43
0.0
 10
30.00603442857392
 20
-0.0664230593383763
 10
28.88239089786657
 20
0.9382290965304491
 10
26.1097889970697
 20
3.098070431370615
 10
23.73519558823318
 20
4.15483049730119
 10
22.54858372776653
 20
4.735037320047922
 10
20.24768771743402
 20
5.19096907689618
 10
18.22143273125402
 20
5.370629656900746
 10
14.49289759012754
 20
5.178812513900084
 10
11.86431331999483
 20
4.508373752702937
 10
10.81237019284344
 20
4.010072645193758
 10
10.51026036520488
 20
3.209552755535696
 10
11.36114764219565
 20
3.332600295834708
 10
13.76387418343802
 20
3.652736085497053
 10
15.06520796928089
 20
3.800134833568336
 10
17.59274386276775
 20
3.94481919109512
 10
21.22866832072032
 20
3.610863252194576
 10
23.80315325054107
 20
2.40338124068694
 10
25.45210501781549
 20
1.348227496244362
 10
26.65110927450587
 20
0.4941406208972694
 10
27.10027522163
 20
-0.0599907059786347
  0
LINE
  5
887
330
788
100
AcDbEntity
  8
0
370
     5
100
AcDbLine
 10
15.59824490291066
 20
6.810375574700628
 30
0.0
 11
17.61162253870861
 21
8.412401037175186
 31
0.0
  0
LINE
  5
888
330
788
100
AcDbEntity
  8
0
370
     5
100
AcDbLine
 10
16.37996773945633
 20
30.89822518715209
 30
0.0
 11
18.13443080513389
 21
29.70006977363664
 31
0.0
  0
LINE
  5
889
330
788
100
AcDbEntity
  8
0
370
     5
100
AcDbLine
 10
17.4341845815652
 20
27.22029399008807
 30
0.0
 11
18.41869365479215
 21
25.45498735591536
 31
0.0
  0
LINE
  5
88A
330
788
100
AcDbEntity
  8
0
370
     5
100
AcDbLine
 10
17.05050758057041
 20
-10.35869731561888
 30
0.0
 11
19.89283867171434
 21
-13.01669714189575
 31
0.0
  0
LWPOLYLINE
  5
88B
330
788
100
AcDbEntity
  8
0
370
     5
100
AcDbPolyline
 90
       20
 70
     0
 43
0.0
 10
30.00603442857392
 20
0.0664230593411048
 10
28.88239089786657
 20
-0.9382290965304491
 10
26.1097889970697
 20
-3.098070431370615
 10
23.73519558823318
 20
-4.154830497293914
 10
22.54858372776653
 20
-4.735037320046103
 10
20.24768771743402
 20
-5.190969076895271
 10
18.22143273125402
 20
-5.370629656898017
 10
14.49289759012754
 20
-5.178812513897355
 10
11.86431331999483
 20
-4.508373752700208
 10
10.81237019284344
 20
-4.010072645193758
 10
10.51026036520488
 20
-3.209552755535696
 10
11.36114764219565
 20
-3.332600295833799
 10
13.76387418343802
 20
-3.652736085495234
 10
15.06520796928089
 20
-3.800134833566517
 10
17.59274386276775
 20
-3.944819191091482
 10
21.22866832072032
 20
-3.610863252192757
 10
23.80315325054107
 20
-2.403381240683302
 10
25.45210501781549
 20
-1.348227496243453
 10
26.65110927450587
 20
-0.494140620894541
 10
27.10027522163
 20
0.0599907059813631
  0
LINE
  5
88C
330
788
100
AcDbEntity
  8
0
370
     5
100
AcDbLine
 10
15.59824490291066
 20
-6.810375574698809
 30
0.0
 11
17.61162253870861
 21
-8.412401037172458
 31
0.0
  0
LINE
  5
88D
330
788
100
AcDbEntity
  8
0
370
     5
100
AcDbLine
 10
-14.91063430995564
 20
8.661021526279
 30
0.0
 11
-17.0505075805413
 21
10.35869731561979
 31
0.0
  0
LINE
  5
88E
330
788
100
AcDbEntity
  8
0
370
     5
100
AcDbLine
 10
-12.93014645832591
 20
7.57271105997097
 30
0.0
 11
-14.91063430995564
 21
8.661021526279
 31
0.0
  0
LINE
  5
88F
330
788
100
AcDbEntity
  8
0
370
     5
100
AcDbLine
 10
-10.93109641218325
 20
7.370728345254065
 30
0.0
 11
-12.93014645832591
 21
7.57271105997097
 31
0.0
  0
LINE
  5
890
330
788
100
AcDbEntity
  8
0
370
     5
100
AcDbLine
 10
-20.74304036333342
 20
11.0572823630373
 30
0.0
 11
-22.45812306611151
 21
11.76513816881743
 31
0.0
  0
LINE
  5
891
330
788
100
AcDbEntity
  8
0
370
     5
100
AcDbLine
 10
-17.61162253871043
 20
8.412401037175186
 30
0.0
 11
-20.74304036333342
 21
11.0572823630373
 31
0.0
  0
LINE
  5
892
330
788
100
AcDbEntity
  8
0
370
     5
100
AcDbLine
 10
-15.59824490291066
 20
6.810375574700628
 30
0.0
 11
-17.61162253871043
 21
8.412401037175186
 31
0.0
  0
LINE
  5
893
330
788
100
AcDbEntity
  8
0
370
     5
100
AcDbLine
 10
-13.02584717268473
 20
5.543806262417092
 30
0.0
 11
-15.59824490291066
 21
6.810375574700628
 31
0.0
  0
LINE
  5
894
330
788
100
AcDbEntity
  8
0
370
     5
100
AcDbLine
 10
-10.26695852837292
 20
5.543806262417092
 30
0.0
 11
-13.02584717268473
 21
5.543806262417092
 31
0.0
  0
LINE
  5
895
330
788
100
AcDbEntity
  8
0
370
     5
100
AcDbLine
 10
-22.2696380604757
 20
-14.6047600589809
 30
0.0
 11
-23.63124111230718
 21
-15.29656208904544
 31
0.0
  0
LINE
  5
896
330
788
100
AcDbEntity
  8
0
370
     5
100
AcDbLine
 10
-19.89283867171616
 20
-13.01669714189575
 30
0.0
 11
-22.2696380604757
 21
-14.6047600589809
 31
0.0
  0
LINE
  5
897
330
788
100
AcDbEntity
  8
0
370
     5
100
AcDbLine
 10
-17.0505075805413
 20
-10.35869731561888
 30
0.0
 11
-19.89283867171616
 21
-13.01669714189575
 31
0.0
  0
LINE
  5
898
330
788
100
AcDbEntity
  8
0
370
     5
100
AcDbLine
 10
-14.91063430995564
 20
-8.661021526277181
 30
0.0
 11
-17.0505075805413
 21
-10.35869731561888
 31
0.0
  0
LINE
  5
899
330
788
100
AcDbEntity
  8
0
370
     5
100
AcDbLine
 10
-12.93014645832591
 20
-7.572711059968241
 30
0.0
 11
-14.91063430995564
 21
-8.661021526277181
 31
0.0
  0
LINE
  5
89A
330
788
100
AcDbEntity
  8
0
370
     5
100
AcDbLine
 10
-10.93109641218325
 20
-7.370728345250427
 30
0.0
 11
-12.93014645832591
 21
-7.572711059968241
 31
0.0
  0
LINE
  5
89B
330
788
100
AcDbEntity
  8
0
370
     5
100
AcDbLine
 10
-20.74304036333342
 20
-11.05728236303457
 30
0.0
 11
-22.45812306611151
 21
-11.76513816881925
 31
0.0
  0
LINE
  5
89C
330
788
100
AcDbEntity
  8
0
370
     5
100
AcDbLine
 10
-17.61162253871043
 20
-8.412401037172458
 30
0.0
 11
-20.74304036333342
 21
-11.05728236303457
 31
0.0
  0
LINE
  5
89D
330
788
100
AcDbEntity
  8
0
370
     5
100
AcDbLine
 10
-15.59824490291066
 20
-6.810375574698809
 30
0.0
 11
-17.61162253871043
 21
-8.412401037172458
 31
0.0
  0
LINE
  5
89E
330
788
100
AcDbEntity
  8
0
370
     5
100
AcDbLine
 10
-13.02584717268473
 20
-5.543806262415273
 30
0.0
 11
-15.59824490291066
 21
-6.810375574698809
 31
0.0
  0
LINE
  5
89F
330
788
100
AcDbEntity
  8
0
370
     5
100
AcDbLine
 10
-10.26695852837292
 20
-5.543806262415273
 30
0.0
 11
-13.02584717268473
 21
-5.543806262415273
 31
0.0
  0
LINE
  5
8A0
330
788
100
AcDbEntity
  8
0
370
     5
100
AcDbLine
 10
-32.22759915545066
 20
-13.19217895016481
 30
0.0
 11
-30.95842303830068
 21
-15.10652502349603
 31
0.0
  0
LINE
  5
8A1
330
788
100
AcDbEntity
  8
0
370
     5
100
AcDbLine
 10
-30.89652446078071
 20
-13.31100362607503
 30
0.0
 11
-32.22759915545066
 21
-13.19217895016481
 31
0.0
  0
LINE
  5
8A2
330
788
100
AcDbEntity
  8
0
370
     5
100
AcDbLine
 10
-28.35137562997989
 20
-14.06939293036612
 30
0.0
 11
-30.89652446078071
 21
-13.31100362607503
 31
0.0
  0
LINE
  5
8A3
330
788
100
AcDbEntity
  8
0
370
     5
100
AcDbLine
 10
-24.5284729623836
 20
-15.2366368590001
 30
0.0
 11
-28.35137562997989
 21
-14.06939293036612
 31
0.0
  0
LINE
  5
8A4
330
788
100
AcDbEntity
  8
0
370
     5
100
AcDbLine
 10
-33.97801084266394
 20
-13.10627863072841
 30
0.0
 11
-33.23249983409187
 21
-14.4845906443079
 31
0.0
  0
LINE
  5
8A5
330
788
100
AcDbEntity
  8
0
370
     5
100
AcDbLine
 10
-33.15781293890905
 20
-12.69647937718946
 30
0.0
 11
-33.97801084266394
 21
-13.10627863072841
 31
0.0
  0
LINE
  5
8A6
330
788
100
AcDbEntity
  8
0
370
     5
100
AcDbLine
 10
-32.15112412098097
 20
-12.547565124215
 30
0.0
 11
-33.15781293890905
 21
-12.69647937718946
 31
0.0
  0
LINE
  5
8A7
330
788
100
AcDbEntity
  8
0
370
     5
100
AcDbLine
 10
-27.52823163135327
 20
-12.51016552623878
 30
0.0
 11
-32.15112412098097
 21
-12.547565124215
 31
0.0
  0
LWPOLYLINE
  5
8A8
330
788
100
AcDbEntity
  8
0
370
     5
100
AcDbPolyline
 90
       20
 70
     0
 43
0.0
 10
-30.00603442857392
 20
-0.0664230593383763
 10
-28.88239089786657
 20
0.9382290965304491
 10
-26.1097889970697
 20
3.098070431370615
 10
-23.73519558823318
 20
4.15483049730119
 10
-22.54858372773743
 20
4.735037320047922
 10
-20.24768771740491
 20
5.19096907689618
 10
-18.22143273125584
 20
5.370629656900746
 10
-14.49289759012754
 20
5.178812513900084
 10
-11.86431331996573
 20
4.508373752702937
 10
-10.81237019284162
 20
4.010072645193758
 10
-10.51026036520307
 20
3.209552755535696
 10
-11.36114764219382
 20
3.332600295834708
 10
-13.76387418343802
 20
3.652736085497053
 10
-15.0652079692536
 20
3.800134833568336
 10
-17.59274386276775
 20
3.94481919109512
 10
-21.2286683207185
 20
3.610863252194576
 10
-23.80315325054289
 20
2.40338124068694
 10
-25.45210501781549
 20
1.348227496244362
 10
-26.65110927450587
 20
0.494140620883627
 10
-27.10027522163
 20
-0.0599907059786347
  0
LINE
  5
8A9
330
788
100
AcDbEntity
  8
0
370
     5
100
AcDbLine
 10
-23.63124111230718
 20
-15.29656208904544
 30
0.0
 11
-24.5284729623836
 21
-15.2366368590001
 31
0.0
  0
LWPOLYLINE
  5
8AA
330
788
100
AcDbEntity
  8
0
370
     5
100
AcDbPolyline
 90
       20
 70
     0
 43
0.0
 10
-30.00603442857392
 20
0.0664230593411048
 10
-28.88239089786657
 20
-0.9382290965304491
 10
-26.1097889970697
 20
-3.098070431370615
 10
-23.73519558823318
 20
-4.154830497293914
 10
-22.54858372773743
 20
-4.735037320046103
 10
-20.24768771740491
 20
-5.190969076895271
 10
-18.22143273125584
 20
-5.370629656898017
 10
-14.49289759012754
 20
-5.178812513897355
 10
-11.86431331996573
 20
-4.508373752700208
 10
-10.81237019284162
 20
-4.010072645193758
 10
-10.51026036520307
 20
-3.209552755535696
 10
-11.36114764219382
 20
-3.332600295833799
 10
-13.76387418343802
 20
-3.652736085495234
 10
-15.0652079692536
 20
-3.800134833566517
 10
-17.59274386276775
 20
-3.944819191091482
 10
-21.2286683207185
 20
-3.610863252192757
 10
-23.80315325054289
 20
-2.403381240683302
 10
-25.45210501781549
 20
-1.348227496243453
 10
-26.65110927450587
 20
-0.4941406208808985
 10
-27.10027522163
 20
0.0599907059813631
  0
LINE
  5
8AB
330
788
100
AcDbEntity
  8
0
370
     5
100
AcDbLine
 10
-22.45812306611151
 20
-11.76513816881925
 30
0.0
 11
-27.52823163135327
 21
-12.51016552623878
 31
0.0
  0
LINE
  5
8AC
330
788
100
AcDbEntity
  8
0
370
     5
100
AcDbLine
 10
-22.2696380604757
 20
14.60476005898181
 30
0.0
 11
-23.63124111230718
 21
15.29656208904907
 31
0.0
  0
LINE
  5
8AD
330
788
100
AcDbEntity
  8
0
370
     5
100
AcDbLine
 10
-19.89283867171616
 20
13.01669714189666
 30
0.0
 11
-22.2696380604757
 21
14.60476005898181
 31
0.0
  0
LINE
  5
8AE
330
788
100
AcDbEntity
  8
0
370
     5
100
AcDbLine
 10
-12.07030756183667
 20
21.87990505334255
 30
0.0
 11
-12.4034563792793
 21
24.71999403696191
 31
0.0
  0
LINE
  5
8AF
330
788
100
AcDbEntity
  8
0
370
     5
100
AcDbLine
 10
-11.60408027662197
 20
21.03658972801623
 30
0.0
 11
-12.07030756183667
 21
21.87990505334255
 31
0.0
  0
LINE
  5
8B0
330
788
100
AcDbEntity
  8
0
370
     5
100
AcDbLine
 10
-10.53809459036165
 20
19.43889714578108
 30
0.0
 11
-11.60408027662197
 21
21.03658972801623
 31
0.0
  0
LINE
  5
8B1
330
788
100
AcDbEntity
  8
0
370
     5
100
AcDbLine
 10
-18.41869365479215
 20
25.45498735591536
 30
0.0
 11
-19.08499128965195
 21
25.45498735591536
 31
0.0
  0
LINE
  5
8B2
330
788
100
AcDbEntity
  8
0
370
     5
100
AcDbLine
 10
-15.34883593770792
 20
23.59732195841298
 30
0.0
 11
-15.29089701291923
 21
24.49468426372914
 31
0.0
  0
LINE
  5
8B3
330
788
100
AcDbEntity
  8
0
370
     5
100
AcDbLine
 10
-14.65402148829889
 20
22.23725365115479
 30
0.0
 11
-15.34883593770792
 21
23.59732195841298
 31
0.0
  0
LINE
  5
8B4
330
788
100
AcDbEntity
  8
0
370
     5
100
AcDbLine
 10
-13.06070105716935
 20
19.86397550336551
 30
0.0
 11
-14.65402148829889
 21
22.23725365115479
 31
0.0
  0
LINE
  5
8B5
330
788
100
AcDbEntity
  8
0
370
     5
100
AcDbLine
 10
-10.39641581344767
 20
17.02753526100514
 30
0.0
 11
-13.06070105716935
 21
19.86397550336551
 31
0.0
  0
LINE
  5
8B6
330
788
100
AcDbEntity
  8
0
370
     5
100
AcDbLine
 10
-20.62127809177036
 20
28.72357539205405
 30
0.0
 11
-23.37473496192069
 21
29.92195885191995
 31
0.0
  0
LINE
  5
8B7
330
788
100
AcDbEntity
  8
0
370
     5
100
AcDbLine
 10
-19.42221393771069
 20
28.47956581984272
 30
0.0
 11
-20.62127809177036
 21
28.72357539205405
 31
0.0
  0
LINE
  5
8B8
330
788
100
AcDbEntity
  8
0
370
     5
100
AcDbLine
 10
-18.13443080513389
 20
29.70006977363664
 30
0.0
 11
-19.42221393771069
 21
28.47956581984272
 31
0.0
  0
LINE
  5
8B9
330
788
100
AcDbEntity
  8
0
370
     5
100
AcDbLine
 10
-16.37996773948543
 20
30.89822518715209
 30
0.0
 11
-18.13443080513389
 21
29.70006977363664
 31
0.0
  0
LINE
  5
8BA
330
788
100
AcDbEntity
  8
0
370
     5
100
AcDbLine
 10
-14.62595732166664
 20
32.40697970100246
 30
0.0
 11
-16.37996773948543
 21
30.89822518715209
 31
0.0
  0
LINE
  5
8BB
330
788
100
AcDbEntity
  8
0
370
     5
100
AcDbLine
 10
-12.87149425593088
 20
33.00605740776609
 30
0.0
 11
-14.62595732166664
 21
32.40697970100246
 31
0.0
  0
LINE
  5
8BC
330
788
100
AcDbEntity
  8
0
370
     5
100
AcDbLine
 10
-12.56097783098812
 20
32.76204783555386
 30
0.0
 11
-12.87149425593088
 21
33.00605740776609
 31
0.0
  0
LINE
  5
8BD
330
788
100
AcDbEntity
  8
0
370
     5
100
AcDbLine
 10
-12.47180620461586
 20
31.27541381560332
 30
0.0
 11
-12.56097783098812
 21
32.76204783555386
 31
0.0
  0
LINE
  5
8BE
330
788
100
AcDbEntity
  8
0
370
     5
100
AcDbLine
 10
-12.51616569387261
 20
28.67933440422348
 30
0.0
 11
-12.47180620461586
 21
31.27541381560332
 31
0.0
  0
LINE
  5
8BF
330
788
100
AcDbEntity
  8
0
370
     5
100
AcDbLine
 10
-20.82270638490445
 20
26.87297943074554
 30
0.0
 11
-22.38660470588365
 21
27.88596122496711
 31
0.0
  0
LINE
  5
8C0
330
788
100
AcDbEntity
  8
0
370
     5
100
AcDbLine
 10
-16.21746716144844
 20
29.01479055444452
 30
0.0
 11
-17.4341845815652
 21
27.22029399008807
 31
0.0
  0
LINE
  5
8C1
330
788
100
AcDbEntity
  8
0
370
     5
100
AcDbLine
 10
-15.17501916343462
 20
30.92490660767453
 30
0.0
 11
-16.21746716144844
 21
29.01479055444452
 31
0.0
  0
LINE
  5
8C2
330
788
100
AcDbEntity
  8
0
370
     5
100
AcDbLine
 10
-13.26348729382152
 20
32.19831730981332
 30
0.0
 11
-15.17501916343462
 21
30.92490660767453
 31
0.0
  0
LINE
  5
8C3
330
788
100
AcDbEntity
  8
0
370
     5
100
AcDbLine
 10
-13.37936514339526
 20
30.86698284005979
 30
0.0
 11
-13.26348729382152
 21
32.19831730981332
 31
0.0
  0
LINE
  5
8C4
330
788
100
AcDbEntity
  8
0
370
     5
100
AcDbLine
 10
-14.13211851756205
 20
28.32016143575402
 30
0.0
 11
-13.37936514339526
 21
30.86698284005979
 31
0.0
  0
LINE
  5
8C5
330
788
100
AcDbEntity
  8
0
370
     5
100
AcDbLine
 10
-19.42221393771069
 20
28.47956581984272
 30
0.0
 11
-18.7518424722366
 21
25.45498735591536
 31
0.0
  0
LINE
  5
8C6
330
788
100
AcDbEntity
  8
0
370
     5
100
AcDbLine
 10
-12.4034563792793
 20
24.71999403696191
 30
0.0
 11
-12.51616569387261
 21
28.67933440422348
 31
0.0
  0
LINE
  5
8C7
330
788
100
AcDbEntity
  8
0
370
     5
100
AcDbLine
 10
-19.08499128965195
 20
25.45498735591536
 30
0.0
 11
-20.82270638490445
 21
26.87297943074554
 31
0.0
  0
LINE
  5
8C8
330
788
100
AcDbEntity
  8
0
370
     5
100
AcDbLine
 10
-17.4341845815652
 20
27.22029399008807
 30
0.0
 11
-18.41869365479215
 21
25.45498735591536
 31
0.0
  0
LINE
  5
8C9
330
788
100
AcDbEntity
  8
0
370
     5
100
AcDbLine
 10
-15.29089701291923
 20
24.49468426372914
 30
0.0
 11
-14.13211851756205
 21
28.32016143575402
 31
0.0
  0
LINE
  5
8CA
330
788
100
AcDbEntity
  8
0
370
     5
100
AcDbLine
 10
-28.5224900500325
 20
19.35912252336766
 30
0.0
 11
-25.4964350280643
 21
18.69544806238264
 31
0.0
  0
LINE
  5
8CB
330
788
100
AcDbEntity
  8
0
370
     5
100
AcDbLine
 10
-27.9354490370024
 20
22.32482006198643
 30
0.0
 11
-28.51871718050097
 21
24.35094359307641
 31
0.0
  0
LINE
  5
8CC
330
788
100
AcDbEntity
  8
0
370
     5
100
AcDbLine
 10
-26.91900779918069
 20
20.7631679611959
 30
0.0
 11
-27.9354490370024
 21
22.32482006198643
 31
0.0
  0
LINE
  5
8CD
330
788
100
AcDbEntity
  8
0
370
     5
100
AcDbLine
 10
-25.4971725033538
 20
19.02859606355196
 30
0.0
 11
-26.91900779918069
 21
20.7631679611959
 31
0.0
  0
LINE
  5
8CE
330
788
100
AcDbEntity
  8
0
370
     5
100
AcDbLine
 10
-25.49569755274752
 20
18.36230006121423
 30
0.0
 11
-25.4971725033538
 21
19.02859606355196
 31
0.0
  0
LINE
  5
8CF
330
788
100
AcDbEntity
  8
0
370
     5
100
AcDbLine
 10
-27.25882050194196
 20
17.37388562686192
 30
0.0
 11
-25.49569755274752
 21
18.36230006121423
 31
0.0
  0
LINE
  5
8D0
330
788
100
AcDbEntity
  8
0
370
     5
100
AcDbLine
 10
-29.05061928145187
 20
16.15319879823164
 30
0.0
 11
-27.25882050194196
 21
17.37388562686192
 31
0.0
  0
LINE
  5
8D1
330
788
100
AcDbEntity
  8
0
370
     5
100
AcDbLine
 10
-28.35137562997989
 20
14.06939293038431
 30
0.0
 11
-30.89652446078071
 21
13.31100362607776
 31
0.0
  0
LINE
  5
8D2
330
788
100
AcDbEntity
  8
0
370
     5
100
AcDbLine
 10
-24.5284729623836
 20
15.2366368590001
 30
0.0
 11
-28.35137562997989
 21
14.06939293038431
 31
0.0
  0
LINE
  5
8D3
330
788
100
AcDbEntity
  8
0
370
     5
100
AcDbLine
 10
-29.44021614871053
 20
21.20967689188637
 30
0.0
 11
-30.18572715731171
 21
24.59981362147755
 31
0.0
  0
LINE
  5
8D4
330
788
100
AcDbEntity
  8
0
370
     5
100
AcDbLine
 10
-28.42311643029098
 20
19.47675283641729
 30
0.0
 11
-29.44021614871053
 21
21.20967689188637
 31
0.0
  0
LINE
  5
8D5
330
788
100
AcDbEntity
  8
0
370
     5
100
AcDbLine
 10
-29.24331433413318
 20
18.65715432933939
 30
0.0
 11
-28.42311643029098
 21
19.47675283641729
 31
0.0
  0
LINE
  5
8D6
330
788
100
AcDbEntity
  8
0
370
     5
100
AcDbLine
 10
-32.22759915545066
 20
13.19217895016481
 30
0.0
 11
-30.95842303830068
 21
15.10652502349603
 31
0.0
  0
LINE
  5
8D7
330
788
100
AcDbEntity
  8
0
370
     5
100
AcDbLine
 10
-33.23249983409187
 20
14.4845906443079
 30
0.0
 11
-31.03263128426443
 21
17.16687156811622
 31
0.0
  0
LINE
  5
8D8
330
788
100
AcDbEntity
  8
0
370
     5
100
AcDbLine
 10
-33.97801084266394
 20
13.10627863073114
 30
0.0
 11
-33.23249983409187
 21
14.4845906443079
 31
0.0
  0
LINE
  5
8D9
330
788
100
AcDbEntity
  8
0
370
     5
100
AcDbLine
 10
-33.15781293890905
 20
12.69647937719128
 30
0.0
 11
-33.97801084266394
 21
13.10627863073114
 31
0.0
  0
LINE
  5
8DA
330
788
100
AcDbEntity
  8
0
370
     5
100
AcDbLine
 10
-32.15112412098097
 20
12.54756512421772
 30
0.0
 11
-33.15781293890905
 21
12.69647937719128
 31
0.0
  0
LINE
  5
8DB
330
788
100
AcDbEntity
  8
0
370
     5
100
AcDbLine
 10
-30.95842303830068
 20
15.10652502349603
 30
0.0
 11
-29.05061928145187
 21
16.15319879823164
 31
0.0
  0
LINE
  5
8DC
330
788
100
AcDbEntity
  8
0
370
     5
100
AcDbLine
 10
-30.89652446078071
 20
13.31100362607776
 30
0.0
 11
-32.22759915545066
 21
13.19217895016481
 31
0.0
  0
LINE
  5
8DD
330
788
100
AcDbEntity
  8
0
370
     5
100
AcDbLine
 10
-31.03263128426443
 20
17.16687156811622
 30
0.0
 11
-29.24331433413318
 21
18.65715432933939
 31
0.0
  0
LINE
  5
8DE
330
788
100
AcDbEntity
  8
0
370
     5
100
AcDbLine
 10
-27.52823163135327
 20
12.51016552624151
 30
0.0
 11
-32.15112412098097
 21
12.54756512421772
 31
0.0
  0
LINE
  5
8DF
330
788
100
AcDbEntity
  8
0
370
     5
100
AcDbLine
 10
-28.92940441702194
 20
26.81199215950801
 30
0.0
 11
-28.91849054137129
 21
28.85454578505596
 31
0.0
  0
LINE
  5
8E0
330
788
100
AcDbEntity
  8
0
370
     5
100
AcDbLine
 10
-30.0368060147739
 20
28.6978061568816
 30
0.0
 11
-29.77857779929763
 21
29.712731212363
 31
0.0
  0
LINE
  5
8E1
330
788
100
AcDbEntity
  8
0
370
     5
100
AcDbLine
 10
-29.4592273584567
 20
30.03278936790775
 30
0.0
 11
-29.77857779929763
 21
29.712731212363
 31
0.0
  0
LINE
  5
8E2
330
788
100
AcDbEntity
  8
0
370
     5
100
AcDbLine
 10
-28.01573336552428
 20
30.21043745834231
 30
0.0
 11
-29.4592273584567
 21
30.03278936790775
 31
0.0
  0
LINE
  5
8E3
330
788
100
AcDbEntity
  8
0
370
     5
100
AcDbLine
 10
-25.48452658963106
 20
30.21043745834231
 30
0.0
 11
-28.01573336552428
 21
30.21043745834231
 31
0.0
  0
LINE
  5
8E4
330
788
100
AcDbEntity
  8
0
370
     5
100
AcDbLine
 10
-26.87596607985324
 20
28.86998113540267
 30
0.0
 11
-28.91849054137129
 21
28.8545457850405
 31
0.0
  0
LINE
  5
8E5
330
788
100
AcDbEntity
  8
0
370
     5
100
AcDbLine
 10
-24.41401442498318
 20
28.46474280844268
 30
0.0
 11
-26.87596607985324
 21
28.86998113540267
 31
0.0
  0
LINE
  5
8E6
330
788
100
AcDbEntity
  8
0
370
     5
100
AcDbLine
 10
-28.51871718050097
 20
24.35094359307641
 30
0.0
 11
-28.92940441702194
 21
26.81199215950801
 31
0.0
  0
LINE
  5
8E7
330
788
100
AcDbEntity
  8
0
370
     5
100
AcDbLine
 10
-30.18572715731171
 20
24.59981362147755
 30
0.0
 11
-30.0368060147739
 21
28.6978061568816
 31
0.0
  0
LINE
  5
8E8
330
788
100
AcDbEntity
  8
0
370
     5
100
AcDbLine
 10
-23.63124111230718
 20
15.29656208904907
 30
0.0
 11
-24.5284729623836
 21
15.2366368590001
 31
0.0
  0
LINE
  5
8E9
330
788
100
AcDbEntity
  8
0
370
     5
100
AcDbLine
 10
-23.37473496192069
 20
29.92195885191995
 30
0.0
 11
-25.48452658963106
 21
30.21043745834231
 31
0.0
  0
LINE
  5
8EA
330
788
100
AcDbEntity
  8
0
370
     5
100
AcDbLine
 10
-22.38660470588365
 20
27.88596122496711
 30
0.0
 11
-24.41401442498318
 21
28.46474280844268
 31
0.0
  0
LWPOLYLINE
  5
8EB
330
788
100
AcDbEntity
  8
0
370
     5
100
AcDbPolyline
 90
        3
 70
     0
 43
0.0
 10
-12.06759167471318
 20
10.97495763818733
 10
-19.66438053740421
 20
18.82818907620003
 10
-24.55433525837725
 20
24.76149846887347
  0
LINE
  5
8EC
330
788
100
AcDbEntity
  8
0
370
     5
100
AcDbLine
 10
-17.0505075805413
 20
10.35869731561979
 30
0.0
 11
-19.89283867171616
 21
13.01669714189666
 31
0.0
  0
LINE
  5
8ED
330
788
100
AcDbEntity
  8
0
370
     5
100
AcDbLine
 10
-22.45812306611151
 20
11.76513816881743
 30
0.0
 11
-27.52823163135327
 21
12.51016552624151
 31
0.0
  0
LWPOLYLINE
  5
8EE
330
788
100
AcDbEntity
  8
0
370
     5
100
AcDbPolyline
 90
       14
 70
     0
 43
0.0
 10
-26.39615935905022
 20
25.98633530290772
 10
-25.21791700611357
 20
20.8418381629017
 10
-22.07699357660022
 20
16.96162987184925
 10
-17.71392095275405
 20
13.51744616222277
 10
-14.0053771196126
 20
10.20393299921306
 10
-11.12563149939524
 20
8.808745557284055
 10
-9.86048075929284
 20
9.33211188277437
 10
-9.817026565695414
 20
10.68351442949006
 10
-12.08569758871635
 20
14.38926727867692
 10
-15.83769561548433
 20
18.79261384887013
 10
-18.4992649720516
 20
22.89083443059735
 10
-22.4259850687522
 20
25.55031072150541
 10
-25.69817637474625
 20
26.42213183795775
 10
-26.39615935905022
 20
25.98633530290772
  0
LINE
  5
8EF
330
788
100
AcDbEntity
  8
0
370
     5
100
AcDbLine
 10
-9.489027144300052
 20
7.415564295808508
 30
0.0
 11
-10.93109641218325
 21
7.370728345254065
 31
0.0
  0
LINE
  5
8F0
330
788
100
AcDbEntity
  8
0
370
     5
100
AcDbLine
 10
-8.88774053013185
 20
6.847547126338213
 30
0.0
 11
-10.26695852837292
 21
5.543806262417092
 31
0.0
  0
LINE
  5
8F1
330
788
100
AcDbEntity
  8
0
370
     5
100
AcDbLine
 10
-8.731577022030251
 20
17.41498597429108
 30
0.0
 11
-10.53809459036165
 21
19.43889714578108
 31
0.0
  0
LINE
  5
8F2
330
788
100
AcDbEntity
  8
0
370
     5
100
AcDbLine
 10
-8.694007250420327
 20
14.89142529557375
 30
0.0
 11
-10.39641581344767
 21
17.02753526100514
 31
0.0
  0
LINE
  5
8F3
330
788
100
AcDbEntity
  8
0
370
     5
100
AcDbLine
 10
-9.489027144300052
 20
-7.415564295805779
 30
0.0
 11
-10.93109641218325
 21
-7.370728345250427
 31
0.0
  0
LINE
  5
8F4
330
788
100
AcDbEntity
  8
0
370
     5
100
AcDbLine
 10
-8.88774053013185
 20
-6.847547126336394
 30
0.0
 11
-10.26695852837292
 21
-5.543806262415273
 31
0.0
  0
CIRCLE
  5
8F5
330
788
100
AcDbEntity
  8
0
370
     5
100
AcDbCircle
 10
0.0
 20
0.0
 30
0.0
 40
10.39452144030928
  0
LWPOLYLINE
  5
8F6
330
788
100
AcDbEntity
  8
0
370
     5
100
AcDbPolyline
 90
        3
 70
     0
 43
0.0
 10
-11.92681819348945
 20
-11.42056016543847
 10
-18.39198743170709
 20
-18.62636807489343
 10
-24.79469126660843
 20
-24.71383678607163
  0
LWPOLYLINE
  5
8F7
330
788
100
AcDbEntity
  8
0
370
     5
100
AcDbPolyline
 90
        4
 70
     0
 43
0.0
 10
10.82507332708337
 20
-10.79959001105453
 10
18.72015712270513
 20
-17.57028552445899
 10
22.51198816017131
 20
-21.67010243049208
 10
23.56892088937457
 20
-23.96858138231528
  0
LWPOLYLINE
  5
8F8
330
788
100
AcDbEntity
  8
0
370
     5
100
AcDbPolyline
 90
       16
 70
     0
 43
0.0
 10
-10.33530835370402
 20
-9.993218191054438
 10
-12.27354644643492
 20
-10.38773834054791
 10
-17.44142694715992
 20
-14.08163278062329
 10
-22.10686833469663
 20
-17.48841689230085
 10
-24.18859579577111
 20
-20.10638875129917
 10
-26.13045507128118
 20
-23.45661737328828
 10
-26.48940481612226
 20
-25.93114809125473
 10
-26.3101562676311
 20
-26.46910938179554
 10
-23.54322857887019
 20
-25.54716986539825
 10
-19.4194980506727
 20
-23.31317623225823
 10
-16.61987109988695
 20
-20.08540848898701
 10
-13.92571109803975
 20
-16.63210292620351
 10
-11.09032496708096
 20
-13.33272863561979
 10
-10.44439648551633
 20
-11.71884476399191
 10
-10.15741774873458
 20
-10.75056005029182
 10
-10.31251579042873
 20
-9.988578861389214
  0
LWPOLYLINE
  5
8F9
330
788
100
AcDbEntity
  8
0
370
     5
100
AcDbPolyline
 90
       16
 70
     0
 43
0.0
 10
9.337219844979699
 20
-10.52798683300898
 10
10.50912512798277
 20
-13.68962114078749
 10
13.55589780476111
 20
-17.59263406469836
 10
18.2430662890838
 20
-22.74488477993782
 10
20.74304036333342
 20
-24.65750934278094
 10
23.90704883320723
 20
-26.1014986991213
 10
25.43020884765429
 20
-26.33570227921791
 10
24.96171832314576
 20
-23.60347920929689
 10
23.08685092945234
 20
-19.93466986539624
 10
21.83663756836722
 20
-18.13903306942484
 10
18.2430662890838
 20
-15.2118303880552
 10
15.66523678464
 20
-12.98701040058222
 10
13.12633499529329
 20
-10.72319449078259
 10
11.83719391920021
 20
-9.942363859648139
 10
10.04018195564276
 20
-9.630168435003724
 10
9.337219844979699
 20
-10.52798683300898
  0
LINE
  5
8FA
330
788
100
AcDbEntity
  8
0
370
     5
100
AcDbLine
 10
30.95842303830432
 20
-15.10652502351058
 30
0.0
 11
29.05061928145006
 21
-16.15319879822891
 31
0.0
  0
LINE
  5
8FB
330
788
100
AcDbEntity
  8
0
370
     5
100
AcDbLine
 10
33.23249983409187
 20
-14.4845906443079
 30
0.0
 11
31.03263128426624
 21
-17.16687156811531
 31
0.0
  0
LINE
  5
8FC
330
788
100
AcDbEntity
  8
0
370
     5
100
AcDbLine
 10
8.694007250453068
 20
-14.89142529557102
 30
0.0
 11
10.39641581344767
 21
-17.02753526100332
 31
0.0
  0
LWPOLYLINE
  5
8FD
330
788
100
AcDbEntity
  8
0
370
     5
100
AcDbPolyline
 90
       20
 70
     0
 43
0.0
 10
0.0
 20
-30.00610794738077
 10
1.002162339398637
 20
-28.88024322022011
 10
3.155860808590659
 20
-26.10286697711581
 10
4.207361763576045
 20
-23.72594008805754
 10
4.784940419893246
 20
-22.53804675936317
 10
5.235777678230078
 20
-20.23614711260507
 10
5.410952396108768
 20
-18.20949938516332
 10
5.21088204649277
 20
-14.48139799569617
 10
4.534626159002073
 20
-11.85430428352174
 10
4.033997637134234
 20
-10.80346679866579
 10
3.232810943067306
 20
-10.50312978311376
 10
3.35774174958351
 20
-11.35374259097261
 10
3.683195553574478
 20
-13.75575457623745
 10
3.833474639686755
 20
-15.05675888420865
 10
3.983753725799033
 20
-17.58396830419769
 10
3.657847273980223
 20
-21.22062311565787
 10
2.456067232822533
 20
-23.79777468176417
 10
1.404566277838966
 20
-25.44905815133825
 10
0.5531356724095531
 20
-26.64995012081545
 10
0.0
 20
-27.10034162095599
  0
LWPOLYLINE
  5
8FE
330
788
100
AcDbEntity
  8
0
370
     5
100
AcDbPolyline
 90
       12
 70
     0
 43
0.0
 10
0.0
 20
-30.50735377894398
 10
1.049237715780691
 20
-30.22366414543558
 10
2.667001130814242
 20
-28.49416078493141
 10
4.170697287743678
 20
-26.53752328052269
 10
5.561231482221046
 20
-24.09902388262072
 10
6.350196684390539
 20
-21.55106224665269
 10
7.027810515486635
 20
-18.8026478873353
 10
7.098423580027883
 20
-16.79720846853161
 10
7.157267800474073
 20
-15.97601363714602
 10
6.188601402041967
 20
-13.74686076938724
 10
5.308201334208206
 20
-11.19525039219206
 10
5.043854989984538
 20
-10.28602967771985
  0
LINE
  5
8FF
330
788
100
AcDbEntity
  8
0
370
     5
100
AcDbLine
 10
-30.95842303830068
 20
-15.10652502349603
 30
0.0
 11
-29.05061928145187
 21
-16.15319879822891
 31
0.0
  0
LINE
  5
900
330
788
100
AcDbEntity
  8
0
370
     5
100
AcDbLine
 10
-33.23249983409187
 20
-14.4845906443079
 30
0.0
 11
-31.03263128426443
 21
-17.16687156811531
 31
0.0
  0
LINE
  5
901
330
788
100
AcDbEntity
  8
0
370
     5
100
AcDbLine
 10
-8.694007250420327
 20
-14.89142529557102
 30
0.0
 11
-10.39641581344767
 21
-17.02753526100332
 31
0.0
  0
LWPOLYLINE
  5
902
330
788
100
AcDbEntity
  8
0
370
     5
100
AcDbPolyline
 90
       20
 70
     0
 43
0.0
 10
0.0
 20
-30.00610794738077
 10
-1.002162339398637
 20
-28.88024322022011
 10
-3.155860808590659
 20
-26.10286697711581
 10
-4.207361763576045
 20
-23.72594008805754
 10
-4.784940419893246
 20
-22.53804675936317
 10
-5.235777678230078
 20
-20.23614711260507
 10
-5.410952396108768
 20
-18.20949938516332
 10
-5.21088204649277
 20
-14.48139799569617
 10
-4.534626159002073
 20
-11.85430428352174
 10
-4.033997637161519
 20
-10.80346679866579
 10
-3.232810943070944
 20
-10.50312978311376
 10
-3.357741749585329
 20
-11.35374259097261
 10
-3.683195553574478
 20
-13.75575457623745
 10
-3.833474639686755
 20
-15.05675888420865
 10
-3.983753725800852
 20
-17.58396830419769
 10
-3.657847273980223
 20
-21.22062311565787
 10
-2.456067232793429
 20
-23.79777468176417
 10
-1.404566277837147
 20
-25.44905815133825
 10
-0.5531356724077341
 20
-26.64995012081545
 10
0.0
 20
-27.10034162095599
  0
LWPOLYLINE
  5
903
330
788
100
AcDbEntity
  8
0
370
     5
100
AcDbPolyline
 90
       12
 70
     0
 43
0.0
 10
0.0
 20
-30.50735377894398
 10
-1.049237715778872
 20
-30.22366414543558
 10
-2.667001130816061
 20
-28.49416078493141
 10
-4.170697287743678
 20
-26.53752328052269
 10
-5.561231482221046
 20
-24.09902388262072
 10
-6.350196684390539
 20
-21.55106224665269
 10
-7.027810515486635
 20
-18.8026478873353
 10
-7.098423580026064
 20
-16.79720846853161
 10
-7.157267800474073
 20
-15.97601363714602
 10
-6.188601402041967
 20
-13.74686076938724
 10
-5.308201334206387
 20
-11.19525039219206
 10
-5.043854989984538
 20
-10.28602967771985
  0
ENDBLK
  5
78A
330
788
100
AcDbEntity
  8
0
100
AcDbBlockEnd
  0
ENDSEC
  0
SECTION
  2
ENTITIES
  0
LINE
  5
7A
330
2
100
AcDbEntity
  8
0
 48
2.5
100
AcDbLine
 10
7960.354630760831
 20
-7048.976935870157
 30
0.0
 11
8475.354630760859
 21
-7048.976935870157
 31
0.0
  0
LINE
  5
7B
330
2
100
AcDbEntity
  8
0
 48
2.5
100
AcDbLine
 10
8475.354630760859
 20
-8813.976935870158
 30
0.0
 11
7960.354630760831
 21
-8813.976935870158
 31
0.0
  0
LWPOLYLINE
  5
7C
330
2
100
AcDbEntity
  8
0
 48
2.5
100
AcDbPolyline
 90
        4
 70
     1
 43
0.0
 10
7960.354630760831
 20
-7048.976935870157
 10
8475.354630760859
 20
-7048.976935870157
 10
8475.354630760859
 20
-8813.976935870158
 10
7960.354630760831
 20
-8813.976935870158
  0
LWPOLYLINE
  5
7D
330
2
100
AcDbEntity
  8
0
 48
2.5
100
AcDbPolyline
 90
        4
 70
     1
 43
0.0
 10
7980.35463076083
 20
-7068.976935870158
 10
8455.35463076086
 20
-7068.976935870158
 10
8455.35463076086
 20
-8793.976935870158
 10
7980.35463076083
 20
-8793.976935870158
  0
LINE
  5
7E
330
2
100
AcDbEntity
  8
0
 48
2.5
100
AcDbLine
 10
7980.35463076083
 20
-7133.976935870157
 30
0.0
 11
8045.354630760801
 21
-7133.976935870157
 31
0.0
  0
LINE
  5
7F
330
2
100
AcDbEntity
  8
0
 48
2.5
100
AcDbLine
 10
8065.354630760801
 20
-7133.976935870157
 30
0.0
 11
8370.35463076083
 21
-7133.976935870157
 31
0.0
  0
LINE
  5
80
330
2
100
AcDbEntity
  8
0
 48
2.5
100
AcDbLine
 10
8390.35463076083
 20
-7133.976935870157
 30
0.0
 11
8455.35463076086
 21
-7133.976935870157
 31
0.0
  0
LINE
  5
81
330
2
100
AcDbEntity
  8
0
 48
2.5
100
AcDbLine
 10
8390.354630760858
 20
-7068.976935870158
 30
0.0
 11
8390.354630760858
 21
-8793.976935870158
 31
0.0
  0
LINE
  5
82
330
2
100
AcDbEntity
  8
0
 48
2.5
100
AcDbLine
 10
8455.35463076086
 20
-8728.976935870157
 30
0.0
 11
8390.354630760858
 21
-8728.976935870157
 31
0.0
  0
LINE
  5
83
330
2
100
AcDbEntity
  8
0
 48
2.5
100
AcDbLine
 10
8370.354630760859
 20
-8728.976935870157
 30
0.0
 11
8065.354630760831
 21
-8728.976935870157
 31
0.0
  0
LINE
  5
84
330
2
100
AcDbEntity
  8
0
 48
2.5
100
AcDbLine
 10
8045.354630760801
 20
-8728.976935870157
 30
0.0
 11
7980.35463076083
 21
-8728.976935870157
 31
0.0
  0
LINE
  5
85
330
2
100
AcDbEntity
  8
0
 48
2.5
100
AcDbLine
 10
8045.354630760831
 20
-8793.976935870158
 30
0.0
 11
8045.354630760831
 21
-7068.976935870158
 31
0.0
  0
LINE
  5
86
330
2
100
AcDbEntity
  8
0
 48
2.5
100
AcDbLine
 10
7980.35463076083
 20
-7153.976935870158
 30
0.0
 11
8045.354630760801
 21
-7153.976935870158
 31
0.0
  0
LINE
  5
87
330
2
100
AcDbEntity
  8
0
 48
2.5
100
AcDbLine
 10
8065.354630760801
 20
-7153.976935870158
 30
0.0
 11
8370.35463076083
 21
-7153.976935870158
 31
0.0
  0
LINE
  5
88
330
2
100
AcDbEntity
  8
0
 48
2.5
100
AcDbLine
 10
8390.35463076083
 20
-7153.976935870158
 30
0.0
 11
8455.35463076086
 21
-7153.976935870158
 31
0.0
  0
LINE
  5
89
330
2
100
AcDbEntity
  8
0
 48
2.5
100
AcDbLine
 10
8370.35463076083
 20
-7068.976935870158
 30
0.0
 11
8370.354630760859
 21
-8793.976935870158
 31
0.0
  0
LINE
  5
8A
330
2
100
AcDbEntity
  8
0
 48
2.5
100
AcDbLine
 10
8455.35463076086
 20
-8708.976935870143
 30
0.0
 11
8390.354630760858
 21
-8708.976935870129
 31
0.0
  0
LINE
  5
8B
330
2
100
AcDbEntity
  8
0
 48
2.5
100
AcDbLine
 10
8370.354630760859
 20
-8708.976935870129
 30
0.0
 11
8065.354630760831
 21
-8708.976935870143
 31
0.0
  0
LINE
  5
8C
330
2
100
AcDbEntity
  8
0
 48
2.5
100
AcDbLine
 10
8045.354630760801
 20
-8708.976935870143
 30
0.0
 11
7980.35463076083
 21
-8708.976935870158
 31
0.0
  0
LINE
  5
8D
330
2
100
AcDbEntity
  8
0
 48
2.5
100
AcDbLine
 10
8065.354630760831
 20
-8793.976935870158
 30
0.0
 11
8065.354630760801
 21
-7068.976935870158
 31
0.0
  0
LINE
  5
8E
330
2
100
AcDbEntity
  8
0
 48
2.5
100
AcDbLine
 10
7980.35463076083
 20
-8793.976935870158
 30
0.0
 11
7960.35463076086
 21
-8813.976935870158
 31
0.0
  0
LINE
  5
8F
330
2
100
AcDbEntity
  8
0
 48
2.5
100
AcDbLine
 10
8455.35463076086
 20
-8793.976935870158
 30
0.0
 11
8475.354630760831
 21
-8813.976935870158
 31
0.0
  0
LINE
  5
90
330
2
100
AcDbEntity
  8
0
 48
2.5
100
AcDbLine
 10
7980.35463076083
 20
-7068.976935870158
 30
0.0
 11
7960.354630760831
 21
-7048.976935870157
 31
0.0
  0
LINE
  5
91
330
2
100
AcDbEntity
  8
0
 48
2.5
100
AcDbLine
 10
8455.35463076086
 20
-7068.976935870158
 30
0.0
 11
8475.354630760888
 21
-7048.976935870157
 31
0.0
  0
LWPOLYLINE
  5
20B
330
2
100
AcDbEntity
  8
0
 48
2.5
100
AcDbPolyline
 90
        4
 70
     1
 43
0.0
 10
8390.354630760858
 20
-8728.976935870157
 10
8455.35463076086
 20
-8728.976935870157
 10
8455.35463076086
 20
-8793.976935870158
 10
8390.354630760858
 20
-8793.976935870158
  0
LWPOLYLINE
  5
20C
330
2
100
AcDbEntity
  8
0
 48
2.5
100
AcDbPolyline
 90
        8
 70
     0
 43
0.0
 10
8392.85463076086
 20
-8791.476935870157
 10
8392.85463076086
 20
-8731.476935870158
 10
8452.854630760858
 20
-8731.476935870158
 10
8452.854630760858
 20
-8791.476935870157
 10
8392.85463076086
 20
-8791.476935870157
 10
8452.854630760858
 20
-8731.476935870158
 10
8452.854630760858
 20
-8791.476935870157
 10
8392.85463076086
 20
-8731.476935870158
  0
LINE
  5
20D
330
2
100
AcDbEntity
  8
0
 48
2.5
100
AcDbLine
 10
8390.354630760853
 20
-7921.476935870159
 30
0.0
 11
8455.354630760856
 21
-7921.476935870159
 31
0.0
  0
LINE
  5
38B
330
2
100
AcDbEntity
  8
0
 48
2.5
100
AcDbLine
 10
8390.354630760853
 20
-7921.476935870159
 30
0.0
 11
8455.354630760856
 21
-7921.476935870159
 31
0.0
  0
LINE
  5
38C
330
2
100
AcDbEntity
  8
0
 48
2.5
100
AcDbLine
 10
8390.354630760853
 20
-7856.476935870158
 30
0.0
 11
8455.354630760856
 21
-7856.476935870158
 31
0.0
  0
LINE
  5
38D
330
2
100
AcDbEntity
  8
0
 48
2.5
100
AcDbLine
 10
8390.354630760853
 20
-7836.476935870159
 30
0.0
 11
8455.354630760856
 21
-7836.476935870159
 31
0.0
  0
LWPOLYLINE
  5
38E
330
2
100
AcDbEntity
  8
0
 48
2.5
100
AcDbPolyline
 90
        4
 70
     1
 43
0.0
 10
8390.354630760853
 20
-7921.476935870159
 10
8455.354630760856
 20
-7921.476935870159
 10
8455.354630760856
 20
-7856.476935870158
 10
8390.354630760853
 20
-7856.476935870158
  0
LWPOLYLINE
  5
508
330
2
100
AcDbEntity
  8
0
 48
2.5
100
AcDbPolyline
 90
        8
 70
     0
 43
0.0
 10
8042.85463076083
 20
-8791.476935870157
 10
8042.85463076083
 20
-8731.476935870158
 10
7982.85463076083
 20
-8731.476935870158
 10
7982.85463076083
 20
-8791.476935870157
 10
8042.85463076083
 20
-8791.476935870157
 10
7982.85463076083
 20
-8731.476935870158
 10
7982.85463076083
 20
-8791.476935870157
 10
8042.85463076083
 20
-8731.476935870158
  0
LWPOLYLINE
  5
68B
330
2
100
AcDbEntity
  8
0
 48
2.5
100
AcDbPolyline
 90
        8
 70
     0
 43
0.0
 10
8392.85463076086
 20
-7071.476935870157
 10
8392.85463076086
 20
-7131.476935870158
 10
8452.854630760858
 20
-7131.476935870158
 10
8452.854630760858
 20
-7071.476935870157
 10
8392.85463076086
 20
-7071.476935870157
 10
8452.854630760858
 20
-7131.476935870158
 10
8452.854630760858
 20
-7071.476935870157
 10
8392.85463076086
 20
-7131.476935870158
  0
LWPOLYLINE
  5
68C
330
2
100
AcDbEntity
  8
0
 48
2.5
100
AcDbPolyline
 90
        8
 70
     0
 43
0.0
 10
8042.85463076083
 20
-7071.476935870157
 10
8042.85463076083
 20
-7131.476935870158
 10
7982.85463076083
 20
-7131.476935870158
 10
7982.85463076083
 20
-7071.476935870157
 10
8042.85463076083
 20
-7071.476935870157
 10
7982.85463076083
 20
-7131.476935870158
 10
7982.85463076083
 20
-7071.476935870157
 10
8042.85463076083
 20
-7131.476935870158
  0
LINE
  5
68D
330
2
100
AcDbEntity
  8
A-DOOR-FRAME
 62
     0
 48
2.0
100
AcDbLine
 10
5808.92454541512
 20
-8831.349160384815
 30
0.0
 11
5808.924545415091
 21
-7921.349160384814
 31
0.0
  0
LINE
  5
68F
330
2
100
AcDbEntity
  8
A-DOOR-FRAME
 62
     0
 48
2.0
100
AcDbLine
 10
6193.924545415091
 20
-7921.349160384814
 30
0.0
 11
6193.924545415121
 21
-8831.349160384815
 31
0.0
  0
LINE
  5
690
330
2
100
AcDbEntity
  8
A-DOOR-FRAME
 62
     0
100
AcDbLine
 10
5808.92454541512
 20
-7921.349160384814
 30
0.0
 11
5808.92454541512
 21
-8831.349160384801
 31
0.0
  0
LINE
  5
691
330
2
100
AcDbEntity
  8
A-DOOR-FRAME
 62
     0
100
AcDbLine
 10
5808.92454541512
 20
-8831.349160384801
 30
0.0
 11
6193.924545415121
 21
-8831.349160384801
 31
0.0
  0
LINE
  5
692
330
2
100
AcDbEntity
  8
A-DOOR-FRAME
 62
     0
100
AcDbLine
 10
6193.924545415121
 20
-8831.349160384801
 30
0.0
 11
6193.924545415121
 21
-7921.349160384814
 31
0.0
  0
LINE
  5
693
330
2
100
AcDbEntity
  8
A-DOOR-FRAME
 62
     0
100
AcDbLine
 10
5823.92454541512
 20
-7941.349160384816
 30
0.0
 11
5823.92454541512
 21
-8816.349160384815
 31
0.0
  0
LINE
  5
694
330
2
100
AcDbEntity
  8
A-DOOR-FRAME
 62
     0
100
AcDbLine
 10
5823.92454541512
 20
-8816.349160384815
 30
0.0
 11
6178.924545415121
 21
-8816.349160384815
 31
0.0
  0
LINE
  5
695
330
2
100
AcDbEntity
  8
A-DOOR-FRAME
 62
     0
100
AcDbLine
 10
6178.924545415121
 20
-8816.349160384815
 30
0.0
 11
6178.924545415121
 21
-7941.349160384816
 31
0.0
  0
LINE
  5
696
330
2
100
AcDbEntity
  8
A-DOOR-FRAME
 62
     0
 48
2.0
100
AcDbLine
 10
5823.92454541512
 20
-8816.349160384815
 30
0.0
 11
5808.92454541512
 21
-8831.349160384815
 31
0.0
  0
LINE
  5
697
330
2
100
AcDbEntity
  8
A-DOOR-FRAME
 62
     0
 48
2.0
100
AcDbLine
 10
6178.924545415121
 20
-8816.349160384815
 30
0.0
 11
6193.924545415121
 21
-8831.349160384815
 31
0.0
  0
LINE
  5
698
330
2
100
AcDbEntity
  8
A-DOOR-FRAME
  6
Continuous
 62
     0
 48
2.5
100
AcDbLine
 10
6141.798860735925
 20
-8116.648685280607
 30
0.0
 11
6141.798860735925
 21
-8116.648685280607
 31
0.0
1001
GradientColor1ACI
1070
     5
1001
GradientColor2ACI
1070
     2
1001
ACAD
1010
0.0
1020
0.0
1030
0.0
  0
LINE
  5
69B
330
2
100
AcDbEntity
  8
A-DOOR-FRAME
 62
     0
 48
2.0
100
AcDbLine
 10
6178.924545415121
 20
-7941.349160384816
 30
0.0
 11
6178.924545415121
 21
-8816.349160384815
 31
0.0
  0
LINE
  5
69C
330
2
100
AcDbEntity
  8
A-DOOR-FRAME
 62
     0
 48
2.0
100
AcDbLine
 10
6178.924545415121
 20
-8816.349160384815
 30
0.0
 11
5823.92454541512
 21
-8816.349160384815
 31
0.0
  0
LINE
  5
69D
330
2
100
AcDbEntity
  8
A-DOOR-FRAME
 62
     0
 48
2.0
100
AcDbLine
 10
5823.92454541512
 20
-8816.349160384815
 30
0.0
 11
5823.924545415106
 21
-7941.349160384816
 31
0.0
  0
LINE
  5
69E
330
2
100
AcDbEntity
  8
A-DOOR-FRAME
 62
     0
 48
2.0
100
AcDbLine
 10
5808.92454541512
 20
-7921.349160384814
 30
0.0
 11
6193.924545415121
 21
-7921.349160384814
 31
0.0
  0
LINE
  5
69F
330
2
100
AcDbEntity
  8
A-DOOR-FRAME
 62
     0
 48
2.0
100
AcDbLine
 10
5823.92454541512
 20
-7941.349160384816
 30
0.0
 11
6178.924545415121
 21
-7941.349160384816
 31
0.0
  0
LINE
  5
6A0
330
2
100
AcDbEntity
  8
A-DOOR-FRAME
 62
     0
 48
2.0
100
AcDbLine
 10
6128.92454541512
 20
-7991.349160384816
 30
0.0
 11
6128.92454541512
 21
-8766.349160384816
 31
0.0
  0
LINE
  5
6A1
330
2
100
AcDbEntity
  8
A-DOOR-FRAME
 62
     0
 48
2.0
100
AcDbLine
 10
6128.92454541512
 20
-8766.349160384816
 30
0.0
 11
5873.924545415121
 21
-8766.349160384816
 31
0.0
  0
LINE
  5
6A2
330
2
100
AcDbEntity
  8
A-DOOR-FRAME
 62
     0
 48
2.0
100
AcDbLine
 10
5873.924545415121
 20
-8766.349160384816
 30
0.0
 11
5873.924545415121
 21
-7991.349160384816
 31
0.0
  0
LINE
  5
6A3
330
2
100
AcDbEntity
  8
A-DOOR-FRAME
 62
     0
 48
2.0
100
AcDbLine
 10
5873.924545415121
 20
-7991.349160384816
 30
0.0
 11
6128.92454541512
 21
-7991.349160384816
 31
0.0
  0
LINE
  5
6A4
330
2
100
AcDbEntity
  8
A-DOOR-FRAME
 62
     0
 48
2.0
100
AcDbLine
 10
6113.92454541512
 20
-8006.349160384814
 30
0.0
 11
6113.92454541512
 21
-8751.349160384817
 31
0.0
  0
LINE
  5
6A5
330
2
100
AcDbEntity
  8
A-DOOR-FRAME
 62
     0
 48
2.0
100
AcDbLine
 10
6113.92454541512
 20
-8751.349160384817
 30
0.0
 11
5888.924545415121
 21
-8751.349160384817
 31
0.0
  0
LINE
  5
6A6
330
2
100
AcDbEntity
  8
A-DOOR-FRAME
 62
     0
 48
2.0
100
AcDbLine
 10
5888.924545415121
 20
-8751.349160384817
 30
0.0
 11
5888.924545415121
 21
-8006.349160384814
 31
0.0
  0
LINE
  5
6A7
330
2
100
AcDbEntity
  8
A-DOOR-FRAME
 62
     0
 48
2.0
100
AcDbLine
 10
5888.924545415121
 20
-8006.349160384814
 30
0.0
 11
6113.92454541512
 21
-8006.349160384814
 31
0.0
  0
LINE
  5
6A8
330
2
100
AcDbEntity
  8
A-DOOR-FRAME
 62
     0
 48
2.0
100
AcDbLine
 10
5888.924545415121
 20
-8751.349160384817
 30
0.0
 11
5873.924545415121
 21
-8766.349160384816
 31
0.0
  0
LINE
  5
6A9
330
2
100
AcDbEntity
  8
A-DOOR-FRAME
 62
     0
 48
2.0
100
AcDbLine
 10
6113.92454541512
 20
-8751.349160384817
 30
0.0
 11
6128.92454541512
 21
-8766.349160384816
 31
0.0
  0
LINE
  5
6AA
330
2
100
AcDbEntity
  8
A-DOOR-PANEL
 62
     0
 48
2.0
100
AcDbLine
 10
5823.92454541512
 20
-8701.349160384816
 30
0.0
 11
5873.924545415121
 21
-8701.349160384816
 31
0.0
  0
LINE
  5
6AC
330
2
100
AcDbEntity
  8
A-DOOR-PANEL
 62
     0
 48
2.0
100
AcDbLine
 10
5888.924545415121
 20
-8701.349160384816
 30
0.0
 11
5938.924545415121
 21
-8701.349160384816
 31
0.0
  0
LINE
  5
6AD
330
2
100
AcDbEntity
  8
A-DOOR-PANEL
 62
     0
 48
2.0
100
AcDbLine
 10
5938.924545415121
 20
-8701.349160384816
 30
0.0
 11
5938.924545415121
 21
-8751.349160384817
 31
0.0
  0
LINE
  5
6AE
330
2
100
AcDbEntity
  8
A-DOOR-PANEL
 62
     0
 48
2.0
100
AcDbLine
 10
5938.924545415121
 20
-8766.349160384816
 30
0.0
 11
5938.924545415121
 21
-8816.349160384815
 31
0.0
  0
LINE
  5
6AF
330
2
100
AcDbEntity
  8
A-DOOR-PANEL
 62
     0
 48
2.0
100
AcDbLine
 10
5823.92454541512
 20
-8686.349160384816
 30
0.0
 11
5873.924545415121
 21
-8686.349160384816
 31
0.0
  0
LINE
  5
6B0
330
2
100
AcDbEntity
  8
A-DOOR-PANEL
 62
     0
 48
2.0
100
AcDbLine
 10
5888.924545415121
 20
-8686.349160384816
 30
0.0
 11
5953.92454541512
 21
-8686.349160384816
 31
0.0
  0
LINE
  5
6B1
330
2
100
AcDbEntity
  8
A-DOOR-PANEL
 62
     0
 48
2.0
100
AcDbLine
 10
5953.92454541512
 20
-8686.349160384816
 30
0.0
 11
5953.92454541512
 21
-8751.349160384817
 31
0.0
  0
LINE
  5
6B2
330
2
100
AcDbEntity
  8
A-DOOR-PANEL
 62
     0
 48
2.0
100
AcDbLine
 10
5953.92454541512
 20
-8766.349160384816
 30
0.0
 11
5953.92454541512
 21
-8816.349160384815
 31
0.0
  0
LINE
  5
6B3
330
2
100
AcDbEntity
  8
A-DOOR-PANEL
 62
     0
 48
2.0
100
AcDbLine
 10
6178.924545415121
 20
-8701.349160384816
 30
0.0
 11
6128.92454541512
 21
-8701.349160384816
 31
0.0
  0
LINE
  5
6B4
330
2
100
AcDbEntity
  8
A-DOOR-PANEL
 62
     0
 48
2.0
100
AcDbLine
 10
6113.92454541512
 20
-8701.349160384816
 30
0.0
 11
6063.924545415121
 21
-8701.349160384816
 31
0.0
  0
LINE
  5
6B5
330
2
100
AcDbEntity
  8
A-DOOR-PANEL
 62
     0
 48
2.0
100
AcDbLine
 10
6063.924545415121
 20
-8701.349160384816
 30
0.0
 11
6063.924545415121
 21
-8751.349160384817
 31
0.0
  0
LINE
  5
6B6
330
2
100
AcDbEntity
  8
A-DOOR-PANEL
 62
     0
 48
2.0
100
AcDbLine
 10
6063.924545415121
 20
-8766.349160384816
 30
0.0
 11
6063.924545415121
 21
-8816.349160384815
 31
0.0
  0
LINE
  5
6B7
330
2
100
AcDbEntity
  8
A-DOOR-PANEL
 62
     0
 48
2.0
100
AcDbLine
 10
6178.924545415121
 20
-8686.349160384816
 30
0.0
 11
6128.92454541512
 21
-8686.349160384816
 31
0.0
  0
LINE
  5
6B8
330
2
100
AcDbEntity
  8
A-DOOR-PANEL
 62
     0
 48
2.0
100
AcDbLine
 10
6113.92454541512
 20
-8686.349160384816
 30
0.0
 11
6048.924545415121
 21
-8686.349160384816
 31
0.0
  0
LINE
  5
6B9
330
2
100
AcDbEntity
  8
A-DOOR-PANEL
 62
     0
 48
2.0
100
AcDbLine
 10
6048.924545415121
 20
-8686.349160384816
 30
0.0
 11
6048.924545415121
 21
-8751.349160384817
 31
0.0
  0
LINE
  5
6BA
330
2
100
AcDbEntity
  8
A-DOOR-PANEL
 62
     0
 48
2.0
100
AcDbLine
 10
6048.924545415121
 20
-8766.349160384816
 30
0.0
 11
6048.924545415121
 21
-8816.349160384815
 31
0.0
  0
LINE
  5
6BB
330
2
100
AcDbEntity
  8
A-DOOR-FRAME
 62
     0
 48
2.0
100
AcDbLine
 10
5888.924545415121
 20
-8006.349160384798
 30
0.0
 11
5873.924545415121
 21
-7991.3491603848
 31
0.0
  0
LINE
  5
6BC
330
2
100
AcDbEntity
  8
A-DOOR-FRAME
 62
     0
 48
2.0
100
AcDbLine
 10
6113.92454541512
 20
-8006.349160384798
 30
0.0
 11
6128.92454541512
 21
-7991.3491603848
 31
0.0
  0
LINE
  5
6BD
330
2
100
AcDbEntity
  8
A-DOOR-PANEL
 62
     0
 48
2.0
100
AcDbLine
 10
5823.92454541512
 20
-8056.349160384801
 30
0.0
 11
5873.924545415121
 21
-8056.349160384801
 31
0.0
  0
LINE
  5
6BE
330
2
100
AcDbEntity
  8
A-DOOR-PANEL
 62
     0
 48
2.0
100
AcDbLine
 10
5888.924545415121
 20
-8056.349160384801
 30
0.0
 11
5938.924545415121
 21
-8056.349160384801
 31
0.0
  0
LINE
  5
6BF
330
2
100
AcDbEntity
  8
A-DOOR-PANEL
 62
     0
 48
2.0
100
AcDbLine
 10
5938.924545415121
 20
-8056.349160384801
 30
0.0
 11
5938.924545415121
 21
-8006.349160384798
 31
0.0
  0
LINE
  5
6C0
330
2
100
AcDbEntity
  8
A-DOOR-PANEL
 62
     0
 48
2.0
100
AcDbLine
 10
5938.924545415121
 20
-7991.3491603848
 30
0.0
 11
5938.924545415121
 21
-7941.3491603848
 31
0.0
  0
LINE
  5
6C1
330
2
100
AcDbEntity
  8
A-DOOR-PANEL
 62
     0
 48
2.0
100
AcDbLine
 10
5823.92454541512
 20
-8071.349160384801
 30
0.0
 11
5873.924545415121
 21
-8071.349160384801
 31
0.0
  0
LINE
  5
6C2
330
2
100
AcDbEntity
  8
A-DOOR-PANEL
 62
     0
 48
2.0
100
AcDbLine
 10
5888.924545415121
 20
-8071.349160384801
 30
0.0
 11
5953.92454541512
 21
-8071.349160384801
 31
0.0
  0
LINE
  5
6C3
330
2
100
AcDbEntity
  8
A-DOOR-PANEL
 62
     0
 48
2.0
100
AcDbLine
 10
5953.92454541512
 20
-8071.349160384801
 30
0.0
 11
5953.92454541512
 21
-8006.349160384798
 31
0.0
  0
LINE
  5
6C4
330
2
100
AcDbEntity
  8
A-DOOR-PANEL
 62
     0
 48
2.0
100
AcDbLine
 10
5953.92454541512
 20
-7991.3491603848
 30
0.0
 11
5953.92454541512
 21
-7941.3491603848
 31
0.0
  0
LINE
  5
6C5
330
2
100
AcDbEntity
  8
A-DOOR-PANEL
 62
     0
 48
2.0
100
AcDbLine
 10
6178.924545415121
 20
-8056.349160384801
 30
0.0
 11
6128.92454541512
 21
-8056.349160384801
 31
0.0
  0
LINE
  5
6C6
330
2
100
AcDbEntity
  8
A-DOOR-PANEL
 62
     0
 48
2.0
100
AcDbLine
 10
6113.92454541512
 20
-8056.349160384801
 30
0.0
 11
6063.924545415121
 21
-8056.349160384801
 31
0.0
  0
LINE
  5
6C7
330
2
100
AcDbEntity
  8
A-DOOR-PANEL
 62
     0
 48
2.0
100
AcDbLine
 10
6063.924545415121
 20
-8056.349160384801
 30
0.0
 11
6063.924545415121
 21
-8006.349160384798
 31
0.0
  0
LINE
  5
6C8
330
2
100
AcDbEntity
  8
A-DOOR-PANEL
 62
     0
 48
2.0
100
AcDbLine
 10
6063.924545415121
 20
-7991.3491603848
 30
0.0
 11
6063.924545415121
 21
-7941.3491603848
 31
0.0
  0
LINE
  5
6C9
330
2
100
AcDbEntity
  8
A-DOOR-PANEL
 62
     0
 48
2.0
100
AcDbLine
 10
6178.924545415121
 20
-8071.349160384801
 30
0.0
 11
6128.92454541512
 21
-8071.349160384801
 31
0.0
  0
LINE
  5
6CA
330
2
100
AcDbEntity
  8
A-DOOR-PANEL
 62
     0
 48
2.0
100
AcDbLine
 10
6113.92454541512
 20
-8071.349160384801
 30
0.0
 11
6048.924545415121
 21
-8071.349160384801
 31
0.0
  0
LINE
  5
6CB
330
2
100
AcDbEntity
  8
A-DOOR-PANEL
 62
     0
 48
2.0
100
AcDbLine
 10
6048.924545415121
 20
-8071.349160384801
 30
0.0
 11
6048.924545415121
 21
-8006.349160384798
 31
0.0
  0
LINE
  5
6CC
330
2
100
AcDbEntity
  8
A-DOOR-PANEL
 62
     0
 48
2.0
100
AcDbLine
 10
6048.924545415121
 20
-7991.3491603848
 30
0.0
 11
6048.924545415121
 21
-7941.3491603848
 31
0.0
  0
LINE
  5
6CD
330
2
100
AcDbEntity
  8
A-DOOR-TRIM
 62
     0
 48
2.0
100
AcDbLine
 10
6193.924545415121
 20
-7921.349160384814
 30
0.0
 11
6178.924545415121
 21
-7941.349160384816
 31
0.0
  0
LINE
  5
6CF
330
2
100
AcDbEntity
  8
A-DOOR-TRIM
 62
     0
 48
2.0
100
AcDbLine
 10
5823.92454541512
 20
-7941.349160384816
 30
0.0
 11
5808.92454541512
 21
-7921.349160384814
 31
0.0
  0
LINE
  5
6D0
330
2
100
AcDbEntity
  8
A-DOOR-FRAME
 62
     0
 48
2.0
100
AcDbLine
 10
6359.965319697376
 20
-8831.349160384815
 30
0.0
 11
6359.965319697348
 21
-7921.349160384817
 31
0.0
  0
LINE
  5
6D1
330
2
100
AcDbEntity
  8
A-DOOR-FRAME
 62
     0
 48
2.0
100
AcDbLine
 10
6744.965319697349
 20
-7921.349160384817
 30
0.0
 11
6744.965319697377
 21
-8831.349160384815
 31
0.0
  0
LINE
  5
6D2
330
2
100
AcDbEntity
  8
A-DOOR-FRAME
 62
     0
100
AcDbLine
 10
6359.965319697376
 20
-7921.349160384817
 30
0.0
 11
6359.965319697376
 21
-8831.349160384801
 31
0.0
  0
LINE
  5
6D3
330
2
100
AcDbEntity
  8
A-DOOR-FRAME
 62
     0
100
AcDbLine
 10
6359.965319697376
 20
-8831.349160384801
 30
0.0
 11
6744.965319697377
 21
-8831.349160384801
 31
0.0
  0
LINE
  5
6D4
330
2
100
AcDbEntity
  8
A-DOOR-FRAME
 62
     0
100
AcDbLine
 10
6744.965319697377
 20
-8831.349160384801
 30
0.0
 11
6744.965319697378
 21
-7921.349160384817
 31
0.0
  0
LINE
  5
6D5
330
2
100
AcDbEntity
  8
A-DOOR-FRAME
 62
     0
100
AcDbLine
 10
6374.965319697378
 20
-7941.349160384817
 30
0.0
 11
6374.965319697377
 21
-8816.349160384815
 31
0.0
  0
LINE
  5
6D6
330
2
100
AcDbEntity
  8
A-DOOR-FRAME
 62
     0
100
AcDbLine
 10
6374.965319697377
 20
-8816.349160384815
 30
0.0
 11
6729.965319697376
 21
-8816.349160384815
 31
0.0
  0
LINE
  5
6D7
330
2
100
AcDbEntity
  8
A-DOOR-FRAME
 62
     0
100
AcDbLine
 10
6729.965319697376
 20
-8816.349160384815
 30
0.0
 11
6729.965319697376
 21
-7941.349160384817
 31
0.0
  0
LINE
  5
6D8
330
2
100
AcDbEntity
  8
A-DOOR-FRAME
 62
     0
 48
2.0
100
AcDbLine
 10
6374.965319697377
 20
-8816.349160384815
 30
0.0
 11
6359.965319697376
 21
-8831.349160384815
 31
0.0
  0
LINE
  5
6D9
330
2
100
AcDbEntity
  8
A-DOOR-FRAME
 62
     0
 48
2.0
100
AcDbLine
 10
6729.965319697376
 20
-8816.349160384815
 30
0.0
 11
6744.965319697377
 21
-8831.349160384815
 31
0.0
  0
LINE
  5
6DA
330
2
100
AcDbEntity
  8
A-DOOR-FRAME
 62
     0
 48
2.0
100
AcDbLine
 10
6729.965319697376
 20
-7941.349160384817
 30
0.0
 11
6729.965319697376
 21
-8816.349160384815
 31
0.0
  0
LINE
  5
6DB
330
2
100
AcDbEntity
  8
A-DOOR-FRAME
 62
     0
 48
2.0
100
AcDbLine
 10
6729.965319697376
 20
-8816.349160384815
 30
0.0
 11
6374.965319697377
 21
-8816.349160384815
 31
0.0
  0
LINE
  5
6DC
330
2
100
AcDbEntity
  8
A-DOOR-FRAME
 62
     0
 48
2.0
100
AcDbLine
 10
6374.965319697377
 20
-8816.349160384815
 30
0.0
 11
6374.965319697363
 21
-7941.349160384817
 31
0.0
  0
LINE
  5
6DD
330
2
100
AcDbEntity
  8
A-DOOR-FRAME
 62
     0
 48
2.0
100
AcDbLine
 10
6359.965319697376
 20
-7921.349160384817
 30
0.0
 11
6744.965319697378
 21
-7921.349160384817
 31
0.0
  0
LINE
  5
6DE
330
2
100
AcDbEntity
  8
A-DOOR-FRAME
 62
     0
 48
2.0
100
AcDbLine
 10
6374.965319697378
 20
-7941.349160384817
 30
0.0
 11
6729.965319697376
 21
-7941.349160384817
 31
0.0
  0
LINE
  5
6DF
330
2
100
AcDbEntity
  8
A-DOOR-TRIM
 62
     0
 48
2.0
100
AcDbLine
 10
6744.965319697378
 20
-7921.349160384817
 30
0.0
 11
6729.965319697376
 21
-7941.349160384817
 31
0.0
  0
LINE
  5
6E0
330
2
100
AcDbEntity
  8
A-DOOR-TRIM
 62
     0
 48
2.0
100
AcDbLine
 10
6374.965319697378
 20
-7941.349160384817
 30
0.0
 11
6359.965319697376
 21
-7921.349160384817
 31
0.0
  0
LINE
  5
6E1
330
2
100
AcDbEntity
  8
0
 48
2.5
100
AcDbLine
 10
6729.965319697376
 20
-8766.34916038482
 30
0.0
 11
6679.965319697377
 21
-8766.34916038482
 31
0.0
  0
LINE
  5
6E2
330
2
100
AcDbEntity
  8
0
 48
2.5
100
AcDbLine
 10
6664.965319697377
 20
-8766.34916038482
 30
0.0
 11
6439.965319697377
 21
-8766.349160384816
 31
0.0
  0
LINE
  5
6E3
330
2
100
AcDbEntity
  8
0
 48
2.5
100
AcDbLine
 10
6424.965319697377
 20
-8766.349160384816
 30
0.0
 11
6374.965319697376
 21
-8766.349160384816
 31
0.0
  0
LINE
  5
6E4
330
2
100
AcDbEntity
  8
0
 48
2.5
100
AcDbLine
 10
6424.965319697348
 20
-8816.349160384815
 30
0.0
 11
6424.965319697363
 21
-7941.349160384817
 31
0.0
  0
LINE
  5
6E5
330
2
100
AcDbEntity
  8
0
 48
2.5
100
AcDbLine
 10
6374.965319697391
 20
-7991.349160384817
 30
0.0
 11
6424.965319697363
 21
-7991.349160384817
 31
0.0
  0
LINE
  5
6E6
330
2
100
AcDbEntity
  8
0
 48
2.5
100
AcDbLine
 10
6439.965319697363
 20
-7991.349160384817
 30
0.0
 11
6664.965319697363
 21
-7991.349160384818
 31
0.0
  0
LINE
  5
6E7
330
2
100
AcDbEntity
  8
0
 48
2.5
100
AcDbLine
 10
6679.965319697392
 20
-7991.349160384818
 30
0.0
 11
6729.965319697392
 21
-7991.349160384818
 31
0.0
  0
LINE
  5
6E8
330
2
100
AcDbEntity
  8
0
 48
2.5
100
AcDbLine
 10
6679.965319697363
 20
-7941.349160384818
 30
0.0
 11
6679.965319697348
 21
-8816.349160384815
 31
0.0
  0
LINE
  5
6E9
330
2
100
AcDbEntity
  8
0
 48
2.5
100
AcDbLine
 10
6729.965319697376
 20
-8751.349160384819
 30
0.0
 11
6679.965319697377
 21
-8751.349160384819
 31
0.0
  0
LINE
  5
6EA
330
2
100
AcDbEntity
  8
0
 48
2.5
100
AcDbLine
 10
6664.965319697377
 20
-8751.349160384819
 30
0.0
 11
6439.965319697377
 21
-8751.349160384817
 31
0.0
  0
LINE
  5
6EB
330
2
100
AcDbEntity
  8
0
 48
2.5
100
AcDbLine
 10
6424.965319697377
 20
-8751.349160384817
 30
0.0
 11
6374.965319697376
 21
-8751.349160384817
 31
0.0
  0
LINE
  5
6EC
330
2
100
AcDbEntity
  8
0
 48
2.5
100
AcDbLine
 10
6439.965319697377
 20
-8816.349160384815
 30
0.0
 11
6439.965319697363
 21
-7941.349160384817
 31
0.0
  0
LINE
  5
6ED
330
2
100
AcDbEntity
  8
0
 48
2.5
100
AcDbLine
 10
6374.965319697391
 20
-8006.349160384832
 30
0.0
 11
6424.965319697363
 21
-8006.349160384846
 31
0.0
  0
LINE
  5
6EE
330
2
100
AcDbEntity
  8
0
 48
2.5
100
AcDbLine
 10
6439.965319697363
 20
-8006.349160384846
 30
0.0
 11
6664.965319697363
 21
-8006.349160384834
 31
0.0
  0
LINE
  5
6EF
330
2
100
AcDbEntity
  8
0
 48
2.5
100
AcDbLine
 10
6679.965319697392
 20
-8006.349160384834
 30
0.0
 11
6729.965319697392
 21
-8006.34916038482
 31
0.0
  0
LINE
  5
6F0
330
2
100
AcDbEntity
  8
0
 48
2.5
100
AcDbLine
 10
6664.965319697363
 20
-7941.349160384818
 30
0.0
 11
6664.965319697377
 21
-8816.349160384815
 31
0.0
  0
LINE
  5
6F1
330
2
100
AcDbEntity
  8
A-DOOR-FRAME
 62
     0
 48
2.0
100
AcDbLine
 10
6902.050244006121
 20
-8831.349160384815
 30
0.0
 11
6902.050244006092
 21
-7921.349160384817
 31
0.0
  0
LINE
  5
6F2
330
2
100
AcDbEntity
  8
A-DOOR-FRAME
 62
     0
 48
2.0
100
AcDbLine
 10
7287.050244006093
 20
-7921.349160384817
 30
0.0
 11
7287.050244006121
 21
-8831.349160384815
 31
0.0
  0
LINE
  5
6F3
330
2
100
AcDbEntity
  8
A-DOOR-FRAME
 62
     0
100
AcDbLine
 10
6902.050244006122
 20
-7921.349160384817
 30
0.0
 11
6902.050244006121
 21
-8831.349160384801
 31
0.0
  0
LINE
  5
6F4
330
2
100
AcDbEntity
  8
A-DOOR-FRAME
 62
     0
100
AcDbLine
 10
6902.050244006121
 20
-8831.349160384801
 30
0.0
 11
7287.050244006121
 21
-8831.349160384801
 31
0.0
  0
LINE
  5
6F5
330
2
100
AcDbEntity
  8
A-DOOR-FRAME
 62
     0
100
AcDbLine
 10
7287.050244006121
 20
-8831.349160384801
 30
0.0
 11
7287.050244006121
 21
-7921.349160384817
 31
0.0
  0
LINE
  5
6F6
330
2
100
AcDbEntity
  8
A-DOOR-FRAME
 62
     0
100
AcDbLine
 10
6917.050244006121
 20
-7941.349160384817
 30
0.0
 11
6917.050244006121
 21
-8816.349160384815
 31
0.0
  0
LINE
  5
6F7
330
2
100
AcDbEntity
  8
A-DOOR-FRAME
 62
     0
100
AcDbLine
 10
6917.050244006121
 20
-8816.349160384815
 30
0.0
 11
7272.050244006121
 21
-8816.349160384815
 31
0.0
  0
LINE
  5
6F8
330
2
100
AcDbEntity
  8
A-DOOR-FRAME
 62
     0
100
AcDbLine
 10
7272.050244006121
 20
-8816.349160384815
 30
0.0
 11
7272.050244006122
 21
-7941.349160384817
 31
0.0
  0
LINE
  5
6F9
330
2
100
AcDbEntity
  8
A-DOOR-FRAME
 62
     0
 48
2.0
100
AcDbLine
 10
6917.050244006121
 20
-8816.349160384815
 30
0.0
 11
6902.050244006121
 21
-8831.349160384815
 31
0.0
  0
LINE
  5
6FA
330
2
100
AcDbEntity
  8
A-DOOR-FRAME
 62
     0
 48
2.0
100
AcDbLine
 10
7272.050244006121
 20
-8816.349160384815
 30
0.0
 11
7287.050244006121
 21
-8831.349160384815
 31
0.0
  0
LINE
  5
6FB
330
2
100
AcDbEntity
  8
A-DOOR-FRAME
 62
     0
 48
2.0
100
AcDbLine
 10
7272.050244006122
 20
-7941.349160384817
 30
0.0
 11
7272.050244006121
 21
-8816.349160384815
 31
0.0
  0
LINE
  5
6FC
330
2
100
AcDbEntity
  8
A-DOOR-FRAME
 62
     0
 48
2.0
100
AcDbLine
 10
7272.050244006121
 20
-8816.349160384815
 30
0.0
 11
6917.050244006121
 21
-8816.349160384815
 31
0.0
  0
LINE
  5
6FD
330
2
100
AcDbEntity
  8
A-DOOR-FRAME
 62
     0
 48
2.0
100
AcDbLine
 10
6917.050244006121
 20
-8816.349160384815
 30
0.0
 11
6917.050244006107
 21
-7941.349160384817
 31
0.0
  0
LINE
  5
6FE
330
2
100
AcDbEntity
  8
A-DOOR-FRAME
 62
     0
 48
2.0
100
AcDbLine
 10
6902.050244006122
 20
-7921.349160384817
 30
0.0
 11
7287.050244006121
 21
-7921.349160384817
 31
0.0
  0
LINE
  5
6FF
330
2
100
AcDbEntity
  8
A-DOOR-FRAME
 62
     0
 48
2.0
100
AcDbLine
 10
6917.050244006121
 20
-7941.349160384817
 30
0.0
 11
7272.050244006122
 21
-7941.349160384817
 31
0.0
  0
LINE
  5
700
330
2
100
AcDbEntity
  8
A-DOOR-TRIM
 62
     0
 48
2.0
100
AcDbLine
 10
7287.050244006121
 20
-7921.349160384817
 30
0.0
 11
7272.050244006122
 21
-7941.349160384817
 31
0.0
  0
LINE
  5
701
330
2
100
AcDbEntity
  8
A-DOOR-TRIM
 62
     0
 48
2.0
100
AcDbLine
 10
6917.050244006121
 20
-7941.349160384817
 30
0.0
 11
6902.050244006122
 21
-7921.349160384817
 31
0.0
  0
LINE
  5
702
330
2
100
AcDbEntity
  8
0
 48
2.5
100
AcDbLine
 10
7272.050244006137
 20
-8556.349160384819
 30
0.0
 11
7102.050244006135
 21
-8556.349160384817
 31
0.0
  0
LINE
  5
703
330
2
100
AcDbEntity
  8
0
 48
2.5
100
AcDbLine
 10
7087.050244006135
 20
-8556.349160384817
 30
0.0
 11
6917.050244006119
 21
-8556.349160384817
 31
0.0
  0
LINE
  5
704
330
2
100
AcDbEntity
  8
0
 48
2.5
100
AcDbLine
 10
7087.050244006106
 20
-8816.349160384815
 30
0.0
 11
7087.050244006121
 21
-7941.349160384817
 31
0.0
  0
LINE
  5
705
330
2
100
AcDbEntity
  8
0
 48
2.5
100
AcDbLine
 10
6917.050244006135
 20
-8201.349160384816
 30
0.0
 11
7087.050244006121
 21
-8201.349160384816
 31
0.0
  0
LINE
  5
706
330
2
100
AcDbEntity
  8
0
 48
2.5
100
AcDbLine
 10
7102.050244006122
 20
-8201.349160384816
 30
0.0
 11
7272.050244006122
 21
-8201.349160384816
 31
0.0
  0
LINE
  5
707
330
2
100
AcDbEntity
  8
0
 48
2.5
100
AcDbLine
 10
7272.050244006137
 20
-8541.34916038482
 30
0.0
 11
7102.050244006135
 21
-8541.349160384816
 31
0.0
  0
LINE
  5
708
330
2
100
AcDbEntity
  8
0
 48
2.5
100
AcDbLine
 10
7087.050244006135
 20
-8541.349160384816
 30
0.0
 11
6917.050244006119
 21
-8541.349160384816
 31
0.0
  0
LINE
  5
709
330
2
100
AcDbEntity
  8
0
 48
2.5
100
AcDbLine
 10
7102.050244006135
 20
-8816.349160384815
 30
0.0
 11
7102.050244006122
 21
-7941.349160384817
 31
0.0
  0
LINE
  5
70A
330
2
100
AcDbEntity
  8
0
 48
2.5
100
AcDbLine
 10
6917.050244006135
 20
-8216.349160384833
 30
0.0
 11
7087.050244006121
 21
-8216.349160384845
 31
0.0
  0
LINE
  5
70B
330
2
100
AcDbEntity
  8
0
 48
2.5
100
AcDbLine
 10
7102.050244006122
 20
-8216.349160384845
 30
0.0
 11
7272.050244006122
 21
-8216.349160384833
 31
0.0
  0
LINE
  5
70C
330
2
100
AcDbEntity
  8
0
100
AcDbLine
 10
7087.050244006106
 20
-8816.349160384815
 30
0.0
 11
7102.050244006135
 21
-8816.349160384815
 31
0.0
  0
LINE
  5
70D
330
2
100
AcDbEntity
  8
A-DOOR-FRAME
 62
     0
 48
2.0
100
AcDbLine
 10
5238.851464661475
 20
-8831.349160384815
 30
0.0
 11
5238.851464661447
 21
-7921.349160384817
 31
0.0
  0
LINE
  5
70E
330
2
100
AcDbEntity
  8
A-DOOR-FRAME
 62
     0
 48
2.0
100
AcDbLine
 10
5623.851464661447
 20
-7921.349160384817
 30
0.0
 11
5623.851464661475
 21
-8831.349160384815
 31
0.0
  0
LINE
  5
70F
330
2
100
AcDbEntity
  8
A-DOOR-FRAME
 62
     0
100
AcDbLine
 10
5238.851464661475
 20
-7921.349160384817
 30
0.0
 11
5238.851464661475
 21
-8831.349160384801
 31
0.0
  0
LINE
  5
710
330
2
100
AcDbEntity
  8
A-DOOR-FRAME
 62
     0
100
AcDbLine
 10
5238.851464661475
 20
-8831.349160384801
 30
0.0
 11
5623.851464661475
 21
-8831.349160384801
 31
0.0
  0
LINE
  5
711
330
2
100
AcDbEntity
  8
A-DOOR-FRAME
 62
     0
100
AcDbLine
 10
5623.851464661475
 20
-8831.349160384801
 30
0.0
 11
5623.851464661476
 21
-7921.349160384817
 31
0.0
  0
LINE
  5
712
330
2
100
AcDbEntity
  8
A-DOOR-FRAME
 62
     0
100
AcDbLine
 10
5253.851464661476
 20
-7941.349160384817
 30
0.0
 11
5253.851464661475
 21
-8816.349160384815
 31
0.0
  0
LINE
  5
713
330
2
100
AcDbEntity
  8
A-DOOR-FRAME
 62
     0
100
AcDbLine
 10
5253.851464661475
 20
-8816.349160384815
 30
0.0
 11
5608.851464661475
 21
-8816.349160384815
 31
0.0
  0
LINE
  5
714
330
2
100
AcDbEntity
  8
A-DOOR-FRAME
 62
     0
100
AcDbLine
 10
5608.851464661475
 20
-8816.349160384815
 30
0.0
 11
5608.851464661476
 21
-7941.349160384817
 31
0.0
  0
LINE
  5
715
330
2
100
AcDbEntity
  8
A-DOOR-FRAME
 62
     0
 48
2.0
100
AcDbLine
 10
5253.851464661475
 20
-8816.349160384815
 30
0.0
 11
5238.851464661475
 21
-8831.349160384815
 31
0.0
  0
LINE
  5
716
330
2
100
AcDbEntity
  8
A-DOOR-FRAME
 62
     0
 48
2.0
100
AcDbLine
 10
5608.851464661475
 20
-8816.349160384815
 30
0.0
 11
5623.851464661475
 21
-8831.349160384815
 31
0.0
  0
LINE
  5
717
330
2
100
AcDbEntity
  8
A-DOOR-FRAME
 62
     0
 48
2.0
100
AcDbLine
 10
5608.851464661476
 20
-7941.349160384817
 30
0.0
 11
5608.851464661475
 21
-8816.349160384815
 31
0.0
  0
LINE
  5
718
330
2
100
AcDbEntity
  8
A-DOOR-FRAME
 62
     0
 48
2.0
100
AcDbLine
 10
5608.851464661475
 20
-8816.349160384815
 30
0.0
 11
5253.851464661475
 21
-8816.349160384815
 31
0.0
  0
LINE
  5
719
330
2
100
AcDbEntity
  8
A-DOOR-FRAME
 62
     0
 48
2.0
100
AcDbLine
 10
5253.851464661475
 20
-8816.349160384815
 30
0.0
 11
5253.851464661462
 21
-7941.349160384817
 31
0.0
  0
LINE
  5
71A
330
2
100
AcDbEntity
  8
A-DOOR-FRAME
 62
     0
 48
2.0
100
AcDbLine
 10
5238.851464661475
 20
-7921.349160384817
 30
0.0
 11
5623.851464661476
 21
-7921.349160384817
 31
0.0
  0
LINE
  5
71B
330
2
100
AcDbEntity
  8
A-DOOR-FRAME
 62
     0
 48
2.0
100
AcDbLine
 10
5253.851464661476
 20
-7941.349160384817
 30
0.0
 11
5608.851464661476
 21
-7941.349160384817
 31
0.0
  0
LINE
  5
71C
330
2
100
AcDbEntity
  8
A-DOOR-TRIM
 62
     0
 48
2.0
100
AcDbLine
 10
5623.851464661476
 20
-7921.349160384817
 30
0.0
 11
5608.851464661476
 21
-7941.349160384817
 31
0.0
  0
LINE
  5
71D
330
2
100
AcDbEntity
  8
A-DOOR-TRIM
 62
     0
 48
2.0
100
AcDbLine
 10
5253.851464661476
 20
-7941.349160384817
 30
0.0
 11
5238.851464661475
 21
-7921.349160384817
 31
0.0
  0
LINE
  5
71E
330
2
100
AcDbEntity
  8
0
100
AcDbLine
 10
5423.85146466146
 20
-8816.349160384815
 30
0.0
 11
5438.851464661489
 21
-8816.349160384815
 31
0.0
  0
LWPOLYLINE
  5
71F
330
2
100
AcDbEntity
  8
0
100
AcDbPolyline
 90
        4
 70
     1
 43
0.0
 10
5253.851464661475
 20
-8816.349160384815
 10
5608.851464661476
 20
-8816.349160384815
 10
5608.851464661476
 20
-7941.349160384817
 10
5253.851464661475
 20
-7941.349160384817
  0
MTEXT
  5
720
330
2
100
AcDbEntity
  8
0
100
AcDbMText
 10
5825.077250328757
 20
-8861.625151129301
 30
0.0
 40
54.74655996767562
 41
398.9955122230449
 46
0.0
 71
     1
 72
     5
  1
四角回纹
  7
宋体
 73
     1
 44
1.0
  0
MTEXT
  5
722
330
2
100
AcDbEntity
  8
0
100
AcDbMText
 10
6367.961873367513
 20
-8861.625151129301
 30
0.0
 40
54.74655996767562
 41
398.9955122230449
 46
0.0
 71
     1
 72
     5
  1
双边框
  7
宋体
 73
     1
 44
1.0
  0
MTEXT
  5
723
330
2
100
AcDbEntity
  8
0
100
AcDbMText
 10
6901.201231094742
 20
-8861.081160373123
 30
0.0
 40
54.74655996767562
 41
650.3065538059794
 46
0.0
 71
     1
 72
     1
  1
{\fSimSun|b0|i0|c134|p2;六格线条}
 73
     1
 44
1.0
  0
LINE
  5
724
330
2
100
AcDbEntity
  8
A-DOOR-FRAME
 62
     0
 48
2.0
100
AcDbLine
 10
7423.229480151518
 20
-8831.349160384815
 30
0.0
 11
7423.229480151492
 21
-7921.349160384817
 31
0.0
  0
LINE
  5
725
330
2
100
AcDbEntity
  8
A-DOOR-FRAME
 62
     0
 48
2.0
100
AcDbLine
 10
7808.229480151492
 20
-7921.349160384817
 30
0.0
 11
7808.229480151521
 21
-8831.349160384815
 31
0.0
  0
LINE
  5
726
330
2
100
AcDbEntity
  8
A-DOOR-FRAME
 62
     0
100
AcDbLine
 10
7423.229480151521
 20
-7921.349160384817
 30
0.0
 11
7423.229480151518
 21
-8831.349160384801
 31
0.0
  0
LINE
  5
727
330
2
100
AcDbEntity
  8
A-DOOR-FRAME
 62
     0
100
AcDbLine
 10
7423.229480151518
 20
-8831.349160384801
 30
0.0
 11
7808.229480151521
 21
-8831.349160384801
 31
0.0
  0
LINE
  5
728
330
2
100
AcDbEntity
  8
A-DOOR-FRAME
 62
     0
100
AcDbLine
 10
7808.229480151521
 20
-8831.349160384801
 30
0.0
 11
7808.229480151521
 21
-7921.349160384817
 31
0.0
  0
LINE
  5
729
330
2
100
AcDbEntity
  8
A-DOOR-FRAME
 62
     0
100
AcDbLine
 10
7438.229480151521
 20
-7941.349160384817
 30
0.0
 11
7438.22948015152
 21
-8816.349160384815
 31
0.0
  0
LINE
  5
72A
330
2
100
AcDbEntity
  8
A-DOOR-FRAME
 62
     0
100
AcDbLine
 10
7438.22948015152
 20
-8816.349160384815
 30
0.0
 11
7793.22948015152
 21
-8816.349160384815
 31
0.0
  0
LINE
  5
72B
330
2
100
AcDbEntity
  8
A-DOOR-FRAME
 62
     0
100
AcDbLine
 10
7793.22948015152
 20
-8816.349160384815
 30
0.0
 11
7793.229480151521
 21
-7941.349160384817
 31
0.0
  0
LINE
  5
72C
330
2
100
AcDbEntity
  8
A-DOOR-FRAME
 62
     0
 48
2.0
100
AcDbLine
 10
7438.22948015152
 20
-8816.349160384815
 30
0.0
 11
7423.229480151518
 21
-8831.349160384815
 31
0.0
  0
LINE
  5
72D
330
2
100
AcDbEntity
  8
A-DOOR-FRAME
 62
     0
 48
2.0
100
AcDbLine
 10
7793.22948015152
 20
-8816.349160384815
 30
0.0
 11
7808.229480151521
 21
-8831.349160384815
 31
0.0
  0
LINE
  5
72E
330
2
100
AcDbEntity
  8
A-DOOR-FRAME
 62
     0
 48
2.0
100
AcDbLine
 10
7793.229480151521
 20
-7941.349160384817
 30
0.0
 11
7793.22948015152
 21
-8816.349160384815
 31
0.0
  0
LINE
  5
72F
330
2
100
AcDbEntity
  8
A-DOOR-FRAME
 62
     0
 48
2.0
100
AcDbLine
 10
7793.22948015152
 20
-8816.349160384815
 30
0.0
 11
7438.22948015152
 21
-8816.349160384815
 31
0.0
  0
LINE
  5
730
330
2
100
AcDbEntity
  8
A-DOOR-FRAME
 62
     0
 48
2.0
100
AcDbLine
 10
7438.22948015152
 20
-8816.349160384815
 30
0.0
 11
7438.229480151505
 21
-7941.349160384817
 31
0.0
  0
LINE
  5
731
330
2
100
AcDbEntity
  8
A-DOOR-FRAME
 62
     0
 48
2.0
100
AcDbLine
 10
7423.229480151521
 20
-7921.349160384817
 30
0.0
 11
7808.229480151521
 21
-7921.349160384817
 31
0.0
  0
LINE
  5
732
330
2
100
AcDbEntity
  8
A-DOOR-FRAME
 62
     0
 48
2.0
100
AcDbLine
 10
7438.229480151521
 20
-7941.349160384817
 30
0.0
 11
7793.229480151521
 21
-7941.349160384817
 31
0.0
  0
LINE
  5
733
330
2
100
AcDbEntity
  8
A-DOOR-TRIM
 62
     0
 48
2.0
100
AcDbLine
 10
7808.229480151521
 20
-7921.349160384817
 30
0.0
 11
7793.229480151521
 21
-7941.349160384817
 31
0.0
  0
LINE
  5
734
330
2
100
AcDbEntity
  8
A-DOOR-TRIM
 62
     0
 48
2.0
100
AcDbLine
 10
7438.229480151521
 20
-7941.349160384817
 30
0.0
 11
7423.229480151521
 21
-7921.349160384817
 31
0.0
  0
LINE
  5
735
330
2
100
AcDbEntity
  8
0
 48
2.5
100
AcDbLine
 10
7793.229480151534
 20
-8623.355878684288
 30
0.0
 11
7623.229480151535
 21
-8623.355878684284
 31
0.0
  0
LINE
  5
736
330
2
100
AcDbEntity
  8
0
 48
2.5
100
AcDbLine
 10
7608.229480151535
 20
-8623.355878684284
 30
0.0
 11
7438.229480151519
 21
-8623.355878684284
 31
0.0
  0
LINE
  5
737
330
2
100
AcDbEntity
  8
0
 48
2.5
100
AcDbLine
 10
7608.229480151506
 20
-8816.349160384815
 30
0.0
 11
7608.22948015152
 21
-7941.349160384817
 31
0.0
  0
LINE
  5
738
330
2
100
AcDbEntity
  8
0
 48
2.5
100
AcDbLine
 10
7438.229480151534
 20
-8153.690104722533
 30
0.0
 11
7608.22948015152
 21
-8153.690104722533
 31
0.0
  0
LINE
  5
739
330
2
100
AcDbEntity
  8
0
 48
2.5
100
AcDbLine
 10
7623.229480151521
 20
-8153.690104722533
 30
0.0
 11
7793.229480151524
 21
-8153.690104722533
 31
0.0
  0
LINE
  5
73A
330
2
100
AcDbEntity
  8
0
 48
2.5
100
AcDbLine
 10
7793.229480151534
 20
-8608.355878684291
 30
0.0
 11
7623.229480151535
 21
-8608.355878684283
 31
0.0
  0
LINE
  5
73B
330
2
100
AcDbEntity
  8
0
 48
2.5
100
AcDbLine
 10
7608.229480151535
 20
-8608.355878684283
 30
0.0
 11
7438.229480151519
 21
-8608.355878684283
 31
0.0
  0
LINE
  5
73C
330
2
100
AcDbEntity
  8
0
 48
2.5
100
AcDbLine
 10
7623.229480151535
 20
-8816.349160384815
 30
0.0
 11
7623.229480151521
 21
-7941.349160384817
 31
0.0
  0
LINE
  5
73D
330
2
100
AcDbEntity
  8
0
 48
2.5
100
AcDbLine
 10
7438.229480151534
 20
-8168.690104722548
 30
0.0
 11
7608.22948015152
 21
-8168.690104722562
 31
0.0
  0
LINE
  5
73E
330
2
100
AcDbEntity
  8
0
 48
2.5
100
AcDbLine
 10
7623.229480151521
 20
-8168.690104722562
 30
0.0
 11
7793.229480151524
 21
-8168.690104722548
 31
0.0
  0
LINE
  5
73F
330
2
100
AcDbEntity
  8
0
100
AcDbLine
 10
7608.229480151506
 20
-8816.349160384815
 30
0.0
 11
7623.229480151535
 21
-8816.349160384815
 31
0.0
  0
MTEXT
  5
740
330
2
100
AcDbEntity
  8
0
100
AcDbMText
 10
7422.380467240142
 20
-8861.081160373123
 30
0.0
 40
54.74655996767562
 41
650.3065538059794
 46
0.0
 71
     1
 72
     1
  1
{\fSimSun|b0|i0|c134|p2;八格线条}
 73
     1
 44
1.0
  0
LINE
  5
741
330
2
100
AcDbEntity
  8
0
 48
2.5
100
AcDbLine
 10
7793.229480151534
 20
-8406.942250803517
 30
0.0
 11
7623.229480151535
 21
-8406.942250803513
 31
0.0
  0
LINE
  5
742
330
2
100
AcDbEntity
  8
0
 48
2.5
100
AcDbLine
 10
7608.229480151535
 20
-8406.942250803513
 30
0.0
 11
7438.229480151519
 21
-8406.942250803513
 31
0.0
  0
LINE
  5
743
330
2
100
AcDbEntity
  8
0
 48
2.5
100
AcDbLine
 10
7793.229480151534
 20
-8391.942250803515
 30
0.0
 11
7623.229480151535
 21
-8391.942250803515
 31
0.0
  0
LINE
  5
744
330
2
100
AcDbEntity
  8
0
 48
2.5
100
AcDbLine
 10
7608.229480151535
 20
-8391.942250803515
 30
0.0
 11
7438.229480151519
 21
-8391.942250803515
 31
0.0
  0
MTEXT
  5
745
330
2
100
AcDbEntity
  8
0
100
AcDbMText
 10
7961.328674474815
 20
-8861.081160373123
 30
0.0
 40
54.74655996767562
 41
650.3065538059794
 46
0.0
 71
     1
 72
     1
  1
{\fSimSun|b0|i0|c134|p2;双边框+花件}
 73
     1
 44
1.0
  0
MTEXT
  5
746
330
2
100
AcDbEntity
  8
0
100
AcDbMText
 10
5248.871612435698
 20
-8858.449572573277
 30
0.0
 40
54.74655996767562
 41
401.4237986456662
 46
0.0
 71
     1
 72
     1
  1
单圈外围线
 73
     1
 44
1.0
  0
INSERT
  5
904
330
2
100
AcDbEntity
  8
0
100
AcDbBlockReference
  2
HJ01
 10
8422.854630760856
 20
-7888.97693587016
 30
0.0
  0
LINE
  5
906
330
2
100
AcDbEntity
  8
0
100
AcDbLine
 10
8390.354630760853
 20
-7941.476935870159
 30
0.0
 11
8455.354630760856
 21
-7941.476935870159
 31
0.0
  0
LINE
  5
907
330
2
100
AcDbEntity
  8
0
100
AcDbLine
 10
8455.354630760856
 20
-7941.476935870159
 30
0.0
 11
8455.354630760856
 21
-7921.476935870159
 31
0.0
  0
LINE
  5
908
330
2
100
AcDbEntity
  8
0
 48
2.5
100
AcDbLine
 10
8390.354630760853
 20
-7941.476935870158
 30
0.0
 11
8455.354630760856
 21
-7941.476935870158
 31
0.0
  0
LINE
  5
909
330
2
100
AcDbEntity
  8
0
 48
2.5
100
AcDbLine
 10
8390.354630760853
 20
-7941.476935870158
 30
0.0
 11
8455.354630760856
 21
-7941.476935870158
 31
0.0
  0
LINE
  5
90A
330
2
100
AcDbEntity
  8
0
 48
2.5
100
AcDbLine
 10
8390.354630760853
 20
-8006.476935870157
 30
0.0
 11
8455.354630760856
 21
-8006.476935870157
 31
0.0
  0
LINE
  5
90B
330
2
100
AcDbEntity
  8
0
 48
2.5
100
AcDbLine
 10
8390.354630760853
 20
-8026.476935870157
 30
0.0
 11
8455.354630760856
 21
-8026.476935870157
 31
0.0
  0
LWPOLYLINE
  5
90C
330
2
100
AcDbEntity
  8
0
 48
2.5
100
AcDbPolyline
 90
        4
 70
     1
 43
0.0
 10
8390.354630760853
 20
-7941.476935870158
 10
8455.354630760856
 20
-7941.476935870158
 10
8455.354630760856
 20
-8006.476935870157
 10
8390.354630760853
 20
-8006.476935870157
  0
INSERT
  5
90D
330
2
100
AcDbEntity
  8
0
100
AcDbBlockReference
  2
HJ01
 10
8422.854630760856
 20
-7973.976935870156
 30
0.0
 41
-1.0
 50
180.0
  0
LINE
  5
90E
330
2
100
AcDbEntity
  8
0
 48
2.5
100
AcDbLine
 10
8045.354630760778
 20
-7921.476935870159
 30
0.0
 11
7980.354630760776
 21
-7921.476935870159
 31
0.0
  0
LINE
  5
90F
330
2
100
AcDbEntity
  8
0
 48
2.5
100
AcDbLine
 10
8045.354630760778
 20
-7921.476935870159
 30
0.0
 11
7980.354630760776
 21
-7921.476935870159
 31
0.0
  0
LINE
  5
910
330
2
100
AcDbEntity
  8
0
 48
2.5
100
AcDbLine
 10
8045.354630760778
 20
-7856.476935870158
 30
0.0
 11
7980.354630760776
 21
-7856.476935870158
 31
0.0
  0
LINE
  5
911
330
2
100
AcDbEntity
  8
0
 48
2.5
100
AcDbLine
 10
8045.354630760778
 20
-7836.476935870159
 30
0.0
 11
7980.354630760776
 21
-7836.476935870159
 31
0.0
  0
LWPOLYLINE
  5
912
330
2
100
AcDbEntity
  8
0
 48
2.5
100
AcDbPolyline
 90
        4
 70
     1
 43
0.0
 10
8045.354630760778
 20
-7921.476935870159
 10
7980.354630760776
 20
-7921.476935870159
 10
7980.354630760776
 20
-7856.476935870158
 10
8045.354630760778
 20
-7856.476935870158
  0
INSERT
  5
913
330
2
100
AcDbEntity
  8
0
100
AcDbBlockReference
  2
HJ01
 10
8012.854630760775
 20
-7888.97693587016
 30
0.0
 41
-1.0
  0
LINE
  5
914
330
2
100
AcDbEntity
  8
0
100
AcDbLine
 10
8045.354630760778
 20
-7941.476935870159
 30
0.0
 11
7980.354630760776
 21
-7941.476935870159
 31
0.0
  0
LINE
  5
915
330
2
100
AcDbEntity
  8
0
100
AcDbLine
 10
7980.354630760776
 20
-7941.476935870159
 30
0.0
 11
7980.354630760776
 21
-7921.476935870159
 31
0.0
  0
LINE
  5
916
330
2
100
AcDbEntity
  8
0
 48
2.5
100
AcDbLine
 10
8045.354630760778
 20
-7941.476935870158
 30
0.0
 11
7980.354630760776
 21
-7941.476935870158
 31
0.0
  0
LINE
  5
917
330
2
100
AcDbEntity
  8
0
 48
2.5
100
AcDbLine
 10
8045.354630760778
 20
-7941.476935870158
 30
0.0
 11
7980.354630760776
 21
-7941.476935870158
 31
0.0
  0
LINE
  5
918
330
2
100
AcDbEntity
  8
0
 48
2.5
100
AcDbLine
 10
8045.354630760778
 20
-8006.476935870157
 30
0.0
 11
7980.354630760776
 21
-8006.476935870157
 31
0.0
  0
LINE
  5
919
330
2
100
AcDbEntity
  8
0
 48
2.5
100
AcDbLine
 10
8045.354630760778
 20
-8026.476935870157
 30
0.0
 11
7980.354630760776
 21
-8026.476935870157
 31
0.0
  0
LWPOLYLINE
  5
91A
330
2
100
AcDbEntity
  8
0
 48
2.5
100
AcDbPolyline
 90
        4
 70
     1
 43
0.0
 10
8045.354630760778
 20
-7941.476935870158
 10
7980.354630760776
 20
-7941.476935870158
 10
7980.354630760776
 20
-8006.476935870157
 10
8045.354630760778
 20
-8006.476935870157
  0
INSERT
  5
91B
330
2
100
AcDbEntity
  8
0
100
AcDbBlockReference
  2
HJ01
 10
8012.854630760775
 20
-7973.976935870156
 30
0.0
 50
180.0
  0
ENDSEC
  0
SECTION
  2
OBJECTS
  0
DICTIONARY
  5
A
330
0
100
AcDbDictionary
281
     1
  3
ACAD_CIP_PREVIOUS_PRODUCT_INFO
350
77B
  3
ACAD_COLOR
350
44
  3
ACAD_DETAILVIEWSTYLE
350
775
  3
ACAD_GROUP
350
31
  3
ACAD_LAYOUT
350
17
  3
ACAD_MATERIAL
350
C
  3
ACAD_MLEADERSTYLE
350
47
  3
ACAD_MLINESTYLE
350
32
  3
ACAD_PLOTSETTINGS
350
33
  3
ACAD_PLOTSTYLENAME
350
9
  3
ACAD_SCALELIST
350
45
  3
ACAD_SECTIONVIEWSTYLE
350
773
  3
ACAD_TABLESTYLE
350
46
  3
ACAD_VISUALSTYLE
350
2A
  3
ACDB_RECOMPOSE_DATA
350
91D
  3
ACDBVARIABLEDICTIONARY
350
48
  0
DICTIONARY
  5
1D
330
1C
100
AcDbDictionary
280
     1
281
     1
  3
ACAD_LAYERSTATES
360
1E
  0
DICTIONARY
  5
3
330
2
100
AcDbDictionary
280
     1
281
     1
  3
ACAD_ASSOCNETWORK
360
4
  3
ACAD_SORTENTS
360
747
  0
XRECORD
  5
77B
102
{ACAD_REACTORS
330
A
102
}
330
A
100
AcDbXrecord
280
     1
300
ACD
300
2022
300

  0
DICTIONARY
  5
44
102
{ACAD_REACTORS
330
A
102
}
330
A
100
AcDbDictionary
281
     1
  0
DICTIONARY
  5
775
102
{ACAD_REACTORS
330
A
102
}
330
A
100
AcDbDictionary
281
     1
  3
Imperial24
350
776
  0
DICTIONARY
  5
31
102
{ACAD_REACTORS
330
A
102
}
330
A
100
AcDbDictionary
281
     1
  0
DICTIONARY
  5
17
102
{ACAD_REACTORS
330
A
102
}
330
A
100
AcDbDictionary
281
     1
  3
Layout1
350
1B
  3
Model
350
16
  0
DICTIONARY
  5
C
102
{ACAD_REACTORS
330
A
102
}
330
A
100
AcDbDictionary
281
     1
  3
ByBlock
350
3C
  3
ByLayer
350
34
  3
Global
350
B
  0
DICTIONARY
  5
47
102
{ACAD_REACTORS
330
A
102
}
330
A
100
AcDbDictionary
281
     1
  3
Standard
350
772
  0
DICTIONARY
  5
32
102
{ACAD_REACTORS
330
A
102
}
330
A
100
AcDbDictionary
281
     1
  3
Standard
350
65
  0
DICTIONARY
  5
33
102
{ACAD_REACTORS
330
A
102
}
330
A
100
AcDbDictionary
281
     1
  0
ACDBDICTIONARYWDFLT
  5
9
102
{ACAD_REACTORS
330
A
102
}
330
A
100
AcDbDictionary
281
     1
  3
Normal
350
8
100
AcDbDictionaryWithDefault
340
8
  0
DICTIONARY
  5
45
102
{ACAD_REACTORS
330
A
102
}
330
A
100
AcDbDictionary
281
     1
  3
A0
350
69
  3
A1
350
6A
  3
A2
350
6B
  3
A3
350
6C
  3
A4
350
6D
  3
A5
350
6E
  3
A6
350
6F
  3
A7
350
70
  3
A8
350
71
  3
A9
350
72
  3
B0
350
73
  3
B1
350
74
  3
B2
350
75
  3
B3
350
76
  3
B4
350
77
  3
B5
350
78
  3
B6
350
79
  0
DICTIONARY
  5
773
102
{ACAD_REACTORS
330
A
102
}
330
A
100
AcDbDictionary
281
     1
  3
Imperial24
350
774
  0
DICTIONARY
  5
46
102
{ACAD_REACTORS
330
A
102
}
330
A
100
AcDbDictionary
281
     1
  3
Standard
350
66
  0
DICTIONARY
  5
2A
102
{ACAD_REACTORS
330
A
102
}
330
A
100
AcDbDictionary
281
     1
  3
2dWireframe
350
29
  3
Basic
350
761
  3
Brighten
350
765
  3
ColorChange
350
769
  3
Conceptual
350
763
  3
Dim
350
764
  3
EdgeColorOff
350
771
  3
Facepattern
350
768
  3
Flat
350
75D
  3
FlatWithEdges
350
75E
  3
Gouraud
350
75F
  3
GouraudWithEdges
350
760
  3
Hidden
350
762
  3
JitterOff
350
76F
  3
Linepattern
350
767
  3
OverhangOff
350
770
  3
Realistic
350
67
  3
Shaded
350
76E
  3
Shaded with edges
350
76D
  3
Shades of Gray
350
76A
  3
Sketchy
350
76B
  3
Thicken
350
766
  3
Wireframe
350
68
  3
X-Ray
350
76C
  0
XRECORD
  5
91D
102
{ACAD_REACTORS
330
A
102
}
330
A
100
AcDbXrecord
280
     1
 90
        1
330
66
  0
DICTIONARY
  5
48
102
{ACAD_REACTORS
330
A
102
}
330
A
100
AcDbDictionary
281
     2
  3
#REVCLOUDAPPROXARCLEN
350
49
  3
ANNOALLVISIBLE
350
4A
  3
CANNOSCALE
350
4B
  3
CMLEADERSTYLE
350
4C
  3
CTABLESTYLE
350
4D
  3
CVIEWDETAILSTYLE
350
4E
  3
CVIEWSECTIONSTYLE
350
4F
  3
DIMADEC
350
50
  3
DIMASSOC
350
51
  3
DWFFRAME
350
52
  3
EXPORTPAPERSPACE
350
53
  3
FIELDEVAL
350
54
  3
HIDETEXT
350
55
  3
HPCOLOR
350
56
  3
HPINHERIT
350
57
  3
HPLAYER
350
58
  3
HPTRANSPARENCY
350
59
  3
INDEXCTL
350
5A
  3
LAYEREVAL
350
5B
  3
LAYERNOTIFY
350
5C
  3
LIGHTINGUNITS
350
5D
  3
MLEADERSCALE
350
5E
  3
MSLTSCALE
350
5F
  3
OLEFRAME
350
60
  3
PDFFRAME
350
61
  3
SOLIDHIST
350
62
  3
SORTENTS
350
63
  3
UPDATETHUMBNAIL
350
64
  0
DICTIONARY
  5
1E
102
{ACAD_REACTORS
330
1D
102
}
330
1D
100
AcDbDictionary
281
     1
  0
DICTIONARY
  5
4
102
{ACAD_REACTORS
330
3
102
}
330
3
100
AcDbDictionary
281
     1
  0
SORTENTSTABLE
  5
747
102
{ACAD_REACTORS
330
3
102
}
330
3
100
AcDbSortentsTable
330
2
331
508
  5
509
331
68B
  5
68C
331
68C
  5
68D
331
68D
  5
68F
331
68F
  5
690
331
690
  5
691
331
691
  5
692
331
692
  5
693
331
693
  5
694
331
694
  5
695
331
695
  5
696
331
696
  5
697
331
697
  5
698
331
698
  5
69B
331
69B
  5
69C
331
69C
  5
69D
331
69D
  5
69E
331
69E
  5
69F
331
69F
  5
6A0
331
6A0
  5
6A1
331
6A1
  5
6A2
331
6A2
  5
6A3
331
6A3
  5
6A4
331
6A4
  5
6A5
331
6A5
  5
6A6
331
6A6
  5
6A7
331
6A7
  5
6A8
331
6A8
  5
6A9
331
6A9
  5
6AA
331
6AA
  5
6AC
331
6AC
  5
6AD
331
6AD
  5
6AE
331
6AE
  5
6AF
331
6AF
  5
6B0
331
6B0
  5
6B1
331
6B1
  5
6B2
331
6B2
  5
6B3
331
6B3
  5
6B4
331
6B4
  5
6B5
331
6B5
  5
6B6
331
6B6
  5
6B7
331
6B7
  5
6B8
331
6B8
  5
6B9
331
6B9
  5
6BA
331
6BA
  5
6BB
331
6BB
  5
6BC
331
6BC
  5
6BD
331
6BD
  5
6BE
331
6BE
  5
6BF
331
6BF
  5
6C0
331
6C0
  5
6C1
331
6C1
  5
6C2
331
6C2
  5
6C3
331
6C3
  5
6C4
331
6C4
  5
6C5
331
6C5
  5
6C6
331
6C6
  5
6C7
331
6C7
  5
6C8
331
6C8
  5
6C9
331
6C9
  5
6CA
331
6CA
  5
6CB
331
6CB
  5
6CC
331
6CC
  5
6CD
331
6CD
  5
6CF
331
6CF
  5
6D0
331
6D0
  5
6D1
331
6D1
  5
6D2
331
6D2
  5
6D3
331
6D3
  5
6D4
331
6D4
  5
6D5
331
6D5
  5
6D6
331
6D6
  5
6D7
331
6D7
  5
6D8
331
6D8
  5
6D9
331
6D9
  5
6DA
331
6DA
  5
6DB
331
6DB
  5
6DC
331
6DC
  5
6DD
331
6DD
  5
6DE
331
6DE
  5
6DF
331
6DF
  5
6E0
331
6E0
  5
6E1
331
6E1
  5
6E2
331
6E2
  5
6E3
331
6E3
  5
6E4
331
6E4
  5
6E5
331
6E5
  5
6E6
331
6E6
  5
6E7
331
6E7
  5
6E8
331
6E8
  5
6E9
331
6E9
  5
6EA
331
6EA
  5
6EB
331
6EB
  5
6EC
331
6EC
  5
6ED
331
6ED
  5
6EE
331
6EE
  5
6EF
331
6EF
  5
6F0
331
6F0
  5
6F1
331
6F1
  5
6F2
331
6F2
  5
6F3
331
6F3
  5
6F4
331
6F4
  5
6F5
331
6F5
  5
6F6
331
6F6
  5
6F7
331
6F7
  5
6F8
331
6F8
  5
6F9
331
6F9
  5
6FA
331
6FA
  5
6FB
331
6FB
  5
6FC
331
6FC
  5
6FD
331
6FD
  5
6FE
331
6FE
  5
6FF
331
6FF
  5
700
331
700
  5
701
331
701
  5
702
331
702
  5
703
331
703
  5
704
331
704
  5
705
331
705
  5
706
331
706
  5
707
331
707
  5
708
331
708
  5
709
331
709
  5
70A
331
70A
  5
70B
331
70B
  5
70C
331
70C
  5
70D
331
70D
  5
70E
331
70E
  5
70F
331
70F
  5
710
331
710
  5
711
331
711
  5
712
331
712
  5
713
331
713
  5
714
331
714
  5
715
331
715
  5
716
331
716
  5
717
331
717
  5
718
331
718
  5
719
331
719
  5
71A
331
71A
  5
71B
331
71B
  5
71C
331
71C
  5
71D
331
71D
  5
71E
331
71E
  5
71F
331
71F
  5
720
331
720
  5
722
331
722
  5
723
331
723
  5
724
331
724
  5
725
331
725
  5
726
331
726
  5
727
331
727
  5
728
331
728
  5
729
331
729
  5
72A
331
72A
  5
72B
331
72B
  5
72C
331
72C
  5
72D
331
72D
  5
72E
331
72E
  5
72F
331
72F
  5
730
331
730
  5
731
331
731
  5
732
331
732
  5
733
331
733
  5
734
331
734
  5
735
331
735
  5
736
331
736
  5
737
331
737
  5
738
331
738
  5
739
331
739
  5
73A
331
73A
  5
73B
331
73B
  5
73C
331
73C
  5
73D
331
73D
  5
73E
331
73E
  5
73F
331
73F
  5
740
331
740
  5
741
331
741
  5
742
331
742
  5
743
331
743
  5
744
331
744
  5
745
331
745
  5
746
331
746
  5
904
331
904
  5
905
  0
ACDBDETAILVIEWSTYLE
  5
776
102
{ACAD_XDICTIONARY
360
920
102
}
102
{ACAD_REACTORS
330
775
102
}
330
775
100
AcDbModelDocViewStyle
 70
     0
  3
Imperial24
290
     0
100
AcDbDetailViewStyle
 70
     0
 71
     0
 90
        3
 71
     1
340
20
 62
   256
 40
0.24
340
0
 62
   256
 40
0.24
300

 40
0.36
280
     3
 71
     2
340
14
 90
       25
 62
   256
 71
     3
340
20
 62
   256
 40
0.24
 90
        1
 40
0.75
 90
        1
300
%<\AcVar ViewType \f "%tc1">% %<\AcVar ViewDetailId>%\PSCALE %<\AcVar ViewScale \f "%sn">%
 71
     4
340
14
 90
       25
 62
   256
340
14
 90
       25
 62
   256
280
     0
  0
LAYOUT
  5
1B
102
{ACAD_REACTORS
330
17
102
}
330
17
100
AcDbPlotSettings
  1

  2

  4

  6

 40
0.0
 41
0.0
 42
0.0
 43
0.0
 44
0.0
 45
0.0
 46
0.0
 47
0.0
 48
0.0
 49
0.0
140
0.0
141
0.0
142
1.0
143
1.0
 70
   688
 72
     0
 73
     0
 74
     5
  7

 75
    16
147
1.0
 76
     0
 77
     2
 78
   300
148
0.0
149
0.0
100
AcDbLayout
  1
Layout1
 70
     1
 71
     1
 10
0.0
 20
0.0
 11
12.0
 21
9.0
 12
0.0
 22
0.0
 32
0.0
 14
1.000000000000000E+20
 24
1.000000000000000E+20
 34
1.000000000000000E+20
 15
-1.000000000000000E+20
 25
-1.000000000000000E+20
 35
-1.000000000000000E+20
146
0.0
 13
0.0
 23
0.0
 33
0.0
 16
1.0
 26
0.0
 36
0.0
 17
0.0
 27
1.0
 37
0.0
 76
     0
330
18
  0
LAYOUT
  5
16
102
{ACAD_REACTORS
330
17
102
}
330
17
100
AcDbPlotSettings
  1

  2

  4

  6

 40
0.0
 41
0.0
 42
0.0
 43
0.0
 44
0.0
 45
0.0
 46
0.0
 47
0.0
 48
0.0
 49
0.0
140
0.0
141
0.0
142
1.0
143
1.0
 70
  1712
 72
     0
 73
     0
 74
     0
  7

 75
     0
147
1.0
 76
     0
 77
     2
 78
   300
148
0.0
149
0.0
100
AcDbLayout
  1
Model
 70
     1
 71
     0
 10
0.0
 20
0.0
 11
12.0
 21
9.0
 12
0.0
 22
0.0
 32
0.0
 14
0.0
 24
0.0
 34
0.0
 15
0.0
 25
0.0
 35
0.0
146
0.0
 13
0.0
 23
0.0
 33
0.0
 16
1.0
 26
0.0
 36
0.0
 17
0.0
 27
1.0
 37
0.0
 76
     0
330
2
331
28
  0
MATERIAL
  5
3C
102
{ACAD_XDICTIONARY
360
3D
102
}
102
{ACAD_REACTORS
330
C
102
}
330
C
100
AcDbMaterial
  1
ByBlock
 72
     0
 43
0.0208333333333333
 43
0.0
 43
0.0
 43
0.0
 43
0.0
 43
0.0208333333333333
 43
0.0
 43
0.0
 43
0.0
 43
0.0
 43
1.0
 43
0.0
 43
0.0
 43
0.0
 43
0.0
 43
1.0
 77
     0
 47
0.0208333333333333
 47
0.0
 47
0.0
 47
0.0
 47
0.0
 47
0.0208333333333333
 47
0.0
 47
0.0
 47
0.0
 47
0.0
 47
1.0
 47
0.0
 47
0.0
 47
0.0
 47
0.0
 47
1.0
171
     0
 49
0.0208333333333333
 49
0.0
 49
0.0
 49
0.0
 49
0.0
 49
0.0208333333333333
 49
0.0
 49
0.0
 49
0.0
 49
0.0
 49
1.0
 49
0.0
 49
0.0
 49
0.0
 49
0.0
 49
1.0
175
     0
142
0.0208333333333333
142
0.0
142
0.0
142
0.0
142
0.0
142
0.0208333333333333
142
0.0
142
0.0
142
0.0
142
0.0
142
1.0
142
0.0
142
0.0
142
0.0
142
0.0
142
1.0
179
     0
144
0.0208333333333333
144
0.0
144
0.0
144
0.0
144
0.0
144
0.0208333333333333
144
0.0
144
0.0
144
0.0
144
0.0
144
1.0
144
0.0
144
0.0
144
0.0
144
0.0
144
1.0
147
0.0208333333333333
147
0.0
147
0.0
147
0.0
147
0.0
147
0.0208333333333333
147
0.0
147
0.0
147
0.0
147
0.0
147
1.0
147
0.0
147
0.0
147
0.0
147
0.0
147
1.0
  0
MATERIAL
  5
34
102
{ACAD_XDICTIONARY
360
35
102
}
102
{ACAD_REACTORS
330
C
102
}
330
C
100
AcDbMaterial
  1
ByLayer
 72
     0
 43
0.0208333333333333
 43
0.0
 43
0.0
 43
0.0
 43
0.0
 43
0.0208333333333333
 43
0.0
 43
0.0
 43
0.0
 43
0.0
 43
1.0
 43
0.0
 43
0.0
 43
0.0
 43
0.0
 43
1.0
 77
     0
 47
0.0208333333333333
 47
0.0
 47
0.0
 47
0.0
 47
0.0
 47
0.0208333333333333
 47
0.0
 47
0.0
 47
0.0
 47
0.0
 47
1.0
 47
0.0
 47
0.0
 47
0.0
 47
0.0
 47
1.0
171
     0
 49
0.0208333333333333
 49
0.0
 49
0.0
 49
0.0
 49
0.0
 49
0.0208333333333333
 49
0.0
 49
0.0
 49
0.0
 49
0.0
 49
1.0
 49
0.0
 49
0.0
 49
0.0
 49
0.0
 49
1.0
175
     0
142
0.0208333333333333
142
0.0
142
0.0
142
0.0
142
0.0
142
0.0208333333333333
142
0.0
142
0.0
142
0.0
142
0.0
142
1.0
142
0.0
142
0.0
142
0.0
142
0.0
142
1.0
179
     0
144
0.0208333333333333
144
0.0
144
0.0
144
0.0
144
0.0
144
0.0208333333333333
144
0.0
144
0.0
144
0.0
144
0.0
144
1.0
144
0.0
144
0.0
144
0.0
144
0.0
144
1.0
147
0.0208333333333333
147
0.0
147
0.0
147
0.0
147
0.0
147
0.0208333333333333
147
0.0
147
0.0
147
0.0
147
0.0
147
1.0
147
0.0
147
0.0
147
0.0
147
0.0
147
1.0
  0
MATERIAL
  5
B
102
{ACAD_XDICTIONARY
360
D
102
}
102
{ACAD_REACTORS
330
C
102
}
330
C
100
AcDbMaterial
  1
Global
 72
     0
 43
0.0208333333333333
 43
0.0
 43
0.0
 43
0.0
 43
0.0
 43
0.0208333333333333
 43
0.0
 43
0.0
 43
0.0
 43
0.0
 43
1.0
 43
0.0
 43
0.0
 43
0.0
 43
0.0
 43
1.0
 77
     0
 47
0.0208333333333333
 47
0.0
 47
0.0
 47
0.0
 47
0.0
 47
0.0208333333333333
 47
0.0
 47
0.0
 47
0.0
 47
0.0
 47
1.0
 47
0.0
 47
0.0
 47
0.0
 47
0.0
 47
1.0
171
     0
 49
0.0208333333333333
 49
0.0
 49
0.0
 49
0.0
 49
0.0
 49
0.0208333333333333
 49
0.0
 49
0.0
 49
0.0
 49
0.0
 49
1.0
 49
0.0
 49
0.0
 49
0.0
 49
0.0
 49
1.0
175
     0
142
0.0208333333333333
142
0.0
142
0.0
142
0.0
142
0.0
142
0.0208333333333333
142
0.0
142
0.0
142
0.0
142
0.0
142
1.0
142
0.0
142
0.0
142
0.0
142
0.0
142
1.0
179
     0
144
0.0208333333333333
144
0.0
144
0.0
144
0.0
144
0.0
144
0.0208333333333333
144
0.0
144
0.0
144
0.0
144
0.0
144
1.0
144
0.0
144
0.0
144
0.0
144
0.0
144
1.0
147
0.0208333333333333
147
0.0
147
0.0
147
0.0
147
0.0
147
0.0208333333333333
147
0.0
147
0.0
147
0.0
147
0.0
147
1.0
147
0.0
147
0.0
147
0.0
147
0.0
147
1.0
  0
MLEADERSTYLE
  5
772
102
{ACAD_REACTORS
330
47
102
}
330
47
100
AcDbMLeaderStyle
179
     2
170
     2
171
     1
172
     0
 90
        2
 40
0.0
 41
0.0
173
     1
 91
-1056964608
340
23
 92
       -2
290
     1
 42
0.09
291
     1
 43
0.36
  3
Standard
 44
0.18
300

342
20
174
     1
178
     6
175
     1
176
     0
 93
-1056964608
 45
0.18
292
     0
297
     0
 46
0.18
 94
-1056964608
 47
1.0
 49
1.0
140
1.0
293
     1
141
0.0
294
     1
177
     0
142
1.0
295
     0
296
     0
143
0.125
271
     0
272
     9
273
     9
298
     0
  0
MLINESTYLE
  5
65
102
{ACAD_REACTORS
330
32
102
}
330
32
100
AcDbMlineStyle
  2
STANDARD
 70
     0
  3

 62
   256
 51
90.0
 52
90.0
 71
     2
 49
0.5
 62
   256
  6
BYLAYER
 49
-0.5
 62
   256
  6
BYLAYER
  0
ACDBPLACEHOLDER
  5
8
102
{ACAD_REACTORS
330
9
102
}
330
9
  0
SCALE
  5
69
102
{ACAD_REACTORS
330
45
102
}
330
45
100
AcDbScale
 70
     0
300
1:1
140
1.0
141
1.0
290
     1
  0
SCALE
  5
6A
102
{ACAD_REACTORS
330
45
102
}
330
45
100
AcDbScale
 70
     0
300
1/128" = 1'-0"
140
0.0078125
141
12.0
290
     0
  0
SCALE
  5
6B
102
{ACAD_REACTORS
330
45
102
}
330
45
100
AcDbScale
 70
     0
300
1/64" = 1'-0"
140
0.015625
141
12.0
290
     0
  0
SCALE
  5
6C
102
{ACAD_REACTORS
330
45
102
}
330
45
100
AcDbScale
 70
     0
300
1/32" = 1'-0"
140
0.03125
141
12.0
290
     0
  0
SCALE
  5
6D
102
{ACAD_REACTORS
330
45
102
}
330
45
100
AcDbScale
 70
     0
300
1/16" = 1'-0"
140
0.0625
141
12.0
290
     0
  0
SCALE
  5
6E
102
{ACAD_REACTORS
330
45
102
}
330
45
100
AcDbScale
 70
     0
300
3/32" = 1'-0"
140
0.09375
141
12.0
290
     0
  0
SCALE
  5
6F
102
{ACAD_REACTORS
330
45
102
}
330
45
100
AcDbScale
 70
     0
300
1/8" = 1'-0"
140
0.125
141
12.0
290
     0
  0
SCALE
  5
70
102
{ACAD_REACTORS
330
45
102
}
330
45
100
AcDbScale
 70
     0
300
3/16" = 1'-0"
140
0.1875
141
12.0
290
     0
  0
SCALE
  5
71
102
{ACAD_REACTORS
330
45
102
}
330
45
100
AcDbScale
 70
     0
300
1/4" = 1'-0"
140
0.25
141
12.0
290
     0
  0
SCALE
  5
72
102
{ACAD_REACTORS
330
45
102
}
330
45
100
AcDbScale
 70
     0
300
3/8" = 1'-0"
140
0.375
141
12.0
290
     0
  0
SCALE
  5
73
102
{ACAD_REACTORS
330
45
102
}
330
45
100
AcDbScale
 70
     0
300
1/2" = 1'-0"
140
0.5
141
12.0
290
     0
  0
SCALE
  5
74
102
{ACAD_REACTORS
330
45
102
}
330
45
100
AcDbScale
 70
     0
300
3/4" = 1'-0"
140
0.75
141
12.0
290
     0
  0
SCALE
  5
75
102
{ACAD_REACTORS
330
45
102
}
330
45
100
AcDbScale
 70
     0
300
1" = 1'-0"
140
1.0
141
12.0
290
     0
  0
SCALE
  5
76
102
{ACAD_REACTORS
330
45
102
}
330
45
100
AcDbScale
 70
     0
300
1-1/2" = 1'-0"
140
1.5
141
12.0
290
     0
  0
SCALE
  5
77
102
{ACAD_REACTORS
330
45
102
}
330
45
100
AcDbScale
 70
     0
300
3" = 1'-0"
140
3.0
141
12.0
290
     0
  0
SCALE
  5
78
102
{ACAD_REACTORS
330
45
102
}
330
45
100
AcDbScale
 70
     0
300
6" = 1'-0"
140
6.0
141
12.0
290
     0
  0
SCALE
  5
79
102
{ACAD_REACTORS
330
45
102
}
330
45
100
AcDbScale
 70
     0
300
1'-0" = 1'-0"
140
12.0
141
12.0
290
     0
  0
ACDBSECTIONVIEWSTYLE
  5
774
102
{ACAD_XDICTIONARY
360
91E
102
}
102
{ACAD_REACTORS
330
773
102
}
330
773
100
AcDbModelDocViewStyle
 70
     0
  3
Imperial24
290
     0
100
AcDbSectionViewStyle
 70
     0
 71
     0
 90
       78
 71
     1
340
20
 62
   256
 40
0.24
340
0
340
0
 62
   256
 40
0.24
300
I, O, Q, S, X, Z
 40
0.48
 90
        3
 40
0.18
 90
        1
 71
     2
340
14
 90
       25
 62
   256
340
14
 90
       50
 62
   256
 40
0.24
 40
0.0
 40
0.24
 71
     3
340
20
 62
   256
 40
0.24
 90
        1
 40
0.75
 90
        1
300
%<\AcVar ViewType \f "%tc1">% %<\AcVar ViewSectionStartId>%-%<\AcVar ViewSectionEndId>%\PSCALE %<\AcVar ViewScale \f "%sn">%
 71
     4
 62
   256
 62
   257
300
ANSI31
 40
1.0
 90
        0
290
     0
290
     0
 90
        6
 40
0.0
 40
1.570796326794896
 40
0.2617993877991494
 40
1.308996938995747
 40
-0.2617993877991494
 40
1.832595714594045
  0
TABLESTYLE
  5
66
102
{ACAD_XDICTIONARY
360
74A
102
}
102
{ACAD_REACTORS
330
46
102
}
330
46
100
AcDbTableStyle
280
     0
  3
Standard
 70
     0
 71
     0
 40
0.06
 41
0.06
280
     0
281
     0
  7
Standard
140
0.18
170
     2
 62
     0
 63
     7
283
     0
 90
      512
 91
        0
  1

274
    -2
284
     1
 64
     0
275
    -2
285
     1
 65
     0
276
    -2
286
     1
 66
     0
277
    -2
287
     1
 67
     0
278
    -2
288
     1
 68
     0
279
    -2
289
     1
 69
     0
  7
Standard
140
0.25
170
     5
 62
     0
 63
     7
283
     0
 90
      512
 91
        0
  1

274
    -2
284
     1
 64
     0
275
    -2
285
     1
 65
     0
276
    -2
286
     1
 66
     0
277
    -2
287
     1
 67
     0
278
    -2
288
     1
 68
     0
279
    -2
289
     1
 69
     0
  7
Standard
140
0.18
170
     5
 62
     0
 63
     7
283
     0
 90
      512
 91
        0
  1

274
    -2
284
     1
 64
     0
275
    -2
285
     1
 65
     0
276
    -2
286
     1
 66
     0
277
    -2
287
     1
 67
     0
278
    -2
288
     1
 68
     0
279
    -2
289
     1
 69
     0
  0
VISUALSTYLE
  5
29
102
{ACAD_REACTORS
330
2A
102
}
330
2A
100
AcDbVisualStyle
  2
2dWireframe
 70
     4
177
     3
291
     0
 70
    58
 90
        0
176
     1
 90
        2
176
     1
 90
        0
176
     1
 90
        0
176
     1
 40
0.6
176
     1
 40
30.0
176
     1
 62
     7
420
 16777215
176
     1
 90
        1
176
     1
 90
        4
176
     1
 62
     7
176
     1
 62
   257
176
     1
 90
        1
176
     1
 90
        1
176
     1
 40
1.0
176
     1
 90
        0
176
     1
 62
   257
176
     1
 40
1.0
176
     1
 90
        1
176
     1
 90
        6
176
     1
 90
        2
176
     1
 62
     7
176
     1
 90
        5
176
     1
 90
        0
176
     1
 90
        0
176
     1
290
     0
176
     1
 90
        1
176
     1
 40
0.0
176
     1
 90
        0
176
     1
290
     1
176
     1
290
     1
176
     1
290
     0
176
     1
290
     0
176
     1
290
     0
176
     1
290
     0
176
     1
290
     0
176
     1
290
     0
176
     1
290
     0
176
     1
 90
       50
176
     1
 40
0.0
176
     1
 40
1.0
176
     1
 90
        0
176
     1
 62
    18
176
     1
 90
       50
176
     1
 90
        3
176
     1
 62
     5
420
      255
176
     1
290
     0
176
     1
 90
       50
176
     1
 90
       50
176
     1
 90
       50
176
     1
290
     0
176
     1
 90
       50
176
     1
 62
   256
176
     0
 40
1.0
176
     0
 90
        2
176
     1
  1
strokes_ogs.tif
176
     1
290
     0
176
     1
 40
1.0
176
     1
 40
1.0
176
     1
1001
ACAD
1000
AcDbSavedByObjectVersion
1070
     0
  0
VISUALSTYLE
  5
761
102
{ACAD_REACTORS
330
2A
102
}
330
2A
100
AcDbVisualStyle
  2
Basic
 70
     7
177
     3
291
     1
 70
    58
 90
        1
176
     1
 90
        0
176
     1
 90
        1
176
     1
 90
        0
176
     1
 40
0.6
176
     1
 40
30.0
176
     1
 62
     7
420
 16777215
176
     1
 90
        0
176
     1
 90
        4
176
     1
 62
     7
176
     1
 62
   257
176
     1
 90
        1
176
     1
 90
        1
176
     1
 40
1.0
176
     1
 90
        8
176
     1
 62
     7
176
     1
 40
1.0
176
     1
 90
        1
176
     1
 90
        6
176
     1
 90
        2
176
     1
 62
     7
176
     1
 90
        5
176
     1
 90
        0
176
     1
 90
        0
176
     1
290
     0
176
     1
 90
        1
176
     1
 40
0.0
176
     1
 90
        0
176
     1
290
     0
176
     1
290
     1
176
     1
290
     1
176
     1
290
     0
176
     1
290
     0
176
     1
290
     0
176
     1
290
     0
176
     1
290
     0
176
     1
290
     0
176
     1
 90
       50
176
     1
 40
0.0
176
     1
 40
1.0
176
     1
 90
        0
176
     1
 62
    18
176
     1
 90
       50
176
     1
 90
        3
176
     1
 62
     5
420
      255
176
     1
290
     0
176
     1
 90
       50
176
     1
 90
       50
176
     1
 90
       50
176
     1
290
     0
176
     1
 90
       50
176
     1
 62
   256
176
     0
 40
1.0
176
     0
 90
        2
176
     1
  1
strokes_ogs.tif
176
     1
290
     0
176
     1
 40
1.0
176
     1
 40
1.0
176
     1
1001
ACAD
1000
AcDbSavedByObjectVersion
1070
     0
  0
VISUALSTYLE
  5
765
102
{ACAD_REACTORS
330
2A
102
}
330
2A
100
AcDbVisualStyle
  2
Brighten
 70
    12
177
     3
291
     1
 70
    58
 90
        2
176
     1
 90
        2
176
     1
 90
        0
176
     1
 90
        0
176
     1
 40
0.6
176
     1
 40
30.0
176
     1
 62
     7
420
 16777215
176
     1
 90
        1
176
     1
 90
        4
176
     1
 62
     7
176
     1
 62
   257
176
     1
 90
        1
176
     1
 90
        1
176
     1
 40
1.0
176
     1
 90
        8
176
     1
 62
     7
176
     1
 40
1.0
176
     1
 90
        1
176
     1
 90
        6
176
     1
 90
        2
176
     1
 62
     7
176
     1
 90
        5
176
     1
 90
        0
176
     1
 90
        0
176
     1
290
     0
176
     1
 90
        1
176
     1
 40
50.0
176
     1
 90
        0
176
     1
290
     0
176
     1
290
     1
176
     1
290
     1
176
     1
290
     0
176
     1
290
     0
176
     1
290
     0
176
     1
290
     0
176
     1
290
     0
176
     1
290
     0
176
     1
 90
       50
176
     1
 40
0.0
176
     1
 40
1.0
176
     1
 90
        0
176
     1
 62
    18
176
     1
 90
       50
176
     1
 90
        3
176
     1
 62
     5
420
      255
176
     1
290
     0
176
     1
 90
       50
176
     1
 90
       50
176
     1
 90
       50
176
     1
290
     0
176
     1
 90
       50
176
     1
 62
   256
176
     0
 40
1.0
176
     0
 90
        2
176
     1
  1
strokes_ogs.tif
176
     1
290
     0
176
     1
 40
1.0
176
     1
 40
1.0
176
     1
1001
ACAD
1000
AcDbSavedByObjectVersion
1070
     0
  0
VISUALSTYLE
  5
769
102
{ACAD_REACTORS
330
2A
102
}
330
2A
100
AcDbVisualStyle
  2
ColorChange
 70
    16
177
     3
291
     1
 70
    58
 90
        2
176
     1
 90
        2
176
     1
 90
        3
176
     1
 90
        0
176
     1
 40
0.6
176
     1
 40
30.0
176
     1
 62
     8
420
  8421504
176
     1
 90
        1
176
     1
 90
        4
176
     1
 62
     7
176
     1
 62
   257
176
     1
 90
        1
176
     1
 90
        1
176
     1
 40
1.0
176
     1
 90
        8
176
     1
 62
     8
420
  8421504
176
     1
 40
1.0
176
     1
 90
        1
176
     1
 90
        6
176
     1
 90
        2
176
     1
 62
     7
176
     1
 90
        5
176
     1
 90
        0
176
     1
 90
        0
176
     1
290
     0
176
     1
 90
        1
176
     1
 40
0.0
176
     1
 90
        0
176
     1
290
     0
176
     1
290
     1
176
     1
290
     1
176
     1
290
     0
176
     1
290
     0
176
     1
290
     0
176
     1
290
     0
176
     1
290
     0
176
     1
290
     0
176
     1
 90
       50
176
     1
 40
0.0
176
     1
 40
1.0
176
     1
 90
        0
176
     1
 62
    18
176
     1
 90
       50
176
     1
 90
        3
176
     1
 62
     5
420
      255
176
     1
290
     0
176
     1
 90
       50
176
     1
 90
       50
176
     1
 90
       50
176
     1
290
     0
176
     1
 90
       50
176
     1
 62
   256
176
     0
 40
1.0
176
     0
 90
        2
176
     1
  1
strokes_ogs.tif
176
     1
290
     0
176
     1
 40
1.0
176
     1
 40
1.0
176
     1
1001
ACAD
1000
AcDbSavedByObjectVersion
1070
     0
  0
VISUALSTYLE
  5
763
102
{ACAD_REACTORS
330
2A
102
}
330
2A
100
AcDbVisualStyle
  2
Conceptual
 70
     9
177
     3
291
     0
 70
    58
 90
        3
176
     1
 90
        2
176
     1
 90
        0
176
     1
 90
        0
176
     1
 40
0.6
176
     1
 40
30.0
176
     1
 62
     7
420
 16777215
176
     1
 90
        2
176
     1
 90
        2
176
     1
 62
     7
176
     1
 62
   257
176
     1
 90
        1
176
     1
 90
        1
176
     1
 40
179.0
176
     1
 90
        8
176
     1
 62
     7
176
     1
 40
1.0
176
     1
 90
        1
176
     1
 90
        6
176
     1
 90
        2
176
     1
 62
     7
176
     1
 90
        3
176
     1
 90
        0
176
     1
 90
        0
176
     1
290
     0
176
     1
 90
        1
176
     1
 40
0.0
176
     1
 90
        0
176
     1
290
     0
176
     1
290
     1
176
     1
290
     1
176
     1
290
     0
176
     1
290
     0
176
     1
290
     0
176
     1
290
     0
176
     1
290
     0
176
     1
290
     0
176
     1
 90
       50
176
     1
 40
0.0
176
     1
 40
1.0
176
     1
 90
        0
176
     1
 62
    18
176
     1
 90
       50
176
     1
 90
        3
176
     1
 62
     5
420
      255
176
     1
290
     0
176
     1
 90
       50
176
     1
 90
       50
176
     1
 90
       50
176
     1
290
     0
176
     1
 90
       50
176
     1
 62
   256
176
     0
 40
1.0
176
     0
 90
        2
176
     1
  1
strokes_ogs.tif
176
     1
290
     0
176
     1
 40
1.0
176
     1
 40
1.0
176
     1
1001
ACAD
1000
AcDbSavedByObjectVersion
1070
     0
  0
VISUALSTYLE
  5
764
102
{ACAD_REACTORS
330
2A
102
}
330
2A
100
AcDbVisualStyle
  2
Dim
 70
    11
177
     3
291
     1
 70
    58
 90
        2
176
     1
 90
        2
176
     1
 90
        0
176
     1
 90
        0
176
     1
 40
0.6
176
     1
 40
30.0
176
     1
 62
     7
420
 16777215
176
     1
 90
        1
176
     1
 90
        4
176
     1
 62
     7
176
     1
 62
   257
176
     1
 90
        1
176
     1
 90
        1
176
     1
 40
1.0
176
     1
 90
        8
176
     1
 62
     7
176
     1
 40
1.0
176
     1
 90
        1
176
     1
 90
        6
176
     1
 90
        2
176
     1
 62
     7
176
     1
 90
        5
176
     1
 90
        0
176
     1
 90
        0
176
     1
290
     0
176
     1
 90
        1
176
     1
 40
-50.0
176
     1
 90
        0
176
     1
290
     0
176
     1
290
     1
176
     1
290
     1
176
     1
290
     0
176
     1
290
     0
176
     1
290
     0
176
     1
290
     0
176
     1
290
     0
176
     1
290
     0
176
     1
 90
       50
176
     1
 40
0.0
176
     1
 40
1.0
176
     1
 90
        0
176
     1
 62
    18
176
     1
 90
       50
176
     1
 90
        3
176
     1
 62
     5
420
      255
176
     1
290
     0
176
     1
 90
       50
176
     1
 90
       50
176
     1
 90
       50
176
     1
290
     0
176
     1
 90
       50
176
     1
 62
   256
176
     0
 40
1.0
176
     0
 90
        2
176
     1
  1
strokes_ogs.tif
176
     1
290
     0
176
     1
 40
1.0
176
     1
 40
1.0
176
     1
1001
ACAD
1000
AcDbSavedByObjectVersion
1070
     0
  0
VISUALSTYLE
  5
771
102
{ACAD_REACTORS
330
2A
102
}
330
2A
100
AcDbVisualStyle
  2
EdgeColorOff
 70
    22
177
     3
291
     1
 70
    58
 90
        2
176
     0
 90
        2
176
     0
 90
        0
176
     0
 90
        0
176
     0
 40
0.6
176
     0
 40
30.0
176
     0
 62
     7
420
 16777215
176
     0
 90
        1
176
     0
 90
        4
176
     0
 62
     7
176
     0
 62
   257
176
     0
 90
        1
176
     0
 90
        1
176
     0
 40
1.0
176
     0
 90
        8
176
     2
 62
     7
176
     0
 40
1.0
176
     0
 90
        1
176
     0
 90
        6
176
     0
 90
        2
176
     0
 62
     7
176
     0
 90
        5
176
     0
 90
        0
176
     0
 90
        0
176
     0
290
     0
176
     0
 90
        1
176
     0
 40
0.0
176
     0
 90
        0
176
     0
290
     0
176
     1
290
     1
176
     1
290
     1
176
     1
290
     0
176
     1
290
     0
176
     1
290
     0
176
     1
290
     0
176
     1
290
     0
176
     1
290
     0
176
     1
 90
       50
176
     0
 40
0.0
176
     0
 40
1.0
176
     0
 90
        0
176
     0
 62
    18
176
     0
 90
       50
176
     0
 90
        3
176
     0
 62
     5
420
      255
176
     0
290
     0
176
     1
 90
       50
176
     0
 90
       50
176
     0
 90
       50
176
     0
290
     0
176
     1
 90
       50
176
     0
 62
   256
176
     0
 40
1.0
176
     0
 90
        2
176
     0
  1
strokes_ogs.tif
176
     0
290
     0
176
     1
 40
1.0
176
     0
 40
1.0
176
     0
1001
ACAD
1000
AcDbSavedByObjectVersion
1070
     0
  0
VISUALSTYLE
  5
768
102
{ACAD_REACTORS
330
2A
102
}
330
2A
100
AcDbVisualStyle
  2
Facepattern
 70
    15
177
     3
291
     1
 70
    58
 90
        2
176
     1
 90
        2
176
     1
 90
        0
176
     1
 90
        0
176
     1
 40
0.6
176
     1
 40
30.0
176
     1
 62
     7
420
 16777215
176
     1
 90
        1
176
     1
 90
        4
176
     1
 62
     7
176
     1
 62
   257
176
     1
 90
        1
176
     1
 90
        1
176
     1
 40
1.0
176
     1
 90
        8
176
     1
 62
     7
176
     1
 40
1.0
176
     1
 90
        1
176
     1
 90
        6
176
     1
 90
        2
176
     1
 62
     7
176
     1
 90
        5
176
     1
 90
        0
176
     1
 90
        0
176
     1
290
     0
176
     1
 90
        1
176
     1
 40
0.0
176
     1
 90
        0
176
     1
290
     0
176
     1
290
     1
176
     1
290
     1
176
     1
290
     0
176
     1
290
     0
176
     1
290
     0
176
     1
290
     0
176
     1
290
     0
176
     1
290
     0
176
     1
 90
       50
176
     1
 40
0.0
176
     1
 40
1.0
176
     1
 90
        0
176
     1
 62
    18
176
     1
 90
       50
176
     1
 90
        3
176
     1
 62
     5
420
      255
176
     1
290
     0
176
     1
 90
       50
176
     1
 90
       50
176
     1
 90
       50
176
     1
290
     0
176
     1
 90
       50
176
     1
 62
   256
176
     0
 40
1.0
176
     0
 90
        2
176
     1
  1
strokes_ogs.tif
176
     1
290
     0
176
     1
 40
1.0
176
     1
 40
1.0
176
     1
1001
ACAD
1000
AcDbSavedByObjectVersion
1070
     0
  0
VISUALSTYLE
  5
75D
102
{ACAD_REACTORS
330
2A
102
}
330
2A
100
AcDbVisualStyle
  2
Flat
 70
     0
177
     3
291
     1
 70
    58
 90
        2
176
     1
 90
        1
176
     1
 90
        1
176
     1
 90
        2
176
     1
 40
0.6
176
     1
 40
30.0
176
     1
 62
     7
420
 16777215
176
     1
 90
        0
176
     1
 90
        0
176
     1
 62
     7
176
     1
 62
   257
176
     1
 90
        1
176
     1
 90
        1
176
     1
 40
1.0
176
     1
 90
        8
176
     1
 62
     7
176
     1
 40
1.0
176
     1
 90
        1
176
     1
 90
        6
176
     1
 90
        2
176
     1
 62
     7
176
     1
 90
        5
176
     1
 90
        0
176
     1
 90
        0
176
     1
290
     0
176
     1
 90
       13
176
     1
 40
0.0
176
     1
 90
        0
176
     1
290
     0
176
     1
290
     1
176
     1
290
     1
176
     1
290
     0
176
     1
290
     0
176
     1
290
     0
176
     1
290
     0
176
     1
290
     0
176
     1
290
     0
176
     1
 90
       50
176
     1
 40
0.0
176
     1
 40
1.0
176
     1
 90
        0
176
     1
 62
    18
176
     1
 90
       50
176
     1
 90
        3
176
     1
 62
     5
420
      255
176
     1
290
     0
176
     1
 90
       50
176
     1
 90
       50
176
     1
 90
       50
176
     1
290
     0
176
     1
 90
       50
176
     1
 62
   256
176
     0
 40
1.0
176
     0
 90
        2
176
     1
  1
strokes_ogs.tif
176
     1
290
     0
176
     1
 40
1.0
176
     1
 40
1.0
176
     1
1001
ACAD
1000
AcDbSavedByObjectVersion
1070
     0
  0
VISUALSTYLE
  5
75E
102
{ACAD_REACTORS
330
2A
102
}
330
2A
100
AcDbVisualStyle
  2
FlatWithEdges
 70
     1
177
     3
291
     1
 70
    58
 90
        2
176
     1
 90
        1
176
     1
 90
        1
176
     1
 90
        2
176
     1
 40
0.6
176
     1
 40
30.0
176
     1
 62
     7
420
 16777215
176
     1
 90
        1
176
     1
 90
        0
176
     1
 62
     7
176
     1
 62
   257
176
     1
 90
        1
176
     1
 90
        1
176
     1
 40
1.0
176
     1
 90
        0
176
     1
 62
   257
176
     1
 40
1.0
176
     1
 90
        1
176
     1
 90
        6
176
     1
 90
        2
176
     1
 62
     7
176
     1
 90
        5
176
     1
 90
        0
176
     1
 90
        0
176
     1
290
     0
176
     1
 90
       13
176
     1
 40
0.0
176
     1
 90
        0
176
     1
290
     0
176
     1
290
     1
176
     1
290
     1
176
     1
290
     0
176
     1
290
     0
176
     1
290
     0
176
     1
290
     0
176
     1
290
     0
176
     1
290
     0
176
     1
 90
       50
176
     1
 40
0.0
176
     1
 40
1.0
176
     1
 90
        0
176
     1
 62
    18
176
     1
 90
       50
176
     1
 90
        3
176
     1
 62
     5
420
      255
176
     1
290
     0
176
     1
 90
       50
176
     1
 90
       50
176
     1
 90
       50
176
     1
290
     0
176
     1
 90
       50
176
     1
 62
   256
176
     0
 40
1.0
176
     0
 90
        2
176
     1
  1
strokes_ogs.tif
176
     1
290
     0
176
     1
 40
1.0
176
     1
 40
1.0
176
     1
1001
ACAD
1000
AcDbSavedByObjectVersion
1070
     0
  0
VISUALSTYLE
  5
75F
102
{ACAD_REACTORS
330
2A
102
}
330
2A
100
AcDbVisualStyle
  2
Gouraud
 70
     2
177
     3
291
     1
 70
    58
 90
        2
176
     1
 90
        2
176
     1
 90
        1
176
     1
 90
        2
176
     1
 40
0.6
176
     1
 40
30.0
176
     1
 62
     7
420
 16777215
176
     1
 90
        0
176
     1
 90
        0
176
     1
 62
     7
176
     1
 62
   257
176
     1
 90
        1
176
     1
 90
        1
176
     1
 40
1.0
176
     1
 90
        0
176
     1
 62
     7
176
     1
 40
1.0
176
     1
 90
        1
176
     1
 90
        6
176
     1
 90
        2
176
     1
 62
     7
176
     1
 90
        5
176
     1
 90
        0
176
     1
 90
        0
176
     1
290
     0
176
     1
 90
       13
176
     1
 40
0.0
176
     1
 90
        0
176
     1
290
     0
176
     1
290
     1
176
     1
290
     1
176
     1
290
     0
176
     1
290
     0
176
     1
290
     0
176
     1
290
     0
176
     1
290
     0
176
     1
290
     0
176
     1
 90
       50
176
     1
 40
0.0
176
     1
 40
1.0
176
     1
 90
        0
176
     1
 62
    18
176
     1
 90
       50
176
     1
 90
        3
176
     1
 62
     5
420
      255
176
     1
290
     0
176
     1
 90
       50
176
     1
 90
       50
176
     1
 90
       50
176
     1
290
     0
176
     1
 90
       50
176
     1
 62
   256
176
     0
 40
1.0
176
     0
 90
        2
176
     1
  1
strokes_ogs.tif
176
     1
290
     0
176
     1
 40
1.0
176
     1
 40
1.0
176
     1
1001
ACAD
1000
AcDbSavedByObjectVersion
1070
     0
  0
VISUALSTYLE
  5
760
102
{ACAD_REACTORS
330
2A
102
}
330
2A
100
AcDbVisualStyle
  2
GouraudWithEdges
 70
     3
177
     3
291
     1
 70
    58
 90
        2
176
     1
 90
        2
176
     1
 90
        1
176
     1
 90
        2
176
     1
 40
0.6
176
     1
 40
30.0
176
     1
 62
     7
420
 16777215
176
     1
 90
        1
176
     1
 90
        0
176
     1
 62
     7
176
     1
 62
   257
176
     1
 90
        1
176
     1
 90
        1
176
     1
 40
1.0
176
     1
 90
        0
176
     1
 62
   257
176
     1
 40
1.0
176
     1
 90
        1
176
     1
 90
        6
176
     1
 90
        2
176
     1
 62
     7
176
     1
 90
        5
176
     1
 90
        0
176
     1
 90
        0
176
     1
290
     0
176
     1
 90
       13
176
     1
 40
0.0
176
     1
 90
        0
176
     1
290
     0
176
     1
290
     1
176
     1
290
     1
176
     1
290
     0
176
     1
290
     0
176
     1
290
     0
176
     1
290
     0
176
     1
290
     0
176
     1
290
     0
176
     1
 90
       50
176
     1
 40
0.0
176
     1
 40
1.0
176
     1
 90
        0
176
     1
 62
    18
176
     1
 90
       50
176
     1
 90
        3
176
     1
 62
     5
420
      255
176
     1
290
     0
176
     1
 90
       50
176
     1
 90
       50
176
     1
 90
       50
176
     1
290
     0
176
     1
 90
       50
176
     1
 62
   256
176
     0
 40
1.0
176
     0
 90
        2
176
     1
  1
strokes_ogs.tif
176
     1
290
     0
176
     1
 40
1.0
176
     1
 40
1.0
176
     1
1001
ACAD
1000
AcDbSavedByObjectVersion
1070
     0
  0
VISUALSTYLE
  5
762
102
{ACAD_REACTORS
330
2A
102
}
330
2A
100
AcDbVisualStyle
  2
Hidden
 70
     6
177
     3
291
     0
 70
    58
 90
        1
176
     1
 90
        2
176
     1
 90
        2
176
     1
 90
        0
176
     1
 40
0.6
176
     1
 40
30.0
176
     1
 62
     7
420
 16777215
176
     1
 90
        2
176
     1
 90
        2
176
     1
 62
     7
176
     1
 62
   257
176
     1
 90
        2
176
     1
 90
        1
176
     1
 40
40.0
176
     1
 90
        0
176
     1
 62
   257
176
     1
 40
1.0
176
     1
 90
        1
176
     1
 90
        6
176
     1
 90
        2
176
     1
 62
     7
176
     1
 90
        3
176
     1
 90
        0
176
     1
 90
        0
176
     1
290
     0
176
     1
 90
        1
176
     1
 40
0.0
176
     1
 90
        0
176
     1
290
     0
176
     1
290
     1
176
     1
290
     1
176
     1
290
     0
176
     1
290
     0
176
     1
290
     0
176
     1
290
     0
176
     1
290
     0
176
     1
290
     0
176
     1
 90
       50
176
     1
 40
0.0
176
     1
 40
1.0
176
     1
 90
        0
176
     1
 62
    18
176
     1
 90
       50
176
     1
 90
        3
176
     1
 62
     5
420
      255
176
     1
290
     0
176
     1
 90
       50
176
     1
 90
       50
176
     1
 90
       50
176
     1
290
     0
176
     1
 90
       50
176
     1
 62
   256
176
     0
 40
1.0
176
     0
 90
        2
176
     1
  1
strokes_ogs.tif
176
     1
290
     0
176
     1
 40
1.0
176
     1
 40
1.0
176
     1
1001
ACAD
1000
AcDbSavedByObjectVersion
1070
     0
  0
VISUALSTYLE
  5
76F
102
{ACAD_REACTORS
330
2A
102
}
330
2A
100
AcDbVisualStyle
  2
JitterOff
 70
    20
177
     3
291
     1
 70
    58
 90
        2
176
     0
 90
        2
176
     0
 90
        0
176
     0
 90
        0
176
     0
 40
0.6
176
     0
 40
30.0
176
     0
 62
     7
420
 16777215
176
     0
 90
        1
176
     0
 90
        4
176
     0
 62
     7
176
     0
 62
   257
176
     0
 90
        1
176
     0
 90
        1
176
     0
 40
1.0
176
     0
 90
       10
176
     2
 62
     7
176
     0
 40
1.0
176
     0
 90
        1
176
     0
 90
        6
176
     0
 90
        2
176
     0
 62
     7
176
     0
 90
        5
176
     0
 90
        0
176
     0
 90
        0
176
     0
290
     0
176
     0
 90
        1
176
     0
 40
0.0
176
     0
 90
        0
176
     0
290
     0
176
     1
290
     1
176
     1
290
     1
176
     1
290
     0
176
     1
290
     0
176
     1
290
     0
176
     1
290
     0
176
     1
290
     0
176
     1
290
     0
176
     1
 90
       50
176
     0
 40
0.0
176
     0
 40
1.0
176
     0
 90
        0
176
     0
 62
    18
176
     0
 90
       50
176
     0
 90
        3
176
     0
 62
     5
420
      255
176
     0
290
     0
176
     1
 90
       50
176
     0
 90
       50
176
     0
 90
       50
176
     0
290
     0
176
     1
 90
       50
176
     0
 62
   256
176
     0
 40
1.0
176
     0
 90
        2
176
     0
  1
strokes_ogs.tif
176
     0
290
     0
176
     1
 40
1.0
176
     0
 40
1.0
176
     0
1001
ACAD
1000
AcDbSavedByObjectVersion
1070
     0
  0
VISUALSTYLE
  5
767
102
{ACAD_REACTORS
330
2A
102
}
330
2A
100
AcDbVisualStyle
  2
Linepattern
 70
    14
177
     3
291
     1
 70
    58
 90
        2
176
     1
 90
        2
176
     1
 90
        0
176
     1
 90
        0
176
     1
 40
0.6
176
     1
 40
30.0
176
     1
 62
     7
420
 16777215
176
     1
 90
        1
176
     1
 90
        4
176
     1
 62
     7
176
     1
 62
   257
176
     1
 90
        7
176
     1
 90
        7
176
     1
 40
1.0
176
     1
 90
        8
176
     1
 62
     7
176
     1
 40
1.0
176
     1
 90
        1
176
     1
 90
        6
176
     1
 90
        2
176
     1
 62
     7
176
     1
 90
        5
176
     1
 90
        0
176
     1
 90
        0
176
     1
290
     0
176
     1
 90
        1
176
     1
 40
0.0
176
     1
 90
        0
176
     1
290
     0
176
     1
290
     1
176
     1
290
     1
176
     1
290
     0
176
     1
290
     0
176
     1
290
     0
176
     1
290
     0
176
     1
290
     0
176
     1
290
     0
176
     1
 90
       50
176
     1
 40
0.0
176
     1
 40
1.0
176
     1
 90
        0
176
     1
 62
    18
176
     1
 90
       50
176
     1
 90
        3
176
     1
 62
     5
420
      255
176
     1
290
     0
176
     1
 90
       50
176
     1
 90
       50
176
     1
 90
       50
176
     1
290
     0
176
     1
 90
       50
176
     1
 62
   256
176
     0
 40
1.0
176
     0
 90
        2
176
     1
  1
strokes_ogs.tif
176
     1
290
     0
176
     1
 40
1.0
176
     1
 40
1.0
176
     1
1001
ACAD
1000
AcDbSavedByObjectVersion
1070
     0
  0
VISUALSTYLE
  5
770
102
{ACAD_REACTORS
330
2A
102
}
330
2A
100
AcDbVisualStyle
  2
OverhangOff
 70
    21
177
     3
291
     1
 70
    58
 90
        2
176
     0
 90
        2
176
     0
 90
        0
176
     0
 90
        0
176
     0
 40
0.6
176
     0
 40
30.0
176
     0
 62
     7
420
 16777215
176
     0
 90
        1
176
     0
 90
        4
176
     0
 62
     7
176
     0
 62
   257
176
     0
 90
        1
176
     0
 90
        1
176
     0
 40
1.0
176
     0
 90
        9
176
     2
 62
     7
176
     0
 40
1.0
176
     0
 90
        1
176
     0
 90
        6
176
     0
 90
        2
176
     0
 62
     7
176
     0
 90
        5
176
     0
 90
        0
176
     0
 90
        0
176
     0
290
     0
176
     0
 90
        1
176
     0
 40
0.0
176
     0
 90
        0
176
     0
290
     0
176
     1
290
     1
176
     1
290
     1
176
     1
290
     0
176
     1
290
     0
176
     1
290
     0
176
     1
290
     0
176
     1
290
     0
176
     1
290
     0
176
     1
 90
       50
176
     0
 40
0.0
176
     0
 40
1.0
176
     0
 90
        0
176
     0
 62
    18
176
     0
 90
       50
176
     0
 90
        3
176
     0
 62
     5
420
      255
176
     0
290
     0
176
     1
 90
       50
176
     0
 90
       50
176
     0
 90
       50
176
     0
290
     0
176
     1
 90
       50
176
     0
 62
   256
176
     0
 40
1.0
176
     0
 90
        2
176
     0
  1
strokes_ogs.tif
176
     0
290
     0
176
     1
 40
1.0
176
     0
 40
1.0
176
     0
1001
ACAD
1000
AcDbSavedByObjectVersion
1070
     0
  0
VISUALSTYLE
  5
67
102
{ACAD_REACTORS
330
2A
102
}
330
2A
100
AcDbVisualStyle
  2
Realistic
 70
     8
177
     3
291
     0
 70
    58
 90
        2
176
     1
 90
        3
176
     1
 90
        0
176
     1
 90
        2
176
     1
 40
0.6
176
     1
 40
30.0
176
     1
 62
     7
420
 16777215
176
     1
 90
        0
176
     1
 90
        0
176
     1
 62
     7
176
     1
 62
   257
176
     1
 90
        1
176
     1
 90
        1
176
     1
 40
1.0
176
     1
 90
        8
176
     1
 62
   257
176
     1
 40
1.0
176
     1
 90
        1
176
     1
 90
        6
176
     1
 90
        2
176
     1
 62
     7
176
     1
 90
        3
176
     1
 90
        0
176
     1
 90
        0
176
     1
290
     0
176
     1
 90
       13
176
     1
 40
0.0
176
     1
 90
        0
176
     1
290
     0
176
     1
290
     1
176
     1
290
     1
176
     1
290
     0
176
     1
290
     0
176
     1
290
     0
176
     1
290
     0
176
     1
290
     0
176
     1
290
     0
176
     1
 90
       50
176
     1
 40
0.0
176
     1
 40
1.0
176
     1
 90
        0
176
     1
 62
    18
176
     1
 90
       50
176
     1
 90
        3
176
     1
 62
     5
420
      255
176
     1
290
     0
176
     1
 90
       50
176
     1
 90
       50
176
     1
 90
       50
176
     1
290
     0
176
     1
 90
       50
176
     1
 62
   256
176
     0
 40
1.0
176
     0
 90
        2
176
     1
  1
strokes_ogs.tif
176
     1
290
     0
176
     1
 40
1.0
176
     1
 40
1.0
176
     1
1001
ACAD
1000
AcDbSavedByObjectVersion
1070
     0
  0
VISUALSTYLE
  5
76E
102
{ACAD_REACTORS
330
2A
102
}
330
2A
100
AcDbVisualStyle
  2
Shaded
 70
    27
177
     3
291
     0
 70
    58
 90
        2
176
     1
 90
        2
176
     1
 90
        1
176
     1
 90
        2
176
     1
 40
0.6
176
     1
 40
30.0
176
     1
 62
     7
420
 16777215
176
     1
 90
        0
176
     1
 90
        4
176
     1
 62
     7
176
     1
 62
   257
176
     1
 90
        1
176
     1
 90
        1
176
     1
 40
1.0
176
     1
 90
        8
176
     1
 62
   257
176
     1
 40
1.0
176
     1
 90
        1
176
     1
 90
        6
176
     1
 90
        2
176
     1
 62
     8
420
  7895160
176
     1
 90
        3
176
     1
 90
        0
176
     1
 90
        0
176
     1
290
     0
176
     1
 90
        5
176
     1
 40
0.0
176
     1
 90
        0
176
     1
290
     0
176
     1
290
     1
176
     1
290
     1
176
     1
290
     0
176
     1
290
     0
176
     1
290
     0
176
     1
290
     0
176
     1
290
     0
176
     1
290
     0
176
     1
 90
       50
176
     1
 40
0.0
176
     1
 40
1.0
176
     1
 90
        0
176
     1
 62
    18
176
     1
 90
       50
176
     1
 90
        3
176
     1
 62
     5
420
      255
176
     1
290
     0
176
     1
 90
       50
176
     1
 90
       50
176
     1
 90
       50
176
     1
290
     0
176
     1
 90
       50
176
     1
 62
   256
176
     0
 40
1.0
176
     0
 90
        2
176
     1
  1
strokes_ogs.tif
176
     1
290
     0
176
     1
 40
1.0
176
     1
 40
1.0
176
     1
1001
ACAD
1000
AcDbSavedByObjectVersion
1070
     0
  0
VISUALSTYLE
  5
76D
102
{ACAD_REACTORS
330
2A
102
}
330
2A
100
AcDbVisualStyle
  2
Shaded with edges
 70
    26
177
     3
291
     0
 70
    58
 90
        2
176
     1
 90
        2
176
     1
 90
        1
176
     1
 90
        2
176
     1
 40
0.6
176
     1
 40
30.0
176
     1
 62
     7
420
 16777215
176
     1
 90
        1
176
     1
 90
        2
176
     1
 62
     7
176
     1
 62
   257
176
     1
 90
        2
176
     1
 90
        1
176
     1
 40
1.0
176
     1
 90
        8
176
     1
 62
   257
176
     1
 40
1.0
176
     1
 90
        1
176
     1
 90
        6
176
     1
 90
        2
176
     1
 62
     7
176
     1
 90
        3
176
     1
 90
        0
176
     1
 90
        0
176
     1
290
     0
176
     1
 90
        5
176
     1
 40
0.0
176
     1
 90
        0
176
     1
290
     0
176
     1
290
     1
176
     1
290
     1
176
     1
290
     0
176
     1
290
     0
176
     1
290
     0
176
     1
290
     0
176
     1
290
     0
176
     1
290
     0
176
     1
 90
       50
176
     1
 40
0.0
176
     1
 40
1.0
176
     1
 90
        0
176
     1
 62
    18
176
     1
 90
       50
176
     1
 90
        3
176
     1
 62
     5
420
      255
176
     1
290
     0
176
     1
 90
       50
176
     1
 90
       50
176
     1
 90
       50
176
     1
290
     0
176
     1
 90
       50
176
     1
 62
   256
176
     0
 40
1.0
176
     0
 90
        2
176
     1
  1
strokes_ogs.tif
176
     1
290
     0
176
     1
 40
1.0
176
     1
 40
1.0
176
     1
1001
ACAD
1000
AcDbSavedByObjectVersion
1070
     0
  0
VISUALSTYLE
  5
76A
102
{ACAD_REACTORS
330
2A
102
}
330
2A
100
AcDbVisualStyle
  2
Shades of Gray
 70
    23
177
     3
291
     0
 70
    58
 90
        2
176
     1
 90
        2
176
     1
 90
        3
176
     1
 90
        0
176
     1
 40
0.6
176
     1
 40
30.0
176
     1
 62
     7
420
 16777215
176
     1
 90
        2
176
     1
 90
        2
176
     1
 62
     7
176
     1
 62
     7
176
     1
 90
        1
176
     1
 90
        1
176
     1
 40
40.0
176
     1
 90
        8
176
     1
 62
     7
176
     1
 40
1.0
176
     1
 90
        1
176
     1
 90
        6
176
     1
 90
        2
176
     1
 62
     7
176
     1
 90
        3
176
     1
 90
        0
176
     1
 90
        0
176
     1
290
     0
176
     1
 90
        1
176
     1
 40
0.0
176
     1
 90
        0
176
     1
290
     0
176
     1
290
     1
176
     1
290
     1
176
     1
290
     0
176
     1
290
     0
176
     1
290
     0
176
     1
290
     0
176
     1
290
     0
176
     1
290
     0
176
     1
 90
       50
176
     1
 40
0.0
176
     1
 40
1.0
176
     1
 90
        0
176
     1
 62
    18
176
     1
 90
       50
176
     1
 90
        3
176
     1
 62
     5
420
      255
176
     1
290
     0
176
     1
 90
       50
176
     1
 90
       50
176
     1
 90
       50
176
     1
290
     0
176
     1
 90
       50
176
     1
 62
   256
176
     0
 40
1.0
176
     0
 90
        2
176
     1
  1
strokes_ogs.tif
176
     1
290
     0
176
     1
 40
1.0
176
     1
 40
1.0
176
     1
1001
ACAD
1000
AcDbSavedByObjectVersion
1070
     0
  0
VISUALSTYLE
  5
76B
102
{ACAD_REACTORS
330
2A
102
}
330
2A
100
AcDbVisualStyle
  2
Sketchy
 70
    24
177
     3
291
     0
 70
    58
 90
        1
176
     1
 90
        2
176
     1
 90
        2
176
     1
 90
        0
176
     1
 40
0.6
176
     1
 40
30.0
176
     1
 62
     7
420
 16777215
176
     1
 90
        2
176
     1
 90
        2
176
     1
 62
     7
176
     1
 62
     7
176
     1
 90
        1
176
     1
 90
        1
176
     1
 40
40.0
176
     1
 90
       11
176
     1
 62
     7
176
     1
 40
1.0
176
     1
 90
        1
176
     1
 90
        6
176
     1
 90
        2
176
     1
 62
     7
176
     1
 90
        6
176
     1
 90
        0
176
     1
 90
        0
176
     1
290
     0
176
     1
 90
        1
176
     1
 40
0.0
176
     1
 90
        0
176
     1
290
     0
176
     1
290
     1
176
     1
290
     1
176
     1
290
     0
176
     1
290
     0
176
     1
290
     0
176
     1
290
     0
176
     1
290
     0
176
     1
290
     0
176
     1
 90
       50
176
     1
 40
0.0
176
     1
 40
1.0
176
     1
 90
        0
176
     1
 62
    18
176
     1
 90
       50
176
     1
 90
        3
176
     1
 62
     5
420
      255
176
     1
290
     0
176
     1
 90
       50
176
     1
 90
       50
176
     1
 90
       50
176
     1
290
     0
176
     1
 90
       50
176
     1
 62
   256
176
     0
 40
1.0
176
     0
 90
        2
176
     1
  1
strokes_ogs.tif
176
     1
290
     0
176
     1
 40
1.0
176
     1
 40
1.0
176
     1
1001
ACAD
1000
AcDbSavedByObjectVersion
1070
     0
  0
VISUALSTYLE
  5
766
102
{ACAD_REACTORS
330
2A
102
}
330
2A
100
AcDbVisualStyle
  2
Thicken
 70
    13
177
     3
291
     1
 70
    58
 90
        2
176
     1
 90
        2
176
     1
 90
        0
176
     1
 90
        0
176
     1
 40
0.6
176
     1
 40
30.0
176
     1
 62
     7
420
 16777215
176
     1
 90
        1
176
     1
 90
        4
176
     1
 62
     7
176
     1
 62
   257
176
     1
 90
        1
176
     1
 90
        1
176
     1
 40
1.0
176
     1
 90
       12
176
     1
 62
     7
176
     1
 40
1.0
176
     1
 90
        1
176
     1
 90
        6
176
     1
 90
        2
176
     1
 62
     7
176
     1
 90
        5
176
     1
 90
        0
176
     1
 90
        0
176
     1
290
     0
176
     1
 90
        1
176
     1
 40
0.0
176
     1
 90
        0
176
     1
290
     0
176
     1
290
     1
176
     1
290
     1
176
     1
290
     0
176
     1
290
     0
176
     1
290
     0
176
     1
290
     0
176
     1
290
     0
176
     1
290
     0
176
     1
 90
       50
176
     1
 40
0.0
176
     1
 40
1.0
176
     1
 90
        0
176
     1
 62
    18
176
     1
 90
       50
176
     1
 90
        3
176
     1
 62
     5
420
      255
176
     1
290
     0
176
     1
 90
       50
176
     1
 90
       50
176
     1
 90
       50
176
     1
290
     0
176
     1
 90
       50
176
     1
 62
   256
176
     0
 40
1.0
176
     0
 90
        2
176
     1
  1
strokes_ogs.tif
176
     1
290
     0
176
     1
 40
1.0
176
     1
 40
1.0
176
     1
1001
ACAD
1000
AcDbSavedByObjectVersion
1070
     0
  0
VISUALSTYLE
  5
68
102
{ACAD_REACTORS
330
2A
102
}
330
2A
100
AcDbVisualStyle
  2
Wireframe
 70
     5
177
     3
291
     0
 70
    58
 90
        0
176
     1
 90
        2
176
     1
 90
        0
176
     1
 90
        0
176
     1
 40
0.6
176
     1
 40
30.0
176
     1
 62
     7
420
 16777215
176
     1
 90
        1
176
     1
 90
        4
176
     1
 62
     7
176
     1
 62
   257
176
     1
 90
        1
176
     1
 90
        1
176
     1
 40
1.0
176
     1
 90
        0
176
     1
 62
   257
176
     1
 40
1.0
176
     1
 90
        1
176
     1
 90
        6
176
     1
 90
        2
176
     1
 62
     7
176
     1
 90
        3
176
     1
 90
        0
176
     1
 90
        0
176
     1
290
     0
176
     1
 90
        1
176
     1
 40
0.0
176
     1
 90
        0
176
     1
290
     0
176
     1
290
     1
176
     1
290
     1
176
     1
290
     0
176
     1
290
     0
176
     1
290
     0
176
     1
290
     0
176
     1
290
     0
176
     1
290
     0
176
     1
 90
       50
176
     1
 40
0.0
176
     1
 40
1.0
176
     1
 90
        0
176
     1
 62
    18
176
     1
 90
       50
176
     1
 90
        3
176
     1
 62
     5
420
      255
176
     1
290
     0
176
     1
 90
       50
176
     1
 90
       50
176
     1
 90
       50
176
     1
290
     0
176
     1
 90
       50
176
     1
 62
   256
176
     0
 40
1.0
176
     0
 90
        2
176
     1
  1
strokes_ogs.tif
176
     1
290
     0
176
     1
 40
1.0
176
     1
 40
1.0
176
     1
1001
ACAD
1000
AcDbSavedByObjectVersion
1070
     0
  0
VISUALSTYLE
  5
76C
102
{ACAD_REACTORS
330
2A
102
}
330
2A
100
AcDbVisualStyle
  2
X-Ray
 70
    25
177
     3
291
     0
 70
    58
 90
        2
176
     1
 90
        2
176
     1
 90
        1
176
     1
 90
        1
176
     1
 40
0.5
176
     1
 40
30.0
176
     1
 62
     7
420
 16777215
176
     1
 90
        1
176
     1
 90
        0
176
     1
 62
     7
176
     1
 62
   257
176
     1
 90
        1
176
     1
 90
        1
176
     1
 40
1.0
176
     1
 90
        8
176
     1
 62
     7
176
     1
 40
1.0
176
     1
 90
        1
176
     1
 90
        6
176
     1
 90
        2
176
     1
 62
     7
176
     1
 90
        3
176
     1
 90
        0
176
     1
 90
        0
176
     1
290
     0
176
     1
 90
       13
176
     1
 40
0.0
176
     1
 90
        0
176
     1
290
     0
176
     1
290
     1
176
     1
290
     1
176
     1
290
     0
176
     1
290
     0
176
     1
290
     0
176
     1
290
     0
176
     1
290
     0
176
     1
290
     0
176
     1
 90
       50
176
     1
 40
0.0
176
     1
 40
1.0
176
     1
 90
        0
176
     1
 62
    18
176
     1
 90
       50
176
     1
 90
        3
176
     1
 62
     5
420
      255
176
     1
290
     0
176
     1
 90
       50
176
     1
 90
       50
176
     1
 90
       50
176
     1
290
     0
176
     1
 90
       50
176
     1
 62
   256
176
     0
 40
1.0
176
     0
 90
        2
176
     1
  1
strokes_ogs.tif
176
     1
290
     0
176
     1
 40
1.0
176
     1
 40
1.0
176
     1
1001
ACAD
1000
AcDbSavedByObjectVersion
1070
     0
  0
DICTIONARYVAR
  5
49
102
{ACAD_REACTORS
330
48
102
}
330
48
100
DictionaryVariables
280
     0
  1
300.000000
  0
DICTIONARYVAR
  5
4A
102
{ACAD_REACTORS
330
48
102
}
330
48
100
DictionaryVariables
280
     0
  1
1
  0
DICTIONARYVAR
  5
4B
102
{ACAD_REACTORS
330
48
102
}
330
48
100
DictionaryVariables
280
     0
  1
1:1
  0
DICTIONARYVAR
  5
4C
102
{ACAD_REACTORS
330
48
102
}
330
48
100
DictionaryVariables
280
     0
  1
STANDARD
  0
DICTIONARYVAR
  5
4D
102
{ACAD_REACTORS
330
48
102
}
330
48
100
DictionaryVariables
280
     0
  1
STANDARD
  0
DICTIONARYVAR
  5
4E
102
{ACAD_REACTORS
330
48
102
}
330
48
100
DictionaryVariables
280
     0
  1
Imperial24
  0
DICTIONARYVAR
  5
4F
102
{ACAD_REACTORS
330
48
102
}
330
48
100
DictionaryVariables
280
     0
  1
Imperial24
  0
DICTIONARYVAR
  5
50
102
{ACAD_REACTORS
330
48
102
}
330
48
100
DictionaryVariables
280
     0
  1
0
  0
DICTIONARYVAR
  5
51
102
{ACAD_REACTORS
330
48
102
}
330
48
100
DictionaryVariables
280
     0
  1
2
  0
DICTIONARYVAR
  5
52
102
{ACAD_REACTORS
330
48
102
}
330
48
100
DictionaryVariables
280
     0
  1
2
  0
DICTIONARYVAR
  5
53
102
{ACAD_REACTORS
330
48
102
}
330
48
100
DictionaryVariables
280
     0
  1
1
  0
DICTIONARYVAR
  5
54
102
{ACAD_REACTORS
330
48
102
}
330
48
100
DictionaryVariables
280
     0
  1
31
  0
DICTIONARYVAR
  5
55
102
{ACAD_REACTORS
330
48
102
}
330
48
100
DictionaryVariables
280
     0
  1
1
  0
DICTIONARYVAR
  5
56
102
{ACAD_REACTORS
330
48
102
}
330
48
100
DictionaryVariables
280
     0
  1
RGB:254,204,102
  0
DICTIONARYVAR
  5
57
102
{ACAD_REACTORS
330
48
102
}
330
48
100
DictionaryVariables
280
     0
  1
0
  0
DICTIONARYVAR
  5
58
102
{ACAD_REACTORS
330
48
102
}
330
48
100
DictionaryVariables
280
     0
  1
I—装饰—填充
  0
DICTIONARYVAR
  5
59
102
{ACAD_REACTORS
330
48
102
}
330
48
100
DictionaryVariables
280
     0
  1
ByLayer
  0
DICTIONARYVAR
  5
5A
102
{ACAD_REACTORS
330
48
102
}
330
48
100
DictionaryVariables
280
     0
  1
0
  0
DICTIONARYVAR
  5
5B
102
{ACAD_REACTORS
330
48
102
}
330
48
100
DictionaryVariables
280
     0
  1
0
  0
DICTIONARYVAR
  5
5C
102
{ACAD_REACTORS
330
48
102
}
330
48
100
DictionaryVariables
280
     0
  1
0
  0
DICTIONARYVAR
  5
5D
102
{ACAD_REACTORS
330
48
102
}
330
48
100
DictionaryVariables
280
     0
  1
2
  0
DICTIONARYVAR
  5
5E
102
{ACAD_REACTORS
330
48
102
}
330
48
100
DictionaryVariables
280
     0
  1
1.000000
  0
DICTIONARYVAR
  5
5F
102
{ACAD_REACTORS
330
48
102
}
330
48
100
DictionaryVariables
280
     0
  1
1
  0
DICTIONARYVAR
  5
60
102
{ACAD_REACTORS
330
48
102
}
330
48
100
DictionaryVariables
280
     0
  1
2
  0
DICTIONARYVAR
  5
61
102
{ACAD_REACTORS
330
48
102
}
330
48
100
DictionaryVariables
280
     0
  1
1
  0
DICTIONARYVAR
  5
62
102
{ACAD_REACTORS
330
48
102
}
330
48
100
DictionaryVariables
280
     0
  1
1
  0
DICTIONARYVAR
  5
63
102
{ACAD_REACTORS
330
48
102
}
330
48
100
DictionaryVariables
280
     0
  1
127
  0
DICTIONARYVAR
  5
64
102
{ACAD_REACTORS
330
48
102
}
330
48
100
DictionaryVariables
280
     0
  1
15
  0
DICTIONARY
  5
920
330
776
100
AcDbDictionary
280
     1
281
     1
  3
ACAD_XREC_ROUNDTRIP
360
921
  0
DICTIONARY
  5
3D
330
3C
100
AcDbDictionary
280
     1
281
     1
  3
BUMPTILE
360
3E
  3
DIFFUSETILE
360
3F
  3
OPACITYTILE
360
40
  3
REFLECTIONTILE
360
41
  3
REFRACTIONTILE
360
42
  3
SPECULARTILE
360
43
  0
DICTIONARY
  5
35
330
34
100
AcDbDictionary
280
     1
281
     1
  3
BUMPTILE
360
36
  3
DIFFUSETILE
360
37
  3
OPACITYTILE
360
38
  3
REFLECTIONTILE
360
39
  3
REFRACTIONTILE
360
3A
  3
SPECULARTILE
360
3B
  0
DICTIONARY
  5
D
330
B
100
AcDbDictionary
280
     1
281
     1
  3
BUMPTILE
360
E
  3
DIFFUSETILE
360
F
  3
OPACITYTILE
360
10
  3
REFLECTIONTILE
360
11
  3
REFRACTIONTILE
360
12
  3
SPECULARTILE
360
13
  0
DICTIONARY
  5
91E
330
774
100
AcDbDictionary
280
     1
281
     1
  3
ACAD_XREC_ROUNDTRIP
360
91F
  0
DICTIONARY
  5
74A
330
66
100
AcDbDictionary
280
     1
281
     1
  3
ACAD_ROUNDTRIP_2008_TABLESTYLE_CELLSTYLEMAP
360
91C
  0
XRECORD
  5
921
102
{ACAD_REACTORS
330
920
102
}
330
920
100
AcDbXrecord
280
     1
102
DISPLAYNAME
  1
Imperial24
102
FLAGS
 90
        0
  0
XRECORD
  5
3E
102
{ACAD_REACTORS
330
3D
102
}
330
3D
100
AcDbXrecord
280
     1
270
     1
271
     1
  0
XRECORD
  5
3F
102
{ACAD_REACTORS
330
3D
102
}
330
3D
100
AcDbXrecord
280
     1
270
     1
271
     1
  0
XRECORD
  5
40
102
{ACAD_REACTORS
330
3D
102
}
330
3D
100
AcDbXrecord
280
     1
270
     1
271
     1
  0
XRECORD
  5
41
102
{ACAD_REACTORS
330
3D
102
}
330
3D
100
AcDbXrecord
280
     1
270
     1
271
     1
  0
XRECORD
  5
42
102
{ACAD_REACTORS
330
3D
102
}
330
3D
100
AcDbXrecord
280
     1
270
     1
271
     1
  0
XRECORD
  5
43
102
{ACAD_REACTORS
330
3D
102
}
330
3D
100
AcDbXrecord
280
     1
270
     1
271
     1
  0
XRECORD
  5
36
102
{ACAD_REACTORS
330
35
102
}
330
35
100
AcDbXrecord
280
     1
270
     1
271
     1
  0
XRECORD
  5
37
102
{ACAD_REACTORS
330
35
102
}
330
35
100
AcDbXrecord
280
     1
270
     1
271
     1
  0
XRECORD
  5
38
102
{ACAD_REACTORS
330
35
102
}
330
35
100
AcDbXrecord
280
     1
270
     1
271
     1
  0
XRECORD
  5
39
102
{ACAD_REACTORS
330
35
102
}
330
35
100
AcDbXrecord
280
     1
270
     1
271
     1
  0
XRECORD
  5
3A
102
{ACAD_REACTORS
330
35
102
}
330
35
100
AcDbXrecord
280
     1
270
     1
271
     1
  0
XRECORD
  5
3B
102
{ACAD_REACTORS
330
35
102
}
330
35
100
AcDbXrecord
280
     1
270
     1
271
     1
  0
XRECORD
  5
E
102
{ACAD_REACTORS
330
D
102
}
330
D
100
AcDbXrecord
280
     1
270
     1
271
     1
  0
XRECORD
  5
F
102
{ACAD_REACTORS
330
D
102
}
330
D
100
AcDbXrecord
280
     1
270
     1
271
     1
  0
XRECORD
  5
10
102
{ACAD_REACTORS
330
D
102
}
330
D
100
AcDbXrecord
280
     1
270
     1
271
     1
  0
XRECORD
  5
11
102
{ACAD_REACTORS
330
D
102
}
330
D
100
AcDbXrecord
280
     1
270
     1
271
     1
  0
XRECORD
  5
12
102
{ACAD_REACTORS
330
D
102
}
330
D
100
AcDbXrecord
280
     1
270
     1
271
     1
  0
XRECORD
  5
13
102
{ACAD_REACTORS
330
D
102
}
330
D
100
AcDbXrecord
280
     1
270
     1
271
     1
  0
XRECORD
  5
91F
102
{ACAD_REACTORS
330
91E
102
}
330
91E
100
AcDbXrecord
280
     1
102
DISPLAYNAME
  1
Imperial24
102
FLAGS
 90
        0
  0
CELLSTYLEMAP
  5
91C
102
{ACAD_REACTORS
330
74A
102
}
330
74A
100
AcDbCellStyleMap
 90
        3
300
CELLSTYLE
  1
TABLEFORMAT_BEGIN
 90
        5
170
     1
 91
        0
 92
    32768
 62
   257
 93
        1
300
CONTENTFORMAT
  1
CONTENTFORMAT_BEGIN
 90
        0
 91
        0
 92
      512
 93
        0
300

 40
0.0
140
1.0
 94
        5
 62
     0
340
20
144
0.25
309
CONTENTFORMAT_END
171
     1
301
MARGIN
  1
CELLMARGIN_BEGIN
 40
0.06
 40
0.06
 40
0.06
 40
0.06
 40
0.18
 40
0.18
309
CELLMARGIN_END
 94
        6
 95
        1
302
GRIDFORMAT
  1
GRIDFORMAT_BEGIN
 90
        0
 91
        1
 62
     0
 92
       -2
340
0
 93
        0
 40
0.045
309
GRIDFORMAT_END
 95
        2
302
GRIDFORMAT
  1
GRIDFORMAT_BEGIN
 90
        0
 91
        1
 62
     0
 92
       -2
340
0
 93
        0
 40
0.045
309
GRIDFORMAT_END
 95
        4
302
GRIDFORMAT
  1
GRIDFORMAT_BEGIN
 90
        0
 91
        1
 62
     0
 92
       -2
340
0
 93
        0
 40
0.045
309
GRIDFORMAT_END
 95
        8
302
GRIDFORMAT
  1
GRIDFORMAT_BEGIN
 90
        0
 91
        1
 62
     0
 92
       -2
340
0
 93
        0
 40
0.045
309
GRIDFORMAT_END
 95
       16
302
GRIDFORMAT
  1
GRIDFORMAT_BEGIN
 90
        0
 91
        1
 62
     0
 92
       -2
340
0
 93
        0
 40
0.045
309
GRIDFORMAT_END
 95
       32
302
GRIDFORMAT
  1
GRIDFORMAT_BEGIN
 90
        0
 91
        1
 62
     0
 92
       -2
340
0
 93
        0
 40
0.045
309
GRIDFORMAT_END
309
TABLEFORMAT_END
  1
CELLSTYLE_BEGIN
 90
        1
 91
        1
300
_TITLE
309
CELLSTYLE_END
300
CELLSTYLE
  1
TABLEFORMAT_BEGIN
 90
        5
170
     1
 91
        0
 92
        0
 62
   257
 93
        1
300
CONTENTFORMAT
  1
CONTENTFORMAT_BEGIN
 90
        0
 91
        0
 92
      512
 93
        0
300

 40
0.0
140
1.0
 94
        5
 62
     0
340
20
144
0.18
309
CONTENTFORMAT_END
171
     1
301
MARGIN
  1
CELLMARGIN_BEGIN
 40
0.06
 40
0.06
 40
0.06
 40
0.06
 40
0.18
 40
0.18
309
CELLMARGIN_END
 94
        6
 95
        1
302
GRIDFORMAT
  1
GRIDFORMAT_BEGIN
 90
        0
 91
        1
 62
     0
 92
       -2
340
0
 93
        0
 40
0.045
309
GRIDFORMAT_END
 95
        2
302
GRIDFORMAT
  1
GRIDFORMAT_BEGIN
 90
        0
 91
        1
 62
     0
 92
       -2
340
0
 93
        0
 40
0.045
309
GRIDFORMAT_END
 95
        4
302
GRIDFORMAT
  1
GRIDFORMAT_BEGIN
 90
        0
 91
        1
 62
     0
 92
       -2
340
0
 93
        0
 40
0.045
309
GRIDFORMAT_END
 95
        8
302
GRIDFORMAT
  1
GRIDFORMAT_BEGIN
 90
        0
 91
        1
 62
     0
 92
       -2
340
0
 93
        0
 40
0.045
309
GRIDFORMAT_END
 95
       16
302
GRIDFORMAT
  1
GRIDFORMAT_BEGIN
 90
        0
 91
        1
 62
     0
 92
       -2
340
0
 93
        0
 40
0.045
309
GRIDFORMAT_END
 95
       32
302
GRIDFORMAT
  1
GRIDFORMAT_BEGIN
 90
        0
 91
        1
 62
     0
 92
       -2
340
0
 93
        0
 40
0.045
309
GRIDFORMAT_END
309
TABLEFORMAT_END
  1
CELLSTYLE_BEGIN
 90
        2
 91
        1
300
_HEADER
309
CELLSTYLE_END
300
CELLSTYLE
  1
TABLEFORMAT_BEGIN
 90
        5
170
     1
 91
        0
 92
        0
 62
   257
 93
        1
300
CONTENTFORMAT
  1
CONTENTFORMAT_BEGIN
 90
        0
 91
        0
 92
      512
 93
        0
300

 40
0.0
140
1.0
 94
        2
 62
     0
340
20
144
0.18
309
CONTENTFORMAT_END
171
     1
301
MARGIN
  1
CELLMARGIN_BEGIN
 40
0.06
 40
0.06
 40
0.06
 40
0.06
 40
0.18
 40
0.18
309
CELLMARGIN_END
 94
        6
 95
        1
302
GRIDFORMAT
  1
GRIDFORMAT_BEGIN
 90
        0
 91
        1
 62
     0
 92
       -2
340
0
 93
        0
 40
0.045
309
GRIDFORMAT_END
 95
        2
302
GRIDFORMAT
  1
GRIDFORMAT_BEGIN
 90
        0
 91
        1
 62
     0
 92
       -2
340
0
 93
        0
 40
0.045
309
GRIDFORMAT_END
 95
        4
302
GRIDFORMAT
  1
GRIDFORMAT_BEGIN
 90
        0
 91
        1
 62
     0
 92
       -2
340
0
 93
        0
 40
0.045
309
GRIDFORMAT_END
 95
        8
302
GRIDFORMAT
  1
GRIDFORMAT_BEGIN
 90
        0
 91
        1
 62
     0
 92
       -2
340
0
 93
        0
 40
0.045
309
GRIDFORMAT_END
 95
       16
302
GRIDFORMAT
  1
GRIDFORMAT_BEGIN
 90
        0
 91
        1
 62
     0
 92
       -2
340
0
 93
        0
 40
0.045
309
GRIDFORMAT_END
 95
       32
302
GRIDFORMAT
  1
GRIDFORMAT_BEGIN
 90
        0
 91
        1
 62
     0
 92
       -2
340
0
 93
        0
 40
0.045
309
GRIDFORMAT_END
309
TABLEFORMAT_END
  1
CELLSTYLE_BEGIN
 90
        3
 91
        2
300
_DATA
309
CELLSTYLE_END
  0
ENDSEC
  0
EOF
